referencing,
referenda,venda,hacienda,floirenda,mirenda,penda,agenda,zenda,gwenda,blenda,grenda,orenda,kolenda,brenda,tenda,renda,glenda,molenda,wenda,benda
referendal,
referendary,
referendaries,
referendaryship,
referendum,
referendums,
referent,
referential,
referentiality,
referentially,
referently,
referents,
referent's,
referment,
referrable,
referral,deferral,squirrel,kuril,epidural,scurrile,postdoctoral,sterle,serle
referrals,squirrels,deferrals
referral's,
referred,bluebird,third,unheard,watchword,word,transferred,redbird,herd,burd,recurred,whirred,gird,inferred,blurred,mockingbird,overheard,byword,deterred,ferd,songbird,firebird,nerd,bird,hurd,byrd,catbird,curd,conferred,concurred,heard,password,sunbird,kurd,furred,spurred,cowherd,absurd,kingbird,crossword,purred,chauffeured,shorebird,reword,ladybird,stirred,slurred,alward,hummingbird,interred,demurred,gerd,incurred,misheard,occurred,catchword,burred,deferred,hird,foreword,snowbird,thunderbird,undeterred,uncured,keyword,preferred
referrer,sufferer,preferrer,deferrer,referer
referrers,
referrible,deferrable,sufferable,insufferable,referable
referribleness,
referring,slurring,stirring,demurring,occurring,blurring,deferring,recurring,deterring,transfering,transferring,incurring,inferring,refering,conferring,spurring,preferring,whirring,nonrecurring,concurring,occuring
refers,whirs,occurs,demurs,blurs,herz,merz,hers,saboteurs,restaurateurs,burres,deters,prefers,liqueurs,defers,confers,kurz,scherz,arbitrageurs,transfers,yours,lurz,jurs,infers,longspurs,chauffeurs,spurs,connoisseurs,burrs,perz,schreurs,incurs,furs,purrs,stirs,monsieurs,wirz,firs,mers,wurz,slurs,entrepreneurs,years,ers,amateurs,restauranteurs,fors,messieurs,concurs
refertilizable,
refertilization,
refertilize,
refertilized,
refertilizing,
refetch,
refete,
reffed,
reffelt,
reffing,
reffo,
reffos,
reffroze,
reffrozen,
refight,
refighting,
refights,
refigure,defigure,three-figure,prefigure
refigured,
refigures,
refiguring,
refile,corbeil,lile,quintile,phyle,nile,mercantile,beguile,guile,meanwhile,crocodile,isle,versatile,chyle,kile,reconcile,while,spile,zile,argyll,freestyle,carlyle,gile,restyle,marseille,stockpile,turnstile,hile,bile,tile,percentile,fertile,gentile,immobile,phile,argyle,wile,kyle,lyle,crile,style,tactile,stile,profile,oenophile,awhile,file,juvenile,hyle,wyle,cheil,lifestyle,francophile,peristyle,anglophile,pile,hairstyle,hostile,compile,carlisle,aisle,scyle,pyle,exile,senile,trial,heil,vile,weill,sundial,mile,delisle,niall,idlewild,rile,worthwhile,erstwhile,weil,ryle,mikhail,seil,smile,textile,dial,revile
refiled,smiled,filed,tiled,wylde,aisled,unreconciled,schild,stepchild,exiled,styled,wild,rothschild,rothchild,whiled,viled,schwartzchild,beguiled,idlewild,mild,fairchild,stockpiled,restyled,reviled,goodchild,brainchild,weild,wilde,compiled,profiled,piled,littlechild,child,schoolchild,riled,reconciled,grandchild,hauschild
refiles,
refiling,
refill,tamil,still,goodwill,bougainville,phil,stil,bil,grill,seville,fulfill,shill,grille,overkill,til,quill,sil,pil,mill,mil,frill,prill,lille,bastille,hill,overfill,distil,wil,distill,drill,deville,mandeville,dphil,gleeful,till,advil,demille,molehill,cowgill,il,spill,swill,nil,lil,until,krill,sawmill,handbill,ill,rille,albertville,chill,hornbill,skill,bill,twill,shrill,schill,ville,fil,fill,rill,mille,treadmill,will,downhill,zill,nill,foothill,jill,trill,brazil,pill,instill,fille,standstill,brill,gill,daffodil,sill,abril,crill,kill,gil,thrill,dill,uphill,landfill,zil,anthill,thill,belleville,windmill,ghyll
refillable,
refilled,skilled,distilled,rototilled,pilled,grilled,unskilled,overbilled,hilled,willed,filled,hild,hilde,mathilde,build,tilde,billed,fulfilled,instilled,rebuild,milled,stilled,chilled,thrilled,killed,gild,unfulfilled,bild,tilled,unfilled,spilled,spilde,drilled,gilled,childe,guild
refilling,
refills,instills,gills,ills,thrills,hills,distills,rototilles,schilz,stils,freshkills,hornbills,cills,crossbills,nils,jills,drills,daffodils,cranesbills,calills,landfills,sawmills,sills,grills,mills,dils,tills,windmills,bills,fills,dills,treadmills,spills,handbills,fulfills,bonnevilles,billes,overbills,catskills,minimills,whippoorwills,foothills,wills,tamils,chills,zills,skills,anthills,milz,pilz,stills,kills,pills,frills,mils
refilm,
refilmed,
refilming,
refilms,
refilter,
refiltered,
refiltering,
refilters,
refinable,
refinage,
refinance,crance,circumstance,freelance,alamance,finance,danse,pomerance,flashdance,glance,underfinance,pance,dansk,askance,chance,advance,france,hanse,vance,lanseh,prance,romance,sundance,stance,expanse,happenstance,trance,anse,lafrance,schranz,pomeranz,mccance,enhance,dance,lance,rance,perchance,schanz,manse,hance,transe,mance,nance
refinanced,financed,canst,lanced,advanced,enhanced,underfinanced,entranced,chanced,glanced,tranced,danced,pranced
refinances,trances,enhances,dances,circumstances,chances,allegiances,glances,stances,expanses,romances,flashdances,lances,manses,advances,prances,finances
refinancing,glancing,lansing,advancing,prancing,freelancing,trancing,financing,enhancing,dancing,sansing,lancing,chancing,romancing
refind,
refinding,
refinds,
refine,entwine,rine,underline,tagline,supine,concubine,design,valentine,trine,iodine,spline,twine,lifeline,moonshine,stine,chine,outshine,lupine,align,asinine,alkaline,mine,vine,canine,brine,crystalline,benign,outline,feline,alpine,frontline,cline,nine,deadline,line,fein,devine,dopamine,skyline,confine,fine,undermine,whine,pipeline,headline,online,sine,baseline,ballantine,assign,airline,spine,punchline,wine,divine,thine,porcupine,byzantine,sunshine,dine,define,shine,grapevine,swine,stein,shrine,enshrine,equine,serpentine,tine,guideline,intertwine,byline,genuine,quinine,sideline,zine,turpentine,borderline,saccharine,affine,aline,opine,streamline,endocrine,eglantine,resign,combine,decline,clementine,hotline,pine,consign,incline,bovine,palatine,storyline,malign,sign
refined,kind,wunderkind,reassigned,intertwined,behind,headlined,bind,blind,consigned,nevermind,find,shined,realigned,undefined,vined,defined,wind,redefined,underlined,reclined,designed,wined,entwined,sidelined,confined,spined,streamlined,mankind,remind,lined,whined,assigned,twined,aligned,unconfined,opined,signed,unrefined,crined,unsigned,unlined,elkind,combined,unwind,colorblind,dined,unkind,mind,disinclined,nonaligned,mined,declined,humankind,rind,quarantined,brined,mastermind,outlined,affined,maligned,grind,hind,redesigned,fined,tined,pined,resigned,chined,undermined,inclined,enshrined
refinedly,
refinedness,
refinement,confinement,assignment,alignment,realignment,consignment,reassignment
refinements,alignments,reassignments,realignments,assignments
refinement's,
refiner,tiner,wiener,viner,minor,weiner,designer,airliner,twiner,diner,feiner,criner,decliner,spinor,hardliner,zeiner,gumbiner,freightliner,shinar,finer,minar,kiner,headliner,einar,sinar,liner,breiner,bayliner,shriner,sinor,heiner,briner,tyner,jetliner,niner,reiner,greiner,finkbiner,kreiner,siner,recliner,meiner,bodensteiner,schriner,miner,shiner,winer,hiner,scheiner,schreiner,eyeliner,piner,whiner,leiner,berliner,carliner,griner,steiner,riner,byner,bryner,finkbeiner,kleiner,stiner,kriner,signer
refinery,whinery,binary,winery,finery
refineries,wineries
refiners,niners,shriners,diners,headliners,jetliners,liners,whiners,decliners,minors,dinars,airliners,hardliners,meiners,signers,berliners,shiners,miners,reiners,designers
refines,opines,wynes,bloodlines,declines,whines,villines,outshines,heins,karlheinz,aligns,valentines,guynes,tines,reclines,underlines,nightlines,resigns,vines,stines,hines,burdines,chines,kinds,dines,rynes,nines,lynes,skylines,rhines,pines,combines,dynes,redefines,steines,guidelines,kines,zines,felines,lifelines,landmines,tynes,pynes,inclines,wines,huffines,pipelines,alines,lines,clines,rhynes,shines,assigns,neyens,coastlines,shrines,undermines,affines,hynes,grapevines,heines,columbines,allgemeines,hotlines,deadlines,sidelines,steins,sines,porcupines,glines,concubines,splines,hemlines,gines,twines,headlines,jines,storylines,heinz,rines,quarantines,strandlines,canines,spines,signs,confines,outlines,defines,baselines,mines,fines,designs,datelines,bines,airlines,heinze,swines,bynes,brines
refinger,
refining,lining,undermining,aligning,defining,vining,reassigning,outshining,wining,divining,splining,resigning,steining,underlining,redefining,affining,signing,sining,opining,realigning,reclining,twining,seining,confining,xining,quarantining,outlining,brining,vanhyning,redesigning,redlining,mining,chining,designing,intertwining,dining,pining,assigning,headlining,declining,breining,fining,combining,streamlining,shining,whining
refiningly,
refinish,finish,semifinish,diminish,finnish,minish
refinished,semifinished,diminished,finished,unfinished,undiminished
refinisher,
refinishes,
refinishing,finishing,photofinishing,diminishing
refire,
refired,
refires,
refiring,
refit,commit,kitt,sit,remit,chit,dlitt,hypocrite,lit,schmitt,pitt,cockpit,rootkit,slit,brit,tit,unfit,bit,blitt,hit,readmit,gillett,grit,armpit,obit,britt,outfit,emit,shit,litt,fytte,bullshit,pit,fit,writ,tidbit,it,misfit,quit,ritt,outwit,skit,lafitte,messerschmitt,witte,fitt,resubmit,admit,devitt,acquit,legit,counterfeit,kit,sunlit,submit,tritt,befit,split,omit,nit,permit,schmidt,witt,whitt,ccitt,retrofit,smit,wit,recommit,dewitt,spit,moonlit,smitt,hitt,transmit,identikit,whit,knit,mitt,flit
refitment,
refits,
refitted,committed,fitted,pitted,recommited,witted,whitted,benefited,retrofitted,outwitted,permitted,acquitted,knitted,readmitted,submitted,emitted,buffeted,outfitted,remitted,admitted,unaccredited,resubmitted,transmitted,counterfeited,unremitted,omitted,uncommitted
refitting,gritting,quitting,witting,getting,outfitting,committing,slitting,emitting,sitting,bitting,transmitting,outwitting,befitting,knitting,retrofitting,submitting,spitting,counterfeiting,admitting,resubmitting,babysitting,whitting,fitting,acquitting,hitting,flitting,pitting,splitting,unremitting,permitting,unwitting,omitting
refix,ceefax,defix,prefix
refixation,
refixed,
refixes,
refixing,
refixture,
refl,
refl.,
reflag,flagg,shag,slag,spragg,gag,hagg,sandbag,hbsag,mag,cragg,scrag,tagg,fag,snag,nag,saddlebag,schrag,wagg,bag,shrag,maytag,stag,sprag,zig-zag,greylag,dag,sontag,bragg,lag,fagg,brag,wag,bague,sag,mailbag,blagg,tag,ragtag,montag,drag,bundestag,rag,ag,stagg,zag,bagge,blague,hag,handbag,airbag,flag,schlag
reflagellate,
reflair,
reflame,
reflash,
reflate,accommodate,repudiate,elaborate,disseminate,arrogate,rate,estate,articulate,mitigate,intimate,assimilate,estimate,collaborate,debate,plate,celebrate,collate,moderate,consummate,commiserate,exacerbate,compensate,relate,rait,facilitate,manipulate,adequate,procrastinate,create,freight,slate,extrapolate,dedicate,resonate,incorporate,gate,abrogate,delegate,coordinate,desolate,advocate,deliberate,great,conflate,elucidate,innate,straight,corroborate,fate,subordinate,integrate,wait,late,postulate,appropriate,designate,stipulate,communicate,propagate,mate,indicate,contemplate,vacillate,gait,anticipate,initiate,ameliorate,associate,mandate,reiterate,graduate,inculcate,evaluate,surrogate,state,alternate,spate,abdicate,consolidate,demonstrate,update,abate,appreciate,dissipate,predicate,obfuscate,obviate,trait,separate,weight,delineate,emulate,cultivate,profligate,deprecate,emanate,alleviate,precipitate,date,denigrate
reflated,
reflates,
reflating,
reflation,location,radiation,preparation,medication,determination,population,reservation,relation,collocation,affiliation,reconciliation,foundation,precipitation,deviation,reputation,information,litigation,civilization,interpretation,expectation,gentrification,integration,implication,collaboration,implementation,creation,observation,correlation,sensation,cooperation,conflagration,conservation,accommodation,dedication,consternation,aspiration,conversation,constellation,abomination,configuration,administration,ramification,transportation,discrimination,obligation,compensation,alliteration,remediation,organization,application,affirmation,inclination,presentation,orientation,situation,aberration,proliferation,salvation,trepidation,segregation,obfuscation,designation,generation,variation,manifestation,corporation,evaluation,altercation,adaptation,approbation,education,translation,association,transformation,notation,nation,citation,inspiration,consideration,vocation,revelation,operation,pronunciation,articulation,innovation,rehabilitation,remuneration,motivation,appreciation,abbreviation,quotation,station,indignation,communication,meditation,connotation,vacation,anticipation,representation,dissertation
reflationary,
reflationism,
reflect,erect,disconnect,prefect,overprotect,select,flecked,reject,dialect,disinfect,speckt,correct,deflect,misdirect,recht,insect,reinspect,checked,specht,suspect,knecht,intellect,respect,trekked,welked,collect,introspect,redirect,intersect,brecht,affect,object,elect,effect,dissect,reconnect,rechecked,inspect,disrespect,hecht,aspect,perfect,decked,recollect,direct,schlecht,indirect,infect,connect,pecked,deject,whelked,disaffect,necked,defect,subject,circumspect,sect,interject,bedecked,wecht,detect,expect,interconnect,spect,albrecht,incorrect,inject,unchecked,project,resurrect,specked,neglect,reelect,aftereffect,architect,eject,wrecked,transect,henpecked,confect,retrospect,protect
reflectance,
reflected,undetected,transected,uncorrected,directed,disaffected,unprotected,redirected,overprotected,projected,rejected,intersected,dejected,inflected,misdirected,selected,corrected,injected,reelected,inspected,detected,suspected,elected,uninfected,deflected,recollected,expected,disrespected,infected,unaffected,interjected,unsuspected,unelected,ejected,interconnected,protected,respected,effected,unconnected,subjected,dissected,reconnected,affected,collected,perfected,defected,objected,uncollected,resurrected,neglected,ectad,erected,unexpected,connected,disconnected
reflectedly,
reflectedness,
reflectent,
reflecter,
reflectibility,
reflectible,deflectable
reflecting,respecting,disrespecting,deflecting,prospecting,electing,detecting,infecting,expecting,directing,ejecting,neglecting,objecting,recollecting,reelecting,inspecting,protecting,suspecting,perfecting,effecting,affecting,reconnecting,defecting,intersecting,projecting,collecting,disconnecting,redirecting,dissecting,connecting,erecting,subjecting,selecting,rejecting,unsuspecting,correcting,injecting,resurrecting
reflectingly,
reflection,inflection,intersection,dissection,infection,correction,objection,projection,erection,preelection,protection,advection,interconnection,resurrection,detection,transection,election,direction,section,predilection,convection,circumspection,reinspection,connection,selection,reelection,imperfection,complexion,confection,rection,inspection,injection,redirection,interjection,overprotection,midsection,ejection,perfection,defection,recollection,rejection,disinfection,disaffection,flexion,collection,insurrection,affection,introspection,disconnection
reflectional,
reflectioning,
reflectionist,
reflectionless,
reflections,corrections,protections,confections,infections,predilections,affections,collections,connections,inspections,sections,directions,recollections,interconnections,elections,intersections,complexions,defections,rejections,erections,flexions,imperfections,inflections,projections,interjections,selections,objections,injections,dissections
reflection's,
reflective,objective,overprotective,prospective,effective,corrective,invective,projective,elective,introspective,directive,connective,infective,affective,convective,protective,subjective,selective,ineffective,anti-infective,irrespective,respective,perspective,collective,detective,retrospective,defective
reflectively,
reflectiveness,
reflectivity,
reflectometer,
reflectometry,
reflector,spector,collector,schlechter,defector,prechter,lecter,transtector,spektr,inspector,vector,projector,erector,connector,objector,specter,detector,rector,fechter,schechter,nectar,derecktor,schecter,spectre,decter,director,hector,prospector,ector,connecter,protector,injector,newvector,sector,lector,waechter
reflectorize,
reflectorized,
reflectorizing,
reflectors,sectors,rectors,hectors,protectors,specters,objectors,defectors,vectors,projectors,inspectors,collectors,detectors,connectors,prospectors,lechters,injectors,directors,electors,spectres
reflector's,
reflectoscope,
reflects,directs,cheques,treks,megaplex,aspects,annex,sex,aftereffects,czechs,x,latex,erects,multiplex,triplex,objects,perplex,middlesex,eques,corrects,kecks,intersects,lecce,metroplex,convex,execs,roughnecks,suspects,aix,vertex,ex,pecks,intex,plex,flecks,aztecs,flex,hex,nex,rex,simplex,checks,telex,sects,bottlenecks,videotex,effects,insects,selects,connects,rolodex,affects,dissects,subjects,cmx,duplex,atx,tex,cineplex,complex,lex,vex,specs,defects,sphex,mex,decks,expects,techs,apex,necks,amex,specks,injects,jex,elects,dialects,next,protects,rejects,ejects,projects,respects,architects,collects,pemex,fedex,infects,detects,wrecks,cybersex,intellects,dex,unisex
refledge,
reflee,
reflet,
reflets,
reflew,
reflex,
reflexed,deflexed
reflexes,
reflexibility,
reflexible,
reflexing,
reflexion,deflexion
reflexional,
reflexism,
reflexiue,
reflexive,
reflexively,
reflexiveness,
reflexivenesses,
reflexives,
reflexivity,negativity,subjectivity,conductivity,hyperactivity,festivity,exclusivity,activity,receptivity,captivity,relativity,productivity,creativity,oversensitivity,expressivity,progressivity,connectivity,interactivity,reactivity,radioactivity,superconductivity,retroactivity,proclivity,inactivity,insensitivity,selectivity,objectivity,sensitivity,aggressivity,nativity,passivity
reflexly,
reflexness,
reflexogenous,
reflexology,
reflexological,
reflexologically,
reflexologies,
reflexologist,
reflex's,
refly,
reflies,
reflying,
refling,
refloat,
refloatation,
refloated,
refloating,
refloats,
reflog,
reflood,
reflooded,
reflooding,
refloods,
refloor,
reflorescence,
reflorescent,
reflourish,
reflourishment,
reflow,deflow
reflowed,
reflower,deflour,deflower
reflowered,
reflowering,
reflowers,
reflowing,
reflown,
reflows,
refluctuation,
refluence,
refluency,
refluent,
refluous,
reflush,
reflux,deflux
refluxed,
refluxes,
refluxing,
refocillate,
refocillation,
refocus,docus,crocus,pocus,locus,cocus,focus,hocus
refocused,unfocused,focussed,focused,locust
refocuses,focuses,focusses
refocusing,focusing,focussing
refocussed,
refocusses,
refocussing,
refold,three-fold
refolded,
refolding,
refolds,
refoment,
refont,
refool,
refoot,
reforbid,
reforce,
reford,
reforecast,
reforest,deforest,laforest,forest,forrest,florist,demorest,rainforest,deforrest
reforestation,location,radiation,preparation,medication,determination,population,reservation,relation,collocation,affiliation,reconciliation,foundation,precipitation,deviation,reputation,information,litigation,civilization,interpretation,expectation,gentrification,integration,implication,collaboration,implementation,creation,observation,correlation,sensation,cooperation,conflagration,conservation,accommodation,dedication,consternation,aspiration,conversation,constellation,abomination,configuration,administration,ramification,transportation,discrimination,obligation,compensation,alliteration,remediation,organization,application,affirmation,inclination,presentation,orientation,situation,aberration,proliferation,salvation,trepidation,segregation,obfuscation,designation,generation,variation,manifestation,corporation,evaluation,altercation,adaptation,approbation,education,translation,association,transformation,notation,nation,citation,inspiration,consideration,vocation,revelation,operation,pronunciation,articulation,innovation,rehabilitation,remuneration,motivation,appreciation,abbreviation,quotation,station,indignation,communication,meditation,connotation,vacation,anticipation,representation,dissertation
reforestational,
reforested,deforested
reforesting,deforesting
reforestization,
reforestize,
reforestment,
reforests,
reforfeit,
reforfeiture,
reforge,
reforgeable,
reforged,
reforger,
reforges,
reforget,
reforging,
reforgive,
reform,transform,warm,barnstorm,uniform,lukewarm,deform,orme,swarm,conform,freeform,storm,torme,sandstorm,maidenform,snowstorm,disinform,inform,form,rainstorm,thunderstorm,cuneiform,hailstorm,perform,outperform,misinform,brainstorm,dorm,coliform,windstorm,chloroform,firestorm,forme,landform,norm,schwarm,underperform,horme,platform
re-form,
reformability,
reformable,deformable
reformableness,
reformado,
reformanda,
reformandum,
reformat,
reformate,
reformated,
reformati,
reformating,
reformation,location,radiation,preparation,medication,determination,population,reservation,relation,collocation,affiliation,reconciliation,foundation,precipitation,deviation,reputation,information,litigation,civilization,interpretation,expectation,gentrification,integration,implication,collaboration,implementation,creation,observation,correlation,sensation,cooperation,conflagration,conservation,accommodation,dedication,consternation,aspiration,conversation,constellation,abomination,configuration,administration,ramification,transportation,discrimination,obligation,compensation,alliteration,remediation,organization,application,affirmation,inclination,presentation,orientation,situation,aberration,proliferation,salvation,trepidation,segregation,obfuscation,designation,generation,variation,manifestation,corporation,evaluation,altercation,adaptation,approbation,education,translation,association,transformation,notation,nation,citation,inspiration,consideration,vocation,revelation,operation,pronunciation,articulation,innovation,rehabilitation,remuneration,motivation,appreciation,abbreviation,quotation,station,indignation,communication,meditation,connotation,vacation,anticipation,representation,dissertation
re-formation,
reformational,
reformationary,
reformationism,
reformationist,
reformation-proof,
reformations,
reformative,preformative
re-formative,
reformatively,
reformativeness,
reformatness,
reformatory,recore,ori,tori,inflammatory,accusatory,laboratory,understory,depository,retaliatory,oratory,tempore,observatory,regulatory,montessori,promissory,defamatory,tory,statutory,interrogatory,ory,ambulatory,inhibitory,mandatory,gory,jory,aleatory,morey,saury,exploratory,gorey,revelatory,discriminatory,oscillatory,celebratory,anticipatory,lavatory,allegory,cacciatore,quarry,circulatory,torii,lori,expiratory,excretory,participatory,respiratory,dilatory,explanatory,territory,glory,dormitory,cory,signatory,storey,corrie,corey,tauri,desultory,repertory,boree,repository,incantatory,hoary,transitory,rory,mori,lory,inventory,congratulatory,lorrie,outlawry,migratory,declaratory,kauri,derogatory,exculpatory,predatory,dory,obligatory,story,compensatory,purgatory,depilatory,lorry,horae,laurie,pylori,category,contributory,confirmatory,aurae,laudatory,torrey,preparatory,aurei,maury,conciliatory,auditory
reformatories,inventories,observatories,scattergories,territories,interrogatories,conservatories,dorries,laboratories,categories,tories,signatories,lavatories,borys,repositories,quarries,glories,dormitories,stories,allegories,forys,lorries
reformats,
reformatted,
reformatting,
reformed,stormed,brainstormed,normed,performed,deformed,misinformed,outperformed,conformed,underperformed,transformed,malformed,formed,warmed,swarmed,uninformed,unformed,informed,uniformed
reformedly,
reformer,transformer,stormer,stoermer,outperformer,underperformer,performer,swarmer,dormer,antireformer,former,warmer,informer
re-former,
reformeress,
reformers,outperformers,warmers,formers,antireformers,performers,dormers,informers,transformers
reforming,transforming,forming,swarming,barnstorming,conforming,heartwarming,norming,nonperforming,informing,brainstorming,misinforming,outperforming,underperforming,warming,performing,storming
reformingly,
reformism,
reformist,nonconformist,warmest,conformist
reformistic,
reformproof,
reforms,stormes,corms,swarms,coliforms,dorms,formes,informs,warms,forms,sandstorms,conforms,landforms,rainstorms,thunderstorms,transforms,performs,outperforms,norms,uniforms,ormes,platforms,snowstorms,storms,brainstorms,misinforms
reformulate,accommodate,repudiate,elaborate,disseminate,arrogate,rate,estate,articulate,mitigate,intimate,assimilate,estimate,collaborate,debate,plate,celebrate,collate,moderate,consummate,commiserate,exacerbate,compensate,relate,rait,facilitate,manipulate,adequate,procrastinate,create,freight,slate,extrapolate,dedicate,resonate,incorporate,gate,abrogate,delegate,coordinate,desolate,advocate,deliberate,great,conflate,elucidate,innate,straight,corroborate,fate,subordinate,integrate,wait,late,postulate,appropriate,designate,stipulate,communicate,propagate,mate,indicate,contemplate,vacillate,gait,anticipate,initiate,ameliorate,associate,mandate,reiterate,graduate,inculcate,evaluate,surrogate,state,alternate,spate,abdicate,consolidate,demonstrate,update,abate,appreciate,dissipate,predicate,obfuscate,obviate,trait,separate,weight,delineate,emulate,cultivate,profligate,deprecate,emanate,alleviate,precipitate,date,denigrate
reformulated,elated,prorated,bifurcated,animated,inundated,affiliated,emanated,aggravated,exasperated,consolidated,associated,opinionated,saturated,perforated,fascinated,intimated,unabated,attenuated,emaciated,incorporated,excoriated,outdated,appreciated,graduated,relegated,dated,cultivated,dissipated,orientated,sophisticated,feted,abated,automated,articulated,promulgated,exacerbated,allocated,aggregated,alienated,infatuated,inebriated,deprecated,elevated,truncated,exaggerated,decapitated,unmitigated,slated,designated,annotated,intimidated,intoxicated,contaminated,corrugated,motivated,concentrated,nauseated,stated,understated,eviscerated,mandated,dilapidated,overrated,reiterated,encapsulated,devastated,isolated,predicated,indicated,incarcerated,serrated,stipulated,mitigated,anticipated,consecrated,separated,agitated,delineated,located,created,unadulterated,incapacitated,complicated,situated,initiated,exonerated,educated,irritated,precipitated,belated,related,bated,frustrated,antiquated,substantiated,sated,integrated,obligated,liberated,interrelated
reformulates,
reformulating,
reformulation,
reformulations,
reforsake,
refortify,
refortification,
refortified,
refortifies,
refortifying,
reforward,
refought,
refound,
refoundation,
refounded,
refounder,
refounding,
refounds,
refr,
refract,
refractable,
refractary,
refracted,diffracted
refractedly,
refractedness,
refractile,
refractility,
refracting,diffracting
refraction,
refractional,
refractionate,
refractionist,
refractions,
refractive,tractive,hyperactive,attractive,proactive,interactive,photorefractive,reactive,retroactive,active,practive,radioactive,factive,overactive,inactive,unattractive
refractively,
refractiveness,
refractivity,
refractivities,
refractometer,
refractometry,
refractometric,
refractor,tractor,factor,schlachter,malefactor,chiropractor,actor,detractor,contractor,benefactor,pachter,schachter,reactor,lacter,akhtar,subcontractor,compactor
refractory,tractory,satisfactory,olfactory,factory,unsatisfactory
refractories,factories
refractorily,
refractoriness,
refractors,detractors,chiropractors,reactors,factors,benefactors,tractors,malefactors,contractors,actors
refracts,diffracts
refracturable,
refracture,
refractures,
refracturing,
refragability,
refragable,
refragableness,
refragate,
refragment,
refrain,main,chain,disdain,dane,mane,remain,rein,trane,plane,constrain,strain,membrane,abstain,champagne,kane,again,urbane,bane,drain,retain,ane,brain,profane,pane,attain,inhumane,inane,vane,maintain,restrain,gain,plain,aine,insane,sane,fein,maine,moraine,arcane,crain,crane,slain,reign,hurricane,pertain,quain,fain,germain,romaine,contain,rain,ascertain,migraine,cocaine,campaign,explain,jane,wane,vein,legerdemain,train,domain,grain,spain,sustain,pain,skein,thane,cain,feign,wain,humane,ordain,detain,vain,stain,arraign,swain,fane,saine,germane,germaine,zane,obtain,partain,cane,twain,mundane,bain,airplane,lain,shane,lane,terrain,entertain,wayne,regain,complain,sprain,deign
refrained,ordained,caned,craned,explained,stained,planed,drained,pertained,sustained,bloodstained,remained,unconstrained,self-contained,strained,trained,maned,waned,sprained,contained,preordained,paned,retained,grained,outgained,ingrained,ascertained,attained,complained,detained,pained,campaigned,unexplained,retrained,harebrained,entertained,obtained,constrained,maintained,reigned,untrained,unstained,unrestrained,brained,chained,regained,abstained,gained,deigned,plained,reined,disdained,rained,arraigned,veined,feigned,restrained
refrainer,
refraining,paining,haning,ordaining,feigning,braining,explaining,remaining,detaining,sustaining,obtaining,waning,graining,reining,straining,abstaining,pertaining,planing,ascertaining,outgaining,overtraining,maintaining,gaining,attaining,laning,craning,complaining,regaining,caning,draining,constraining,painting,training,containing,chaining,restraining,reigning,staining,retraining,raining,disdaining,spraining,campaigning,entertaining,deigning,retaining,plaining,veining
refrainment,
refrainments,
refrains,reines,canes,raines,champagnes,brains,maines,monoplanes,blains,yanes,obtains,keynes,feigns,wanes,restrains,windowpanes,fains,sainz,terrains,sustains,entertains,maynes,thanes,chains,mains,haynes,pertains,trains,deigns,hurricane,planes,magallanes,attains,sprains,grains,retains,migraines,vanes,haines,contains,mainz,explains,janes,ranes,jains,skains,remains,maintains,strains,plains,domains,drains,gaines,membranes,regains,warplanes,alkanes,raynes,bains,danes,caines,campaigns,hurricanes,constrains,veins,reins,llanes,baines,panes,gains,rains,fanes,reigns,manes,cains,ganes,staines,jaynes,pains,swains,complains,lanes,hains,skeins,hanes,stains,baynes,cranes,banes,bloodstains,disdains
reframe,
reframed,
reframes,
reframing,
refrangent,
refrangibility,
refrangibilities,
refrangible,
refrangibleness,
refreeze,
refreezes,
refreezing,
refreid,
refreit,
refrenation,
refrenzy,
refresco,
refresh,horseflesh,esche,pesh,pradesh,bangladesh,pesch,lalitesh,tesh,mesh,flesch,resch,vergresh,enmesh,flesh,esh,thresh,ramesh,mesch,suresh,creche,lesch,vergesh,klesch,koresh,hesch,marrakech,ritesh,esch,desch,resh,lesh,somesh,mcelfresh,afresh,wesch,dresch,tesch,lafleche,tresch,fresh,besch,gresh,plesh,mahesh,venkatesh,mandresh,wesche
refreshant,
refreshed,enmeshed,threshed,besht,budapest,meshed,resht,fleshed
refreshen,
refreshener,
refresher,dresher,chesher,flesher,cheshire,chessher,fresher,prescher,escher,pressure,drescher,lesher,thresher,mescher,beshore
refreshers,
refreshes,threshes,enmeshes,fleshes,creches,meshes,freshes
refreshful,
refreshfully,
refreshing,fleshing,enmeshing,threshing,meshing
refreshingly,
refreshingness,
refreshment,freshment,fleshment
refreshments,
refreshment's,
refry,
refricate,
refried,
refries,
refrig,
refrigerant,belligerent,beligerent
refrigerants,belligerents
refrigerate,accommodate,repudiate,elaborate,disseminate,arrogate,rate,estate,articulate,mitigate,intimate,assimilate,estimate,collaborate,debate,plate,celebrate,collate,moderate,consummate,commiserate,exacerbate,compensate,relate,rait,facilitate,manipulate,adequate,procrastinate,create,freight,slate,extrapolate,dedicate,resonate,incorporate,gate,abrogate,delegate,coordinate,desolate,advocate,deliberate,great,conflate,elucidate,innate,straight,corroborate,fate,subordinate,integrate,wait,late,postulate,appropriate,designate,stipulate,communicate,propagate,mate,indicate,contemplate,vacillate,gait,anticipate,initiate,ameliorate,associate,mandate,reiterate,graduate,inculcate,evaluate,surrogate,state,alternate,spate,abdicate,consolidate,demonstrate,update,abate,appreciate,dissipate,predicate,obfuscate,obviate,trait,separate,weight,delineate,emulate,cultivate,profligate,deprecate,emanate,alleviate,precipitate,date,denigrate
refrigerated,elated,prorated,bifurcated,animated,inundated,affiliated,emanated,aggravated,exasperated,consolidated,associated,opinionated,saturated,perforated,fascinated,intimated,unabated,attenuated,emaciated,incorporated,excoriated,outdated,appreciated,graduated,relegated,dated,cultivated,dissipated,orientated,sophisticated,feted,abated,automated,articulated,promulgated,exacerbated,allocated,aggregated,alienated,infatuated,inebriated,deprecated,elevated,truncated,exaggerated,decapitated,unmitigated,slated,designated,annotated,intimidated,intoxicated,contaminated,corrugated,motivated,concentrated,nauseated,stated,understated,eviscerated,mandated,dilapidated,overrated,reiterated,encapsulated,devastated,isolated,predicated,indicated,incarcerated,serrated,stipulated,mitigated,anticipated,consecrated,separated,agitated,delineated,located,created,unadulterated,incapacitated,complicated,situated,initiated,exonerated,educated,irritated,precipitated,belated,related,bated,frustrated,antiquated,substantiated,sated,integrated,obligated,liberated,interrelated
refrigerates,
refrigerating,
refrigeration,location,radiation,preparation,medication,determination,population,reservation,relation,collocation,affiliation,reconciliation,foundation,precipitation,deviation,reputation,information,litigation,civilization,interpretation,expectation,gentrification,integration,implication,collaboration,implementation,creation,observation,correlation,sensation,cooperation,conflagration,conservation,accommodation,dedication,consternation,aspiration,conversation,constellation,abomination,configuration,administration,ramification,transportation,discrimination,obligation,compensation,alliteration,remediation,organization,application,affirmation,inclination,presentation,orientation,situation,aberration,proliferation,salvation,trepidation,segregation,obfuscation,designation,generation,variation,manifestation,corporation,evaluation,altercation,adaptation,approbation,education,translation,association,transformation,notation,nation,citation,inspiration,consideration,vocation,revelation,operation,pronunciation,articulation,innovation,rehabilitation,remuneration,motivation,appreciation,abbreviation,quotation,station,indignation,communication,meditation,connotation,vacation,anticipation,representation,dissertation
refrigerations,
refrigerative,
refrigerator,moderator,tater,fetor,stator,regulator,incinerator,simulator,animator,baiter,excavator,stater,locator,legislator,hater,slater,illuminator,investigator,mater,manipulator,indicator,educator,fabricator,decorator,estimator,operator,facilitator,ventilator,greater,incubator,denominator,translator,percolator,applicator,amphitheatre,mediator,procrastinator,activator,skater,later,escalator,imitator,accelerator,gladiator,waiter,agitator,aviator,alligator,crater,elevator,commentator,calculator,liquidator,alternator,arbitrator,carburetor,oscillator,defibrillator,creator,litigator,insulator,infiltrator,illustrator,radiator,generator,accumulator,detonator,curator,cater,perpetrator,coordinator,mercator,exterminator,amphitheater,instigator,freighter,rater,originator,administrator,equator,actuator,collaborator,navigator,pater,viator,respirator,innovator,integrator,decatur,terminator,demonstrator,grater,communicator,negotiator,speculator,dictator,traitor,eighter,gator,gaiter,frater
refrigeratory,
refrigerators,locators,gladiators,interrogators,moderators,natters,estimators,instigators,negotiators,calculators,slaters,caters,freighters,paters,syndicators,detonators,staters,narrators,infiltrators,percolators,commentators,speculators,integrators,gaiters,applicators,imitators,oscillators,stimulators,gators,equators,accumulators,dictators,arbitrators,excavators,escalators,cogenerators,indicators,decorators,maters,pontificaters,legislators,navigators,actuators,originators,insulators,carburetors,illustrators,alligators,incinerators,allocators,elevators,investigators,translators,superfreighters,agitators,incubators,exterminators,perpetrators,platers,generators,collaborators,procrastinators,impersonators,simulators,irrigators,coordinators,animators,accelerators,haters,debaters,waiters,raters,radiators,defibrillators,amphitheaters,administrators,curators,facilitators,traitors,skaters,demonstrators,manipulators,liquidators,litigators,respirators,educators,batres,mediators,innovators,fabricators,operators,craters,appropriators,regulators,renovators,creators,consolidators,penetrators
refrigerator's,
refrigerium,
refrighten,
refrying,
refringe,
refringence,
refringency,
refringent,
refroid,
refront,
refronted,
refronting,
refronts,
refroze,
refrozen,
refrustrate,
refrustrated,
refrustrating,
refs,
reft,
refton,
refuel,shewel,nonaccrual,buell,huile,tewel,sewell,sewall,unusual,kuhle,buil,uhle,ruhle,truell,jewel,dual,renewal,dewall,gruel,fuel,breughel,greuel,grauel,accrual,grewal,ewell,newel,juul,cruel,duel,newell,metrosexual,fewel,crewel,sewel
refueled,fueled,dueled,fuelled,sewald,dewald,jeweled,ewald,duelled,jewelled
refueling,ridiculing,mewling,huling,cooling,puling,jeweling,nonruling,fooling,stooling,grueling,jewelling,fruehling,tooling,ruling,duelling,dueling,retooling,drooling,coolung,spooling,overruling,duling,dooling,fueling,fuelling,pooling,schooling
refuelled,
refuelling,
refuels,
refuge,
refuged,
refugee,
refugeeism,
refugees,
refugee's,
refugeeship,
refuges,
refugia,
refuging,
refugio,fujio
refugium,
refulge,
refulgence,
refulgency,
refulgent,
refulgently,
refulgentness,
refunction,
refund,compufund,tunde,hund,rund,und,shunned,sunned,almelund,twinned,wonned,schlund,underfund,outgunned,stunned,grund,dunned,kunde,punned,defund,rotund,bund,overfund,gunned,pfund,lund,funned,lunde,and,runde,fund,mund,sund,tunned,sunde,superfund,bunde
re-fund,
refundability,
refundable,fundable,undouble,nonrefundable
refunded,overfunded,sindbad,underfunded,funded,unfunded
refunder,
refunders,
refunding,funding,overfunding,interfunding,underfunding,defunding
refundment,
refunds,funds,bunds
refurbish,terbush,furbish
refurbished,furbished
refurbisher,
refurbishes,
refurbishing,furbishing
refurbishment,
refurl,
refurnish,
refurnished,
refurnishes,
refurnishing,
refurnishment,
refusable,
refusal,dossal,kruzel,kuzel,neuzil,musil,fusil,perusal,foozle,musal,foosball,fusile,recusal
refusals,
refuse,luse,transfuse,druse,fuse,views,infuse,bruise,sous,flews,chuse,trews,cruz,peruse,statues,thews,hues,ques,tattoos,bemuse,shmooze,blues,tewes,dues,confuse,kangaroos,youse,choose,hews,ensues,meuse,defuse,news,druze,canoes,andrews,hughes,roose,revenues,ooze,misuse,tissues,residues,boos,cruze,booze,chartreuse,lose,shoes,cruse,ruse,woos,cues,abuse,snooze,screws,accuse,horseshoes,recuse,diffuse,moos,disabuse,gurus,excuse,avenues,dews,hindus,jews,reuse,hairdos,roos,lewes,overuse,goos,suffuse,soyuz,ewes,eschews,enthuse,cruise,pews,crews,brews,taboos,amuse,clues,slews,muse,syracuse,whose,booz,chews,queues,schmooze,toulouse,loos,clews,zoos,accrues,creuse,reviews
refused,enthused,overused,amused,disabused,bruised,abused,schmoozed,fuzed,soused,perused,mused,boozed,misused,underused,oozed,diffused,defused,bemused,recused,fused,used,snoozed,accused,infused,excused,reused,cruised,unused,rused,suffused,confused,transfused
refusenik,
refuser,
refusers,
,
