rupellary,pupillary
rupert,neupert,shupert
ruperta,caserta,norberta,elberta,gilberta,engelberta,thorberta,huberta,merta,egberta
ruperto,
rupestral,
rupestrian,
rupestrine,
ruphina,
rupia,clupea
rupiah,obadiah,gaia,eligaya,zelaya,via,pariah,daya,indiaia,mariah,czaja,berjaya,josiah,cartaya,jeremiah,maia,zedekiah,vizcaya,aja,nehemiah,jaya,messiah,himalaya,araya,papaya,maya,boguslavskaya,playa,plisetskaya,zachariah,iphegenia,elia
rupiahs,
rupial,troopial,troupial,marsupial
rupicapra,
rupicaprinae,
rupicaprine,
rupicola,
rupicolinae,
rupicoline,
rupicolous,
rupie,
rupitic,
ruppertsberger,
ruppia,
ruprecht,uppricked
ruptile,
ruption,shippon,tip-in,repugn,gipon,shippen
ruptive,
ruptuary,
rupturable,
rupture,
ruptured,
ruptures,
rupturewort,
rupturing,
rural,dural,ural,furile,neurol,jurel,mural,jural,gural,intramural,crural,plural,sural,perineural,pleural,neural
ruralhall,
ruralisation,
ruralise,
ruralised,
ruralises,
ruralising,
ruralism,
ruralisms,
ruralist,muralist,pluralist
ruralists,
ruralite,
ruralites,
rurality,
ruralities,
ruralization,
ruralize,pluralize,pluralise
ruralized,pluralized
ruralizes,
ruralizing,pluralizing
rurally,neurally,urali,woorali,plurally
ruralness,
rurban,
ruridecanal,
rurigenous,perigynous,pruriginous,marigenous
rurik,zurich,jurich,yurick,hurok,sulfuric,mercuric,duroc,tchuruk,mooruk
ruritania,dromomania,pomerania,cranioplasty,tasmania,compania,zenia,romania,tanzania,transylvania,megalomania,lithuania,canea,sylvania,lusitania,germania,rumania,mania,mauritania,albania
ruritanian,
ruru,
rus,barfuss,minibus,tusseh,hasenfus,puss,klus,plus,struss,pus,us,gruss,pruss,superfluous,buss,russe,shas,wass,prus,ghattas,sluss,discuss,cus,guss,kus,nuss,mistrusts,trus,schuss,brus,cuss,busse,muhs,wuss,eurailpass,kuss,krus,adjusts,usphs,fuhs,tusche,papenfuss,russ,goldfus,xus,fuss,brusk,truss,bruss,quice,careplus,nonpluss,thus,gus,muckenfuss,suss,sus,banderas,vanhuss,schoolbus,huss,bus
rus.,
rusa,
ruscher,
ruscio,
ruscus,cissus,blissus,phthisis,byssus,crispus,viscus,kuskus,cuscus,tussis,pertussis,clysis,physis,fuscous
ruse,hughes,residues,fuse,blues,overuse,whose,cruise,clues,avenues,schmooze,revenues,shoes,cruz,refuse,recuse,reviews,hairdos,zoos,ensues,chartreuse,druse,booze,roos,defuse,pews,news,horseshoes,moos,creuse,chews,trews,choose,suffuse,tattoos,reuse,ooze,disabuse,meuse,syracuse,screws,boos,druze,loos,roose,tissues,hindus,canoes,luse,andrews,transfuse,diffuse,cruse,dews,lose,soyuz,chuse,hues,gurus,taboos,thews,excuse,booz,infuse,peruse,toulouse,goos,snooze,slews,muse,cues,bruise,bemuse,views,woos,statues,cruze,ques,accuse,ewes,kangaroos,crews,misuse,clews,tewes,enthuse,brews,shmooze,dues,amuse,accrues,flews,abuse,confuse,eschews,jews,lewes,sous,youse,queues,hews
rusel,
rusell,
rusert,
ruses,excuses,peruses,cruises,muses,chooses,fuzes,diffuses,abuses,lollapaloozas,confuses,souses,infuses,amuses,uses,druses,guses,druzes,misuses,suffuses,bruises,accuses,loses,overuses,boozes,fuses,refuses
rush,cush,shush,slush,crush,smush,nusz,paintbrush,underbrush,dush,brush,hush,gush,sagebrush,qurush,grush,kusch,lusch,busche,pusch,squish,rusche,rusch,thrush,mush,blush,frush,flush,dusch,musch,lush,plush
rush-bearer,
rush-bearing,
rush-bordered,
rush-bottomed,
rushbush,
rush-candle,
rushed,slushed,gushed,flushed,hushed,brushed,blushed,shushed,mushed,crushed,squished
rushee,
rushees,
rushen,
rusher,slusher,musher,crusher,luscher,brusher,husher,gusher,blusher,bonecrusher,plusher,usher,flusher,thrusher,lusher
rushers,ushers,blushers,crushers,flushers,mushers,gushers
rushes,toothbrushes,blushes,mushes,lushes,thrushes,crushes,ushas,gushes,shushes,hushes,brushes,flushes
rush-floored,
rushford,
rush-fringed,
rush-girt,
rush-grown,
rush-hour,
rushy,gushy,brushy,plushy,deshi,mushi,tushy,swishy,slushy,rachi,blushy,mushy
rushier,fishier,gushier,dishier
rushiest,dishiest,gushiest,fishiest
rushiness,brushiness,fishiness
rushing,gushing,brushing,flushing,hushing,shushing,blushing,squishing,onrushing,mushing,crushing,slushing,swishing
rushingly,crushingly,blushingly,flushingly,gushingly
rushingness,
rushings,
rushland,
rush-leaved,
rushlight,
rushlighted,
rushlike,brushlike,fishlike
rush-like,
rushlit,
rush-margined,
rushmore,
rush-ring,
rush-seated,
rushsylvania,
rush-stemmed,
rush-strewn,
rushville,
rushwork,
rush-wove,
rush-woven,
rusin,goosen,skousen,heusen,nusen,loosen,huson,krewson,corneliuson,vandusen,goossen,hewson,husen,hughson,newson,acuson,joosten,mucin,fuson,meeuwsen,leucin,poussin,nucin,zuisin,fusin,musin
rusine,brucine,leucine
rusines,
rusk,kuske,buske,dusk,cusk,tusk,musk,cornhusk,busk,muske,lusk,bruske,brusque,husk
rusky,
ruskin,gluskin,etruscan,buskin,duskin,luskin,miskin,dusken,brisken,tuscan
ruskinian,
rusks,
rusma,rhusma,prisma,kuzma,schisma
ruso,
rusot,
ruspone,
russ,barfuss,minibus,tusseh,hasenfus,puss,klus,plus,struss,pus,us,gruss,pruss,superfluous,buss,russe,shas,wass,prus,ghattas,sluss,discuss,cus,guss,kus,nuss,mistrusts,trus,schuss,brus,cuss,busse,muhs,wuss,eurailpass,kuss,krus,adjusts,usphs,fuhs,tusche,papenfuss,goldfus,xus,fuss,brusk,truss,bruss,quice,careplus,nonpluss,thus,gus,rus,suss,sus,muckenfuss,banderas,vanhuss,schoolbus,huss,bus
russ.,
russe,barfuss,minibus,tusseh,hasenfus,puss,klus,plus,struss,pus,us,gruss,pruss,superfluous,buss,shas,wass,prus,ghattas,sluss,discuss,cus,guss,kus,nuss,mistrusts,trus,schuss,brus,cuss,busse,muhs,wuss,eurailpass,kuss,krus,adjusts,usphs,fuhs,tusche,papenfuss,russ,goldfus,xus,fuss,brusk,truss,bruss,quice,careplus,nonpluss,thus,gus,rus,suss,sus,muckenfuss,banderas,vanhuss,schoolbus,huss,bus
russel,muscle,scissel,friskful,brussel,friskal,thrustle,mussell,bustle,rustle,bussell,brustle,tussle,hustle,justle,trussell,russell,nussle,fussell,decil,tussal,decyl,scissile,sisel,disple,nustle,ficelle,scissil,glycyl,mussel
russelet,
russelia,
russelyn,
russell,muscle,scissel,friskful,brussel,friskal,thrustle,mussell,bustle,rustle,bussell,brustle,tussle,hustle,justle,trussell,nussle,fussell,russel,decil,tussal,decyl,scissile,sisel,disple,nustle,ficelle,scissil,glycyl,mussel
russellite,
russellton,
russellville,handbill,tamil,zill,spill,until,molehill,overfill,overkill,hornbill,distil,sawmill,albertville,mill,drill,advil,nil,pill,seville,bill,hill,fill,swill,still,kill,ill,treadmill,brazil,ghyll,wil,fil,nill,uphill,lil,lille,brill,prill,abril,crill,foothill,trill,dphil,quill,deville,goodwill,mille,zil,thill,till,landfill,grille,anthill,mil,cowgill,rill,til,shrill,gil,shill,bougainville,standstill,belleville,rille,krill,pil,stil,sill,il,dill,daffodil,windmill,chill,will,twill,fulfill,thrill,mandeville,bastille,schill,gill,sil,phil,distill,instill,frill,refill,demille,jill,skill,downhill,grill,fille,ville,bil
russene,
russes,
russet,licit,muskat,besit,wisket,busket,musset,russett,gusset,tissot,frisket,musquet,whisket
russet-backed,
russet-bearded,
russet-brown,
russet-coated,
russet-colored,
russet-golden,
russet-green,
russety,acity
russeting,
russetish,
russetlike,
russet-pated,
russet-robed,
russet-roofed,
russets,briskets,gussets
russetting,
russi,matusi,lucy,lucey,bucy,siracuse,juicy,luisi,susi,toussie,bucey,goosey,goosy,bussi,zanussi,lucie,perusse,deluise,mancusi,colussy,sluicy,debussy,matussi,bussie,rafuse
russia,byelorussia,dusza,prussia,busha,cushaw,prusha
russian,discussion,mushin,fushun,repercussion,percussion,prussian,priscian,lushun,rushin,shushan,concussion,pushan
russianisation,
russianise,
russianised,
russianising,
russianism,
russianist,
russianization,
russianize,
russianized,
russianizing,
russian-owned,
russians,fissions,repercussions,discussions,concussions
russian's,
russiaville,
russify,
russification,interpretation,remuneration,designation,civilization,education,connotation,aspiration,location,nation,dissertation,vocation,precipitation,representation,manifestation,generation,inclination,sensation,observation,preparation,salvation,segregation,abomination,quotation,gentrification,notation,alliteration,discrimination,radiation,dedication,adaptation,abbreviation,altercation,approbation,compensation,consideration,innovation,transportation,translation,configuration,accommodation,consternation,collocation,revelation,meditation,orientation,communication,reservation,operation,organization,constellation,creation,implication,information,corporation,station,aberration,ramification,foundation,conservation,vacation,variation,trepidation,medication,litigation,obfuscation,situation,appreciation,inspiration,administration,relation,association,conflagration,anticipation,reconciliation,rehabilitation,expectation,reputation,evaluation,integration,remediation,determination,motivation,citation,correlation,cooperation,indignation,deviation,articulation,affirmation,proliferation,transformation,population,pronunciation,conversation,affiliation,presentation,obligation,collaboration,implementation,application
russificator,
russified,
russifier,
russifies,
russifying,
russine,
russism,
russky,tussey,russey,musci,drusie,jussi,gussie,gussy,bussi,russki,copse,busey,ducey,deci-,hussy,busky,tousey,hussey,debussy,mussy,fussy,bussie,bussey
russniak,
russo,viscuso,crusoe,russo-,peluso,colarusso,macaluso,laruso,ayuso,larusso,dirusso,camuso,borruso,pantuso,lorusso,giarrusso,gattuso,musso,bruso,mancuso,amoruso,cuso,maluso,caruso
russo-,viscuso,crusoe,peluso,colarusso,macaluso,laruso,ayuso,larusso,dirusso,camuso,borruso,pantuso,lorusso,giarrusso,gattuso,musso,bruso,russo,mancuso,amoruso,cuso,maluso,caruso
russo-byzantine,
russo-caucasian,
russo-chinese,
russo-german,
russo-greek,
russo-japanese,
russolatry,
russolatrous,
russom,russum,viscum,blissom,pisum,lissom,chrisom
russomania,
russomaniac,
russomaniacal,
russon,
russo-persian,
russophile,discophile
russophilism,
russophilist,
russophobe,
russophobia,lyssophobia,mysophobia
russophobiac,
russophobism,
russophobist,
russo-polish,
russo-serbian,
russo-swedish,
russo-turkish,
russud,
russula,
rust,dust,sawdust,fussed,discussed,bust,disgust,nonplussed,blissed,lust,trist,meditrust,citytrust,giftrust,guste,readjust,prudentrust,suntrust,crust,juste,unjust,thrust,blust,centrust,gust,combust,prust,busked,mussed,bussed,glist,wanderlust,yust,trust,bused,sussed,adjust,just,fust,incrust,knust,healthtrust,ameritrust,ustrust,distrust,stardust,cussed,thrist,clevetrust,hust,trussed,must,antitrust,pentrust,entrust,encrust,mistrust,robust,brust,clist,unadjust
rustable,
rustburg,
rust-cankered,
rust-colored,
rust-complexioned,
rust-eaten,
rusted,dusted,bestud,fusted,husted,adjusted,entrusted,cystid,cisted,cysted,ustad,wristed,distrusted,encrusted,trusted,vistaed,maladjusted,disgusted,rustad,lusted,crusted,gusted,unadjusted,hustad,readjusted,mistrusted,busted
rustful,
rusty,musty,fusty,cisti,misti,cristy,dusty,busti,wristy,trusty,justy,cristae,lusty,crusty,gusty,busty
rustyback,
rusty-branched,
rusty-brown,
rustic,istic,mustac,pistic,cistic,bestick,fistic,bestuck,fustic
rustical,twistical
rustically,mystically
rusticalness,
rusticanum,
rusticate,
rusticated,
rusticates,
rusticating,
rustication,
rusticator,
rusticators,
rustice,
rusticial,
rusticism,
rusticity,
rusticities,
rusticize,
rusticly,
rusticness,
rusticoat,
rusty-coated,
rusty-collared,
rusty-colored,
rusty-crowned,
rustics,
rusticum,
rusticus,
rusticwork,
rusty-dusty,
rustie,
rust-yellow,
rustier,gustier,trustier,lustier,crustier,dustier,fustier,twistier
rustiest,lustiest,gustiest,twistiest,dustiest,crustiest,bustiest,fustiest,trustiest
rusty-fusty,
rustyish,
rusty-leaved,
rustily,trustily,lustily,crustily,gustily,dustily
rusty-looking,
rustin,gustin,fuston,tustin,justen,duston,nystan,ruston,dustin,guston,justin,huston,mustin,muston,astun,bustin,augustyn
rustiness,trustiness,dustiness,lustiness,crustiness,gustiness,fustiness,mustiness
rusting,lusting,adjusting,distingue,crusting,dusting,mistrusting,misting,trusting,disgusting,busting,thrusting,encrusting,entrusting,readjusting,fisting,gusting
rusty-red,
rusty-rested,
rusty-spotted,
rusty-throated,
rustle,muscle,scissel,friskful,brussel,friskal,thrustle,mussell,bustle,bussell,brustle,tussle,hustle,justle,trussell,russell,nussle,fussell,russel,decil,tussal,decyl,scissile,sisel,disple,nustle,ficelle,scissil,glycyl,mussel
rustled,muscled,tussled,bustled,hustled
rustler,russler,gusler,hustler,wussler,busler,schussler,kusler,trusler
rustlers,hustlers
rustles,
rustless,gustless,lustless,trustless,dustless,christless,crustless
rustly,
rustling,hustling,muscling,bustling
rustlingly,
rustlingness,
ruston,gustin,rustin,fuston,tustin,justen,duston,nystan,guston,dustin,justin,huston,mustin,muston,astun,bustin,augustyn
rust-preventing,
rustproof,bulletproof,rufe,kloof,renouf,ouphe,woof,foolproof,waterproof,bufe,woodroof,aloof,fireproof,ruef,poof,weatherproof,proof,shatterproof,hoof,maloof,sunroof,ooph,spoof,goof,ploof,rueff,roof,bouffe
rust-proofed,
rustre,
rustred,
rust-red,
rust-removing,
rust-resisting,
rusts,musts,gists,adjusts,distrusts,trysts,thrusts,crusts,trusts,mistrusts,chustz,dusts,disgusts,gusts,busts,lusts,pistes
rust-stained,
rust-worn,
ruswut,
ruta,huhta,huta,scuta,castruita,outta,tenuta,nootka,sputa,tewtaw,pluta,nauta,bruta,furuta,ceuta,prutah,lagattuta
rutabaga,
rutabagas,
rutaceae,pluteaceae,kutaisi
rutaceous,
rutaecarpine,
rutan,lutein,pluton,ewton,wootten,luten,teuton,rasputin,booton,booten,bruton,highfalutin,brewton,muton,gluten,lewton,wootton,vuitton,newton,tuten,scruton,wooton,wooten,luton,hooton,utahn,ooten,hooten
rutate,nutate,pitot,guttate
rutch,
rutelian,
rutelinae,
rutger,
rutgers,
ruth,sleuth,strewth,tollbooth,schuth,blooth,sooth,truth,knuth,vermouth,bluth,huth,tooth,uncouth,youth,buth,hellmuth,booth,puth,kluth,meuth,duluth,helmuth,luth,lueth,fruth,guth,pluth,reichmuth,montooth,bluetooth,hochmuth,mantooth,estruth,rueth,gluth,muth,wermuth,untruth
ruthann,superman,tan,cyan,divan,snowman,caravan,hann,sideman,batman,quran,an,anchorman,pakistan,businessman,lan,kazakhstan,liane,saucepan,scran,madman,than,ann,lifespan,nan,sudan,deadpan,caveman,stan,gran,afghan,tristan,afghanistan,pecan,bedpan,fan,clergyman,bhutan,van,chan,iran,zan,tran,can,span,japan,handyman,scan,clan,helmsman,bogeyman,kinsman,mann,skean,gan,doorman,man,strongman,moulin,flan,catamaran,ran,cancan,rattan,dan,sandman,ban,sedan,rodin,plan,klan,anne,taliban,gamesman,cannes,pan,jan,caftan,moran,fisherman,kan,tarzan,loran,journeyman,yan,milan,middleman,ferdinand,quean,suntan,began,merman,san,minuteman,shan,hitman,bran,saran
ruthanne,
ruthe,
ruthenate,
ruthene,
ruthenia,
ruthenian,
ruthenic,
ruthenious,
ruthenium,
ruthenous,
ruther,ruether,uther,luther
rutherford,
rutherfordine,
rutherfordite,
rutherfordium,
rutherfordton,
rutherfurd,
rutheron,
ruthful,truthful,toothful,untruthful,youthful
ruthfully,youthfully,truthfully
ruthfulness,truthfulness,youthfulness
ruthi,
ruthy,
ruthie,toothy,youthy,boothy,truthy
ruthlee,
ruthless,truthless,toothless
ruthlessly,
ruthlessness,
ruthlessnesses,
ruths,
ruthton,
ruthven,
ruthville,
rutic,clitic,buttock,futtock,puttock
rutidosis,
rutyl,
rutilant,
rutilate,
rutilated,
rutilation,
rutile,tutele
rutylene,butylene
rutiles,
rutilous,
rutin,glutin,shut-in,sit-in,beton,strutton,sutton,rhyton,ruttan,niton,vanputten,witen,glutton,lutton,sitten,tutton,dutton,gittin,button,unbutton,cutin,chitin,phyton,hutton,cut-in,rutten,mutton,scrutton,chiton,mitin,tarbutton,twitten
rutinose,
rutins,
rutiodon,
rutland,jutland
rutlandshire,
rutledge,sutlej
ruts,guts,whats,utz,struts,coconuts,putts,groundnuts,shutts,cutts,buts,nuts,rutz,abuts,gluts,shuts,sprits,krutz,strutz,switz,putz,slutz,donuts,stutts,butz,clutts,klutz,kluttz,hazelnuts,rutts,mutts,juts,doughnuts,spritz,cuts,klutts,undercuts,kutz,schmutz,peanuts,lutsk,sluts,knuts,snits,twits,butts,clearcuts,huts,lutz,flits,schutz,walnuts,shortcuts,robots,clits,stutz,mutz,squits,qubits,haircuts,supercuts,smuts,cocoanuts
rut's,
rutted,flitted,teated,kitted,abutted,hutted,slitted,jutted,putted,nutted,shitted,rebutted,nitid,smutted,gutted,quitted,bitted,spitted,fritted,butted,gritted,strutted,glutted,twitted,sooted
ruttee,
rutter,perlmutter,sputter,splitter,stonecutter,flitter,lutter,clutter,bowater,quittor,shutter,kutter,bonecutter,butter,slitter,hutter,sutter,mutter,spitter,kilometre,nutter,flutter,schutter,dutter,cutter,utter,strutter,aflutter,stutter,skitter,gutter,putter
ruttger,
rutty,putty,butty,puttee,cutty,tutty,jutty,nutty,flitty,guttae,smriti,slitty,putti,gutty,smutty,skitty,kriti
ruttier,puttier,sootier,nuttier,grittier,wittier,pitier,bittier
ruttiest,shittiest,sootiest,grittiest,nuttiest,bittiest,wittiest
ruttily,
ruttiness,
rutting,rebutting,strutting,putting,hutting,butting,jutting,clearcutting,glutting,fritting,smutting,undercutting,shutting,witing,tutting,shitting,sooting,abutting,costcutting,gutting,kitting,betongue,cutting,nutting,twitting
ruttish,sootish,jutish,sluttish
ruttishly,
ruttishness,britishness,sluttishness
ruttle,guttle,wittol,buttle,kittul,suttle,scuttle,nuttall,trityl,phytol,whitile,quittal,cytol,subtle,shittle,nuttle,unsubtle,tuttle,cuttle,kitul,victual,shuttle,thwittle,rebuttal
rutuli,
ruvid,
ruvolo,spagnolo,rotolo,ruffolo,debartolo,dibartolo,ruotolo,criscuolo,holo-,mascolo,romagnolo,cholo,dipaolo,vitolo,bartolo,palazzolo,vuolo,polo,riolo,monticciolo,colo,puopolo,consolo,cracchiolo,coehlo,roppolo,frolo,magliolo,prioleau,priolo,lopiccolo,spagnuolo,depolo,triolo,muolo,rizzolo,nolo,tumolo,ceravolo,colo-,curatolo,caracciolo
ruwenzori,
rux,clucks,flux,knucks,lux,mucks,hucks,woodchucks,snicks,pucks,starbucks,schmucks,sucks,crux,strix,bucks,plucks,marimbalax,dumptrucks,yuks,cricks,deluxe,dux,brucks,bucs,spics,megabucks,buchs,luks,klux,quicks,hux,tucks,chucks,rucks,influx,brics,ducks,lucks,fucks,trucks,szucs,shucks,tux,redux,tuks,canucks
ruzich,
rv,
rvsvp,
rvulsant,
rw,
rwa,
rwanda,lewanda,rhondda,wanda,tonawanda,gonda,anaconda,wonda,honda,yolanda,ronda,swanda,rolanda,veronda,rhonda,uganda,raymonda,meranda,golconda,monda,edmonda,orlanda,ferdinanda,fernanda,ramonda,kaunda,tonda,giaconda,randa,fonda,luanda
rwc,
rwd,
rwe,
rwy,
rwy.,
rwm,
rwound,
rx,
s,impress,es,undress,cbs,progress,confess,dispossess,compress,stress,assess,fess,largesse,wes,gesse,hess,profess,oppress,less,ines,tress,dress,oas,fesse,finesse,chess,watercress,noblesse,lcs,mess,ness,yes,ls,caress,transgress,nes,depress,recess,ess,hesse,coalesce,egress,tess,uss,jess,fluoresce,address,nevertheless,letterpress,reassess,redress,cmos,access,ts,dss,ws,suppress,acquiesce,ccs,process,possess,gress,convalesce,requests,distress,repossess,esse,fress,outguess,guess,repress,ques,press,inverness,excess,regress,aggress,headdress,success,express,overdress,bess,unless,digress,presse,abs,les,bless,nonetheless,cress,obsess,attests,abscess
's,
-s',
s.,
s.a.,
s.d.,
s.g.,
s.j.,
s.j.d.,
s.l.,
s.m.,
s.o.,
s.p.,
s.t.d.,
s.w.a.,
s.w.g.,
s/d,
sa,bylaw,maw,na,moi,redraw,ahh,spa,rah,claw,slaw,law,dada,utah,draugh,yaw,ha,gnaw,voila,straw,bra,bois,ra,ma,la,daw,draw,schwa,guffaw,ona,caw,hacksaw,chaw,awe,hah,esau,whipsaw,hoopla,dumas,coleslaw,haw,baja,withdraw,yah,fermata,qua,gras,baccarat,xio,hurrah,jigsaw,ga,naw,blah,mackinaw,chutzpah,wa,ja,arkansas,shaw,doha,ta,ah,overdraw,pa,jaw,outlaw,aha,squaw,shah,trois,chainsaw,cha,thaw,flaw,aw,sha,ka,ya,bourgeois,rawe,paw,faw,nah,grandpa,wah,scrimshaw,bah,da,seesaw,saw,chihuahua,pasha,raw,gaw,craw,ottawa,panama,macaw,pshaw,omaha
saa,
saab,corncob,schaub,lobb,daub,hobnob,squab,knaub,taube,punjab,robbe,dobb,laube,grob,traub,glaab,robb,glob,schwab,heartthrob,nobbe,cob,glaub,rob,mob,haub,job,miserables,blob,snob,raab,haab,shaub,aube,staab,raub,sob,bob,schwabe,hob,knobbe,swab,bobb,laub,slob,thingamabob,raabe,cobb,mcjob,lob,stobbe,throb,staub,gaub,baab,gob,schaab,naab,krob,knob,prob,wobbe,daube,fob,dob
saad,raad,natividad,tod,squad,backboard,rashad,abad,belgrade,laude,tawed,pawed,clawed,seesawed,chaud,slipshod,laud,plaud,petard,sawed,trod,hawed,facade,maud,god,esplanade,prod,mod,scrod,outlawed,saud,abroad,maraud,yawed,baud,escalade,rod,pod,nod,fahd,quad,pernod,strawed,peapod,claud,shod,ramrod,cod,riyad,cawed,brod,flawed,novgorod,arthropod,schrod,ipod,assad,braud,jawed,codd,defraud,odd,gnawed,elrod,claude,baaed,maude,fraud,chmod,todd,broad,riad,chawed,sod,wad,tightwad,penrod,thawed,roughshod,glod,awed,goldenrod,antifraud,applaud,riyadh,plod,bawd,brachiopod,mossad,tripod,aud,sprod,seedpod,ballade,dodd,cephalopod
saadi,andreotti,bawdy,shoddy,embody,mahdi,ahmadi,broadie,roddy,oddi,boddie,corradi,patnaude,saudi,conradi,conrady,cloddy,drawdy,poddy,boddy,noddy,waddy,gennady,alodie,body,soddy,everybody,peabody,hoddy,disembody,irrawaddy,deandrade,oddy,broady,antibody,gaudi,snoddy,radi,canady,widebody,squaddie,waddie,dawdy,gaudy,droddy,audi,somebody,varady,toddy,laprade,gennadi,casady,claudie
saan,
saanen,sonnen,cronyn,connon,donnan,onnen,chronon,dornin,konen,faughnan,kwannon,bonnin,connan,lehtonen,phonon,narayanan,monnin,kannan
saar,sandbar,foobar,boxcar,mar,dakar,reservoir,amritsar,far,alcazar,tsar,cigar,sitar,tar,motorcar,barre,superstar,r,revoir,csar,are,millibar,ar,parr,bar,guitar,akbar,subpar,starr,mawr,seminar,par,rebar,ajar,dar,boyar,repertoire,azar,carr,scar,bazar,cinnabar,jaguar,dinar,thar,handlebar,star,hectare,sidebar,sar,commissar,feldspar,caviar,lumbar,babar,railcar,nascar,har,haar,lamar,bizarre,registrar,zanzibar,char,myanmar,avatar,mylar,car,crowbar,adar,navarre,amar,bazaar,marr,gar,alar,czar,jar,aargh,radar,spar,lar,streetcar,disbar,lodestar,afar,memoir,renoir,barr,qatar,magyar,voir
saarbren,
saarbrucken,
saare,
saaremaa,
saarinen,neenan,coenen,keenan,benin,renan,renin,greenan,zenon,dobrynin,heenan,kenan,queenan,henan
saarland,charland,carland,farland,garland,mcfarland,marland,macfarland,mcparland,harland,darland
sab,
sab.,
saba,gaba,kaaba,caba,mesaba,aqaba,laba,ababa,addis-ababa,adl-tabataba,indaba,ruvalcaba,komaba,rubalcaba,sabah,helaba,baba,caaba,escanaba,catawba,carnauba
sabadell,
sabadilla,
sabadin,
sabadine,
sabadinine,
sabaean,gabion
sabaeanism,
sabaeism,
sabael,
sabah,gaba,kaaba,caba,mesaba,aqaba,laba,ababa,addis-ababa,adl-tabataba,indaba,ruvalcaba,komaba,rubalcaba,helaba,baba,caaba,escanaba,catawba,saba,carnauba
sabaigrass,
sabayon,
sabayons,
sabaism,
sabaist,
sabakha,
sabal,unstable,graybeal,mislabel,laible,abel,turntable,habile,zabel,playbill,abell,crable,cable,roundtable,label,gable,disable,raible,enable,unable,mabel,kable,chaebol,fable,sable,rabal,hable,waybill,flabile,schaible,table,grable,waibel,frable,timetable,stable,mable,able,relabel,stabile
sabalaceae,
sabalo,
sabalos,
sabalote,
saban,laban,shaban,hertzenleben,caban,maybin,chabon,raybon,mayben,mabon,sabin
sabana,
sabanahoyos,
sabanaseca,
sabanut,
sabaoth,
sabathikos,
sabatier,
sabatini,fellini,pellegrini,pini,carine,martini,meany,leany,seraphine,wahine,sheeny,rosine,perrine,latini,pacini,greenie,angelini,balentine,castine,provine,cherubini,teeny,deline,lamborghini,delphine,teenie,bartolini,paganini,heaney,beany,tweeny,beanie,lapine,yemeni,lienee,agostini,linguine,morini,cellini,lepine,larine,celestine,spleeny,baldini,toscanini,houdini,giannini,aveline,verine,reny,zucchini,rossini,victorine,cabrini,sweeny,bonine,dini,feeney,dorine,sweeney,ardine,rini,florine,genii,santini,queenie,bimini,genie,dildine,jeanie,leontine,bikini,mancini,ballentine,weeny,meiny,marini,fini,mussolini,domine,maurine,eugenie,orsini,bellini,fettuccine,greeny,piccinini,guarini,meanie,feeny,gilbertine,albertini,mcsweeney,jeannie,puccini,lentini,cassini,maline,vini,bodine
sabaton,labaton,habitan,sabbaton
sabatons,
sabattus,
sabazian,
sabazianism,
sabazios,
sabba,
sabbat,habit,rabbet,babbitt,jackrabbit,shabbat,kabat,rabat,rabbitt,nabit,cohabit,inhabit,abbott,rabbit,cabot,rabot,frabbit,babbit,sabot,jabot,abbot
sabbatary,
sabbatarian,
sabbatarianism,
sabbatean,
sabbath,naboth
sabbathaian,
sabbathaic,
sabbathaist,
sabbathbreaker,
sabbath-breaker,
sabbathbreaking,
sabbath-day,
sabbathism,
sabbathize,
sabbathkeeper,
sabbathkeeping,
sabbathless,
sabbathly,
sabbathlike,
sabbaths,
sabbatia,
sabbatian,
,
