sympatheticness,
sympatheticotonia,
sympatheticotonic,
sympathetoblast,
sympathy,
sympathic,
sympathicoblast,
sympathicotonia,
sympathicotonic,
sympathicotripsy,
sympathies,
sympathin,
sympathique,
sympathy's,
sympathise,empathise
sympathised,
sympathiser,
sympathising,
sympathisingly,
sympathism,
sympathist,
sympathize,devise,optimize,polarize,socialize,paralyze,hypothesize,analyze,galvanize,finalize,arise,utilize,mesmerize,prize,marginalize,otherwise,chastise,ties,catalyze,ostracize,capitalize,revise,prise,wise,summarize,despise,stabilize,disguise,size,supervise,surmise,reprise,metastasize,compromise,comprise,demise,jeopardize,supplies,crystallize,advise,franchise,authorize,customize,materialize,maximize,improvise,epitomize,patronize,visualize,scrutinize,characterize,likewise,emprise,empathize,energize,rationalize,emphasize,revitalize,exercise,amortize,lies,antagonize,minimize,allies,sunrise,realize,surprise,guise,eyes,enterprise,organize,mobilize,apologize,memorize,synchronize,recognize,belies,aggrandize,harmonize,synthesize,stigmatize,proselytize,apprise,flies,capsize,tantalize,lionize,subsidize,fries,criticize,guys,merchandise,rise,pulverize,advertise,mize,plagiarize,familiarize,baptize,disenfranchise,prioritize
sympathized,demoralized,emphasized,comprised,jeopardized,outsized,sized,personalized,disguised,amortized,baptized,revised,hypnotized,subsidized,harmonized,homogenized,galvanized,balkanized,compromised,canonized,centralized,traumatized,characterized,criticized,familiarized,annualized,caramelized,stigmatized,urbanized,finalized,metastasized,apprised,mechanized,oversized,circumcised,unrecognized,patronized,epitomized,decentralized,improvised,exercised,recognized,specialized,paralyzed,prised,pasteurized,desensitized,categorized,stylized,excised,itemized,generalized,surmised,advised,synchronized,agonized,antagonized,unorganized,apologized,standardized,publicized,localized,energized,pressurized,marginalized,disorganized,civilized,polarized,normalized,prized,mesmerized,computerized,idealized,authorized,synthesized,scrutinized,stabilized,formalized,motorized,disenfranchised,ostracized,underutilized,incised,naturalized,organized,crystallized,analyzed,globalized,capsized,advertised,surprised,realized,despised,utilized,undisguised,unauthorized,chastised,penalized,customized,capitalized,devised
sympathizer,divisor,tranquilizer,itemizer,merchandiser,stabilizer,exerciser,anheuser,organizer,fertilizer,compromiser,appetizer,advertiser,franchiser,hizer,schweizer,mobilizer,plasticizer,iser,hiser,biser,mizer,energizer,ionizer,rizer,miser,incisor,hulsizer,popularizer,colonizer,agrivisor,pfizer,moisturizer,keizer,nebulizer,womanizer,synthesizer,sterilizer,wiser,fizer,kizer,geyser,sizar,cafetizer,heizer,guiser,supervisor,advisor,polarizer,kaiser,visor,oxidizer,priser,fiser,pizer,prizer,kiser,kyzer,equalizer,sizer,riser,keyser,speiser,atomizer,analyzer,adviser
sympathizers,incisors,advisors,ionizers,exercisers,colonizers,analyzers,supervisors,sterilizers,organizers,risers,advertisers,tranquilizers,mobilizers,kaisers,synthesizers,visors,franchisers,advisers,geysers,appetizers,merchandisers,itemizers,stabilizers,sizers,misers,fertilizers
sympathizes,mischaracterizes,exercises,ironizes,materializes,surprises,overemphasizes,normalizes,compromises,monopolizes,economizes,hellenizes,brutalizes,marginalizes,phizes,fantasizes,pressurizes,categorizes,enterprises,despises,chastises,fertilizes,authorizes,emphasizes,utilizes,maximizes,jeopardizes,enfranchises,idolizes,dieses,polarizes,customizes,revises,departmentalizes,rhapsodizes,disguises,dramatizes,minimizes,summarizes,scrutinizes,terrorizes,guises,arises,memorizes,democratizes,recognizes,devises,criticizes,apologizes,advertises,sensationalizes,supervises,harmonizes,excises,tantalizes,specializes,comprises,epitomizes,prioritizes,crystallizes,franchises,organizes,stabilizes,improvises,demilitarizes,immunizes,symbolizes,mises,realizes,polymerizes,liberalizes,analyzes,formalizes,subsidizes,downsizes,prizes,rises,sizes,wises,neutralizes,legitimizes,demobilizes,energizes,satirizes,hypnotizes,lyses,paralyzes,depressurizes,galvanizes,synchronizes,agonizes,humanizes,advises,alphabetizes,capitalizes,characterizes,surmises,idealizes,equalizes,prises,itemizes
sympathizing,socializing,paralyzing,normalizing,verbalizing,sanitizing,polarizing,modernizing,realizing,stigmatizing,chastising,downsizing,antagonizing,synchronizing,memorizing,revitalizing,publicizing,compromising,stabilizing,digitizing,sizing,disguising,exercising,rationalizing,wising,improvising,fantasizing,temporizing,maximizing,satirizing,specializing,uprising,recognizing,synthesizing,editorializing,self-aggrandizing,mesmerizing,destabilizing,tranquilizing,merchandising,enterprising,analyzing,oxidizing,comprising,revising,characterizing,generalizing,womanizing,energizing,harmonizing,demonizing,emphasizing,lysing,unsurprising,advertising,utilizing,patronizing,alphabetizing,democratizing,supervising,tantalizing,unappetizing,minimizing,visualizing,prizing,criticizing,immunizing,aggrandizing,moralizing,summarizing,theorizing,authorizing,devising,immobilizing,proselytizing,fraternizing,organizing,ionizing,apologizing,scrutinizing,prioritizing,neutralizing,monopolizing,jeopardizing,mobilizing,centralizing,galvanizing,standardizing,amortizing,surprising,dehumanizing,subsidizing,capitalizing,appetizing,rising,arising,despising,demoralizing,customizing,finalizing,advising
sympathizingly,
sympathoblast,
sympatholysis,
sympatholytic,
sympathomimetic,
simpatico,
sympatry,
sympatric,
sympatrically,
sympatries,
simpelius,
simper,whimper,shrimper
simpered,
simperer,
simperers,
simpering,
simperingly,
simpers,
sympetalae,
sympetaly,
sympetalous,
symphalangus,
symphenomena,
symphenomenal,
symphyantherous,
symphycarpous,
symphyla,
symphylan,
symphile,
symphily,
symphilic,
symphilism,
symphyllous,
symphilous,
symphylous,
symphynote,
symphyo-,
symphyogenesis,
symphyogenetic,
symphyostemonous,
symphyseal,symphysial
symphyseotomy,symphysiotomy
symphyses,
symphysy,
symphysial,symphyseal
symphysian,
symphysic,
symphysio-,
symphysion,
symphysiotomy,symphyseotomy
symphysis,nymphicus
symphysodactylia,
symphysotomy,
symphystic,
symphyta,
symphytic,
symphytically,
symphytism,
symphytize,
symphytum,
symphogenous,
symphonetic,
symphonette,
symphony,
symphonia,
symphonic,conic,avionic,electronic,teutonic,isotonic,polyphonic,neoplatonic,photronic,panasonic,masonic,propionic,ionic,harmonic,sonic,respironic,laconic,gnomonic,platonic,hydroponic,hypertonic,embryonic,ironic,monophonic,hyaluronic,sardonic,histrionic,tonic,flextronic,stronach,plutonic,yonic,leptonic,planktonic,hegemonic,audiotronic,lasersonic,medtronic,varitronic,ebonic,telectronic,tranzonic,philharmonic,mnemonic,blahnik,canonic,phonic,hanak,catatonic,connick,isoelectronic,chronic,ultrasonic,vanik,chthonic,diatonic,lexiphonic,ovonic,allophonic,pharaonic,personic,synchronic,napoleonic,diasonic,pneumonic,demonic,hedonic,telephonic,plantronic,miltonic,hypersonic,tronic,tectonic,ganglionic,nucleonic,bubonic,clonic,supersonic,chronique,environic,microelectronic,fibronic,kronick
symphonically,
symphonies,
symphonion,
symphonious,
symphoniously,
symphony's,
symphonisation,
symphonise,symphonize
symphonised,
symphonising,
symphonist,
symphonization,
symphonize,symphonise
symphonized,
symphonizing,
symphonous,
symphoricarpos,
symphoricarpous,
symphrase,
symphronistic,
sympiesometer,
simpkins,
sympl,
symplasm,
symplast,
simple,dimple,kimpel,pimple,gimpel,strimple,kimple
simple-armed,
simplectic,
symplectic,
simpled,
simple-faced,
symplegades,
simple-headed,
simplehearted,
simple-hearted,
simpleheartedly,
simpleheartedness,
simple-leaved,
simple-life,
simple-lifer,
simple-mannered,
simpleminded,simple-minded
simple-minded,simpleminded
simplemindedly,
simple-mindedly,
simplemindedness,
simple-mindedness,
simpleness,
simplenesses,
simpler,
simple-rooted,
simples,wimples,crumples
simple-seeming,
symplesite,
simple-speaking,
simplesse,cmos,ines,jess,less,recess,guess,reassess,acquiesce,obsess,hesse,les,ccs,esse,access,abscess,ques,address,possess,repress,overdress,ess,gesse,redress,watercress,dress,inverness,ness,compress,outguess,headdress,tess,distress,bess,fesse,express,convalesce,requests,yes,lcs,letterpress,cbs,es,uss,attests,s,dispossess,process,stress,dss,assess,depress,largesse,oas,suppress,tress,excess,aggress,fess,digress,nes,press,cress,success,egress,mess,bless,progress,ts,presse,caress,confess,regress,profess,repossess,oppress,transgress,fluoresce,nevertheless,nonetheless,ws,fress,abs,gress,impress,coalesce,wes,noblesse,chess,undress,ls,hess,unless,finesse
simplest,
simple-stemmed,
simpleton,
simple-toned,
simpletonian,
simpletonianism,
simpletonic,
simpletonish,
simpletonism,
simpletons,
simple-tuned,
simple-witted,
simple-wittedness,
simplex,flecks,comex,hex,whelks,rolodex,next,aztecs,rex,paychecks,objects,plex,cheques,nex,wrecks,tenrecs,necks,annex,gatx,execs,treks,nynex,sphex,multiplex,intersects,tex,decks,ex,subjects,duplex,cineplex,dissects,rejects,specks,sex,ampex,vertex,latex,projects,cemex,discotheques,truex,reflects,respects,flex,unisex,megaplex,apex,middlesex,intex,metroplex,fecks,triplex,rednecks,eques,banamex,intellects,ejects,perplex,mex,lex,jex,becks,cmx,czechs,videotex,amex,atx,lecce,pemex,telex,cybersex,checks,nymex,convex,bottlenecks,suspects,fedex,kecks,finex,vex,complex,specs,roughnecks,x,techs,expects,effects,pecks,telmex,dex,aix
simplexed,
simplexes,
simplexity,
simply,
simplices,
simplicia,
simplicial,
simplicially,
simplicident,
simplicidentata,
simplicidentate,
simplicist,
simplicitarian,
simpliciter,
simplicity,multiplicity,felicite,electricity,synchronicity,felicity,ethnicity,specificity,authenticity,duplicity,analyticity,toxicity,domesticity,complicity,eccentricity,publicity,elasticity
simplicities,
simplicity's,
simplicius,
simplicize,
simply-connected,
simplify,clarify,apply,ally,defy,my,lie,sigh,y,nearby,mortify,supply,exemplify,vilify,underlie,ossify,by,dye,goodbye,rectify,rye,bely,testify,identify,try,alumni,psi,butterfly,justify,pie,edify,dry,rely,alibi,cry,bye,quantify,fry,ply,chi,die,sky,specify,occupy,guy,standby,stultify,ratify,fly,spy,thereby,eye,nye,awry,magpie,decry,modify,why,nigh,wry,whereby,satisfy,vi,codify,nullify,signify,pry,aye,spry,lye,bi,ai,pi,certify,amplify,gadfly,tai,verify,bae,buy,lanai,high,hi,i,mollify,comply,sty,notify,reply,deny,indemnify,ly,sly,qualify,classify,tie,shy,hereby,imply,belie,vie
simplification,conflagration,determination,creation,altercation,affirmation,precipitation,reputation,ramification,implementation,preparation,population,consternation,collocation,abomination,implication,vocation,station,deviation,innovation,relation,obligation,generation,gentrification,alliteration,reconciliation,transportation,corporation,proliferation,anticipation,transformation,citation,obfuscation,constellation,medication,situation,quotation,evaluation,organization,radiation,affiliation,pronunciation,litigation,dissertation,orientation,location,nation,presentation,civilization,education,adaptation,foundation,correlation,configuration,communication,inspiration,notation,aberration,operation,motivation,representation,administration,translation,trepidation,conservation,rehabilitation,information,designation,conversation,abbreviation,dedication,articulation,expectation,segregation,compensation,indignation,variation,approbation,appreciation,observation,connotation,remediation,application,reservation,accommodation,revelation,consideration,remuneration,salvation,interpretation,association,vacation,integration,collaboration,discrimination,inclination,sensation,manifestation,aspiration,meditation,cooperation
simplifications,
simplificative,
simplificator,
simplified,unified,seaside,tied,shied,allied,complied,homicide,satisfied,pesticide,tide,snide,cockeyed,pied,mortified,blindside,confide,upside,lied,oxide,diversified,genocide,collide,fide,astride,denied,bide,hyde,outside,qualified,provide,classified,worldwide,petrified,yuletide,eyed,hide,applied,fortified,bromide,slide,occupied,subside,override,cyanide,reside,wayside,curbside,bonafide,plied,abide,bride,preside,coincide,stratified,alongside,pried,inside,broadside,modified,glide,tried,ide,peroxide,certified,betide,countryside,preoccupied,amplified,terrified,side,aside,ratified,beside,apartheid,guide,defied,chide,backside,implied,dioxide,belied,pride,dried,divide,decried,fratricide,vide,stride,downside,suicide,multiplied,decide,justified,deride,ride,backslide,landslide,dignified,wide
simplifiedly,
simplifier,
simplifiers,
simplifies,devise,optimize,polarize,socialize,paralyze,hypothesize,analyze,galvanize,finalize,arise,utilize,mesmerize,prize,marginalize,otherwise,chastise,ties,catalyze,sympathize,ostracize,capitalize,revise,prise,wise,summarize,despise,stabilize,disguise,size,supervise,surmise,reprise,metastasize,compromise,comprise,demise,jeopardize,supplies,crystallize,advise,franchise,authorize,customize,materialize,maximize,improvise,epitomize,patronize,visualize,scrutinize,characterize,likewise,emprise,empathize,energize,rationalize,emphasize,revitalize,exercise,amortize,lies,antagonize,minimize,allies,sunrise,realize,surprise,guise,eyes,enterprise,organize,mobilize,apologize,memorize,synchronize,recognize,belies,aggrandize,harmonize,synthesize,stigmatize,proselytize,apprise,flies,capsize,tantalize,subsidize,fries,criticize,guys,merchandise,rise,pulverize,advertise,mize,plagiarize,familiarize,baptize,disenfranchise,prioritize
simplifying,exemplifying,quantifying,supplying,blowdrying,solidifying,purifying,plying,skying,overflying,multiplying,outlying,qiang,oversimplifying,specifying,fortifying,satisfying,gentrifying,nullifying,prying,scrying,glorifying,amplifying,certifying,applying,unsatisfying,misapplying,hsiang,underlying,testifying,frying,denying,undying,stultifying,relying,misidentifying,stying,magnifying,intensifying,classifying,mystifying,diversifying,complying,horrifying,qualifying,semidrying,signifying,falsifying,mummifying,belying,verifying,clarifying,decrying,rectifying,unifying,flying,modifying,drying,retrying,allying,giing,replying,identifying,edifying,electrifying,gratifying,occupying,overlying,notifying,trying,justifying,speechifying,terrifying,crying,kiang,defying,hying,highflying,implying,indemnifying,ratifying,reclassifying,spying,disqualifying,personifying,codifying
simpling,
simplism,
simplisms,
simplist,
simplistic,ritualistic,futuristic,artistic,antagonistic,pugilistic,synergistic,ballistic,hedonistic,nationalistic,altruistic,impressionistic,voyeuristic,sensationalistic,uncharacteristic,fatalistic,characteristic,logistic,optimistic,antiballistic,paternalistic,polytheistic,imperialistic,idealistic,socialistic,militaristic,pluralistic,heuristic,linguistic,stylistic,sistek,pessimistic,primitivistic,holistic,humanistic,novelistic,patristic,mechanistic,naturalistic,jingoistic,deterministic,swistak,anachronistic,surrealistic,journalistic,realistic,mystic,euphemistic,chauvinistic,stalinistic,oligopolistic,monopolistic,propagandistic,coloristic,supercalifragilistic,capitalistic,feudalistic,hellenistic,mistic,puristic,terroristic,pantheistic,narcissistic,relativistic,christic,unrealistic,individualistic,expressionistic,sadistic,legalistic,materialistic,statistic,dualistic,atheistic,moralistic,opportunistic,autistic,cystic
simplistically,
symplocaceae,
symplocaceous,
symplocarpus,
symploce,simploce
symplocium,
symplocos,
simplon,
simplum,
sympode,
sympodia,
sympodial,
sympodially,
sympodium,
sympolity,
symposia,
symposiac,
symposiacal,
symposial,
symposiarch,
symposiast,
symposiastic,
symposion,
symposisia,
symposisiums,
symposium,
symposiums,
sympossia,
simps,
simpson,impson,sympson,timpson,stimpson
simpsonville,
simptico,
symptom,
symptomatic,acrobatic,asthmatic,pratique,klezmatic,mathematic,shattuck,asiatic,mattick,prismatic,climatic,operatic,adriatic,idiomatic,theocratic,psychosomatic,matic,enigmatic,dogmatic,diplomatic,sensormatic,aromatic,homeostatic,prostatic,static,ecstatic,epigrammatic,pragmatic,axiomatic,patak,asymptomatic,undiplomatic,emblematic,schematic,erratic,hanseatic,pancreatic,technocratic,problematic,phlegmatic,idiosyncratic,programmatic,electrostatic,austroasiatic,cinematic,vatic,aristocratic,pratic,aerobatic,traumatic,semiautomatic,dramatic,melodramatic,thematic,systematic,hippocratic,autocratic,diagrammatic,phatic,mattock,socratic,monochromatic,batak,informatic,enzymatic,fanatic,posttraumatic,automatic,hepatic,lymphatic,emphatic,hyperchromatic,democratic,phosphatic,telematic,bureaucratic,charismatic,numismatic,rheumatic,undemocratic,snattock,pneumatic,aquatic
symptomatical,
symptomatically,
symptomaticness,
symptomatics,
symptomatize,
symptomatography,
symptomatology,
symptomatologic,
symptomatological,
symptomatologically,
symptomatologies,
symptomical,
symptomize,
symptomless,
symptomology,
symptoms,
symptom's,
symptosis,
simpula,
simpulum,
simpulumla,
sympus,
sims,nigms,whims,mimbs,timms,shims,pseudonyms,gyms,tims,timbs,simms,wims,trims,limbs,mims,rims,syms,mimms,nims,swims,forelimbs,symms,hymns,gimmes,dims,symmes,slims,kims,prelims,limns
simsar,
simsboro,
simsbury,aerie,vary,ary,culinary,airy,itinerary,monetary,ferry,primary,lapidary,missionary,confectionery,fairy,stationary,canary,luminary,unnecessary,wary,apothecary,mary,tarry,imaginary,cautionary,parry,salutary,epistolary,strawberry,february,marry,arbitrary,pecuniary,proprietary,cherry,mercenary,huckleberry,sanitary,literary,tertiary,visionary,beneficiary,emissary,hairy,estuary,subsidiary,veterinary,carry,contemporary,fiduciary,necessary,sanctuary,blueberry,scary,seminary,mulberry,stationery,reactionary,solitary,capillary,hereditary,ordinary,obituary,unitary,bury,preliminary,sedentary,legendary,secretary,commentary,customary,barre,raspberry,dairy,monastery,dictionary,harry,nary,discretionary,gooseberry,pulmonary,revolutionary,extraordinary,tributary,corollary,berry,library,temporary,eyrie,adversary,ancillary,contrary,judiciary,prairie,confectionary,very,cemetery,merry,military,arie,secondary,vocabulary
simsim,
simson,timson,rimson,stimson
symsonia,
symtab,
symtomology,
simul,comal,kummel,rummell,hummel,brummell,huml,rummel,gimmal,pummill,fummel,brummel,hummell,thymol,pummel,stigmal,gimel,glumal,rumal,krummel,ummel
simula,primula
simulacra,
simulacral,
simulacrcra,
simulacre,
simulacrize,
simulacrum,
simulacrums,
simulance,
simulant,
simulants,
simular,
simulars,
simulate,deprecate,disseminate,precipitate,incorporate,desolate,subordinate,accommodate,contemplate,repudiate,predicate,initiate,elaborate,consummate,plate,freight,state,separate,graduate,facilitate,slate,vacillate,arrogate,coordinate,conflate,indicate,mitigate,postulate,ameliorate,cultivate,emulate,commiserate,stipulate,assimilate,collaborate,rate,create,extrapolate,weight,update,evaluate,articulate,associate,reiterate,compensate,innate,relate,estate,alternate,delineate,obviate,debate,designate,emanate,advocate,straight,manipulate,spate,dissipate,inculcate,anticipate,obfuscate,fate,gate,alleviate,denigrate,estimate,delegate,propagate,rait,procrastinate,abate,gait,collate,integrate,moderate,abdicate,adequate,wait,appreciate,surrogate,intimate,late,dedicate,trait,mandate,exacerbate,celebrate,appropriate,deliberate,elucidate,abrogate,great,resonate,profligate,corroborate,consolidate,demonstrate,date,communicate,mate
simulated,dilapidated,inebriated,outdated,isolated,bated,appreciated,educated,emanated,serrated,overrated,bifurcated,consolidated,opinionated,eviscerated,truncated,situated,exacerbated,delineated,abated,obligated,complicated,exonerated,slated,created,agitated,elated,anticipated,incarcerated,relegated,interrelated,decapitated,inundated,separated,stated,unmitigated,sophisticated,intimidated,automated,understated,intoxicated,predicated,nauseated,associated,liberated,mandated,motivated,dated,exaggerated,animated,stipulated,perforated,graduated,articulated,antiquated,alienated,intimated,unadulterated,initiated,aggregated,elevated,located,excoriated,dissipated,promulgated,fascinated,consecrated,deprecated,incapacitated,annotated,feted,belated,irritated,contaminated,incorporated,saturated,prorated,designated,exasperated,reiterated,unabated,cultivated,corrugated,encapsulated,mitigated,related,aggravated,integrated,allocated,frustrated,attenuated,substantiated,concentrated,precipitated,sated,infatuated,indicated,devastated,orientated,emaciated,affiliated
simulates,pates,repudiates,negates,permeates,fetes,exaggerates,allocates,radiates,plates,mitigates,obviates,fluctuates,gates,advocates,emirates,traits,subordinates,differentiates,updates,chordates,invertebrates,dictates,operates,straits,disseminates,awaits,predominates,teammates,vertebrates,illustrates,equates,associates,mates,predicates,ates,rates,corroborates,necessitates,appreciates,accommodates,intimidates,approximates,commemorates,resonates,perpetuates,infuriates,nates,delegates,facilitates,states,deviates,affiliates,postulates,fates,skates,weights,yeats,dissipates,eights,demonstrates,relates,creates,integrates,estimates,exacerbates,dates,grates,greats,estates,baits,bates,plaits,deteriorates,expatriates,accelerates,inmates,primates,classmates,waits,crates,cates,slates,anticipates,emulates,coordinates,indicates,separates,annotates,extrapolates,translates,coates,yates,delineates,graduates,evaporates,sates,hippocrates,mandates
simulating,intimidating,reciprocating,pulsating,accelerating,deprecating,escalating,irritating,vacillating,articulating,abrogating,plating,annihilating,mating,penetrating,fluctuating,oscillating,baiting,fascinating,grating,abating,percolating,rating,extenuating,captivating,gaiting,nauseating,suffocating,dominating,self-deprecating,abbreviating,emulating,frustrating,contemplating,discriminating,exasperating,excoriating,obviating,emanating,liberating,dating,intoxicating,facilitating,alternating,validating,devastating,ingratiating,waiting,debilitating,weighting,deteriorating,delineating,stating,infuriating,instigating,advocating,humiliating,denigrating,accommodating,communicating,radiating,berating,invigorating,pontificating,subordinating,exhilarating,initiating,eliminating,delegating,creating,activating,calculating,cultivating,indicating,excruciating,recuperating,awaiting,stimulating,implicating,titillating,rotating,accumulating,operating,salivating,alienating,culminating,coordinating,aggravating,relating,undulating,skating,illuminating,perpetuating,procrastinating,gating,mitigating,bating,permeating,incriminating,exacerbating,anticipating
simulation,conflagration,determination,creation,altercation,affirmation,precipitation,reputation,ramification,implementation,preparation,population,consternation,collocation,abomination,implication,vocation,station,deviation,innovation,relation,obligation,generation,gentrification,alliteration,reconciliation,transportation,corporation,proliferation,anticipation,transformation,citation,obfuscation,constellation,medication,situation,quotation,evaluation,organization,radiation,affiliation,pronunciation,litigation,dissertation,orientation,location,nation,presentation,civilization,education,adaptation,foundation,correlation,configuration,communication,inspiration,notation,aberration,operation,motivation,representation,administration,translation,trepidation,conservation,rehabilitation,information,designation,conversation,abbreviation,dedication,articulation,expectation,segregation,compensation,indignation,variation,approbation,appreciation,observation,connotation,remediation,application,reservation,accommodation,revelation,consideration,remuneration,salvation,interpretation,association,vacation,integration,collaboration,discrimination,inclination,sensation,manifestation,aspiration,meditation,cooperation
simulations,tribulations,sensations,corporations,lacerations,cations,reservations,vibrations,combinations,impatiens,deliberations,accusations,obligations,preparations,expectations,patients,calculations,medications,implications,hallucinations,affirmations,ramifications,recommendations,configurations,decorations,stations,associations,abbreviations,considerations,communications,gyrations,illustrations,classifications,permutations,fluctuations,animations,revelations,regulations,specifications,adaptations,qualifications,operations,denunciations,applications,negotiations,indications,appropriations,annotations,renovations,occupations,depredations,complications,reparations,generations,variations,accommodations,machinations,stipulations,explanations,telecommunications,limitations,ruminations,conversations,affiliations,constellations,altercations,manifestations,representations,foundations,publications,carnations,vacations,relations,citations,installations,situations,recriminations,locations,deviations,organizations,connotations,aberrations,informations,aspirations,appalachians,observations,allocations,alterations,creations,denominations,crustaceans,congratulations,ministrations,innovations,nations,allegations,immunizations,palpitations,celebrations
simulative,
simulatively,
simulator,traitor,percolator,dictator,ventilator,legislator,carburetor,skater,later,creator,agitator,insulator,pater,speculator,amphitheater,denominator,estimator,defibrillator,decatur,administrator,slater,accumulator,equator,rater,oscillator,mediator,manipulator,gator,coordinator,decorator,activator,detonator,amphitheatre,eighter,gladiator,instigator,stator,communicator,waiter,grater,translator,elevator,locator,radiator,aviator,litigator,mater,mercator,greater,investigator,imitator,calculator,exterminator,animator,integrator,escalator,demonstrator,incinerator,liquidator,fabricator,tater,incubator,alligator,navigator,regulator,facilitator,viator,terminator,collaborator,illuminator,hater,accelerator,innovator,gaiter,indicator,freighter,cater,crater,frater,educator,originator,alternator,moderator,refrigerator,perpetrator,applicator,generator,infiltrator,actuator,baiter,fetor,commentator,arbitrator,illustrator,procrastinator,operator,negotiator,curator,stater,excavator,respirator
simulatory,stimulatory
simulators,alligators,navigators,imitators,litigators,accumulators,refrigerators,elevators,regulators,defibrillators,exterminators,coordinators,paters,penetrators,waiters,irrigators,traitors,superfreighters,incubators,incinerators,slaters,demonstrators,operators,estimators,escalators,appropriators,freighters,facilitators,syndicators,respirators,insulators,craters,percolators,animators,perpetrators,consolidators,indicators,narrators,infiltrators,creators,translators,speculators,instigators,innovators,pontificaters,applicators,agitators,liquidators,decorators,administrators,natters,manipulators,equators,accelerators,procrastinators,platers,commentators,dictators,locators,originators,negotiators,gaiters,interrogators,stimulators,curators,legislators,amphitheaters,gladiators,renovators,fabricators,cogenerators,illustrators,allocators,radiators,skaters,carburetors,batres,maters,staters,detonators,excavators,investigators,actuators,educators,collaborators,mediators,impersonators,integrators,arbitrators,generators,debaters,caters,oscillators,haters,moderators,gators,calculators,raters
simulator's,
simulcast,polycast,classed,podcast,overcast,snast,sassed,cast,qualcast,telecast,kast,mast,bast,iconoclast,lambaste,superfast,glassed,ast,contrast,amassed,rast,assed,triplecast,plast,lightfast,outclassed,harassed,amcast,fast,asked,lymphoblast,past,steadfast,sandblast,broadcast,gast,holdfast,colorfast,enthusiast,everlast,caste,chloroplast,blast,pendergast,precast,unsurpassed,belfast,recast,grassed,mast-,blast-,vast,chast,rebroadcast,bypassed,typecast,forecast,brast,passed,downcast,ghast,miscast,flabbergast,aghast,last,nast,outcast,outlast,gassed,newscast,prendergast,clast,tillinghast,comcast,massed,hast,surpassed
simulcasting,
simulcasts,
simule,
simuler,
simuliid,
simuliidae,
simulioid,
simulium,
simulize,
simultaneity,
simultaneous,extraneous,percutaneous,lanius,sanious,spontaneous,miscellaneous,contemporaneous
simultaneously,contemporaneously,spontaneously,extraneously
simultaneousness,
simultaneousnesses,
simulty,
simurg,
simurgh,
sin,pigskin,levin,boleyn,digne,kin,vin,qian,tailspin,therein,chagrin,prynne,spin,begin,mandolin,adin,wynn,fin,herein,lynne,finn,bedouin,guinn,in,askin,kingpin,twin,chin,lynn,within,bin,guin,minh,gwin,thin,ligne,shin,redskin,yin,linne,dinh,wherein,sheepskin,emlyn,lin,berlin,syn,deerskin,min,alpin,solzhenitsyn,rhin,akin,gwynne,lyn,bryn,gwynn,jin,gyn,foreskin,when,brin,ginn,linchpin,gwyn,underpin,din,schwinn,ervin,quin,pin,linn,puffin,djinn,has-been,violin,quinn,sinn,astin,skin,win,gin,been,erwin,flynn,inn,blinn,tin,buckskin,allin,zinn,grin,qin
syn,pigskin,levin,boleyn,digne,kin,vin,qian,tailspin,therein,chagrin,prynne,spin,begin,mandolin,adin,wynn,fin,herein,lynne,finn,bedouin,guinn,in,askin,kingpin,twin,chin,lynn,within,bin,guin,minh,gwin,thin,ligne,shin,redskin,yin,linne,dinh,wherein,sheepskin,emlyn,lin,berlin,deerskin,min,solzhenitsyn,rhin,akin,gwynne,lyn,bryn,gwynn,jin,gyn,foreskin,when,brin,ginn,linchpin,gwyn,underpin,din,schwinn,ervin,quin,pin,linn,puffin,djinn,has-been,violin,quinn,sinn,astin,skin,win,gin,been,erwin,flynn,inn,blinn,tin,buckskin,allin,sin,zinn,grin,qin
syn-,
sina,
sin-absolved,
sin-absolving,
synacme,
synacmy,
synacmic,
synactic,
synadelphite,
sinae,
sinaean,
synaeresis,
synaesthesia,kinaesthesia
synaesthesis,
synaesthetic,anaesthetic
sin-afflicting,
synagog,
synagogal,
synagogian,
synagogical,anagogical
synagogism,
synagogist,
synagogs,
synagogue,haag,trogue,backlog,bog,sprog,fog,glogg,waterlog,jog,pog,zogg,groundhog,agog,tagalog,tague,waag,splog,ogg,og,dog,sandhog,eggnog,analog,clague,demagogue,brogue,prague,pirog,monologue,flog,rog,fogg,acog,blog,underdog,scrog,krog,frog,log,epilogue,haug,grogg,hogg,gundog,grog,plog,bulldog,watchdog,lapdog,gulag,leapfrog,togue,hotdog,zaugg,smog,hog,clog,bullfrog,slog,prolog,dialogue,cog,catalogue,hertzog,analogue,travelogue,hedgehog
synagogues,demagogues,monologues,pogs,bulldogs,logs,watchdogs,flogs,eggnogs,brogues,bogs,dialogues,frogs,togs,snogs,hoggs,drogues,hogs,blogs,hedgehogs,fogs,clogs,jogs,hotdogs,dogs,sandhogs,scroggs,slogs,underdogs,smogs,bullfrogs,boggs,catalogues,backlogs
sinai,clarify,apply,ally,defy,my,lie,sigh,y,nearby,mortify,supply,exemplify,vilify,underlie,ossify,by,dye,goodbye,rectify,rye,bely,testify,identify,try,alumni,psi,butterfly,justify,pie,edify,dry,rely,alibi,cry,bye,quantify,fry,ply,chi,die,sky,specify,occupy,guy,standby,stultify,ratify,fly,spy,thereby,eye,nye,awry,magpie,decry,modify,why,nigh,wry,whereby,satisfy,vi,codify,nullify,signify,pry,aye,spry,lye,bi,ai,pi,certify,amplify,gadfly,tai,verify,bae,buy,lanai,high,hi,i,mollify,comply,sty,notify,reply,deny,indemnify,ly,sly,qualify,classify,tie,shy,hereby,imply,belie,vie
sinaic,
sinaite,
sinaitic,
sinal,polyvinyl,clinal,vineal,final,steinle,vinyl,vinal,rhinal,spinal,semifinal,vaginal,crinal,heinl,weinel,heinle,trinal
sinalbin,
synalepha,
synalephe,
synalgia,
synalgic,
synallactic,
synallagmatic,anallagmatic
synallaxine,
sinaloa,
synaloepha,
synaloephe,
sinamay,
sinamin,
sinamine,
sinan,tsinan,leinen,heinen,tynan,jinan,chinan,meinen
synanastomosis,
synange,
synangia,
synangial,
synangic,
synangium,gonangium,canangium
synanon,
synanons,
synanthema,
synantherology,
synantherological,
synantherologist,
synantherous,gynantherous,anantherous
synanthesis,
synanthetic,
synanthy,
synanthic,
synanthous,monanthous,linanthus,ananthous
sinanthropus,
synanthrose,
sinapate,
synaphe,
synaphea,
synapheia,
sinapic,
sinapin,
sinapine,
sinapinic,
sinapis,
sinapisine,
sinapism,
sinapisms,
sinapize,
sinapoline,
synaposematic,
synapse,
synapsed,
synapses,
synapse's,
synapsid,anapsid
synapsida,anapsida
synapsidan,
synapsing,
synapsis,
synaptai,
synaptase,
synapte,
synaptera,
synapterous,
synaptic,
synaptical,
synaptically,
synaptychus,
synapticula,
synapticulae,
synapticular,
synapticulate,
synapticulum,
synaptid,
synaptosauria,
synaptosomal,
synaptosome,
synarchy,gynarchy
synarchical,
sinarchism,
synarchism,
sinarchist,
synarmogoid,
synarmogoidea,
sinarquism,
synarquism,
sinarquist,
sinarquista,
sinarquistas,
synarses,
synartesis,
synartete,
synartetic,
synarthrodia,
synarthrodial,
synarthrodially,
synarthroses,
synarthrosis,
sinas,
synascidiae,
synascidian,
synastry,
sinatra,malhotra,sumatra,nicotra,gotra
sinawa,
synaxar,
synaxary,
synaxaria,
synaxaries,
synaxarion,
synaxarist,
synaxarium,
synaxaxaria,
synaxes,
synaxis,
sinbad,pad,halmstad,fad,ladd,ciudad,ladde,ad,doodad,lad,trinidad,sociedad,caridad,shabad,stalingrad,soledad,glad,nad,nomad,visegrad,gad,schad,grad,gadd,hadd,mossad,flad,rad,had,mirad,dradde,riyad,clad,shad,tad,mad,ydrad,sad,amstrad,brad,triad,bad,ironclad,dad,plaid,scad,galahad,cad,amistad,tchad,comrade,unctad,shadd,undergrad,tadd,riyadh,thad,keypad,vlad,chad,hyderabad,leningrad,ecad,volgograd,strad,forbad,madd,thinkpad,add,olympiad,grandad,dyad,kaliningrad
sin-black,
sin-born,
sin-bred,
sin-burdened,
sin-burthened,
sync,think,airlink,softdrink,klinck,stink,zink,finke,lynk,bink,drink,minc,zinck,rethink,chink,pink,chinche,finck,clink,linke,dink,flink,minke,wink,interlink,precinct,zinke,klink,zinc,linc,cinq,shrink,blink,brink,cinque,smink,klinke,link,spink,mink,hink,pinche,rinke,hinck,plink,rinck,frink,swink,hoodwink,fink,doublethink,rink,scink,vink,ink,inc,sink
sincaline,
sincamas,
syncarida,
syncaryon,
syncarp,
syncarpy,
syncarpia,
syncarpies,
syncarpium,
syncarpous,
syncarps,
syncategorem,
syncategorematic,
syncategorematical,
syncategorematically,
syncategoreme,
since,convince,rinse,chinse,pince,evince,quince,prince,mince,wince,vince,ince,linse,port-au-prince,lince,pinsk,dinse
synced,kunst,rinsed,dunst,gunst
syncellus,
syncephalic,
syncephalus,
sincere,tear,chevalier,fier,premier,mountaineer,jeer,fleer,near,veneer,bere,beer,severe,cohere,brigadier,sere,dear,insincere,amir,reappear,stere,belvedere,bombardier,brere,frontier,disappear,sear,cheer,profiteer,souvenir,sheer,deer,steer,spear,frere,unclear,financier,revere,gere,yesteryear,queer,mir,hemisphere,stratosphere,cashier,speer,gear,pioneer,auctioneer,reindeer,rainier,mere,vere,persevere,engineer,fear,atmosphere,pier,volunteer,greer,midyear,emir,marketeer,rear,interfere,chandelier,smear,deere,spere,meir,adhere,bandolier,commandeer,teer,appear,mear,austere,domineer,sphere,career,shere,zaire,headgear,biosphere,peer,kir,neer,racketeer,cavalier,lear,veer,wier,clear,sneer,stear,shear,kier,year,premiere
syncerebral,
syncerebrum,
sincerely,nearly,severely,yearly,bierly,austerely,clearly,bierley,myrlie,dearly,merely,cavalierly
sincereness,
sincerer,
sincerest,
sincerity,unpopularity,garrity,solidarity,insularity,popularity,irregularity,dexterity,celerity,rarity,similarity,polarity,temerity,clarity,severity,barbarity,charity,gerrity,prosperity,asperity,peculiarity,unfamiliarity,verity,hilarity,regularity,geraghty,varity,disparity,austerity,posterity,vulgarity,parity,ferrety,familiarity,gerety
sincerities,
sync-generator,
synch,goldfinch,clinch,grinch,pinch,tinch,sinch,finch,inch,hinch,cinch,mcninch,kinch,chinch,linch,lynch,winch,bulfinch,minch,flinch
sin-chastising,
synched,
synching,punching,munching,cinching,winching,crunching,scrunching,lunching,bunching,hunching
synchysis,
synchitic,
synchytriaceae,
,
