squirrely,
squirrelian,
squirreline,
squirreling,
squirrelish,
squirrelled,squirreled
squirrelly,monetarily,involuntarily
squirrellike,
squirrel-limbed,
squirrelling,
squirrel-minded,
squirrelproof,
squirrels,referrals,deferrals
squirrel's-ear,
squirrelsstagnate,
squirreltail,
squirrel-tail,
squirrel-trimmed,
squirt,gumpert,thibert,introvert,bert,mcgirt,peart,mcguirt,skirt,invert,outskirt,evert,hirt,disconcert,chert,nightshirt,avert,humpert,convert,burt,undershirt,boisvert,dirt,girt,hurt,dilbert,erte,subvert,burtt,hert,lampert,purt,wirt,flirt,insert,divert,alert,mcwhirt,inert,shirt,hurtt,extrovert,pert,revert,kuhrt,miniskirt,assert,kurt,reassert,berte,pervert,gert,curt,unhurt,schwerdt,vert,vanwert,desert,birt,quirt,overt,blurt,dessert,concert,spurt,herdt,kirt,turret,sweatshirt,exert,wert
squirted,exerted,concerted,alerted,blurted,reasserted,deserted,diverted,perverted,asserted,extroverted,converted,reverted,subverted,skirted,averted,inverted,unconverted,spurted,flirted,introverted,shirted,inserted
squirter,flirter,curter,huerter,herter,mcwherter,mcwhirter,converter,perter,hurter
squirters,
squirt-fire,
squirty,
squirtiness,
squirting,diverting,subverting,alerting,averting,hurting,asserting,reverting,spurting,herting,inserting,flirting,shirting,blurting,skirting,reasserting,perverting,disconcerting,converting,exerting
squirtingly,
squirtish,
squirts,concerts,worts,blurts,gertz,averts,kertz,bertz,ertz,wurtz,hertz,outskirts,alerts,burts,geurts,mirtz,perverts,shirts,kirts,curts,sturtz,desserts,reasserts,converts,inserts,flirts,subverts,spurts,schmertz,werts,hurts,cherts,wertz,undershirts,asserts,mertz,shurtz,wirtz,nightshirts,schertz,sweatshirts,exerts,deserts,virts,skirts,diverts,vertz,gurtz,hirtz,miniskirts,reverts,kurtz,gerdts
squish,nusz,dush,pusch,gush,blush,rusch,kusch,frush,slush,rush,hush,flush,qurush,dusch,smush,sagebrush,mush,thrush,cush,rusche,grush,shush,musch,lush,plush,crush,busche,underbrush,brush,lusch,paintbrush
squished,blushed,hushed,crushed,brushed,mushed,rushed,flushed,slushed,gushed,shushed
squishes,
squishy,rishi,wishy,ishee,ishi,dishy,fishy
squishier,
squishiest,
squishiness,
squishing,rushing,onrushing,blushing,swishing,slushing,brushing,shushing,mushing,hushing,gushing,crushing,flushing
squish-squash,
squiss,
squit,
squitch,
squitchy,
squitter,
squiz,luz,abuzz,does,outdoes,smbus,thess,fuzz,gres-gris,showbuzz,overdoes,schwyz,twas,scuzz,buzz,buzze,because
squoosh,whoosh,swoosh,smoosh,touche,dush,larouche,woosh,carmouche,douche,ruesch,foosh,lellouche
squooshed,
squooshes,
squooshy,
squooshing,
squoze,
squshy,
squshier,
squshiest,
squush,
squushed,
squushes,
squushy,
squushing,
sr,msgr,senior,monsignor
sr.,
sra,
sra.,
srac,
sraddha,
sraddhas,
sradha,
sradhas,
sram,cunningham,priam,potsdam,goddam,monogram,hamm,slam,am,milligram,ham,ram,coram,electrocardiogram,madame,alam,pam,histogram,scam,stam,goddamn,graeme,damme,wham,graham,fram,lam,abraham,damm,cam,durham,diaphragm,tham,dagenham,sonogram,centigram,yam,cram,flam,lamb,hologram,cablegram,nottingham,anagram,mammogram,flambe,oxfam,beckham,scram,polygram,dram,buckingham,rotterdam,engram,microgram,nam,dithyramb,flimflam,bram,tram,amsterdam,logjam,abram,stram,wolfram,swam,birmingham,kam,siam,sam,jam,gram,jamb,telegram,cham,dam,bam,diagram,plam,kilogram,tam,tottenham,logogram,sdram,program,exam,gramme,programme,spam,sham,damn,clam,mme,epigram
sramana,
sravaka,
srb,
srbija,
srbm,
src,
srcn,
srd,
sri,fee,key,lee,apogee,kabuki,bee,flea,foresee,plea,turnkey,degree,spree,precis,see,glee,ye,b,z,snee,partee,decree,ne,p,payee,d,cc,ghee,debris,be,tree,thee,guarantee,wee,idiosyncrasy,pea,hawaii,xi,esprit,qi,actuary,pee,potpourri,referee,trustee,mi,syncope,gee,sunday,di,marquee,tee,marquis,lessee,ree,guaranty,dee,reality,nee,asap,scree,carefree,flee,tea,hee,sea,agree,jubilee,quay,oversee,three,yee,bourgeoisie,indri,repartee,machete,he,pony,hyperbole,we,t,cree,free,v,calliope,g,ac,emcee,knee,she,tv,ski,si,banshee,e,me,lea,nestle,de,pre,c
sridhar,
sridharan,
srikanth,
srinagar,amar,r,cinnabar,lumbar,mar,lar,caviar,haar,avatar,starr,zanzibar,star,rebar,bizarre,barre,tsar,motorcar,bar,gar,czar,tar,streetcar,car,seminar,par,boyar,cigar,alcazar,marr,azar,feldspar,disbar,guitar,subpar,ar,bazaar,voir,handlebar,csar,jaguar,saar,navarre,millibar,jar,bazar,crowbar,superstar,lodestar,far,boxcar,mylar,scar,char,alar,foobar,commissar,myanmar,ajar,sitar,magyar,repertoire,revoir,registrar,carr,radar,lamar,barr,renoir,sar,dakar,akbar,are,sandbar,adar,spar,parr,qatar,reservoir,dar,nascar,sidebar,har,railcar,babar,aargh,dinar,thar,afar,mawr,hectare,memoir,amritsar
srini,
srinivas,floss,albatross,pangloss,bras,foss,bos,gloss,mos,crosse,mohs,tomas,boss,tawse,voss,cos,alsace,recross,dos,gosse,joss,haas,rosse,schloss,vos,bloss,koss,across,hawse,emboss,sloss,semigloss,kloss,loss,grosse,doss,pos,hamas,ross,lacrosse,applesauce,knosp,criss-cross,cross-,krause,caguas,closs,sauce,toss,hoss,abbas,fosse,las,stoss,os,oss,poss,bosse,dross,helios,moss,goss,coss,soss,clos,noss,crisscross,ros,hahs,hausse,kos,blas,kaas,bosque,cross
srinivasa,
srinivasan,hogan,spawn,oregon,don,han,phenomenon,oman,coupon,non,carillon,prawn,polygon,pion,rapprochement,neutron,proton,automaton,withdrawn,capon,foregone,argon,on,epsilon,khan,yawn,octagon,salon,pylon,denouement,amadon,hexagon,forgone,bon,swan,gabon,marathon,woebegone,drawn,boron,parmesan,yon,lexicon,braun,celadon,aileron,micron,tron,sean,pentagon,photon,babylon,crayon,pawn,meson,liaison,emoticon,gone,antiphon,hon,pantheon,moron,avalon,ron,bygone,oberon,juan,con,radon,agamemnon,amazon,exon,fawn,wan,echelon,dawn,mastodon,lawn,yuan,quan,chiffon,john,paragon,baton,nylon,axon,pecan,upon,aragon,brawn,iran,flawn
sriram,shalm,salm,qualcomm,aplomb,balm,som,prom,halm,scomm,bomb,nom,panmunjom,raum,yom,clomb,embalm,palme,tom,hom,pomme,com,becalm,bohme,psalm,blom,bohm,chrom,flom,plomb,islam,cocom,thromb,qom,palm,homme,dom,squam,firebomb,cdrom,glomb,bom,sitcom,traum,thom,lomb,qualm,grom,pom,quam,salaam,shawm,rom,mam,pogrom,mom,daum,stromb,glaum,bombe,intercom,calm,strom,somme,vietnam,rhomb,brom,fromm,saddam,salam,malm,praam,surinam,guam,caricom,baum
sris,
srivatsan,
srm,
srn,
sro,
srp,
srs,
srta,
srta.,
srts,
sruti,
ss,
s's,
ss.,
ss-10,
ss-11,
ss-9,
ssa,
ssap,
ssas,
ssb,
ssbam,
ssc,
sscd,
sscp,
s-scroll,
ssd,
ssdu,
sse,
ssed,
ssel,
ssf,
ssff,
ssg,
s-shaped,
ssi,
ssing,
ssm,
ssme,
ssn,
sso,
ssort,
ssp,
sspc,
sspf,
sspru,
ssps,
ssr,
ssrms,
sss,
sst,
s-state,
ssto,
sstor,
ssttss,
sstv,
ssu,
ssw,
st,street,creat,teet,pleat,treat,tweet,suite,buckwheat,obsolete,athlete,backseat,feat,mistreat,feet,overheat,parakeet,deadbeat,deplete,sleet,excrete,peet,grete,worksheet,downbeat,heartbeat,gleet,neat,cleat,crabmeat,meet,piet,overeat,gamete,amit,retreat,poteat,elite,browbeat,eat,conceit,seat,crete,mesquite,effete,replete,greet,upbeat,discreet,defeat,compete,delete,drumbeat,fleet,secrete,marguerite,pete,speet,spreadsheet,concrete,cheat,repeat,unseat,deet,beet,mincemeat,leet,meat,creaght,mete,complete,petite,flete,noncompete,deceit,receipt,discrete,heat,offbeat,sheet,skeet,incomplete,neet,indiscreet,bittersweet,peat,bleat,wheat,sweet,beat,teat
st.,
sta,rugh,minolta,kiawah,a,klugh,valenta,inkatha,pooh-bah,le,claddagh,shema,hezbollah,krugh,encata,lagroceria,siddhartha,uhh,syncopal,huh,duh,maradonna,uh,the,maharashtra,botha,depardieu,dah,kumbaya,suh,brugh,ca,encarta,hezbullah,vojta,ruh,maharaja,uh-huh,huerta,maradona,kabbah,zlata
staab,haub,taube,schwabe,miserables,schaub,squab,robb,robbe,daub,knobbe,staub,bob,cob,traub,lob,thingamabob,grob,haab,lobb,laube,knaub,raab,glaab,heartthrob,mcjob,schwab,swab,baab,blob,aube,schaab,job,throb,glob,stobbe,glaub,knob,wobbe,slob,cobb,laub,dob,shaub,dobb,naab,gob,krob,snob,saab,hob,sob,rob,nobbe,bobb,prob,punjab,fob,gaub,corncob,raabe,hobnob,mob,raub,daube
staal,stall,blackball,squall,protocol,senegal,dol,recall,cortisol,oddball,cabal,aerosol,moll,saul,raul,crawl,ball,neanderthal,natal,pall,pratfall,catcall,overall,trawl,drawl,tal,banal,call,football,install,rainfall,forestall,ethanol,waterfall,loll,softball,retinol,hall,butterball,nightfall,pol,pitfall,handball,snowball,maul,haul,shawl,brawl,eyeball,gaul,downfall,bol,fall,sprawl,shortfall,small,tall,atoll,caul,fastball,catchall,hardball,befall,windfall,sol,meatball,drywall,luminol,cholesterol,wherewithal,scrawl,bawl,appall,volleyball,enthral,alcohol,freefall,thrall,spall,baseball,stonewall,paul,coll,cannonball,fireball,dahl,doll,nepal,overhaul,landfall,footfall,all,basketball,screwball,gall,mall,wall,mothball,dall
staatsburg,
staatsozialismus,
staatsraad,
staatsrat,
stab,gab,bab,rhabdom,nabb,glab,rab,nab,prefab,ahab,golab,dab,sabb,crabb,mab,prab,slab,cab,knabb,lab,grabbe,tabb,babb,ecolab,scab,jab,rabb,fermilab,krabbe,labbe,knab,mcnab,mcnabb,tab,macnab,minilab,genelab,ab,crab,grab,colab,taxicab,abdom,punjab,goodtab,drab,flab,fab,crabbe,kuttab,eyelab
stabbed,gabbed,scabbed,dabbed,drabbed,cabbed,tabbed,jabbed,slabbed,crabbed,blabbed,nabbed,grabbed,shabbed
stabber,blabber,drabber,caber,grabber,slabber,craber,gabber,crabber,jabber,dabber
stabbers,blabbers,grabbers,cabers,jabbers
stabbing,dabbing,blabbing,crabbing,grabbing,scabbing,gabbing,jabbing,drabbing,tabbing,cabbing,slabbing,nabbing
stabbingly,
stabbingness,
stabilate,
stabile,laible,schaible,sable,able,gable,enable,timetable,mable,relabel,disable,kable,roundtable,abell,flabile,fable,waybill,abel,label,unstable,grable,waibel,raible,frable,mabel,chaebol,turntable,rabal,playbill,habile,table,graybeal,unable,crable,zabel,sabal,mislabel,cable,stable,hable
stabiles,
stabilify,
stabiliment,
stabilimeter,
stabilisation,
stabilise,cabalize
stabilised,
stabiliser,
stabilising,
stabilist,
stabilitate,nobilitate,habilitate
stability,nobility,capability,unavailability,comparability,credibility,acceptability,volatility,dependability,profitability,comprehensibility,sustainability,irresponsibility,possibility,infertility,deniability,plausibility,docility,invulnerability,debility,senility,inflexibility,versatility,probability,utility,visibility,susceptibility,respectability,disability,motility,ductility,tranquility,hostility,futility,availability,fragility,incompatibility,palatability,viability,feasibility,durability,invincibility,invisibility,fertility,applicability,incivility,sensibility,desirability,affordability,reliability,miscibility,survivability,vulnerability,legibility,agility,suitability,transferability,amiability,accessibility,civility,collectibility,flammability,immobility,gullibility,advisability,culpability,infallibility,unpredictability,admissibility,enforceability,compatibility,believability,variability,readability,virility,predictability,responsibility,mobility,irritability,gentility,ability,marketability,adaptability,humility,impossibility,maneuverability,permeability,fallibility,sterility,inevitability,instability,facility,portability,inaccessibility,malleability,liability,flexibility,eligibility,inability
stabilities,debilities
stability's,
stabilivolt,
stabilization,civilization,rehabilitation,abomination,connotation,remuneration,communication,correlation,variation,adaptation,implementation,citation,consternation,affiliation,affirmation,conversation,association,compensation,organization,motivation,conflagration,inspiration,configuration,revelation,determination,evaluation,indignation,innovation,reputation,transformation,precipitation,litigation,salvation,translation,administration,cooperation,vocation,discrimination,presentation,deviation,obfuscation,collaboration,aberration,nation,integration,gentrification,abbreviation,aspiration,application,preparation,vacation,remediation,approbation,altercation,orientation,conservation,alliteration,dissertation,designation,medication,meditation,situation,expectation,transportation,corporation,appreciation,observation,representation,reconciliation,anticipation,implication,population,consideration,notation,station,education,creation,constellation,ramification,foundation,segregation,collocation,obligation,inclination,proliferation,information,generation,articulation,interpretation,sensation,radiation,location,accommodation,dedication,quotation,manifestation,operation,relation,trepidation,pronunciation,reservation
stabilizator,
stabilize,synthesize,summarize,prise,guise,jeopardize,characterize,advise,wise,disguise,merchandise,aggrandize,sympathize,compromise,maximize,enterprise,galvanize,organize,recognize,metastasize,flies,sunrise,familiarize,pulverize,patronize,materialize,marginalize,despise,stigmatize,paralyze,guys,lionize,prioritize,ties,supervise,hypothesize,memorize,epitomize,utilize,advertise,revise,chastise,prize,disenfranchise,mobilize,crystallize,realize,improvise,capsize,socialize,catalyze,baptize,lies,optimize,harmonize,devise,comprise,rationalize,emprise,energize,fries,mize,revitalize,analyze,demise,polarize,ostracize,surprise,surmise,scrutinize,subsidize,criticize,size,proselytize,supplies,capitalize,authorize,antagonize,apologize,franchise,plagiarize,amortize,belies,visualize,eyes,likewise,tantalize,empathize,emphasize,arise,otherwise,allies,synchronize,reprise,mesmerize,customize,apprise,minimize,rise,finalize,exercise
stabilized,canonized,capitalized,apprised,devised,subsidized,compromised,improvised,outsized,galvanized,generalized,polarized,metastasized,underutilized,incised,ostracized,utilized,disenfranchised,epitomized,organized,normalized,advised,energized,amortized,crystallized,recognized,motorized,advertised,computerized,fossilized,patronized,synthesized,desensitized,agonized,homogenized,excised,publicized,globalized,mesmerized,authorized,oversized,annualized,realized,penalized,unauthorized,finalized,sized,hypnotized,naturalized,centralized,personalized,circumcised,familiarized,synchronized,characterized,demoralized,pressurized,traumatized,prised,exercised,surmised,balkanized,urbanized,disorganized,antagonized,specialized,baptized,emphasized,stigmatized,decentralized,itemized,disguised,stylized,mechanized,customized,localized,unrecognized,despised,prized,jeopardized,apologized,revised,scrutinized,analyzed,pasteurized,idealized,undisguised,comprised,paralyzed,surprised,harmonized,unorganized,caramelized,civilized,capsized,marginalized,categorized,criticized,formalized,chastised,standardized
stabilizer,organizer,oxidizer,anheuser,sizer,polarizer,kyzer,rizer,mizer,appetizer,hiser,advisor,agrivisor,prizer,kiser,exerciser,energizer,colonizer,schweizer,atomizer,guiser,iser,fizer,itemizer,wiser,popularizer,pizer,kaiser,hizer,keizer,heizer,moisturizer,dekeyser,divisor,sympathizer,ionizer,tranquilizer,sizar,sterilizer,supervisor,biser,visor,merchandiser,geyser,kizer,fiser,synthesizer,hulsizer,fertilizer,cafetizer,keyser,analyzer,miser,equalizer,riser,adviser,compromiser,franchiser,incisor,womanizer,nebulizer,priser,plasticizer,advertiser,speiser,mobilizer,pfizer
stabilizers,appetizers,incisors,sterilizers,organizers,itemizers,risers,synthesizers,franchisers,analyzers,advisers,sympathizers,colonizers,fertilizers,advertisers,exercisers,supervisors,advisors,sizers,visors,merchandisers,geysers,mobilizers,ionizers,misers,kaisers,tranquilizers
stabilizes,democratizes,immunizes,exercises,enterprises,fertilizes,organizes,symbolizes,idealizes,polarizes,surprises,fantasizes,categorizes,phizes,neutralizes,maximizes,prises,revises,apologizes,surmises,crystallizes,mischaracterizes,minimizes,paralyzes,prizes,alphabetizes,formalizes,liberalizes,galvanizes,ironizes,overemphasizes,compromises,epitomizes,humanizes,guises,demobilizes,improvises,comprises,criticizes,customizes,realizes,departmentalizes,recognizes,sensationalizes,pressurizes,supervises,itemizes,scrutinizes,memorizes,devises,agonizes,demilitarizes,utilizes,dramatizes,rises,excises,authorizes,dieses,characterizes,specializes,downsizes,idolizes,normalizes,prioritizes,franchises,economizes,enfranchises,jeopardizes,harmonizes,chastises,hellenizes,advises,capitalizes,disguises,brutalizes,summarizes,wises,subsidizes,arises,sizes,mises,synchronizes,energizes,hypnotizes,marginalizes,analyzes,materializes,equalizes,despises,monopolizes,lyses,sympathizes,legitimizes,tantalizes,rhapsodizes,emphasizes,depressurizes,polymerizes,satirizes,terrorizes,advertises
stabilizing,sanitizing,destabilizing,amortizing,devising,appetizing,customizing,demonizing,exercising,editorializing,normalizing,maximizing,proselytizing,recognizing,realizing,revising,enterprising,memorizing,generalizing,fraternizing,standardizing,modernizing,advertising,alphabetizing,fantasizing,scrutinizing,specializing,rising,ionizing,antagonizing,apologizing,polarizing,emphasizing,authorizing,neutralizing,unsurprising,downsizing,self-aggrandizing,arising,improvising,prizing,mobilizing,dehumanizing,summarizing,tantalizing,chastising,oxidizing,verbalizing,comprising,advising,democratizing,paralyzing,criticizing,organizing,prioritizing,theorizing,galvanizing,sizing,immunizing,wising,lysing,stigmatizing,disguising,publicizing,socializing,revitalizing,finalizing,womanizing,analyzing,jeopardizing,tranquilizing,supervising,crystallizing,subsidizing,synthesizing,uprising,merchandising,centralizing,harmonizing,surprising,temporizing,minimizing,visualizing,rationalizing,immobilizing,synchronizing,digitizing,monopolizing,aggrandizing,energizing,characterizing,satirizing,demoralizing,moralizing,utilizing,patronizing,despising,capitalizing,unappetizing,compromising,mesmerizing
stable,laible,schaible,sable,able,gable,enable,timetable,mable,relabel,disable,kable,roundtable,abell,flabile,fable,waybill,abel,label,unstable,grable,waibel,raible,frable,mabel,chaebol,turntable,stabile,rabal,playbill,habile,table,graybeal,unable,crable,zabel,sabal,mislabel,cable,hable
stableboy,
stable-born,
stabled,labeled,fabled,abled,gabled,tabled,enabled,cabled,mislabeled,unlabeled,disabled,labelled
stableful,
stablekeeper,
stablelike,
stableman,
stablemate,tablemate
stablemeal,
stablemen,
stableness,ableness
stabler,abler,labeller,kabler,labeler,enabler,babler,cabler,tabler,gabler,fabler
stablers,
stables,cables,mislabels,ables,gables,fables,sables,disables,turntables,abels,playbills,waybills,timetables,tables,enables,labels
stablest,ableist
stablestand,
stable-stand,
stableward,
stablewards,
stably,indisputably,drably,stabley,scrabbly,immeasurably,mabley,interminably
stabling,drabbling,cabbling,scrabbling,dabbling,grabbling,brabbling,cabling,babbling
stablings,
stablish,
stablished,
stablishes,
stablishing,
stablishment,
staboy,
stabproof,
stabreim,
stabroek,
stabs,crabbs,tellabs,labs,cabs,minilabs,babbs,abbs,grabs,blabs,slabs,genelabs,dabbs,drabs,babs,habs,taxicabs,crabs,jabs,tabs,scabs,prefabs
stabulate,
stabulation,pabulation
stabwort,
stacc,
stacc.,
staccado,
staccati,
staccato,joe,portfolio,radio,snow,shadow,gusto,no,fallow,tempo,pro,buffalo,studio,crow,mow,hydro,escrow,ho,glo,winnow,lo,meadow,o,coco,apropos,virago,borrow,know,hoe,although,grow,sew,co,otto,forego,bowe,throw,flow,portico,below,micro,hello,torpedo,go,manifesto,forgo,ratio,audio,photo,veto,tableau,calypso,willow,row,bestow,plough,tomorrow,quo,adagio,beau,foe,aficionado,plateau,overthrow,espresso,potato,blow,tomato,show,toe,slow,woe,aglow,vertigo,patio,doe,rhino,glow,tornado,so,bio,torso,rococo,owe,undergo,low,tow,mo,grotto,archipelago,whoa,roe,dough,rainbow,though,yoe,cameo,indigo,dado
staccatos,
stace,
stacee,
stacey,cracy,tacy,bracey,tracy,lacey,basey,traci,stacy,lacie,spacy,racy,lacy,gracey,bracy,tacey,dacey,acey,tracey,facey,spacey,casey,a-sea,stacie,macey,treacy,facie,gracy,bassy,dacy,basi,gracie,tracie,pacey,macy,aceae,racey,daisey,caissie,gacy,alessi,casie
stacher,
stachering,
stachydrin,
stachydrine,
stachyose,
stachys,detaches,matches,scratches,dispatches,machos,scatches,baches,catches,thatches,patches,snatches,laches,hatches,attaches,latches,batches,mismatches,achaz
stachytarpheta,
stachyuraceae,
stachyuraceous,
stachyurus,
staci,
stacy,cracy,tacy,bracey,tracy,lacey,basey,traci,lacie,spacy,racy,lacy,gracey,bracy,tacey,dacey,stacey,acey,tracey,facey,spacey,casey,a-sea,stacie,macey,treacy,facie,gracy,bassy,dacy,basi,gracie,tracie,pacey,macy,aceae,racey,daisey,caissie,gacy,alessi,casie
stacia,quacha,gotcha,scaccia,kwacha,wacha,caccia,eustacia,dacha,atocha,gracia
stacie,cracy,tacy,bracey,tracy,lacey,basey,traci,stacy,lacie,spacy,racy,lacy,gracey,bracy,tacey,dacey,stacey,acey,tracey,facey,spacey,casey,a-sea,macey,treacy,facie,gracy,bassy,dacy,basi,gracie,tracie,pacey,macy,aceae,racey,daisey,caissie,gacy,alessi,casie
stacyville,
stack,zodiac,clack,slack,cutback,wrack,greenback,back,cardiac,hijack,sac,anorak,ransack,quack,blackjack,mack,whack,shack,dak,racetrack,fallback,attack,chirac,paque,tac,humpback,bushwhack,insomniac,hack,almanac,soundtrack,hatchback,amnesiac,throwback,eniac,backpack,yak,kodak,drawback,backtrack,comeback,pontiac,unpack,tack,sack,flack,fac,pac,claque,track,pak,rollback,setback,megalomaniac,brack,rack,counterattack,skipjack,rucksack,plaque,kickback,snack,cognac,feedback,plack,knack,tarmac,flapjack,lack,nymphomaniac,flak,sidetrack,jack,maniac,black,aback,smack,lumberjack,lac,payback,wack,knickknack,razorback,thwack,crack,frack,pack,piggyback,quarterback,wisecrack,knapsack,yack,mac,flashback,lilac,cadillac,ack,outback,jacques
stackable,trackable,placable,hackable,implacable,sackable
stackage,trackage,repackage,sackage,package,prepackage
stacked,backtracked,reenact,counteract,inexact,piggybacked,unpacked,intact,diffract,fract,distract,yacked,maced,whacked,hacked,snacked,ransacked,extract,react,clacked,redact,backed,tact,jacked,interact,stacte,overreact,fact,carjacked,smacked,sacked,lacked,racked,subtract,bushwhacked,schacht,exact,tract,quacked,detract,hijacked,tacked,yakked,shacked,protract,contract,attract,impact,transact,slacked,wracked,pact,bract,compact,attacked,packed,calked,thwacked,contact,abstract,cracked,retract,bracht,artifact,overact,act,tracked,subcontract,sidetracked,enact,blacked
stackencloud,
stacker,backpacker,packer,wacker,aker,kobacker,carjacker,schacher,knacker,tacker,blacker,thacher,vanacker,bracker,tracker,meatpacker,makar,zacher,jacker,nutcracker,sacher,backer,whacker,linebacker,lacker,lacher,yakker,weizsaecker,firecracker,attacker,hacker,hijacker,bakker,racker,snacker,thacker,akre,thakkar,acker,schabacker,cracker,slacker,bracher,macher,smacker,sacker,lacquer
stackering,
stackers,packers,bakkers,lacquers,smackers,tackers,linebackers,hijackers,rackers,carjackers,backers,whackers,crackers,firecrackers,hackers,knackers,slackers,trackers,meatpackers,nutcrackers,attackers
stacket,straitjacket,hackett,sackett,tackitt,zakat,jacot,placket,snacot,tackett,jacket,rackett,racquet,yakut,packet,jackett,racket,flacket,tacket,drackett,bacot,shackett,bracket,packett,brackett,blackett,snacket
stackfreed,
stackful,
stackgarth,
stack-garth,
stackhousia,
stackhousiaceae,
stackhousiaceous,
stackyard,
stacking,attacking,carjacking,kayaking,meatpacking,snacking,counterattacking,bushwhacking,pakfong,ransacking,cracking,calking,packing,whacking,wisecracking,tracking,macing,hacking,wracking,tacking,quarterbacking,sacking,thwacking,unpacking,racking,smacking,lacking,clacking,hijacking,quacking,packfong,backtracking,slacking,yacking,jacking,backing,piggybacking,yakking,shacking,backpacking,blacking
stackless,
stackman,
stackmen,
stacks,plaques,awacs,equifax,macs,bax,facts,trax,fosamax,drawbacks,galax,acts,cutbacks,saxe,flashbacks,shacks,halifax,kickbacks,max,slacks,tacks,backs,quacks,jacks,pax,fairfax,pretax,relax,plax,jaques,lacks,surtax,lilacs,hacks,fax,climax,metathorax,filofax,whacks,ajax,lomax,rax,axe,attacks,tax,praxes,gunnysacks,pacs,yax,saks,greenbacks,maces,setbacks,pentax,earwax,imax,racks,wisecracks,aftertax,contacts,knacks,vax,lax,sachs,knickknacks,cadillacs,maniacs,maxx,ax,mesothorax,packs,pacts,sacs,wax,sax,impacts,tracks,cracks,overtax,flax,parallax,blacks,borax,sacks,smacks,tampax,snacks,dax,syntax
stack's,
stackstand,
stackup,
stackups,
stacte,backtracked,reenact,counteract,inexact,piggybacked,unpacked,intact,diffract,fract,distract,yacked,maced,whacked,hacked,snacked,ransacked,extract,react,clacked,redact,backed,tact,jacked,interact,overreact,fact,carjacked,smacked,sacked,lacked,racked,stacked,subtract,bushwhacked,schacht,exact,tract,quacked,detract,hijacked,tacked,yakked,shacked,protract,contract,attract,impact,transact,slacked,wracked,pact,bract,compact,attacked,packed,calked,thwacked,contact,abstract,cracked,retract,bracht,artifact,overact,act,tracked,subcontract,sidetracked,enact,blacked
stactes,
stactometer,staktometer,lactometer
stad,
stadda,
staddle,faddle,madl,shadel,chadel,skaddle,cadelle,raddle,gradel,schadel,caddell,kadel,paddle,fadel,spadille,daddle,straddle,spraddle,spaddle,madel,astraddle,saddle,stadel,clapsaddle,bradawl,addle,radel
staddles,
staddlestone,
staddling,
stade,slade,handmade,masquerade,arrayed,unafraid,quayd,manmade,made,crusade,arcade,upbraid,dissuade,splayed,allayed,renegade,marmalade,sauteed,persuade,displayed,lemonade,forbade,blade,retrograde,delayed,motorcade,located,stayed,promenade,overlaid,maid,glade,decade,buffeted,downgrade,conveyed,staid,aid,accolade,parade,cavalcade,trade,grade,marinade,mermaid,shade,fusillade,grenade,dismayed,frayed,swayed,bade,fade,adelaide,lade,payed,relayed,evade,weighed,haid,barricade,laid,wade,nsaid,palisade,degrade,aide,escapade,cade,prepaid,brigade,charade,colonnade,serenade,betrayed,played,tirade,braid,hade,afraid,waylaid,jade,spade,homemade,cascade,centigrade,paid,upgrade,blockade,pervade,clade,invade,suede,nightshade,raid,ade,brocade,portrayed,quaid,cliched,inlaid
stader,rader,bader,schader,sader,swader,nadir,srader,strader,invader,grader,schmader,spader,mader,ladar,wader,fader,raider,blockader,vader,shrader,schrader,cader,snader,seder,crader,braider,lader,evader,blader,ader,aider,upgrader,nader,hader,crusader,shader,trader,haider,kader
stades,
stadholder,
stadholderate,
stadholdership,
stadhouse,
stadia,arcadia,locadia,acadia,leucadia
stadial,
stadias,
stadic,
stadie,
stadimeter,
stadiometer,gradiometer
stadion,
stadium,vanadium,vadium,palladium,radium
stadiums,caladiums
stadle,
stadt,bradt
stadthaus,
stadtholder,
stadtholderate,
stadtholdership,
stadthouse,
stafani,
stafette,
staff,pfaff,longstaff,raf,echograph,pendergraph,photograph,graef,monograph,hectograph,schaff,shaff,giraffe,wagstaff,understaff,skaff,graeff,phonograph,assaf,hackstaff,overstaff,braff,taffe,graf,reprograph,yaffe,choreograph,telegraph,naff,graff,paff,unitaf,raff,scaff,carafe,allograph,gaf,laff,intergraph,haff,paragraph,flagstaff,autograph,biggerstaff,staph,fraph,lithograph,taff,grindstaff,polygraph,graph,sielaff,riffraff,sclaff,laugh,calf,gaff,gaffe,epitaph,raphe,half,behalf,falstaff,rhaphe,msafp,pinkstaff,chaff,draff,spectrograph,metcalf,mimeograph,bickerstaff,graefe,grandstaff
staffa,mustafa,hoffa,moffa,boffa
staffage,
staffan,
staffard,
staffed,aircraft,taft,shaft,haycraft,kraft,graft,chaffed,antiaircraft,biocraft,metallgesellschaft,overstaffed,craycraft,ashcraft,raycraft,hovercraft,raft,autographed,choreographed,designcraft,northcraft,handicraft,downdraft,krafft,overdraft,gemcraft,laughed,reycraft,schoolcraft,camshaft,handcraft,understaffed,calfed,siegecraft,computercraft,graphed,ravenscraft,gaffed,beechcraft,telegraphed,haft,draft,redraft,crankshaft,childcraft,statecraft,whitcraft,starcraft,daft,spacecraft,updraft,hutchcraft,craft,aft,witchcraft,photographed,colorcraft,tandycraft,stagecraft,draught
staffelite,
staffer,laffer,safir,saffer,grapher,chaffer,halfer
staffers,chaffers
staffete,
staff-herd,
staffier,
staffing,choreographing,photographing,laughing,chaffing,graphing,gaffing
staffish,draffish,raffish
staffless,
staffman,
staffmen,
stafford,brafford,gafford,trafford,hafford,safford,pafford,spafford,halford,chaffered
staffordshire,homebuyer,schier,shyer,hier,flier,rewire,bonfire,sire,quagmire,dyer,mier,pacifier,retire,wrier,enquire,dire,amplifier,buyer,wryer,multiplier,require,campfire,plier,magnifier,pyre,squier,transpire,wildfire,tyer,higher,brier,emulsifier,dryer,cease-fire,frier,umpire,supplier,plyer,acquire,hire,satire,occupier,choir,meier,friar,foxfire,qualifier,desire,identifier,cryer,fire,drier,wire,flyer,stier,shier,ayer,sigher,fryer,nigher,hotwire,prier,pryer,crier,gunfire,conspire,meyer,prior,ceasefire,spier,fortifier,entire,purifier,tire,eyer,misfire,mire,attire,trier,highflier,briar,trior,dwyer,guyer,humidifier,liar,rectifier,pryor
staffordsville,
staffordville,
staffs,afspc,allographs,lithographs,polygraphs,photographs,phonographs,graphs,giraffes,flagstaffs,gaffes,hafts,aircrafts,laughs,crafts,chaffs,paragraphs,epitaphs,autographs
staffstriker,
staford,
stag,rag,tag,mailbag,spragg,bag,flagg,mag,wagg,dag,gag,ag,sag,bagge,bague,airbag,schlag,blagg,montag,maytag,greylag,hag,sontag,shrag,flag,zig-zag,zag,wag,cragg,lag,slag,drag,shag,handbag,bragg,sandbag,saddlebag,stagg,schrag,tagg,hbsag,scrag,fagg,nag,bundestag,brag,hagg,ragtag,fag,sprag,blague,snag
stag-beetle,
stagbush,
stage,downstage,disengage,rampage,assuage,gauge,teenage,drage,osage,brage,restage,gage,wage,swage,littlepage,hage,upstage,engage,age,outrage,greige,schrage,onstage,under-age,plage,backstage,macrophage,sage,kage,rage,cage,bethpage,lage,enrage,gaige,offstage,phage,page,paige
stageability,
stageable,agible,gaugeable
stageableness,
stageably,
stage-blanks,
stage-bleed,
stagecoach,encroach,coach,roache,poach,cockroach,loach,broach,doetsch,goetsch,approach,roche,caroche,roach,brooch,reproach
stage-coach,
stagecoaches,
stagecoaching,
stagecraft,aircraft,taft,shaft,haycraft,kraft,graft,chaffed,antiaircraft,biocraft,metallgesellschaft,overstaffed,craycraft,ashcraft,raycraft,hovercraft,raft,autographed,choreographed,designcraft,northcraft,handicraft,downdraft,krafft,overdraft,gemcraft,laughed,staffed,reycraft,schoolcraft,camshaft,handcraft,understaffed,calfed,siegecraft,computercraft,graphed,ravenscraft,gaffed,beechcraft,telegraphed,haft,draft,redraft,crankshaft,childcraft,statecraft,whitcraft,starcraft,daft,spacecraft,updraft,hutchcraft,craft,aft,witchcraft,colorcraft,tandycraft,photographed,draught
staged,upstaged,teenaged,disengaged,assuaged,aged,gaged,gauged,restaged,raged,caged,paged,waged,enraged,outraged,rampaged,engaged,swaged
stagedom,
stagefright,
stage-frighten,
stageful,rageful
stagehand,inland,lefthand,broadband,offhand,hand,strand,armband,grand,grande,fairyland,spanned,forehand,dixieland,disband,planned,secondhand,grassland,farmhand,newsstand,disneyland,longhand,withstand,firsthand,mainland,fatherland,brand,scanned,bland,farmland,lowland,righthand,beforehand,lapland,rand,timberland,panned,scand,woodland,misunderstand,firebrand,overland,wonderland,shand,wasteland,shorthand,gland,wetland,command,moorland,ampersand,cropland,manned,canned,outland,land,unmanned,lande,thailand,band,parkland,tanned,grandstand,expand,homeland,backhand,motherland,finland,bandstand,greenland,headband,understand,quicksand,southland,midland,nightstand,handstand,dreamland,demand,sand,unplanned,freehand,contraband,hinterland,heartland,banned,remand,ferdinand,reprimand,stand
stagehands,mandes,nightstands,homelands,timberlands,hinterlands,armbands,bands,shadowlands,woodlands,understands,grasslands,expands,handstands,headbands,quicksands,farmhands,reprimands,sands,landes,midlands,firebrands,hands,forehands,lands,lowlands,ands,grands,spacebands,shands,glands,glandes,marshlands,withstands,brandes,commands,farmlands,misunderstands,wetlands,moorlands,stands,meadowlands,badlands,tambrands,brands,newsstands,rands,strands,demands
stagehouse,
stagey,phagy,eiji,stagy,cagey,magie,ragee,kagey,pagey,seiji
stag-eyed,
stageland,
stagelike,
stageman,
stage-manage,
stage-managed,
stage-manager,
stage-managing,
stagemen,
stager,major,rampager,crager,wager,ager,gauger,cager,agger,pager,majer,yager,teenager
stagery,ragery
stagers,
stages,pages,phages,gauges,sages,macrophages,rages,ages,wages,cages,osages,klages,engages,outrages,mages,enrages,gages,rampages
stagese,
stage-set,
stagestruck,stage-struck
stage-struck,stagestruck
stag-evil,
stagewise,
stageworthy,
stagewright,
stagflation,civilization,rehabilitation,abomination,connotation,remuneration,communication,correlation,variation,adaptation,implementation,citation,consternation,affiliation,affirmation,conversation,association,compensation,organization,motivation,conflagration,inspiration,configuration,revelation,determination,evaluation,indignation,innovation,reputation,transformation,precipitation,litigation,salvation,translation,administration,cooperation,vocation,discrimination,presentation,deviation,obfuscation,collaboration,aberration,nation,integration,gentrification,abbreviation,aspiration,application,preparation,vacation,remediation,approbation,altercation,orientation,conservation,alliteration,dissertation,designation,medication,meditation,situation,expectation,transportation,corporation,appreciation,observation,representation,reconciliation,anticipation,implication,population,consideration,notation,station,education,creation,constellation,ramification,foundation,segregation,collocation,obligation,inclination,proliferation,information,generation,articulation,interpretation,sensation,radiation,location,accommodation,dedication,quotation,manifestation,operation,relation,trepidation,pronunciation,reservation
stagg,rag,tag,mailbag,spragg,bag,flagg,stag,mag,wagg,dag,gag,ag,sag,bagge,bague,airbag,schlag,blagg,montag,maytag,greylag,hag,sontag,shrag,flag,zig-zag,zag,wag,cragg,lag,slag,drag,shag,handbag,bragg,sandbag,saddlebag,schrag,tagg,hbsag,scrag,fagg,nag,bundestag,brag,hagg,ragtag,fag,sprag,blague,snag
staggard,
staggards,
staggart,
staggarth,
staggarts,
stagged,scragged,dagged,tagged,nagged,reflagged,sandbagged,slagged,cragged,sagged,magged,hagged,wagged,knagged,bagged,fragged,zig-zagged,gagged,zagged,flagged,jagged,dragged,snagged,shagged,bragged,swagged,fagged,lagged
stagger,wagar,dagger,jaegar,dragger,bagger,tagger,magar,flagger,nagger,sandbagger,snagger,haggar,pagar,jagger,wagger,sagger,swagger,shagger,gagger,saggar,lagger,mager,bragger,nagor,jaeger,carpetbagger
staggerbush,
staggered,maggard,agard,laggard,swaggered,thagard,haggard,thaggard
staggerer,swaggerer
staggerers,
staggery,waggery,nagari,jaggery,agorae
staggering,swaggering
staggeringly,swaggeringly
staggers,naggers,flaggers,sandbaggers,jaggers,baggers,taggers,jaegers,braggers,laggers,snaggers,daggers,swaggers,carpetbaggers,magers
staggerweed,
staggerwort,
staggy,
staggie,
staggier,
staggies,
staggiest,
stagging,blagging,fragging,ragging,snagging,jagging,shagging,wagging,dragging,flagging,dagging,bagging,bragging,unflagging,sagging,scragging,tagging,slagging,reflagging,nagging,lagging,gagging,swagging,fagging,sandbagging
stag-hafted,
stag-handled,
staghead,
stag-headed,
stag-headedness,
staghorn,
stag-horn,
stag-horned,
staghound,
staghunt,
staghunter,
staghunting,
stagy,phagy,eiji,cagey,ragee,magie,kagey,pagey,stagey,seiji
stagiary,
stagier,cagier
stagiest,cagiest
stagily,cagily
staginess,caginess
staging,raging,outraging,gaging,enraging,rampaging,gauging,paging,waging,engaging,swaging,disengaging,caging
stagings,
stagion,
stagira,kagera
stagirite,
stagyrite,
stagiritic,
staglike,
stagmometer,
stagnance,
stagnancy,
stagnant,magnant,fagnant
stagnant-blooded,
stagnantly,
stagnant-minded,
stagnantness,
stagnant-souled,
stagnate,advocate,manipulate,arrogate,collate,subordinate,abdicate,stipulate,estate,propagate,estimate,dissipate,elucidate,adequate,emanate,incorporate,deprecate,gait,disseminate,cultivate,vacillate,slate,commiserate,emulate,abrogate,delegate,denigrate,relate,integrate,dedicate,predicate,profligate,alternate,extrapolate,abate,anticipate,demonstrate,appreciate,obviate,postulate,surrogate,obfuscate,alleviate,initiate,communicate,separate,rait,evaluate,reiterate,state,repudiate,innate,deliberate,delineate,assimilate,ameliorate,exacerbate,mandate,update,compensate,late,freight,celebrate,precipitate,wait,desolate,rate,moderate,graduate,trait,indicate,mate,create,debate,inculcate,articulate,associate,facilitate,accommodate,contemplate,conflate,elaborate,corroborate,resonate,fate,mitigate,designate,procrastinate,gate,consolidate,appropriate,plate,date,consummate,straight,coordinate,great,collaborate,intimate,weight,spate
stagnated,exaggerated,orientated,mitigated,reiterated,stipulated,cultivated,alienated,deprecated,stated,motivated,excoriated,liberated,mandated,nauseated,graduated,sophisticated,slated,dissipated,saturated,animated,opinionated,irritated,emanated,created,intoxicated,located,infatuated,antiquated,emaciated,inebriated,situated,precipitated,eviscerated,appreciated,contaminated,exonerated,dated,anticipated,promulgated,elevated,annotated,decapitated,educated,unabated,affiliated,attenuated,aggregated,indicated,aggravated,incorporated,isolated,agitated,incapacitated,obligated,exacerbated,incarcerated,consolidated,intimated,concentrated,encapsulated,abated,bifurcated,designated,corrugated,related,allocated,inundated,unadulterated,serrated,perforated,delineated,sated,elated,understated,automated,overrated,articulated,devastated,exasperated,intimidated,prorated,truncated,predicated,unmitigated,complicated,fascinated,relegated,initiated,separated,frustrated,integrated,belated,feted,substantiated,interrelated,consecrated,outdated,associated,bated,dilapidated
stagnates,magnets,electromagnets
stagnating,intimidating,excruciating,extenuating,rotating,infuriating,salivating,illuminating,permeating,discriminating,abrogating,radiating,subordinating,fascinating,deprecating,berating,validating,contemplating,rating,plating,bating,abbreviating,abating,pulsating,liberating,incriminating,cultivating,dating,initiating,fluctuating,alternating,gating,anticipating,ingratiating,irritating,stating,humiliating,undulating,exhilarating,stimulating,aggravating,exasperating,frustrating,escalating,percolating,pontificating,deteriorating,instigating,relating,advocating,facilitating,reciprocating,oscillating,indicating,gaiting,articulating,self-deprecating,implicating,emanating,exacerbating,coordinating,debilitating,communicating,awaiting,mating,devastating,waiting,captivating,emulating,activating,suffocating,delegating,skating,nauseating,invigorating,penetrating,annihilating,excoriating,grating,titillating,baiting,perpetuating,delineating,accommodating,calculating,accumulating,vacillating,denigrating,eliminating,culminating,procrastinating,creating,alienating,operating,dominating,weighting,accelerating,mitigating,obviating,intoxicating,recuperating
stagnation,civilization,rehabilitation,abomination,connotation,remuneration,communication,correlation,variation,adaptation,implementation,citation,consternation,affiliation,affirmation,conversation,association,compensation,organization,motivation,conflagration,inspiration,configuration,revelation,determination,evaluation,indignation,innovation,reputation,transformation,precipitation,litigation,salvation,translation,administration,cooperation,vocation,discrimination,presentation,deviation,obfuscation,collaboration,aberration,nation,integration,gentrification,abbreviation,aspiration,application,preparation,vacation,remediation,approbation,altercation,orientation,conservation,alliteration,dissertation,designation,medication,meditation,situation,expectation,transportation,corporation,appreciation,observation,representation,reconciliation,anticipation,implication,population,consideration,notation,station,education,creation,constellation,ramification,foundation,segregation,collocation,obligation,inclination,proliferation,information,generation,articulation,interpretation,sensation,radiation,location,accommodation,dedication,quotation,manifestation,operation,relation,trepidation,pronunciation,reservation
stagnations,
stagnatory,
stagnature,
stagne,
stag-necked,
stagnicolous,
stagnize,
stagnum,
stagonospora,
stags,sags,staggs,jags,rags,frags,daggs,knaggs,maggs,mailbags,blags,crags,zags,mags,tags,swags,sandbags,scaggs,saddlebags,slags,bags,dagges,braggs,wags,baggs,craggs,flags,scrags,shags,airbags,scags,brags,nags,skaggs,gags,drags,fags,snags,handbags,lags
stag's,
stagskin,
stag-sure,
stagworm,bagworm,flagworm
stahl,stall,blackball,squall,protocol,senegal,dol,recall,cortisol,oddball,cabal,aerosol,moll,saul,raul,crawl,ball,neanderthal,natal,pall,pratfall,catcall,overall,trawl,drawl,tal,banal,call,football,install,rainfall,forestall,ethanol,waterfall,loll,softball,retinol,hall,butterball,nightfall,pol,pitfall,handball,snowball,maul,haul,shawl,brawl,eyeball,gaul,downfall,bol,fall,sprawl,shortfall,small,tall,atoll,caul,fastball,catchall,hardball,befall,windfall,sol,meatball,drywall,luminol,cholesterol,wherewithal,scrawl,bawl,appall,volleyball,enthral,alcohol,freefall,thrall,spall,baseball,stonewall,paul,coll,cannonball,fireball,dahl,doll,nepal,overhaul,landfall,footfall,all,basketball,screwball,gall,mall,wall,mothball,dall
stahlhelm,
stahlhelmer,
stahlhelmist,
stahlian,galleon,galyean,gallian
stahlianism,
stahlism,
stahlstown,
stay,obey,sachet,lei,fey,cache,tray,yea,anyway,melee,clay,say,usa,waylay,weigh,relay,may,j,play,entree,bouquet,protege,splay,hey,sobriquet,repay,fillet,dna,way,display,gray,buffet,ray,bay,array,nay,holiday,resume,away,cafe,gateway,sunday,slay,soiree,sway,mainstay,birthday,they,betray,hay,pay,fiance,pray,disarray,dossier,k,ballet,bray,gourmet,yay,essay,passe,day,everyday,latte,asea,fray,allay,decay,valet,vertebrae,lay,overlay,jay,inlay,quay,x-ray,railway,halfway,astray,prey,grey,okay,spray,ok,gay,survey,cliche,friday,heyday,re,today,lingerie,portray,underway,leeway,gainsay,delay,dismay,stray,convey
staia,
stayable,
stay-at-home,
stay-a-while,
stay-bearer,
staybolt,
stay-bolt,
staid,slade,handmade,masquerade,arrayed,unafraid,quayd,manmade,made,crusade,arcade,upbraid,dissuade,splayed,allayed,renegade,marmalade,sauteed,persuade,displayed,lemonade,forbade,blade,retrograde,delayed,motorcade,located,stayed,promenade,overlaid,maid,glade,decade,buffeted,downgrade,conveyed,aid,accolade,parade,cavalcade,trade,grade,marinade,mermaid,shade,fusillade,grenade,dismayed,frayed,swayed,bade,fade,adelaide,lade,payed,relayed,evade,weighed,haid,barricade,laid,wade,nsaid,palisade,degrade,aide,escapade,stade,cade,prepaid,brigade,charade,colonnade,serenade,betrayed,played,tirade,braid,hade,afraid,waylaid,jade,spade,homemade,cascade,centigrade,paid,upgrade,blockade,pervade,clade,invade,suede,nightshade,raid,ade,brocade,portrayed,quaid,cliched,inlaid
staider,
staidest,
staidly,fadely,laidly,gradely,laidley,faidley
staidness,
stayed,slade,handmade,masquerade,arrayed,unafraid,quayd,manmade,made,crusade,arcade,upbraid,dissuade,splayed,allayed,renegade,marmalade,sauteed,persuade,displayed,lemonade,forbade,blade,retrograde,delayed,motorcade,located,promenade,overlaid,maid,glade,decade,buffeted,downgrade,conveyed,staid,aid,accolade,parade,cavalcade,trade,grade,marinade,mermaid,shade,fusillade,grenade,dismayed,frayed,swayed,bade,fade,adelaide,lade,payed,relayed,evade,weighed,haid,barricade,laid,wade,nsaid,palisade,degrade,aide,escapade,stade,cade,prepaid,brigade,charade,colonnade,serenade,betrayed,played,tirade,braid,hade,afraid,waylaid,jade,spade,homemade,cascade,centigrade,paid,upgrade,blockade,pervade,clade,invade,suede,nightshade,raid,ade,brocade,portrayed,quaid,cliched,inlaid
stayer,bayar,preyer,assayer,weigher,drayer,neher,maier,geyer,cayer,baier,steyer,multiplayer,taxpayer,hayer,dreyer,player,swayer,thayer,grayer,neyer,gayer,surveyor,soothsayer,freyer,sayer,ballplayer,ayer,naysayer,mayor,speyer,bayer,brayer,gaier,multilayer,ratepayer,taher,sauter,bricklayer,reyer,conveyor,conveyer,heyer,frayer,seyer,mcbrayer,mayer,slayer,prayer,freier,schleyer,breyer,beyer,layer,doomsayer,weyer,greyer,strayer,payer,payor,sprayer,purveyor
stayers,
staig,
staight-bred,
staigs,
stay-in,
staying,playing,displaying,portraying,praying,underpaying,sleighing,neighing,buffeting,downplaying,spraying,roleplaying,delaying,swaying,nonpaying,obeying,prepaying,splaying,slaying,straying,flaying,replaying,doomsaying,allaying,overplaying,taxpaying,conveying,repaying,relaying,mayeng,overpaying,crocheting,preying,braying,dismaying,surveying,purveying,betraying,graying,outweighing,disobeying,fraying,greying,ricocheting,decaying
stail,voicemail,wholesale,ponytail,impale,brail,vale,handrail,tail,horsetail,coattail,prevail,swale,male,monorail,foxtail,martingale,stale,bale,toenail,kale,gail,resale,thumbnail,dail,hale,zale,upscale,flail,faille,sail,fail,fairytale,shale,frail,wale,tale,nail,bail,dwale,countervail,gmail,sale,blackmail,vail,cocktail,guardrail,ail,yale,surveil,folktale,braille,ale,female,veil,unveil,entail,trail,gael,mail,retail,wail,pale,soleil,detail,fantail,curtail,gale,kail,jail,biennale,airedale,grail,snail,avail,rail,hail,dovetail,derail,quale,dale,travail,abigail,exhale,cale,assail,taille,hobnail,quail,whale,greenmail,pail,inhale,airmail,email,telltale,orrell,clydesdale,calle,scale
staylace,
stayless,wayless,paleous,bayliss,railless,veilless,paillasse,palus,sailless,tailless,malus,talus,scaleless,baylis,nailless,rayless,bayless
staylessness,
stay-log,
staymaker,framemaker,playmaker
staymaking,
stain,rein,maintain,pane,rain,wayne,contain,bane,legerdemain,ascertain,reign,vein,retain,aine,urbane,fein,deign,refrain,lane,campaign,ane,again,obtain,swain,drain,remain,crain,romaine,plane,pertain,wane,profane,partain,plain,spain,airplane,humane,ordain,lain,germain,attain,inhumane,slain,crane,gain,maine,cain,arraign,skein,main,dane,mane,jane,insane,chain,twain,germane,bain,grain,germaine,disdain,train,feign,explain,kane,hurricane,brain,champagne,entertain,vane,strain,vain,arcane,abstain,complain,terrain,regain,pain,inane,trane,domain,cane,cocaine,mundane,detain,thane,restrain,wain,saine,constrain,sprain,shane,fane,quain,moraine,zane,fain,sustain,sane,membrane,migraine
stainability,trainability
stainabilities,
stainable,trainable,unattainable,strainable,sustainable,obtainable,drainable,sanable,anable,unsustainable,gainable,unobtainable,attainable,unexplainable,manable,explainable
stainableness,
stainably,
stained,caned,bloodstained,abstained,strained,self-contained,pained,gained,constrained,explained,complained,contained,drained,trained,waned,brained,remained,planed,disdained,grained,pertained,veined,sustained,preordained,refrained,paned,unstained,deigned,rained,arraigned,maintained,entertained,unrestrained,restrained,plained,retrained,chained,ascertained,attained,campaigned,ordained,reined,unexplained,detained,harebrained,craned,untrained,ingrained,retained,feigned,reigned,maned,outgained,unconstrained,regained,sprained,obtained
stainer,feighner,hainer,feigner,rainer,drainer,strainer,kainer,mainor,plainer,craner,tainer,nonplanar,gayner,maynor,kaner,kraner,container,waner,raynor,gainor,mayner,schaner,klejna,traynor,breighner,daner,braner,trainer,shaner,planar,brainer,reigner,campaigner,graner,aigner,haner,painter,stayner,planer,gainer,complainer,retainer,vainer,wainer,trainor,caner,cranor,entertainer,maner,grainer,saner,rayner,hayner,vacutainer,gaynor,mainer
stainers,trainers,campaigners,complainers,maners,mainers,strainers,planers,containers,retainers,entertainers,painters,gainers,drainers
staines,maintains,bains,windowpanes,feigns,raines,hurricanes,sustains,yanes,raynes,campaigns,janes,grains,maines,fanes,stains,vanes,caines,reins,monoplanes,regains,retains,haines,trains,alkanes,skeins,terrains,mainz,obtains,attains,skains,plains,gains,bloodstains,entertains,magallanes,membranes,contains,blains,llanes,panes,lanes,constrains,complains,deigns,haynes,brains,explains,gaines,sainz,thanes,baynes,reines,champagnes,reigns,warplanes,refrains,cranes,banes,restrains,manes,domains,hurricane,baines,keynes,strains,canes,hanes,fains,chains,hains,maynes,remains,jaynes,wanes,veins,danes,cains,rains,pains,drains,migraines,disdains,ganes,mains,planes,swains,sprains,pertains,ranes,jains
,
