scyphi-,
scyphiferous,
scyphiform,
scyphiphorous,
scyphistoma,
scyphistomae,
scyphistomas,
scyphistomoid,
scyphistomous,
scypho-,
scyphoi,
scyphomancy,
scyphomedusae,
scyphomedusan,
scyphomedusoid,
scyphophore,
scyphophori,
scyphophorous,
scyphopolyp,
scyphose,
scyphostoma,
scyphozoa,
scyphozoan,
scyphula,
scyphulus,
scyphus,duffus,typhous
scipio,cicippio
scypphi,
scirenga,
scirocco,sirocco,barocco
sciroccos,
scirophoria,
scirophorion,
scyros,firas,giros,tiras,skyros,eras,tyros,kirghiz,shiraz,miras
scirpus,sourpuss
scirrhi,knurry,peri-,bouri,louri,cirri,houri,lurry,turreae,skurry,herre,murray,curry,spurrey
scirrhogastria,
scirrhoid,oroide,scleroid,laroid,toroid,choroid,scaroid
scirrhoma,
scirrhosis,
scirrhosity,torosity,serosity
scirrhous,cirrous,cirrhus,perisse,scirrhus,skirrhus,pyrrhus,cirrhous,birrus,churrus
scirrhus,cirrous,scirrhous,cirrhus,perisse,skirrhus,pyrrhus,cirrhous,birrus,churrus
scirrhuses,
scirrosity,
scirtopod,
scirtopoda,
scirtopodous,
sciscitation,suscitation,licitation,mussitation
scissel,scissile,fussell,russell,tussle,muscle,brussel,bussell,mussel,scissil,decil,ficelle,tussal,trussell,friskal,decyl,disple,bustle,glycyl,mussell,nussle,hustle,friskful,russel,rustle,sisel,brustle,thrustle,justle,nustle
scissible,missable,kissable,isobel
scissil,scissel,scissile,fussell,russell,tussle,muscle,brussel,bussell,mussel,decil,ficelle,tussal,trussell,friskal,decyl,disple,bustle,glycyl,mussell,nussle,hustle,friskful,russel,rustle,sisel,brustle,thrustle,justle,nustle
scissile,scissel,fussell,russell,tussle,muscle,brussel,bussell,mussel,scissil,decil,ficelle,tussal,trussell,friskal,decyl,disple,bustle,glycyl,mussell,nussle,hustle,friskful,russel,rustle,sisel,brustle,thrustle,justle,nustle
scission,piscean
scissions,
scissiparity,fissiparity
scissor,whizzer,kyzar
scissorbill,
scissorbird,
scissored,visored,buzzard
scissorer,
scissor-fashion,
scissor-grinder,
scissoria,
scissoring,
scissorium,
scissor-legs,
scissorlike,
scissorlikeness,
scissors,
scissorsbird,
scissors-fashion,
scissors-grinder,
scissorsmith,
scissors-shaped,
scissors-smith,
scissorstail,
scissortail,
scissor-tailed,
scissor-winged,
scissorwise,
scissura,
scissure,
scissurella,
scissurellid,
scissurellidae,
scissures,
scyt,
scytale,
scitaminales,
scitamineae,
scyth,
scythe,booksmith,hockersmith,stith,frith,wordsmith,with,beckwith,dith,forsyth,myth,locksmith,heighth,messersmith,aerosmith,skipwith,ledwith,withe,blacksmith,stallsmith,highth,arrowsmith,crith,pith,fithe,highsmith,dryth,fifth,hockensmith,hammersmith,goldsmith,forthwith,arrasmith,monolith,feith,coppersmith,herewith,brocksmith,richardsonsmith,smith,coopersmith,blyth,smyth,brith,writhe,rhinesmith,grith
scythe-armed,
scythe-bearing,
scythed,
scythe-leaved,
scytheless,
scythelike,
scytheman,
scythes,
scythe's,
scythe-shaped,
scythesmith,
scythestone,
scythework,
scythia,lithia
scythian,fithian
scythic,
scything,nithing,tything
scythize,
scytho-aryan,
scytho-dravidian,
scytho-greek,
scytho-median,
scytitis,
scytoblastema,
scytodepsic,
scytonema,
scytonemataceae,
scytonemataceous,
scytonematoid,
scytonematous,
scytopetalaceae,
scytopetalaceous,
scytopetalum,
scituate,
sciurid,
sciuridae,
sciurids,
sciurine,
sciurines,
sciuroid,
sciuroids,
sciuromorph,
sciuromorpha,
sciuromorphic,
sciuropterus,
sciurus,
scivvy,
scivvies,
sclaff,graf,braff,telegraph,pendergraph,behalf,epitaph,shaff,half,rhaphe,raff,laugh,graph,spectrograph,taffe,echograph,haff,riffraff,graff,unitaf,intergraph,paragraph,monograph,taff,flagstaff,schaff,raf,pfaff,fraph,gaf,longstaff,carafe,paff,allograph,skaff,wagstaff,yaffe,grindstaff,sielaff,hackstaff,reprograph,overstaff,calf,autograph,polygraph,msafp,staff,giraffe,metcalf,staph,gaffe,chaff,assaf,graefe,phonograph,laff,bickerstaff,falstaff,biggerstaff,pinkstaff,understaff,gaff,naff,grandstaff,mimeograph,graeff,photograph,lithograph,graef,hectograph,raphe,scaff,draff,choreograph
sclaffed,
sclaffer,
sclaffers,
sclaffert,
sclaffing,
sclaffs,
sclar,
sclat,
sclatch,
sclate,
sclater,
sclav,
sclavonian,livonian,slavonian,favonian,pavonian
sclaw,
sclent,
scler,fare,millionaire,pare,solitaire,spare,everywhere,debonair,their,despair,malware,guerre,pear,childcare,heir,software,lare,ensnare,cher,welfare,gare,rare,air,care,underwear,prepare,where,faire,tear,declare,eyre,warfare,mer,share,thoroughfare,beware,hardware,glare,anywhere,claire,armchair,snare,there,nightmare,blare,earthenware,hair,forswear,stair,mohair,square,hare,pair,aware,ware,clair,stare,dispair,chair,forebear,ere,terre,fanfare,questionnaire,bair,bare,daycare,blair,wear,swear,err,lair,impair,flair,threadbare,compare,healthcare,elsewhere,altair,airfare,affair,aer,unfair,flare,unaware,cookware,medicare,repair,scare,timeshare,footwear,extraordinaire,dare,doctrinaire,nowhere,prayer,bear,fair,mare
scler-,fare,millionaire,pare,solitaire,spare,everywhere,debonair,their,despair,malware,guerre,pear,childcare,heir,software,lare,ensnare,cher,welfare,gare,rare,air,care,underwear,prepare,where,faire,tear,declare,eyre,warfare,mer,share,thoroughfare,beware,hardware,glare,anywhere,claire,armchair,snare,there,nightmare,blare,earthenware,hair,forswear,stair,mohair,square,hare,pair,aware,ware,clair,stare,dispair,chair,forebear,ere,terre,fanfare,questionnaire,bair,bare,daycare,blair,wear,swear,err,lair,impair,flair,threadbare,compare,healthcare,elsewhere,altair,airfare,affair,aer,unfair,flare,unaware,cookware,medicare,repair,scare,timeshare,footwear,extraordinaire,dare,doctrinaire,nowhere,prayer,bear,fair,mare
sclera,bera,basara,serra,teixeira,tenera,rivera,terah,sequeira,aguilera,cartera,cara,becerra,cerra,figueira,caldera,farah,berra,ceroplasty,para-,cabrera,frontera,provera,moreira,primavera,gera,para,cervera,tavera,matera,valera,higuera,mwera,ranchera,olvera,chimera,era,ferra,altera,kera,zera,guerra,escalera,barbera,silvera,najera,perera,sarah,svizzera,terra,terre,naira,canberra,cera,barrera,mascara,kuchera,severa,farrah,olivera,hara,gerah,tara,madera,pereira,riviera,avera,fichera,carrera,herrera,nogueira,fera,guayabera,vieira,patera,darragh,sara,sahara,clara,kundera,ribera,ohara,sferra,silveira,leora,vera,tera-,kara,mcnamara,erra,sierra,thera
sclerae,
scleral,ofarrell,burel,herrle,ferrall,carole,beryl,meryl,carol,behrle,erol,harrell,deryle,cheryl,darrell,jheryl,burell,feral,karel,herrell,terrel,terrell,therrell,wehrle,sherrell,merrill,caryl,farrel,baril,jerrell,daryl,verrel,terral,sherrill,ocarroll,carroll,imperil,terrill,pork-barrel,darryl,errol,apparel,darrel,sharyl,meryll,sterile,jerel,merrell,sheryl,ferrol,sterol,peril,ceryl,nerol,farrell,berrill,verrall,ferol,barrel,ferrell
scleranth,
scleranthaceae,
scleranthus,eranthis,chloranthus,loranthus
scleras,
scleratogenous,
sclere,
sclerectasia,
sclerectomy,
sclerectomies,
scleredema,
sclereid,nereid,free-reed
sclereids,
sclerema,seroma,ceroma,pleroma,xeroma,scleroma
sclerencephalia,
sclerenchyma,parenchyma,aerenchyma,chlorenchyma,pleurenchyma,merenchyma
sclerenchymatous,parenchymatous
sclerenchyme,
sclererythrin,
scleretinite,
scleria,
scleriasis,
sclerify,
sclerification,
sclerite,thorite,laurite,kerite,chlorite,urite,baryte,pleurite,perite,norite,porite,cerite,aright,nerite
sclerites,
scleritic,
scleritis,turritis,pruritis
sclerized,
sclero-,ferro,borrero,spero,ibero,sclero,barreiro,meroe,minero,monteiro,sero-,ptero-,sendero,gero,barbero,ferrero,cordero,arrow,otero,marrero,valero,sparrow,romero,marrow,garo,montero,quintero,merrow,mescalero,garrow,aero,escudero,sombrero,aguero,companero,vero,bolero,ranchero,passero,sphero-,tinajero,aero-,sphero,varo,amero,ptero,herrero,caballero,bero,darrow,lucero,madero,cerro,acero,ferro-,carneiro,soltero,taro,barrow,guerrero,camero,cuero,dondero,pharaoh,botero,camaro,pharoah,embarcadero,mero,pinero,pinheiro,narrow,cantero,wheelbarrow,herro,rivero,faro,xero-,bracero,ribeiro,serow,gerow,fero
sclerobase,
sclerobasic,
scleroblast,
scleroblastema,
scleroblastemic,
scleroblastic,
sclerocauly,
sclerochorioiditis,
sclerochoroiditis,
scleroconjunctival,
scleroconjunctivitis,
sclerocornea,
sclerocorneal,
sclerodactyly,pterodactyli
sclerodactylia,
sclerodema,
scleroderm,
scleroderma,erma,irma,derma,perma,burma,firma,derma-,burmah,lerma,surma
sclerodermaceae,
sclerodermata,
sclerodermatales,
sclerodermatitis,
sclerodermatous,
sclerodermi,
sclerodermia,
sclerodermic,
sclerodermite,
sclerodermitic,
sclerodermitis,
sclerodermous,
sclerogen,carageen,kerogen,karajan
sclerogeni,
sclerogenic,
sclerogenoid,
sclerogenous,erogenous,sporogenous,pyrogenous,urogenous
scleroid,scirrhoid,oroide,laroid,toroid,choroid,scaroid
scleroiritis,
sclerokeratitis,
sclerokeratoiritis,
scleroma,seroma,ceroma,pleroma,xeroma,sclerema
scleromas,
scleromata,
scleromeninx,
scleromere,
sclerometer,durometer,chlorometer,horometer,neuromotor,aerometer
sclerometric,
scleronychia,
scleronyxis,
sclero-oophoritis,
sclero-optic,
scleropages,
scleroparei,
sclerophyll,
sclerophylly,
sclerophyllous,
sclerophthalmia,
scleroprotein,thyroprotein
sclerosal,
sclerosarcoma,
scleroscope,
sclerose,
sclerosed,
scleroseptum,
scleroses,
sclerosing,
sclerosis,osmosis,atherosclerosis,cirrhosis,arteriosclerosis,symbiosis,psychosis,thrombosis,hypnosis,phocis,neurosis,asbestosis,neurofibromatosis,diagnosis,heterosis,meiosis,acidosis,prognosis,apotheosis,misdiagnosis,endometriosis,actinomycosis,osteoporosis,necrosis,tuberculosis,fibrosis,kocis,nephrosis
sclerosises,
scleroskeletal,
scleroskeleton,
sclerospora,
sclerostenosis,
sclerostoma,
sclerostomiasis,
sclerotal,extramarital,marital,premarital
sclerote,
sclerotia,
sclerotial,
sclerotic,
sclerotica,
sclerotical,
scleroticectomy,
scleroticochorioiditis,
scleroticochoroiditis,
scleroticonyxis,
scleroticotomy,
sclerotin,sheraton,samaritan,ceratin,cerotin,claritin,raritan,ferritin,keratin
sclerotinia,
sclerotinial,
sclerotiniose,
sclerotioid,
sclerotitic,
sclerotitis,
sclerotium,
sclerotization,
sclerotized,
sclerotoid,
sclerotome,keratome
sclerotomy,pleurotomy,thyrotomy,neurotomy
sclerotomic,
sclerotomies,
sclerous,terrasse,cerus,derus,ferrous,farris,solaris,ferriss,derris,ferris,glareous,nonferrous,haris,peras,nerice,calveras,ahasuerus,marous,paris,cerris,barris,derose,serrous,polaris,faris,parous,meris,parris,gerris,maris,terris,gehris,harris,glaris,heiress,terrace,claris,embarrass
scleroxanthin,
sclerozone,
scliff,
sclim,
sclimb,
scm,
scms,
sco,
scoad,
scobby,robby,dobby,hobbie,dhobi,slobby,dobbie,globi,blobby,dhabi,bobbie,dauby,bobby,squabby,dobie,cobby,gobby,swaby,gawby,kohlrabi,robbie,nabi,stobie,lobby,knobby,gobbi,kabi,dobey,hobby,bobbi,scobee,snobby,scobie,rabi,nobby,chalabi
scobey,toby,jacobi,robey,robie,jacoby,gobie,koby,adobe,roby,okeechobee,sobey,globy,moby,nairobi,scoby,tobie,ryobi,gobi,obie,doby,tobey,cobey,coby,sunobe
scobicular,
scobiform,
scobs,lobs,staubs,robs,daubs,squabs,heartthrobs,hobs,sobs,hobbes,knobs,throbs,dobbs,swabs,mobbs,laabs,blobs,fobbs,robbs,cobs,globs,kobs,hobbs,jobs,cobbs,snobs,slobs,mobs,gobs
scodgy,
scoff,drop-off,romanov,shroff,payoff,lauf,takeoff,layoff,pilaf,checkoff,cutoff,stroganoff,knockoff,jerk-off,boff,doff,playoff,tipoff,haaf,standoff,cloff,cough,snoff,castoff,rudolf,mof,goff,ripoff,trough,blastoff,hof,hoff,liftoff,loffe,off,knopf,tradeoff,molotov,runoff,khrushchev,troff,turnoff,kickoff,troph,spinoff,gough,mazeltov,quaff
scoffed,doffed,groft,quaffed,hycroft,powersoft,oft,loft,aloft,microsoft,hayloft,soft,coughed,kroft,croft,waft,toft,beecroft,ravenscroft,offed,barcroft,ashcroft,scowcroft,chipsoft
scoffer,lauffer,doffer,ghafar,stopher,counteroffer,kaufer,soffer,grundhofer,coffer,proffer,offer,haufer,cougher,reoffer,zwiefelhofer,stoffer,stauffer,muldorfer,klinghoffer,sopher,copher,laufer,hoffer
scoffery,
scoffers,
scoffing,coffing,troughing,doffing,quaffing,coughing
scoffingly,
scoffingstock,
scofflaw,
scofflaws,droz,straws,gauze,pause,pas,knaus,baus,hawes,baas,gaz,mas,kaus,bylaws,schnozz,maus,chazz,chainsaws,dawes,quass,squaws,thaws,outlaws,saws,maz,spas,tropopause,flaws,schnoz,ahs,vase,oz,diaz,laws,waas,macaws,was,mroz,coz,glaus,claws,sause,gnaws,chas,shaws,francoise,lawes,naus,daus,naas,claus,faus,clause,shahs,ijaz,gaus,tawes,chickasaws,paz,faas,saus,haws,grandmas,broz,cars,draws,daws,brause,chaws,paws,laas,cha-chas,applause,guffaws,because,cause,maas,withdraws,roz,inlaws,sias,craws,jaws,handsaws,vichyssoise,gause,dnaase
scoffs,cutoffs,offs,quaffs,playoffs,doffs,payoffs,takeoffs,dropoffs,drop-offs,spinoffs,layoffs,coughs,tartikoffs,selloffs,standoffs,knockoffs,troughs,tradeoffs,gorbachevs,ripoffs,toffs,bake-offs,profs,castoffs
scofield,highfield,shield,fairfield,delafield,garfield,cornfield,cranfield,goldfield,congealed,steeled,sealed,unsealed,richfield,peeled,porterfield,windshield,infield,masefield,wheeled,appealed,greenfield,outfield,kneeled,springfield,field,heeled,neeld,oldfield,redfield,unconcealed,bluefield,copperfield,hayfield,stanfield,resealed,neild,winfield,whitefield,battlefield,northfield,bakersfield,plainfield,chesterfield,feild,yield,afield,wingfield,brownfield,mansfield,backfield,concealed,squealed,summerfield,bonfield,keeled,heald,wield,holyfield,hatfield,minefield,mayfield,repealed,oilfield,revealed,wakefield,bloomfield,rayfield,belfield,airfield,healed,reeled,penfield,canfield,caulfield,brookfield,pealed
scog,
scoggan,
scogger,
scoggin,bogen,scroggin,meinertzhagen,trogon,noggen,coggin,hogen,riphagen,goggin,dragan,croghan,boggan,koryagin,maughan,hoggan,borkenhagen,haagen,login,log-in,ohagan,toboggan,skogen,moggan,haugan,copenhagen
scogginism,
scogginist,
scogie,
scoinson,
scoke,droke,poke,wolk,revoke,pembroke,stroke,snoke,moak,hoke,holyoke,folk,stoke,groak,backstroke,boak,kolk,smoke,joke,hoak,hoek,yoke,croak,broke,evoke,yolk,woolfolk,windhoek,coke,soak,masterstroke,wouk,doke,croke,choak,polk,koch,cloke,spoke,slowpoke,gunsmoke,woke,oak,sloke,invoke,baroque,cloak,awoke,artichoke,misspoke,choke,provoke,roanoke,stoak,roque,smoak,cocke,townsfolk,bloke,moke,doak,keystroke,flowk,noack
scolb,
scold,souled,pigeonholed,billfold,soled,trolled,toehold,toled,unsold,oversold,foaled,fivefold,centerfold,handhold,strolled,twofold,ninefold,tenfold,gold,poled,nolde,resold,diebold,bankrolled,tholed,leopold,untold,woald,bold,foretold,buttonholed,marigold,nold,paroled,mould,behold,fourfold,eightfold,freehold,roald,shoaled,patrolled,potholed,remold,mangold,hold,holed,wolde,enfold,uphold,household,sevenfold,stoled,doled,rolled,controlled,leasehold,ahold,wold,griswold,penfold,golde,mold,stranglehold,polled,cold,chokehold,sixfold,told,sold,tolled,threefold,consoled,blindfold,old,twould,nould,extolled,manifold,threshold,withhold,cajoled,fold,uncontrolled,olde,foothold,bowled,unfold,stronghold,enrolled,undersold
scoldable,
scolded,folded,molded,moulded,unfolded,remoulded,blindfolded,remolded
scoldenore,
scolder,stockholder,golder,bolder,shoulder,stakeholder,householder,moulder,holder,policyholder,noteholder,folder,debtholder,polder,boulder,shareholder,older,landholder,titleholder,mossholder,junkholder,officeholder,freeholder,unitholder,molder,colder,cardholder,dolder,smolder,beholder,bondholder,nolder
scolders,
scolding,kolding,beholding,golding,upholding,molding,bolding,shareholding,bankholding,underwithholding,holding,unfolding,handholding,landholding,stockholding,folding,moulding,withholding,shipholding
scoldingly,
scoldings,
scolds,folds,withholds,bolds,footholds,strongholds,wolds,molds,olds,colds,unfolds,bowlds,marigolds,aholds,thresholds,moulds,foulds,holds,households,upholds,golds
scoleces,
scoleciasis,
scolecid,
scolecida,
scoleciform,
scolecite,pallasite,pollucite
scolecoid,
scolecology,
scolecophagous,
scolecospore,
scoley,
scoleryng,
scoles,patrols,petroles,charcoals,postholes,foals,extols,sowles,creoles,bolls,rowles,scholes,blowholes,trolls,holes,payrolls,tolls,goelz,volz,enrolls,flagpoles,souls,bolz,proles,krumholz,bowls,strolls,bowles,wholes,scholz,tolles,scrolls,bankrolls,sholes,noles,loopholes,nolls,holz,knolls,superbowls,oles,potholes,boals,pinholes,bolles,kohls,scholze,folz,foxholes,knowles,golz,stolz,shoals,moles,tadpoles,fumaroles,joles,consoles,toles,coles,goals,keyholes,bubolz,sproles,windholz,doles,orioles,seminoles,boles,monopoles,pols,dholes,coals,polls,rolls,roles,poles,stolze,controls,stoles,paroles,buttonholes,wolz,soles,redpolls,voelz,voles,knoles
scolex,pollex,alcoholics,bollix,frolics,pollacks,hydraulics,pollocks,workaholics,pollux,bollocks,symbolics
scolia,scholia,folia,mongolia,magnolia
scolices,molluscs,squalus,bialas,lawlis,savalas,hollis,awless,naftalis,lawless,cornwallis,salis,solace,paulus,flawless,wallace,gonzales,collis,jawless,follis,lalas,gunsalus,wallis,mollusc,molasse,gallous,aweless,clawless
scoliid,
scoliidae,
scolymus,solemness
scoliograptic,
scoliokyposis,
scolioma,
scoliomas,
scoliometer,oleometer
scolion,mongolian,anatolian,holien,scholion,napoleon,holian
scoliorachitic,
scoliosis,
scoliotic,
scoliotone,
scolite,
scolytid,
scolytidae,
scolytids,
scolytoid,
scolytus,boletus,hippolytus,politesse
scollop,lollop,trollop,call-up,ballup,wallop,polyp,dollop
scolloped,
scolloper,
scolloping,
scollops,
scoloc,
scolog,
scolopaceous,
scolopacidae,
scolopacine,
scolopax,
scolopendra,
scolopendrella,
scolopendrellidae,
scolopendrelloid,
scolopendrid,
scolopendridae,
scolopendriform,
scolopendrine,
scolopendrium,
scolopendroid,
scolopes,
scolophore,
scolopophore,
scolops,
scomber,somner,vaagmer,omber
scomberoid,
scombresocidae,
scombresox,
scombrid,
scombridae,
scombriform,
scombriformes,
scombrine,
scombroid,
scombroidea,
scombroidean,
scombrone,
scomfit,
scomm,nom,quam,thromb,qualm,tom,rom,lomb,embalm,praam,bomb,malm,calm,salam,shalm,brom,mam,baum,som,bohme,somme,pom,panmunjom,cocom,glaum,firebomb,raum,clomb,surinam,thom,islam,pogrom,yom,mom,intercom,palm,salaam,becalm,homme,grom,com,qom,halm,guam,blom,strom,bombe,salm,stromb,hom,aplomb,rhomb,cdrom,glomb,bom,fromm,shawm,pomme,squam,sitcom,caricom,daum,qualcomm,vietnam,traum,plomb,saddam,chrom,dom,balm,palme,bohm,psalm,prom,flom
sconce,nonce,bonce,faunce,gonce,ensconce,schronce,gaunce,yonce,scronce,aix-en-provence,response,nonchalance,skonce,hans,reponse,lesperance,honse,jaunce,paunce,schwanz,ponce,chaunce,vaunce,renaissance,haunce,cronce,sconc,launce
sconced,
sconcer,
sconces,nonces,responses
sconcheon,strontian,ponchan,stanchion
sconcible,
sconcing,
scone,touchstone,zone,tone,sloan,milestone,disown,overthrown,unknown,gladstone,moan,rone,loan,leone,backbone,homegrown,overblown,own,telephone,gemstone,clone,t-bone,lodestone,sown,saxophone,cobblestone,moonstone,rhinestone,jawbone,shown,cyclone,bemoan,sharon,known,alone,microphone,postpone,blown,argonne,condone,thrown,keystone,shone,chaperone,earphone,sewn,cornerstone,crone,millstone,hone,brownstone,lone,flown,whetstone,xylophone,limestone,joan,hormone,undertone,cicerone,overtone,capstone,pheromone,silicone,headstone,bone,rhone,collarbone,fone,intone,tombstone,acetone,headphone,cone,capone,mon,prone,throne,megaphone,groan,ozone,simone,francophone,testosterone,cologne,drone,anemone,homophone,monotone,phone,atone,baritone,mone,stone,grown,trombone,allophone,roan,strown
scones,unknowns,trones,megaphones,headphones,drones,thrones,pheromones,headstones,hones,cherrystones,undertones,reesjones,quinones,trombones,hormones,groans,crones,halftones,daimones,flintstones,hailstones,cobblestones,moonstones,goens,fones,gladstones,loans,jones,lohnes,tones,lones,tombstones,hipbones,homophones,sones,intones,keystones,allophones,limestones,owns,baritones,zones,rhinestones,airfones,earphones,gravestones,postpones,stones,clones,silicones,overtones,romanones,phones,mones,madstones,interacciones,saxophones,microphones,roans,telephones,condones,moans,cyclones,businessphones,soens,knowns,cheekbones,joens,gallstones,chaperones,leones,thoennes,backbones,milestones,bemoans,gemstones,rhys-jones,koans,cornerstones,cones,bones,goans,crossbones,flagstones
scooba,
scooch,looch,bueche,hooch,smooch,pooch,scrooch,puche,brooch,hootch,gooch,mooch
scoon,
scoop,hupeh,whoop,guadalupe,roope,coop,recoup,droop,gloop,shoup,shoop,koop,cloop,hupe,nincompoop,coupe,troupe,subgroup,dupe,wynkoop,croup,hoop,sloop,workgroup,groupe,drupe,roop,shupe,stoup,oop,goop,doupe,rupe,paratroop,troop,lupe,boop,troup,swoop,regroup,stroop,stupe,newsgroup,snoop,croupe,toupe,arup,stroupe,loop,poop,knoop,bloop,houp,stroup,stoop,loup,guadeloupe,intergroup,group,loupe,soup
scooped,trooped,pooped,snooped,grouped,swooped,cooped,looped,souped,trouped,regrouped,stooped,recouped,drooped,houpt,duped,hooped,whooped
scooper,super-,stooper,cowper,snooper,drooper,blooper,grouper,looper,kuper,super,stupar,hooper,stupor,whooper,duper,paratrooper,pooper,cooper,trouper,kuiper,luper,kupor,trooper
scoopers,supers,kuipers,snoopers,paratroopers,poopers,coopers,troupers,troopers,loopers,stupors,bloopers,groupers
scoopful,
scoopfulfuls,
scoopfuls,
scooping,hooping,shuping,whooping,drooping,snooping,swooping,looping,grouping,regrouping,cooping,duping,pooping,stooping,trooping,recouping,trouping
scoopingly,
scoop-net,
scoops,paratroops,loups,toops,snoops,stupes,nincompoops,poops,swoops,droops,toups,groups,woops,hoopes,dupes,koops,soups,workgroups,loops,goops,whoops,coupes,stoops,sloops,stoups,oops,medisgroups,newsgroups,recoups,coops,troupes,hoops,subgroups,drupes,troops
scoopsful,
scoot,execute,telecommute,wetsuit,spacesuit,salute,uproot,lieut,moot,constitute,scute,acute,chute,swimsuit,reroute,butte,pollute,clute,cahoot,persecute,recruit,destitute,shute,smoot,whoot,minute,lawsuit,glute,groot,absolute,root,attribute,absolut,route,disrepute,mute,dispute,substitute,boot,crapshoot,jute,enroute,institute,grapefruit,overshoot,electrocute,pantsuit,shoot,toot,astute,brute,hoot,offshoot,impute,malamute,prostitute,jumpsuit,commute,coot,restitute,klute,hirsute,suit,arrowroot,sweatsuit,convolute,lute,crute,fruit,snoot,reconstitute,bruit,subacute,cloot,beirut,newt,grassroot,brut,permute,resolute,cute,dilute,prosecute,refute,repute,breadfruit,skute,bute,loot,flute,parachute,compute,pursuit,bandicoot
scooted,persecuted,unsuited,diluted,undisputed,convoluted,commuted,recruited,constituted,booted,ootid,unrefuted,bruited,executed,routed,uprooted,reputed,luted,muted,imputed,undiluted,refuted,parachuted,electrocuted,substituted,fluted,rerouted,saluted,suited,computed,mooted,prosecuted,tooted,polluted,disputed,instituted,chuted,fruited,rooted,reconstituted,hooted,looted
scooter,rooter,superminicomputer,kuter,suter,schluter,troubleshooter,suiter,commuter,fluter,bueter,suitor,neuter,yeutter,tooter,router,muter,shooter,prosecutor,recruiter,cooter,tutor,minicomputer,looter,persecutor,luter,sharpshooter,mooter,rueter,pewter,hooter,sluiter,sutor,souter,computer,polluter,lewter,fruiter,ruter,cuter,microcomputer,telecommuter,supercomputer,ruiter,minisupercomputer
scooters,wooters,commuters,neuters,grooters,minicomputers,suitors,supercomputers,microcomputers,looters,routers,computers,recruiters,persecutors,shooters,hooters,telecommuters,superminicomputers,prosecutors,polluters,minisupercomputers,tutors,rooters
scooting,reconstituting,fluting,muting,constituting,disputing,rooting,parachuting,routing,supercomputing,polluting,instituting,diluting,hooting,shooting,routeing,persecuting,refuting,overshooting,bruiting,looting,rerouting,computing,telecommuting,luting,commuting,tooting,suiting,substituting,mooting,executing,fruiting,butung,bruting,prosecuting,recruiting,uprooting,chuting,saluting,bluetongue,booting,reinstituting
scoots,cutes,prosecutes,fruits,pollutes,mutes,stutes,flutes,persecutes,grapefruits,dilutes,schuetz,salutes,roots,offshoots,loots,coots,substitutes,absolutes,puetz,duits,cahoots,schuetze,macoutes,brutes,chutes,bootz,prostitutes,shutes,buttes,recruits,putes,bruits,bootes,newts,feutz,refutes,swimsuits,pantsuits,bandicoots,executes,parachutes,toots,wootz,jumpsuits,stoots,suits,lawsuits,constitutes,disputes,mootz,grassroots,pursuits,moots,smoots,scutes,routes,boots,commutes,snoots,shoots,glutes,institutes,spacesuits,kreutz,hoots,jutes,computes,lutes,attributes,ruetz
scop,
scopa,koppa,papa,hoppa,willapa,topau,quapaw,chapa,scapa,schiappa,poppadom,giampapa,poppa,joppa,matsapa
scoparin,
scoparium,
scoparius,
scopas,papas
scopate,
scope,stope,gastroscope,sope,allotrope,ophthalmoscope,rope,isotope,cantaloupe,laryngoscope,hope,telescope,gyroscope,shope,microscope,dope,cope,polariscope,koepp,bronchoscope,pope,mope,softsoap,interscope,groep,antroscope,lope,koep,soap,oscilloscope,proctoscope,elope,tightrope,schoepf,stethoscope,nope,swope,heliotrope,slope,kope,trope,periscope,misanthrope,envelope,kaleidoscope,isentrope,horoscope,knope,partenope,antelope,tope,grope,strope,endoscope,schoepp,epitope
scoped,roped,hoped,loped,moped,groped,coped,sloped,doped,soaped
scopeless,
scopelid,
scopelidae,
scopeliform,
scopelism,
scopeloid,
scopelus,
scopes,copes,gropes,ropes,hopes,isotopes,horoscopes,slopes,periscopes,mopes,lopes,cantaloupes,elopes,telescopes,stopes,tropes,gyroscopes,soaps,swopes,propes,stethoscopes,dopes,oscilloscopes,envelopes,allotropes,topes,microscopes
scopet,
scophony,
scopy,racioppi,opie,gopi,slopy,dopey,ropey,collopy,mopey,colopy,hopei,hopi,tropy,soapy
scopic,telescopic,laryngoscopic,coppock,hopak,laparoscopic,popick,philanthropic,hydropic,gyroscopic,polytropic,microscopic,geotropic,kopeck,topic,isotopic,tropic,myopic,isentropic,endoscopic
scopidae,
scopiferous,
scopiform,
scopiformly,
scopine,
scoping,doping,loping,soaping,groping,hoping,roping,moping,sloping,coping,oping
scopious,
scopiped,
scopol-,
scopola,
scopolamin,
scopolamine,reconvene,sheen,halloween,holstein,aberdeen,seen,saline,leen,wean,obscene,gasoline,umpteen,bromine,latrine,lean,contravene,teen,feine,amin,byzantine,augustine,convene,figurine,glean,cuisine,submarine,tangerine,clementine,libertine,preen,labyrinthine,thirteen,intervene,mein,wolverine,murine,casein,demean,scene,magazine,canteen,sardine,evergreen,gelatine,sunscreen,tourmaline,aquamarine,careen,hygiene,ravine,peregrine,aniline,mean,trampoline,mezzanine,bean,undine,marine,geraldine,internecine,guillotine,fifteen,irene,machine,green,foreseen,mien,routine,selene,agin,amphetamine,clean,eugene,gene,quarantine,sabine,nene,screen,baleen,between,opaline,sistine,kerosene,vien,jean,dean,serene,queen,limousine,lien,vaccine,treen,unforeseen,protein,argentine,philistine,florentine,keen,spleen,caffeine
scopoleine,
scopoletin,
scopoline,
scopone,
scopophilia,
scopophiliac,
scopophilic,
scopp,
scopperil,
scops,
scoptical,
scoptically,
scoptophilia,
scoptophiliac,
scoptophilic,
scoptophobia,
scopula,
scopulae,
scopularia,
scopularian,
scopulas,
scopulate,
,
