burdenous,
burdens,
burdensome,
burdensomely,
burdensomeness,
burdett,
burdette,let,marmoset,corvette,calumet,asset,octet,get,cornet,dragnet,tete,jet,tibet,vette,pret,tet,set,offset,epithet,vignette,suffragette,onset,outset,baguette,sublet,lafayette,vet,brunette,clarinet,sweat,reset,nett,preset,et,pipette,colette,yet,baronet,threat,heavyset,alphabet,rosette,bayonet,roulette,fret,flageolet,debt,cabriolet,soviet,sobriquet,net,beget,coronet,quartet,lorgnette,met,barrette,sunset,cigarette,abet,duet,chet,piet,cadet,mindset,charrette,forget,ret,smet,inset,antoinette,headset,pet,anisette,regret,gimlet,whet,vedette,stet,outlet,parapet,wet,joliet,inlet,ethernet,internet,sextet,brett,gazette,subset,upset,minaret,silhouette,quintet,beset,cassette,minuet,typeset,avocet,bet
burdick,herdic,murdick
burdie,
burdies,
burdigalian,
burdine,lupine,design,lifeline,mean,moonshine,endocrine,mien,line,assign,undermine,fine,malign,online,grapevine,bean,careen,sine,pipeline,dean,wean,bovine,refine,machine,preen,combine,contravene,align,spleen,queen,decline,philistine,magazine,shine,canine,leen,concubine,spine,obscene,confine,genuine,shrine,screen,benign,outline,incline,vaccine,wine,clean,canteen,quarantine,whine,demean,outshine,sign,pine,baseline,devine,gene,brine,green,scene,sunscreen,opine,evergreen,streamline,teen,convene,hygiene,asinine,tine,divine,between,stein,keen,supine,internecine,vine,mine,serene,ravine,protein,resign,sheen,intervene,lean,cuisine,routine,nine,byzantine,mezzanine,lien,fein,halloween,consign,define,glean,marine,libertine,deadline,enshrine
burdock,swordick
burdocks,perdix
burdon,unburden,yerdon,burden,worden,durdin,berdan,purdin,birden,verdin,verdon,purdon,burdin,overburden,chadderdon,durden,werden,verdun,jerden,virden,murden,derden
burds,
bure,
bureau,curro,buhrow,burow,turow,pleuro,neuro-,pleuro-,demuro,altamuro,montemurro,dimuro,thurow,politburo,arturo,murihuro,turo,maturo,tamburo,venacuro,tamburro,scaturro,euro,testuro,shimabukuro,muro
bureaucracy,democracy,autocracy,hypocrisy,meritocracy,aristocracy,theocracy
bureaucracies,democracies
bureaucracy's,
bureaucrat,acrobat,aristocrat,habitat,bat,chat,butterfat,caveat,spat,aerostat,nonfat,nat,gat,mat,cat,sprat,inmarsat,rat,platt,format,fat,chitchat,elat,kat,copycat,gnat,batt,matt,catt,vat,thundercat,bobcat,at,hat,thermostat,blatt,matte,wombat,brat,kitcat,sat,technocrat,pratt,splat,patt,brickbat,autocrat,plutocrat,tomcat,schmatte,sadat,babysat,platte,pat,hatte,ziggurat,begat,wildcat,laundromat,gujarat,diplomat,pussycat,scat,combat,doormat,slat,muskrat,flat,gatt,dat,strat,scatt,tat,scrat,latke,stat,glatt,polecat,democrat,tit-for-tat,bratt,that,patte,placemat
bureaucratese,tweeze,teas,ease,leas,jeez,belize,dees,niese,hypotheses,tease,sinhalese,japanese,freeze,peas,rameses,sease,sleaze,seas,wheeze,feces,javanese,these,striptease,wease,headcheese,chemise,indices,hercules,idiosyncrasies,mores,fees,appease,trapeze,creaze,pcs,skis,breeze,testes,taiwanese,munchies,unease,seize,reis,emphases,flees,guarantees,aziz,feaze,pease,pleiades,disease,keys,trees,diocese,agrees,balinese,burmese,tees,knees,sees,journalese,maltese,attendees,damocles,reprise,portuguese,isosceles,overseas,siamese,chese,cantonese,oversees,squeeze,parentheses,actuaries,lees,frieze,chinese,displease,please,socrates,bees,pleas,geez,louise,cadiz,manganese,degrees,maccabees,analyses,bes,sneeze,seese,antifreeze,cheese,fleas,expertise
bureaucratic,enzymatic,charismatic,sensormatic,fanatic,monochromatic,diagrammatic,systematic,rheumatic,lymphatic,emphatic,pratic,ecstatic,hanseatic,pancreatic,mattick,democratic,hyperchromatic,semiautomatic,matic,asthmatic,symptomatic,problematic,enigmatic,operatic,shattuck,homeostatic,acrobatic,aromatic,phosphatic,undemocratic,emblematic,diplomatic,socratic,numismatic,patak,hippocratic,undiplomatic,pragmatic,snattock,mathematic,phatic,klezmatic,axiomatic,melodramatic,austroasiatic,vatic,electrostatic,climatic,automatic,programmatic,prismatic,technocratic,aristocratic,dogmatic,autocratic,idiosyncratic,static,mattock,theocratic,prostatic,aerobatic,adriatic,pratique,pneumatic,asiatic,epigrammatic,batak,dramatic,thematic,psychosomatic,asymptomatic,traumatic,telematic,hepatic,informatic,idiomatic,erratic,schematic,phlegmatic,cinematic,posttraumatic,aquatic
bureaucratical,
bureaucratically,
bureaucratism,
bureaucratist,
bureaucratization,
bureaucratize,
bureaucratized,
bureaucratizes,
bureaucratizing,
bureaucrats,latz,doormats,shatz,platz,matts,pats,thats,dats,bratsche,vats,kratz,scats,rats,batz,frats,pussycats,hatz,splats,democrats,fats,datz,statz,caveats,ghats,nats,plats,technocrats,patz,kats,lats,flats,platts,ratts,prats,lattes,badavatz,aerostats,chats,batts,stats,mats,gnats,bahts,gatz,glatz,brickbats,oshatz,wombats,chatz,katz,thundercats,at-bats,thermostats,bats,formats,plutocrats,laundromats,klatsch,bratz,polecats,satz,gratz,combats,spats,acrobats,blats,blatz,wildcats,ratz,coseratz,schatz,brats,ziggurats,matz,diplomats,bratsk,tsatske,hats,mattes,sprats,atz,copycats,slats,rosenblatts,spatz,habitats,cats,aristocrats
bureaucrat's,
bureaus,
bureau's,
bureaux,
burel,herrell,baril,peril,ceryl,carole,herrle,terral,scleral,meryll,therrell,carol,darryl,verrall,erol,sterile,ferol,karel,farrell,merrill,farrel,ocarroll,ferrall,burell,jerrell,wehrle,sherrill,errol,terrell,ferrell,sheryl,harrell,jheryl,terrill,behrle,deryle,darrel,caryl,ofarrell,jerel,verrel,nerol,ferrol,sherrell,beryl,apparel,merrell,berrill,sharyl,feral,sterol,barrel,terrel,imperil,daryl,cheryl,darrell,pork-barrel,meryl,carroll
burelage,
burele,
burely,
burelle,
burelly,
buren,turin,furan,honduran,vanvooren,burin,suren,urine,buron,murin,duren,pleuron,fleuron
buret,murat,jurat,seurat,gurit,curate,curat,turatt
burets,
burette,
burettes,
burez,
burfish,
burford,herford,retherford,comerford,hurford
burfordville,
burg,luxembourg,mcclurg,ferg,battenberg,berg,burge,bergh
burga,thurgau,durga,terga
burgage,
burgages,
burgality,
burgall,tergal,nergal,burgle
burgamot,
burganet,burgonet
burgas,virgos
burgau,
burgaudine,
burgaw,
burg-bryce,
burge,luxembourg,mcclurg,ferg,battenberg,berg,burg,bergh
burgee,bergie,virgie,fergie
burgees,
burgener,
burgenland,
burgensic,
burgeon,durgin,spurgin,sturgeon,virgin,surgeon,turgeon,yeargin,neurosurgeon,virgen,spurgeon
burgeoned,
burgeoning,
burgeons,virgins,neurosurgeons,surgeons,sturgeons
burger,burgher,ferger,joerger,rheinberger,jerger,scherger,gerger,berger
burgers,burghers
burgess,sturgis
burgessdom,
burgesses,
burgess's,
burgess-ship,
burget,berget
burgettstown,
burggrave,burgrave
burgh,boere,chirr,churr,skirr,whirr,chirre
burghal,burrhel,burhel,pyrrol,worral,wirral,turrel,burrel
burghalpenny,
burghal-penny,
burghbote,
burghemot,
burgh-english,
burgher,burger,ferger,joerger,rheinberger,jerger,scherger,gerger,berger
burgherage,
burgherdom,
burgheress,
burgherhood,
burgheristh,
burghermaster,
burghers,burgers
burgher's,
burghership,
burghley,
burghmaster,
burghmoot,
burghmote,
burghs,durres,ypres,furze,thurs,murres
burgin,wergin,yeargain,bergen,yeargan,bergan,yergin,juergen,kirgan,vanbergen,durgan,vonbergen,mergen,jurgen,gergen
burglar,
burglary,
burglaries,
burglarious,
burglariously,
burglary's,
burglarise,
burglarised,
burglarising,
burglarize,scrutinize,energize,revise,rationalize,metastasize,finalize,optimize,crystallize,compromise,surprise,arise,emphasize,supplies,eyes,mobilize,wise,sunrise,devise,despise,recognize,capitalize,rise,prioritize,utilize,synchronize,surmise,otherwise,stigmatize,chastise,mesmerize,exercise,flies,analyze,subsidize,baptize,mize,organize,polarize,stabilize,aggrandize,minimize,galvanize,antagonize,guise,customize,sympathize,prise,materialize,empathize,jeopardize,proselytize,guys,memorize,apprise,synthesize,amortize,authorize,pulverize,familiarize,demise,disenfranchise,allies,tantalize,marginalize,criticize,apologize,epitomize,plagiarize,likewise,socialize,reprise,emprise,improvise,lies,revitalize,capsize,belies,characterize,harmonize,ostracize,catalyze,ties,fries,realize,visualize,patronize,comprise,prize,enterprise,advise,maximize,advertise,summarize,hypothesize,merchandise,franchise,supervise,size,paralyze,disguise
burglarized,apprised,despised,motorized,traumatized,localized,globalized,baptized,caramelized,disenfranchised,revised,mechanized,penalized,prised,antagonized,agonized,prized,disorganized,urbanized,formalized,unrecognized,patronized,surmised,centralized,advised,excised,improvised,stylized,computerized,amortized,galvanized,realized,comprised,outsized,finalized,homogenized,circumcised,pasteurized,crystallized,compromised,canonized,emphasized,normalized,naturalized,pressurized,criticized,disguised,analyzed,ostracized,mesmerized,devised,organized,capitalized,hypnotized,subsidized,apologized,epitomized,desensitized,annualized,jeopardized,recognized,utilized,authorized,oversized,sized,stabilized,incised,demoralized,synchronized,energized,marginalized,scrutinized,paralyzed,unorganized,familiarized,unauthorized,polarized,harmonized,publicized,customized,capsized,balkanized,metastasized,characterized,surprised,exercised,synthesized,civilized,chastised,underutilized,decentralized,undisguised,standardized,idealized,specialized,personalized,categorized,generalized,itemized,advertised,stigmatized
burglarizes,
burglarizing,
burglarproof,
burglarproofed,
burglarproofing,
burglarproofs,
burglars,
burglar's,
burgle,nergal,tergal,burgall
burgled,
burgles,
burgling,bergling,gurgling
burgoyne,beaudoin,jodoin,enjoin,bourgoin,micoin,coin,baudoin,chicoine,boudoin,koine,mcgloin,chaudoin,quoin,goin,loin,groin,join,conjoin,lemoine,moines,tretinoin,goyne,soigne,bowdoin,adjoin,coyne,broin,mccoin,boyne,aucoin,leoine,royne,groyne,ardoin,hoyne,purloin,rejoin,raboin,tenderloin
burgomaster,postmaster,concertmaster,stratocaster,faster,vaster,aster,podcaster,alabaster,goodpaster,ringmaster,taskmaster,gaster,blaster,sportscaster,quartermaster,jaster,macmaster,disaster,schoolmaster,plaster,grandmaster,pastor,laster,broadcaster,toastmaster,buckmaster,newscaster,raster,astor,kaster,paster,castor,roadmaster,master,pilaster,oleaster,headmaster,scoutmaster,lancaster,webmaster,forecaster,caster,mcmaster
burgomasters,disasters,broadcasters,castors,pastors,headmasters,blasters,postmasters,lemasters,casters,plasters,forecasters,pilasters,mcmasters,jewelmasters,newscasters,asters,masters,sportscasters
burgomastership,
burgonet,burganet
burgonets,
burgoo,
burgoon,
burgoos,
burgos,
burgout,
burgouts,
burgrave,burggrave
burgraves,
burgraviate,
burgs,
burgul,
burgullian,
burgundy,
burgundian,
burgundies,
burgus,
burgware,
burgwell,
burgwere,
burh,
burhans,
burhead,
burhel,burrhel,pyrrol,worral,wirral,turrel,burghal,burrel
burhinidae,gyrinidae
burhinus,
burhmoot,
buri,pluri,centuri,idrocarburi,dury,durie,arcuri,muri,turri,burri,duri,furey,poori,yuri,mercure,laverdure,fury,lurie,venturi,fleury,turi,kouri,youri,curie,koori,tamburri,puri,yury,pluri-,mercuri,pleurae,zuri,widuri,moncure,missouri,jury
bury,wary,monetary,scary,confectionary,stationary,adversary,contemporary,sanitary,aerie,fairy,airy,emissary,missionary,eyrie,primary,beneficiary,military,dysentery,cautionary,commentary,revolutionary,raspberry,corollary,berry,blueberry,subsidiary,nary,capillary,sedentary,fiduciary,confectionery,culinary,unitary,ary,contrary,apothecary,legendary,library,luminary,epistolary,discretionary,huckleberry,pulmonary,dairy,salutary,judiciary,dictionary,ferry,temporary,visionary,tertiary,february,veterinary,carry,mulberry,proprietary,obituary,hairy,unnecessary,extraordinary,solitary,harry,hereditary,barre,mercenary,marry,imaginary,preliminary,secondary,very,lapidary,tributary,prairie,customary,parry,itinerary,cherry,tarry,strawberry,reactionary,arie,vocabulary,arbitrary,monastery,secretary,estuary,sanctuary,stationery,seminary,cemetery,vary,literary,ancillary,gooseberry,mary,canary,ordinary,necessary,merry,pecuniary
buriable,
burial,actuarial,cerrial,parial,adversarial,aerial,mariel,ariel,secretarial,malarial
burial-ground,
burial-place,
burials,aerials
burian,turion,centurion,venturian,tureen,missourian,kurian,arthurian,durian,epicurean,gurion,pagurian,gurian,durion,timurian
buriat,
buryat,
buryats,
buried,varied,remarried,berried,unmarried,ferried,married,parried,harried,carried
buriels,
burier,glarier,merrier,marier,terrier,harrier,farrier,carrier,perrier,ferrier,verrier,harier,airier,guerrier,barrier,cherrier,berrier,varier,verier,scarier
buriers,
buries,blueberries,beneficiaries,sanctuaries,aviaries,militaries,fairies,proprietaries,ferries,daris,aires,libraries,monasteries,dictionaries,mercenaries,fiduciares,commentaries,harries,berris,reactionaries,obituaries,ordinaries,raspberries,thornberrys,antares,sherris,cemeteries,strawberries,cherries,revolutionaries,functionaries,karis,jerries,tributaries,contemporaries,estuaries,canaries,secondaries,sherries,carries,miniseries,intermediaries,thornburys,gooseberries,marries,aries,dignitaries,capillaries,secretaries,luminaries,corollaries,confectionaries,adversaries,missionaries,berries,legionaries,itineraries,primaries,emissaries,terese,blackberries,marys,fiduciaries,commissaries,paramilitaries,caries,subsidiaries,maries,rameriz,varies,cranberries,seminaries,temporaries,preliminaries,dairies,paries
burying,varying,ferrying,dairying,marrying,remarrying,carrying,berrying
burying-ground,
burying-place,
burin,turin,furan,honduran,vanvooren,suren,buron,urine,murin,buren,duren,pleuron,fleuron
burinist,
burins,hurons,furans,hondurans
burion,
burys,
buriti,
burk,woodwork,murch,werke,jerk,housework,metalwork,plasterwork,clerk,footwork,murk,erk,work,clerc,quirk,turk,birk,bjerke,firework,legwork,cirque,leclerc,klerk,merk,clockwork,lurk,artwork,homework,merc,berk,teamwork,network,masterwork,roadwork,rework,spadework,kirk,casework,openwork,fieldwork,smirk,patchwork,needlework,handiwork,earthwork,schoolwork,perc,quirke,kirch,guesswork,paperwork,ataturk,berserk,overwork,burke,kurk,irk,lerch,bourke,piecework,latticework,waterwork,groundwork,dirk,werk,beadwork,merck,shirk,derk,perk,framework,mcgurk,sirk,berke,brushwork
burka,furca,dirca,gurkha,burqa,merca
burkburnett,
burke,woodwork,murch,werke,jerk,housework,metalwork,plasterwork,clerk,footwork,murk,erk,work,clerc,quirk,turk,birk,bjerke,firework,legwork,cirque,leclerc,klerk,merk,clockwork,lurk,artwork,homework,merc,berk,teamwork,network,masterwork,roadwork,rework,spadework,kirk,casework,openwork,fieldwork,smirk,patchwork,needlework,handiwork,earthwork,schoolwork,perc,quirke,kirch,guesswork,paperwork,ataturk,berserk,overwork,kurk,irk,lerch,bourke,piecework,latticework,waterwork,groundwork,dirk,werk,beadwork,merck,shirk,derk,perk,framework,mcgurk,sirk,berke,burk,brushwork
burked,jerked,quirked,irked,worked,perked,lurked,shirked,clerked,networked,merkt,overworked,smirked,reworked
burkei,
burker,
burkers,
burkes,berkes,dircks,kirks,iwerks,overworks,dirks,dirkes,waterworks,artworks,voiceworks,shirks,perks,fireworks,masterworks,burks,birks,quirks,steelworks,percs,patchworks,turks,lurks,dirkse,dreamworks,toolworks,irks,works,networks,clerks,birkes,jerks,smirks,derks
burkesville,
burket,circuit,burkett,burkitt,birkett,microcircuit,turcott
burkett,circuit,burkitt,birkett,microcircuit,burket,turcott
burkettsville,
burkeville,
burkha,
burkhard,burckhard
burkhardt,kirkhart,burkhart,burckhardt
burkhart,kirkhart,burkhardt,burckhardt
burking,networking,metalworking,jerking,perking,shirking,reworking,hardworking,smirking,woodworking,clerking,frerking,working,overworking,lurking,werking
burkite,
burkites,
burkitt,circuit,burkett,birkett,microcircuit,burket,turcott
burkittsville,
burkle,great-circle,sterkel,terkel,birkel,percle,circle,turkel,pirkl,zirkle,merkle,burchell,burkel,berkel,heterocercal,encircle,merkel,pirkle,urkel,birchall,zirkel
burkley,berklee,clerkly,merkley,berkeley,berkley,kirkley
burkundauze,
burkundaz,
burkville,
burl,hearl,shirl,swirl,herl,earll,merle,curl,unfurl,nerl,birle,sperle,perl,pearle,berle,earl,kerl,earle,pearl,searle,perle,sperl,hurl,girl,showgirl,twirl,cowgirl,whorl,merl,werle,erl,whirl,searl,wurl
burlace,
burladero,
burlap,pap,trapp,backslap,yapp,stapp,dapp,chap,sapp,zap,rapp,wrap,slap,scrap,hubcap,papp,lap,slapp,crap,stopgap,kneecap,catnap,giap,app,ascap,flytrap,cap,napp,capp,frapp,map,frappe,snap,gap,clap,kidnap,mousetrap,handicap,tapp,sap,rap,hap,lapp,clapp,trap,shrap,flap,nappe,strap,knapp,mishap,jap,recap,tap,bootstrap,overlap,zapp,kapp,dimetapp,frap,entrap,asap,madcap,shap,wiretap,unwrap,mapp,yap,trappe,schappe,skycap,nap,nsdap
burlaps,
burlecue,
burled,world,twirled,westworld,swirled,purled,dreamworld,computerworld,pearled,netherworld,whorled,waterworld,infoworld,whirled,unfurled,neworld,furled,macworld,sunworld,curled,transworld,underworld,eworld,hurled
burley,kerley,akerley,worley,curley,murley,twirly,werley,pearly,cearley,girly,curly,earlie,shirlie,hurley,kirley,mccurley,adderley,early,brearley,swirly,shirley,surly,durley,verley,birley,kearley,shirlee,earley,hurly,sherley,perley,gurley,shurley,girlie,whirley,burly,turley,wherley,erly
burleycue,
burleigh,perla,lyerla
burleys,
burler,hurler,twirler,pearler,erler,whirler,curler
burlers,
burlesk,
burlesks,
burleson,burlison
burlesque,beske,kafkaesque,esque,keske,autodesk,grotesque,levesque,yeske,desk,geske,reaganesque,reske,meske,jeske,teske,romanesque,statuesque,leske
burlesqued,
burlesquely,
burlesquer,
burlesques,
burlesquing,
burlet,
burletta,
burly,kerley,akerley,worley,curley,murley,twirly,werley,pearly,cearley,girly,curly,earlie,shirlie,hurley,kirley,mccurley,adderley,early,brearley,swirly,shirley,surly,durley,verley,birley,kearley,burley,shirlee,earley,hurly,sherley,perley,gurley,shurley,girlie,whirley,turley,wherley,erly
burly-boned,
burlie,
burlier,earlier,pearlier,curlier,surlier
burlies,
burliest,pearliest,surliest,earliest,curliest
burly-faced,
burly-headed,
burlily,
burliness,curliness,earliness,surliness
burling,unfurling,pearling,swirling,durling,werling,sterling,serling,curling,gerling,swerling,eurosterling,twirling,sperling,merling,yearling,whirling,herling,hurling,berling,purling,stirling,spurling
burlingame,airframe,came,acclaim,became,declaim,grame,mainframe,graeme,counterclaim,squame,haim,bame,fame,ashame,timeframe,blame,mame,claim,inflame,sejm,surname,brandname,same,defame,aspartame,game,frame,rename,damme,flame,reclaim,whame,boehme,aim,cname,ame,tame,videogame,maim,rhame,nickname,aime,proclaim,ysame,bleyme,shame,dame,name,aflame,disclaim,ballgame,brame,exclaim,overcame,lame,boehm
burlingham,jam,clam,centigram,hologram,electrocardiogram,abram,lam,exam,tottenham,program,milligram,telegram,sam,bram,anagram,sram,alam,nam,flambe,mme,scram,microgram,cham,graham,yam,spam,pam,diaphragm,flam,tram,ham,nottingham,buckingham,tam,logjam,ram,madame,coram,sham,bam,engram,histogram,kam,cunningham,damn,kilogram,damm,logogram,monogram,graeme,tham,gram,swam,goddam,goddamn,mammogram,sonogram,flimflam,cam,damme,wolfram,programme,scam,rotterdam,sdram,priam,cram,gramme,durham,potsdam,stam,slam,oxfam,amsterdam,am,beckham,epigram,dam,wham,birmingham,hamm,dagenham,fram,siam,stram,polygram,plam,lamb,diagram,jamb,dithyramb,abraham,dram
burlington,turlington
burlison,burleson
burls,perls,cowgirls,berls,sirles,merles,hurls,furls,twirls,girls,showgirls,berles,whirls,pearls,whorls,swirls,curls,earls,searls,searles,earles
burma,irma,erma,scleroderma,derma,surma,burmah,derma-,perma,firma,lerma
burman,berman,germen,derman,turman,mcdurman,herman,germann,firman,singerman,yerman,predetermine,hermine,hermon,terman,sirman,yurman,sermon,hermann,thurman,thurmon,ferman,vermin,firmin,jermyn,german,perman,kerman,worman,lerhman,termine,ungermann,urman,kurman,determine,mcdearmon,gherman,sterman,scherman,fermin,sirmon,surman,ermine,schurman,sherman,dearmon,werman,jerman,birman,sturman,erman
burmannia,hermannia
burmanniaceae,
burmanniaceous,
burmans,germans,bermans,hermans,sirmons,sirmans,determines,sermons,firmans,sturmans
burmese,tweeze,teas,ease,leas,jeez,belize,dees,niese,hypotheses,tease,sinhalese,japanese,freeze,peas,rameses,sease,sleaze,seas,wheeze,feces,javanese,these,striptease,wease,headcheese,chemise,indices,hyades,hercules,idiosyncrasies,mores,fees,appease,trapeze,creaze,pcs,skis,breeze,testes,taiwanese,munchies,unease,seize,reis,emphases,flees,guarantees,aziz,feaze,pease,pleiades,disease,keys,trees,diocese,agrees,balinese,tees,knees,sees,journalese,maltese,attendees,damocles,reprise,portuguese,isosceles,overseas,siamese,chese,cantonese,oversees,squeeze,parentheses,actuaries,lees,frieze,chinese,displease,please,socrates,bees,pleas,geez,louise,cadiz,manganese,degrees,maccabees,analyses,bes,sneeze,seese,antifreeze,cheese,fleas,expertise
burmite,
burmo-chinese,
burn,laverne,earn,stirn,kirn,durn,hern,cern,redfern,chern,fern,ahearn,verne,taciturn,cogburn,hurn,thurn,fearn,yearn,heartburn,cockburn,concern,return,spurn,learn,dern,ahern,churn,byrne,unconcern,upturn,stern,adjourn,turn,zurn,sunburn,hearne,urn,discern,sauterne,vern,minturn,downturn,berne,herne,washburn,sterne,overturn,aherne,erne,kern,bern,hearn
burn-,
burna,
burnaby,
burnable,returnable,learnable,discernible
burnard,pickard,sparred,garde,brickyard,dillard,marred,guard,bankcard,ard,shipyard,chouinard,discard,junkyard,knarred,beauregard,wildcard,boatyard,gaspard,blowhard,disbarred,avant-garde,shard,lard,gerard,churchyard,safeguard,regard,billard,courtyard,barnard,vcard,backyard,godard,blvd,gnarred,lumberyard,stockyard,picard,canard,scarred,flashcard,starred,postcard,fugard,lazard,bongard,dockyard,scard,vanguard,graveyard,scorecard,card,lifeguard,bouchard,diehard,menard,hard,retard,chard,boulevard,farmyard,nard,leotard,bombard,parred,tarred,bernard,barnyard,bard,yard,barde,barred,charred,renard,mastercard,bodyguard,broussard,gard,schoolyard,belgard,carde,tared,disregard,jarred
burnbeat,
burn-beat,
burne,laverne,earn,stirn,kirn,durn,hern,cern,redfern,chern,fern,ahearn,verne,taciturn,cogburn,hurn,thurn,fearn,yearn,heartburn,cockburn,concern,burn,return,spurn,learn,bern,dern,ahern,churn,byrne,unconcern,upturn,stern,turn,zurn,sunburn,hearne,urn,discern,sauterne,vern,minturn,downturn,berne,herne,washburn,sterne,overturn,aherne,erne,kern,adjourn,hearn
burned,overturned,ferned,churned,returned,unturned,interned,sunburned,turned,unearned,unconcerned,kerned,unburned,concerned,sterned,spurned,learned,earned,discerned,adjourned,yearned
burned-out,
burned-over,
burney,gurney,ferny,kearny,czerny,kerney,jurney,cerney,birnie,hurney,durney,bernie,mcburney,birney,furney,attorney,turney,earney,cherny,ernie,berny,cerny,erny,tourney,nerney,cherney,berney,burnie,mcnerney,erney,verney,kearney,journey,mcbirney,schimberni
burneyville,
burne-jones,
burner,kerner,earner,turner,furner,verner,werner,berner,yearner,stoneburner,thurnher,lerner,schwerner,merner,afterburner,vernor,spurner,silberner,herner,ferner,learner,sterner,thurner,kirner,gerner,derner,churner
burner-off,
burners,learners,turners,earners,afterburners
burnet,wernet,bernat,kurnit,mcburnett,curnutt,bernett
burnetize,
burnets,
burnett,let,marmoset,corvette,calumet,asset,octet,get,cornet,dragnet,tete,jet,tibet,vette,pret,tet,set,offset,epithet,vignette,suffragette,onset,outset,baguette,sublet,lafayette,vet,brunette,clarinet,sweat,reset,nett,preset,et,pipette,colette,yet,baronet,threat,heavyset,alphabet,rosette,bayonet,roulette,fret,flageolet,debt,cabriolet,soviet,sobriquet,net,beget,coronet,quartet,lorgnette,met,barrette,sunset,cigarette,abet,duet,chet,piet,cadet,mindset,charrette,forget,ret,smet,inset,antoinette,headset,pet,anisette,regret,gimlet,whet,vedette,stet,outlet,parapet,wet,joliet,inlet,ethernet,internet,sextet,brett,gazette,subset,upset,minaret,silhouette,quintet,beset,cassette,minuet,typeset,avocet,bet
burnettize,
burnettized,
burnettizing,
burnettsville,
burnewin,
burnfire,
burnham,burnam,sternum
burny,
burnie,gurney,ferny,kearny,czerny,kerney,jurney,cerney,birnie,hurney,durney,bernie,mcburney,burney,birney,furney,attorney,turney,earney,cherny,ernie,berny,cerny,erny,tourney,nerney,cherney,berney,mcnerney,erney,verney,kearney,journey,mcbirney,schimberni
burniebee,
burnies,
burnight,
burning,durning,spurning,turning,yearning,werning,discerning,berning,churning,returning,learning,concerning,overturning,adjourning,kerning
burning-bush,
burning-glass,
burningly,yearningly
burnings,yearnings,earnings,turnings
burning-wood,
burnips,
burnish,furnish
burnishable,
burnished,furnished
burnished-gold,
burnisher,furnisher
burnishers,
burnishes,furnishes
burnishing,furnishing
burnishment,
burnley,turnley,sternly,wernli
burn-nose,
burnoose,
burnoosed,
burnooses,
burnous,furness,forness,sfernice,sternness,furnace,blastfurnace,urness,pernice,burness,vernis,furnas
burnoused,
burnouses,
burnout,knockout,all-out,about,throughout,stout,ridout,hangout,knout,flout,dugout,payout,grout,cutout,buyout,hideout,washout,handout,turnout,spout,clout,holdout,printout,dropout,out,cookout,shout,tryout,devout,breakout,lockout,readout,lookout,without,checkout,lout,trout,blowout,scout,bout,pout,roundabout,timeout,fallout,takeout,glout,tout,redoubt,drought,reroute,route,bailout,blackout,layout,rollout,gout,workout,doubt,sauerkraut,standout,snout,sprout,rout
burnouts,
burnover,
burns,downturns,kernes,mearns,adjourns,kerns,burnes,hearns,overturns,upturns,stearns,concerns,ferns,byrnes,terns,berns,yearns,spurns,earns,vernes,sauternes,learns,kearns,turns,discerns,returns,ternes,querns,churns,sterns
burnsed,
burnsian,
burnside,deride,confide,ride,pried,denied,genocide,override,worldwide,downside,tied,upside,fide,curbside,vide,lied,fortified,implied,glide,collide,broadside,stratified,applied,snide,qualified,complied,stride,classified,plied,dignified,astride,homicide,tide,chide,decide,coincide,hyde,yuletide,oxide,preoccupied,backslide,bride,divide,dried,subside,mortified,suicide,cyanide,apartheid,tried,justified,belied,reside,pride,satisfied,bonafide,preside,inside,beside,blindside,abide,occupied,ratified,guide,pied,certified,bromide,pesticide,slide,side,modified,wide,bide,landslide,cockeyed,peroxide,multiplied,amplified,seaside,unified,allied,outside,petrified,aside,decried,terrified,dioxide,hide,provide,eyed,wayside,shied,countryside,alongside,ide,diversified,backside,betide,defied,fratricide
burnsides,
burnsville,
burnt,learnt,current,bernd,bernt,berndt
burnt-child,
burntcorn,
burn-the-wind,
burntly,
burntness,
burnt-out,
burnt-umber,
burnt-up,
burntweed,
burnup,krupp,yup,hookup,lockup,pushup,sup,backup,markup,standup,blowup,start-up,close-up,up,startup,buttercup,roundup,setup,checkup,buildup,teacup,pup,holdup,grownup,closeup,coverup,cleanup,pickup,warmup,makeup,followup,breakup,ygwypf,push-up,pileup,wakeup,lineup,cup
burn-up,turnup,turn-up,turnip,burnap
burnut,
burnweed,
burnwell,
burnwood,
buro,
buroker,durocher
buroo,
burp,slurp,serpe,earp,chirp,usurp,hjerpe
burped,
burping,usurping,slurping,chirping
burps,stirps,serps,turps,twerps,stirpes,perps
burr,defer,ramseur,chauffeur,ur,schwer,scher,recur,myrrh,stir,kerr,demur,purr,deter,liqueur,connoisseur,were,amateur,monsieur,murr,fur,fleur,lafleur,per,gurr,concur,yer,spurr,entrepreneur,durr,longspur,mercosur,sur,cur,confer,fir,reoccur,schur,birr,shur,ver,thur,furr,prefer,ter,spur,slur,dirr,her,restaurateur,cofer,fer,ker,bir,refer,derbyshire,transfer,infer,shirr,pere,sir,pur,saboteur,incur,er,sher,der,inter,larkspur,occur,restauranteur,hur,bur,shir,blur,schnur,eure
burra,wirra,murra,pyrrha,durra,dourah,surra,doura,curragh,dhurra,sirrah,goura
burrah,
burras-pipe,
burratine,
burrawang,
burrbark,
burred,incurred,snowbird,word,burd,transferred,blurred,heard,deferred,catbird,watchword,songbird,slurred,foreword,overheard,alward,byword,redbird,hurd,catchword,whirred,unheard,purred,nerd,stirred,deterred,bluebird,uncured,reword,furred,demurred,password,occurred,curd,keyword,spurred,cowherd,byrd,gird,shorebird,ferd,thunderbird,kurd,mockingbird,inferred,absurd,conferred,third,preferred,bird,referred,crossword,undeterred,ladybird,chauffeured,sunbird,hummingbird,concurred,kingbird,firebird,recurred,gerd,herd,hird,interred,misheard
burree,
bur-reed,
burrel,burrhel,burhel,pyrrol,worral,wirral,turrel,burghal
burrel-fly,
burrell,tell,carmel,elle,carel,ravel,spell,accel,swell,knell,expel,retell,bethel,cel,dispel,bombshell,groundswell,hotel,bluebell,compel,fell,undersell,manuel,stairwell,el,caravel,morel,gel,infidel,clientele,tel,del,repel,well,rangel,mel,cartel,barbell,resell,hell,zinfandel,quel,aol,smell,nobel,lapel,oversell,ell,sel,isabel,marcel,seashell,decibel,materiel,quell,sell,eggshell,l,propel,chanel,yell,snell,befell,shell,citadel,doorbell,foretell,rebel,mademoiselle,bell,carousel,misspell,impel,dell,noel,michelle,outsell,pastel,nell,motel,jell,adele,bel,fidel,dumbbell,belle,parallel,farewell,mell,personnel,excel,cell,intel,nutshell,cowbell,maxwell,raphael,dwell,gazelle,pell
burrel-shot,
burrer,theurer,scheurer,stirrer,meurer,spurrer,furrer,steurer
burrers,
burrfish,surffish
burrfishes,
burrgrailer,
burrhead,
burrheaded,
burrheadedness,
burrhel,burhel,pyrrol,worral,wirral,turrel,burghal,burrel
burry,furry,mcmurrey,surrey,flurry,towery,gurry,murry,uri,ulery,mccurry,blurry,curry,hurri,mcmurry,demery,margory,currie,murray,kebab-n-kurry,frie,churry,murrie,surry,mcelmurray,vickery,currey,macmurray,purree,murree,demory,urey,beury,murrey,sirree,slurry,worry,flury,urie,scurry,hurry,lansbury
burrier,courier,scurrier,spurrier,worrier,blurrier,hurrier,currier,furrier
burriest,
burrill,choral,moral,reloral,torril,saurel,aural,borell,boral,thoral,murrill,lorel,oral,amoral,horal,turrill,morelle,sorell,murrell,immoral,roral,morell,forrill,koral,loral,balmoral,auroral,boreal,corle,sorrel,curle,borel,phlorol,chloral,moril,norrell,surrell,goral,zoril,borrel,laurel,quarrel,floral,durrell,horrell,tearle,hurrell,turrell,bawrel,sorel,forel,sorrell,orel,thorell,norell,coral,zorille
burring,firring,hering,schuring,heuring,during,furring,schering,purring,scheuring,whirring
burrio,
burris,
burrish,
burrito,dippolito,lozito,frito,benito,naruhito,ardito,nieto,shellito,polito,exposito,melito,miskito,prieto,fiorito,colavito,saporito,steato,alito,leto,hipolito,steato-,jovito,lotito,morabito,esposito,credito,szeto,divito,belsito,capito,vito,mirabito,milito,rovito,mosquito,sayito,carlito,incognito,granito,sposito,ajito,itoh,peto,bonito,petitto,devito,desposito,brito,nito,ghadafito,sito,sestito,zito,tito,losito,perito,sausalito,alamito,fedeccredito,veto,carpenito,pellerito,bommarito,territo,ito,marchitto,quito,ingenito,cerrito,marielito,petito,eppolito,dapolito,gitto,romito,zambito,seato,espirito,comito,ippolito
burritos,haritos,marielitos,miskitos,pothitos,alamitos,cerritos
burrknot,
burro,furrow,thorough,burrough,boro-,kingsborough,yarborough,pero,roseborough,burrow,genero,scarborough,roseboro,boro
burro-back,
burrobrush,
burrock,perique,purrock,girrock,tughrik,perruque
burros,furrows,burrows,boros,seguros,burroughs
burro's,
burroughs,cirrose,furrows,virose,porose,burrows,gyrose,faroes,boros,seguros,torose,burros,cirrhose
burrow,furrow,thorough,burro,burrough,boro-,kingsborough,yarborough,pero,roseborough,genero,scarborough,roseboro,boro
burrow-duck,
burrowed,furrowed
burroweed,
burrower,
burrowers,
burrowing,furrowing
burrows,furrows,boros,seguros,burroughs,burros
burrowstown,
burrows-town,
burr-pump,
burrs,scherz,fors,monsieurs,amateurs,restauranteurs,kurz,connoisseurs,burres,messieurs,firs,jurs,entrepreneurs,yours,refers,defers,deters,stirs,ers,concurs,prefers,liqueurs,blurs,infers,hers,confers,merz,occurs,years,schreurs,spurs,longspurs,demurs,wirz,furs,incurs,restaurateurs,arbitrageurs,saboteurs,transfers,lurz,whirs,chauffeurs,slurs,mers,herz,purrs,perz,wurz
burr's,
burrstone,
burr-stone,
burrton,
burrus,puris,honduras,burruss,mooress,juris,durous,kurus,assuras,alturas,purus,tsuris,murices,arcturus,purace
burs,
bursa,
bursae,bercy,cerci,thyrsi,merci
bursal,versal,reversal,pursel,hearsal,dispersal,tercel,universal,persall,pursell,rehearsal
bursar,worser,mercer,reverser,nurser,terser,purser,cursor,versor,verser,curser,precursor
bursary,
bursarial,
bursaries,
bursars,precursors,cursors,pursers,mercers,reversers
bursarship,mercership,pursership
bursas,versos
bursate,
bursati,
bursattee,
bursautee,
bursch,kirsch,hersh,hirsch,hersch,bersch,gersch,dersch,kirsh,gersh,mersch,hirsh,hursh,kersh,kersch,lersch
burschenschaft,
burschenschaften,
burse,adverse,disburse,bearss,perce,kerce,purse,immerse,diverse,vers,obverse,reverse,nurse,disperse,scearce,intersperse,terse,converse,coerce,pers,transverse,submerse,inverse,furse,rehearse,pearse,bearce,curse,universe,kearse,verse,perse,traverse,googleverse,worse,merce,emerse,bearse,reimburse,hearse,averse,perverse,biodiverse
bursectomy,
burseed,
burseeds,
bursera,
burseraceae,
burseraceous,
burses,
bursicle,
bursiculate,
bursiform,ursiform,perciform
bursitis,
bursitises,
bursitos,
burson,layperson,merson,persson,berson,iversen,urson,person,businessperson,macpherson,weatherperson,chairperson,pherson,herson,mcpherson,worsen,congressperson,salesperson,gerson
burst,wurst,conversed,cursed,furst,first,werst,versed,reversed,cloudburst,seafirst,unrehearsed,outburst,hurst,thirst,immersed,unreimbursed,hirst,worst,emersed,interspersed,kerst,coerced,traversed,pursed,whitehurst,interfirst,nursed,hearst,durst,gerst,allenhurst,kirst,berst,rehearsed,headfirst,huerst,merced,disbursed,guaranty-first,medfirst,dispersed,reimbursed,herst,submersed,brookhurst
burst-cow,
bursted,
burster,thirster,wurster,gerster,worster
bursters,
bursty,thirsty,kirstie,bloodthirsty
burstiness,
bursting,thirsting,kersting,worsting
burstone,
burstones,
bursts,thirsts,outbursts,worsts,firsts
burstwort,
bursula,
burt,vert,outskirt,blurt,humpert,gumpert,mcguirt,kirt,schwerdt,reassert,wirt,miniskirt,burtt,overt,avert,desert,peart,exert,boisvert,flirt,revert,lampert,mcgirt,kuhrt,birt,nightshirt,extrovert,subvert,thibert,concert,girt,dilbert,pervert,berte,hurtt,spurt,shirt,kurt,squirt,assert,invert,bert,divert,pert,disconcert,hurt,introvert,wert,insert,hirt,hert,curt,unhurt,inert,turret,evert,alert,sweatshirt,mcwhirt,undershirt,quirt,convert,purt,herdt,gert,dessert,chert,vanwert,dirt,skirt,erte
burta,
burthen,
burthened,
burthening,
burthenman,
burthens,
burthensome,
burty,
burtie,
burtis,decurtis,curtis,albertus,curtiss,kurtis
burton,emberton,howerton,leverton,blurton,haliburton,berton,pilkerton,turton,curtain,kirton,eatherton,murton,girten,uncertain,merton,wolverton,urton,girton,worton,emerton,etherton,certain,merten,halliburton,bertin,curtin
burtonization,
burtonize,
burtons,
burtonsville,
burton-upon-trent,
burtree,
burtrum,
burtt,vert,outskirt,blurt,humpert,gumpert,mcguirt,kirt,schwerdt,reassert,wirt,miniskirt,overt,avert,desert,peart,exert,boisvert,flirt,revert,lampert,mcgirt,kuhrt,birt,nightshirt,extrovert,subvert,thibert,concert,girt,dilbert,pervert,burt,berte,hurtt,spurt,shirt,kurt,squirt,assert,invert,bert,divert,pert,disconcert,hurt,introvert,wert,insert,hirt,hert,curt,unhurt,inert,turret,evert,alert,sweatshirt,mcwhirt,undershirt,quirt,convert,purt,herdt,gert,dessert,chert,vanwert,dirt,skirt,erte
burucha,
burundi,lundy,cindi,cundy,fundy,grundy,fundie,sundy,gundy,bundy,monday,mundie,fundi,mundi,mundy,ulundi,vangundy
burundians,
burushaski,
burut,
burweed,
burweeds,
burwell,
bus,kus,trus,shas,mistrusts,hasenfus,brusk,bruss,nuss,busse,guss,cus,careplus,schoolbus,sus,suss,buss,klus,muhs,kuss,minibus,us,prus,vanhuss,plus,russ,wass,banderas,nonpluss,adjusts,wuss,quice,gus,krus,truss,ghattas,schuss,pruss,xus,muckenfuss,puss,superfluous,tusseh,usphs,rus,fuhs,discuss,tusche,huss,papenfuss,thus,gruss,brus,sluss,cuss,russe,fuss,goldfus,eurailpass,pus,barfuss,struss
bus.,
busaos,
busbar,
busbars,
busby,buzby
busbies,
busboy,alloy,croix,goy,toye,bolshoi,gilroy,moye,joye,cfroi,carboy,employ,annoy,toy,pomeroy,woy,flournoy,oi,oy,choy,hoy,savoy,oye,polloi,doi,bellboy,choi,troy,playboy,croy,attaboy,ahoy,illinois,corduroy,stoy,malloy,iroquois,mccoy,leroy,joy,roi,schoolboy,monroy,convoy,enjoy,foie,decoy,doughboy,soy,oie,boy,kilroy,mcelroy,neu,elroy,coy,roy,boye,laboy,loy,ploy,fitzroy,lovejoy,redeploy,tomboy,yoy,highboy,foy,quemoy,lacroix,cowboy,fauntleroy,tolstoy,destroy,hoi,moy,deploy,cloy
busboys,homeboys,alloys,enjoys,attaboys,croys,hoise,deploys,croise,ploys,annoys,boyz,boys,employs,boyes,moyes,troise,noyes,mccoys,convoys,joys,schoolboys,boies,toys,moise,illinois,poise,cowboys,noise,eloise,froise,roys,destroys,troyes,aloys,toise
busboy's,
buscarl,
buscarle,
busch,push,flatbush,winbush,cush,quackenbush,firebush,ritterbusch,federbush,tush,schimmelbusch,kush,furbush,wedbush,smosh,bush,forbush,rosebush,shadbush,ambush
buschi,
busching,
buseck,
bused,guste,disgust,distrust,trussed,unadjust,trust,thrist,mistrust,thrust,prust,glist,clevetrust,robust,fust,mussed,adjust,crust,combust,citytrust,brust,trist,just,discussed,cussed,must,dust,nonplussed,lust,blissed,clist,yust,entrust,knust,healthtrust,antitrust,ameritrust,encrust,bussed,gust,suntrust,centrust,fussed,busked,blust,prudentrust,juste,wanderlust,rust,hust,incrust,stardust,pentrust,bust,sussed,sawdust,giftrust,meditrust,readjust,unjust
busey,guzy,boozy,susie,hussy,feraluzi,doozy,jacuzzi,woosy,uzi,bussie,russey,copse,fusee,debussy,gussie,drusie,russky,woozy,fussy,hussey,susy,russki,leuzzi,choosy,deci-,suzy,busky,choosey,buzze,ferruzzi,mussy,bussey,tussey,pusey,newsy,bluesy,ducey,bussi,jussi,floozy,musci,cousy,gussy,iannuzzi,drusy,caluzzi
busera,
buses,fusses,minibuses,blisses,busses,musses,cusses,pisses,trusses,pusses,wusses,guses,pluses,furnaces,discusses,disses
bush,push,flatbush,winbush,cush,quackenbush,firebush,busch,ritterbusch,federbush,tush,schimmelbusch,kush,furbush,wedbush,smosh,forbush,rosebush,shadbush,ambush
bushbaby,
bushbashing,
bushbeater,
bushbeck,
bushbody,
bushbodies,
bushboy,
bushbuck,
bushbucks,
bushcraft,
bushed,pushed,smoshed,ambushed
bushey,bushy,pushy,cushey,cushy,bushie
bushel,bushell
bushelage,
bushelbasket,
busheled,
busheler,
bushelers,
bushelful,
bushelfuls,
busheling,
bushelled,
busheller,
bushelling,
bushelman,
bushelmen,
bushels,
bushel's,
bushelwoman,
busher,pusher
bushers,
bushes,pushes,smoshes,tushes
bushet,beshut,cushat,blushet
bushfighter,
bush-fighter,
bushfighting,
bushfire,
bushfires,
bushful,
bushgoat,
bushgoats,
bushgrass,
bush-grown,
bush-haired,
bushhammer,
bush-hammer,
bush-harrow,
bush-head,
bush-headed,
bushi,
bushy,pushy,cushey,bushey,cushy,bushie
bushy-bearded,
bushy-browed,
bushido,
bushidos,
bushie,bushy,pushy,cushey,bushey,cushy
bushy-eared,
bushier,pushier
bushiest,pushiest
bushy-haired,
bushy-headed,
bushy-legged,
bushily,pushily
bushiness,pushiness
bushing,cushing,pushing,smoshing,ambushing
bushings,
bushire,
bushy-tailed,
bushy-whiskered,
bushy-wigged,
bushkill,
bushland,
bushlands,
bush-league,
bushless,
bushlet,
bushlike,
bushmaker,
bushmaking,
bushman,cushman
bushmanship,
bushmaster,
bushmasters,
bushmen,
bushment,
bushnell,
bushongo,
bushore,
bushpig,
bushranger,
bush-ranger,
bushranging,
bushrope,
bush-rope,
bush-shrike,
bush-skirted,
bush-tailed,
bushtit,
bushtits,
bushton,
bushveld,
bushwa,
bushwack,
bushwah,
bushwahs,
bushwalking,
bushwas,
bushweller,
bushwhack,rack,wack,knack,feedback,rollback,knapsack,maniac,soundtrack,outback,kodak,razorback,aback,unpack,paque,counterattack,setback,backtrack,smack,brack,lilac,clack,shack,blackjack,humpback,quack,kickback,cognac,rucksack,pak,jacques,comeback,attack,flashback,throwback,skipjack,tac,snack,wisecrack,jack,greenback,pontiac,stack,racetrack,chirac,black,almanac,sidetrack,fallback,hatchback,megalomaniac,cutback,yack,pack,hijack,amnesiac,lumberjack,whack,tarmac,thwack,tack,payback,zodiac,eniac,back,crack,mack,ack,quarterback,yak,plaque,cardiac,sac,backpack,nymphomaniac,plack,knickknack,sack,insomniac,mac,flapjack,track,claque,piggyback,drawback,flak,lac,pac,anorak,hack,slack,frack,ransack,cadillac,flack,wrack,lack,dak,fac
bushwhacked,retract,piggybacked,snacked,impact,distract,contract,attacked,thwacked,slacked,transact,abstract,hijacked,yacked,interact,yakked,redact,intact,subcontract,overreact,packed,whacked,tact,calked,artifact,maced,ransacked,shacked,hacked,carjacked,backtracked,stacte,extract,reenact,blacked,backed,attract,pact,protract,contact,sacked,cracked,clacked,tract,tracked,smacked,detract,exact,subtract,sidetracked,stacked,compact,inexact,schacht,fract,overact,enact,bracht,jacked,quacked,unpacked,fact,react,counteract,diffract,racked,tacked,lacked,act,wracked,bract
bushwhacker,
bushwhackers,
bushwhacking,thwacking,piggybacking,blacking,wisecracking,hacking,jacking,cracking,quacking,attacking,yakking,packing,tracking,carjacking,kayaking,backing,packfong,lacking,yacking,racking,shacking,counterattacking,clacking,smacking,tacking,unpacking,stacking,slacking,macing,quarterbacking,wracking,hijacking,snacking,calking,backpacking,sacking,backtracking,pakfong,whacking,meatpacking,ransacking
bushwhacks,aftertax,whacks,fax,sax,kickbacks,relax,tracks,backs,vax,attacks,axe,blacks,stacks,earwax,jaques,cutbacks,maniacs,tampax,metathorax,quacks,pacts,pretax,fairfax,tacks,syntax,facts,pacs,fosamax,slacks,contacts,lomax,mesothorax,equifax,tax,cracks,greenbacks,knickknacks,flashbacks,sachs,jacks,pentax,galax,dax,sacs,racks,saxe,parallax,max,knacks,drawbacks,snacks,wax,plaques,trax,packs,lax,plax,ajax,smacks,setbacks,bax,maxx,acts,rax,impacts,macs,pax,saks,overtax,borax,maces,imax,cadillacs,filofax,praxes,hacks,flax,shacks,climax,surtax,lacks,lilacs,sacks,yax,gunnysacks,awacs,halifax,ax
bushwife,
bushwoman,
bushwood,
busy,izzy,pizzi,lizzy,fizzy,tizzy,izzi,lizhi,bizzy,dizzy,rizzi,visby,nisey,lizzie,xyzzy,mizzy,brizzi
busybody,
busybodied,
busybodies,
busybodyish,
busybodyism,
busybodyness,
busy-brained,
busycon,
busied,
busiek,
busier,
busies,dizzies
busiest,
busy-fingered,
busyhead,
busy-headed,
busy-idle,
busying,
busyish,
busily,
busine,
business,nonbusiness,agribusiness
busyness,fuzziness
businesses,
busynesses,
businessese,
businesslike,psych,glike,swordlike,hitchhike,motorbike,snakelike,apelike,dike,sharklike,wike,dislike,carmike,bleich,alike,weich,platelike,skrike,moonlike,stike,vandyke,eellike,fike,mike,fernlike,gleich,klondike,glasslike,dyck,leaflike,homelike,tyke,unsportsmanlike,childlike,netlike,updike,plantlike,workmanlike,eyelike,turnpike,tike,dyke,rike,fanlike,birdlike,like,dreamlike,ghostlike,trike,mosslike,psych-,ladylike,bike,hike,fyke,unlike,lifelike,reich,starchlike,shrike,teich,ike,pike,starlike,needlelike,spike,lyke,catlike,airstrike,eich,brike,wyke,beaklike,hornlike,grike,lookalike,doglike,pyke,strike,wormlike,grasslike,berrylike,saltlike,statesmanlike,warlike,knifelike,winglike
businesslikeness,
businessman,pan,batman,tarzan,loran,chan,rodin,sideman,superman,sedan,nan,zan,klan,van,tran,scan,minuteman,rattan,suntan,lifespan,bedpan,jan,clan,middleman,strongman,bogeyman,catamaran,tan,can,saucepan,hann,mann,yan,cannes,plan,lan,madman,gan,iran,doorman,snowman,dan,gran,kan,sandman,quean,an,began,saran,ferdinand,moran,span,pakistan,tristan,bhutan,cyan,kinsman,liane,than,caravan,san,scran,anchorman,skean,man,divan,handyman,pecan,ban,anne,quran,caftan,afghanistan,walkman,milan,moulin,flan,afghan,bran,ran,japan,fan,hitman,shan,journeyman,gamesman,taliban,sudan,caveman,fisherman,clergyman,ann,kazakhstan,merman,cancan,deadpan,helmsman,stan
businessmen,den,handymen,phen,penh,n,tien,fen,kren,airmen,shenzhen,biogen,renne,playpen,yuen,comedienne,gwen,chien,plzen,lpn,amen,penn,shen,thegn,cnn,penne,glenn,fenn,len,then,ten,chen,sten,senn,nguyen,benne,tenne,henne,henn,gen,adrienne,gunmen,almaden,men,bullpen,asean,ren,venn,minutemen,jen,madeleine,when,tenn,en,bren,ben,antenne,ken,cayenne,sdn,glen,duchenne,nexgen,again,clergymen,chretien,sen,sven,denn,yen,behn,hen,benn,cheyenne,gren,middlemen,pen,parisienne,splen,zen,turkmen,wren,wen
business's,
businesswoman,noblewoman,woman,councilwoman,catwoman,spokeswoman,saleswoman,gentlewoman,congresswoman,englishwoman,policewoman,assemblywoman,trueman,superwoman,chairwoman
businesswomen,greco-roman,yeoman,grohman,lommen,ohmann,roman,goeman,bohman,nomen,dohman,toman,lohmann,sloman,homen,showman,hohman,gnomon,thoman,boman,broman,stroman,fomon,froman,lowman,thomann,coman,oehmen,domin,bowman,loehmann,loman,vroman,groman,soman,lohman,omen,ommen,rohman,ohman,oklahoman,frohman,nonroman,abdomen,gohman,dromon,hohmann,doughman,moman,homann,koman,homan,bowmen
busing,schussing,cussing,pissing,mussing,tussing,discussing,grussing,gissing,bussing,trussing,fussing
busings,
busiris,
busy-tongued,
busywork,
busyworks,
busk,rusk,dusk,lusk,musk,tusk,cusk,buske,muske,husk,kuske,cornhusk,bruske,brusque
busked,guste,disgust,distrust,trussed,unadjust,bused,trust,thrist,mistrust,thrust,prust,glist,clevetrust,robust,fust,mussed,adjust,crust,combust,citytrust,brust,trist,just,discussed,cussed,must,dust,nonplussed,lust,blissed,clist,yust,entrust,knust,healthtrust,antitrust,ameritrust,encrust,bussed,gust,suntrust,centrust,fussed,blust,prudentrust,juste,wanderlust,rust,hust,incrust,stardust,pentrust,bust,sussed,sawdust,giftrust,meditrust,readjust,unjust
busker,husker,puskar,mccusker,risker,tusker
buskers,strisores,hussars
busket,russett,frisket,gusset,russet,licit,musquet,wisket,musset,whisket,besit,tissot,muskat
busky,busey,hussy,bussie,russey,debussy,copse,gussie,drusie,russky,hussey,fussy,russki,deci-,tousey,mussy,bussey,tussey,bussi,ducey,jussi,musci,gussy
buskin,miskin,gluskin,brisken,luskin,duskin,ruskin,tuscan,etruscan,dusken
buskined,suskind,susskind
busking,whisking,dusking,disking,tusking,husking,cornhusking
buskins,huskins,etruscans
buskirk,vanbuskirk
buskle,
busks,
buskus,
busload,mowed,workload,trode,ode,shrowd,tiptoed,carload,methode,coed,node,rowed,crowed,lowed,brode,microcode,glode,strode,unbowed,borrowed,rode,caseload,bestrode,knowed,diode,decode,plateaued,radioed,moad,flowed,mode,explode,toad,mustachioed,sewed,forebode,railroad,commode,spode,towed,winnowed,erode,troad,corrode,crossroad,overflowed,shoad,lode,boatload,code,thode,showed,rhode,slowed,glowed,road,goad,chode,implode,snowed,overload,bowed,anode,inroad,load,encode,stowed,episode,payload,sowed,bode,nematode,toed,truckload,owed,download,shode,abode,blowed,overrode,outmode,cathode,reload,bestowed,unload,shipload
busman,disman
busmen,
busoni,
busra,
busrah,
buss,kus,trus,shas,mistrusts,hasenfus,brusk,bruss,nuss,busse,guss,cus,careplus,schoolbus,sus,suss,klus,muhs,kuss,minibus,us,prus,vanhuss,plus,russ,wass,banderas,nonpluss,adjusts,wuss,quice,gus,krus,truss,ghattas,schuss,pruss,xus,muckenfuss,puss,superfluous,tusseh,usphs,bus,rus,fuhs,discuss,tusche,huss,papenfuss,thus,gruss,brus,sluss,cuss,russe,fuss,goldfus,eurailpass,pus,barfuss,struss
bussed,guste,disgust,distrust,trussed,unadjust,bused,trust,thrist,mistrust,thrust,prust,glist,clevetrust,robust,fust,mussed,adjust,crust,combust,citytrust,brust,trist,just,discussed,cussed,must,dust,nonplussed,lust,blissed,clist,yust,entrust,knust,healthtrust,antitrust,ameritrust,encrust,suntrust,gust,centrust,fussed,busked,blust,prudentrust,juste,wanderlust,rust,hust,incrust,stardust,pentrust,bust,sussed,sawdust,giftrust,meditrust,readjust,unjust
bussey,busey,hussy,bussie,russey,debussy,copse,gussie,drusie,russky,hussey,fussy,russki,deci-,tousey,busky,mussy,tussey,bussi,ducey,jussi,musci,gussy
busser,nusser,susser,trusser,musser,fusser,husser,lusser,hussar,slusser
busser-in,
busses,buses,fusses,blisses,minibuses,musses,cusses,pisses,trusses,pusses,wusses,guses,pluses,furnaces,discusses,disses
bussy,
bussing,schussing,cussing,pissing,mussing,tussing,discussing,busing,grussing,gissing,trussing,fussing
bussings,
bussock,
bussu,
bust,guste,disgust,distrust,trussed,unadjust,bused,trust,thrist,mistrust,thrust,prust,glist,clevetrust,robust,fust,mussed,adjust,crust,combust,citytrust,brust,trist,just,discussed,cussed,must,dust,nonplussed,lust,blissed,clist,yust,entrust,knust,healthtrust,antitrust,ameritrust,encrust,bussed,gust,suntrust,centrust,fussed,busked,blust,prudentrust,juste,wanderlust,rust,hust,incrust,stardust,pentrust,sussed,sawdust,giftrust,meditrust,readjust,unjust
bustard,filibustered,flustered,lustered,mustered,blustered,clustered,custard,bestirred,mustard
bustards,mustards
bustard's,
busted,vistaed,trusted,cystid,wristed,husted,bestud,rustad,distrusted,entrusted,cysted,rusted,mistrusted,ustad,gusted,disgusted,cisted,fusted,unadjusted,dusted,lusted,adjusted,hustad,maladjusted,crusted,encrusted,readjusted
bustee,
buster,lackluster,blockbuster,hyster-,filibuster,lustre,juster,kuster,gangbuster,muster,bestir,trustor,swampbuster,dister,bluster,adjuster,luster,duster,astir,thruster,shuster,fluster,huster,bruster,truster,cluster,guster,custer,ghostbuster,fill-a-buster,fillibuster
busters,dusters,flusters,musters,bestirs,lusters,blusters,adjusters,lustres,gangbusters,thrusters,blockbusters,fillibusters,filibusters,listers,ghostbusters,trusters,clusters
busthead,
busti,crusty,cristy,lusty,trusty,cisti,gusty,busty,misti,justy,cristae,fusty,musty,rusty,wristy,dusty
busty,crusty,cristy,lusty,trusty,cisti,gusty,misti,busti,justy,cristae,fusty,musty,rusty,wristy,dusty
bustian,
bustic,
busticate,
bustics,
bustier,
bustiers,
bustiest,gustiest,dustiest,trustiest,lustiest,twistiest,fustiest,crustiest,rustiest
busting,dusting,mistrusting,gusting,encrusting,disgusting,adjusting,misting,crusting,distingue,thrusting,trusting,entrusting,readjusting,lusting,fisting,rusting
bustle,hustle,brustle,disple,bussell,friskal,glycyl,friskful,russel,muscle,tussal,decyl,russell,brussel,tussle,mussel,ficelle,scissil,rustle,sisel,fussell,trussell,nustle,decil,scissel,mussell,nussle,scissile,thrustle,justle
bustled,rustled,muscled,tussled,hustled
bustler,trusler,gusler,busler,hustler,kusler
bustlers,
bustles,hustles,missals,tussles,brussels,muscles,mussels
bustling,tussling,hustling,rustling,muscling
bustlingly,
busto,visto,cysto,uspto,disto,cysto-,histo-,musto,justo,christo-,mustoe,augusto,histo
busts,thrusts,gusts,trysts,rusts,chustz,pistes,mistrusts,gists,crusts,adjusts,musts,dusts,disgusts,distrusts,trusts,lusts
bust-up,dustup,dust-up
busulfan,
busulfans,
busuuti,
busway,
but,robot,phut,hazelnut,tut,schutt,chestnut,scrit,rutt,mcnutt,nut,donut,taxcut,strut,hut,rebut,fingerhut,what,putt,qubit,slut,netiquette,schutte,haute,coconut,sprit,nutt,butt,gutt,haircut,uncut,tutt,turbot,skutt,walnut,chesnutt,scuttlebutt,gut,jut,doughnut,knut,undercut,clearcut,kut,that,shut,rut,somewhat,groundnut,mutt,hutt,chesnut,abut,glut,cut,peanut,scutt,shortcut,wackenhut,smut,dutt
but-,
butacaine,
butadiene,
butadiyne,
butanal,
but-and-ben,
butane,vain,contain,germain,retain,arraign,shane,bane,cain,germane,entertain,pane,legerdemain,cocaine,kane,quain,moraine,fane,terrain,detain,bain,pertain,domain,mane,profane,wain,arcane,urbane,reign,membrane,obtain,spain,thane,maine,swain,main,sustain,pain,remain,rain,champagne,zane,trane,fain,abstain,ane,vein,restrain,inane,slain,romaine,ascertain,campaign,crain,humane,dane,drain,maintain,inhumane,stain,migraine,plane,germaine,lain,saine,crane,again,sprain,mundane,attain,cane,plain,rein,disdain,refrain,brain,aine,train,chain,skein,feign,ordain,partain,jane,wane,twain,sane,fein,gain,explain,lane,hurricane,deign,strain,insane,constrain,airplane,vane,wayne,complain,grain
butanes,
butanoic,
butanol,
butanolid,
butanolide,
butanols,
butanone,
butanones,
butat,butut
butazolidin,
butch,putsch
butcha,
butcher,
butcherbird,butcher-bird
butcher-bird,butcherbird
butcherbroom,
butcherdom,
butchered,
butcherer,
butcheress,
butchery,
butcheries,
butchering,
butcherless,
butcherly,
butcherliness,
butcherous,
butcher-row,
butchers,
butcher's,
butcher's-broom,
butches,
bute,groot,pollute,toot,recruit,jute,attribute,smoot,mute,persecute,offshoot,electrocute,snoot,scute,cahoot,constitute,route,coot,absolut,bruit,breadfruit,minute,resolute,flute,shute,lieut,hirsute,bandicoot,suit,brute,astute,boot,enroute,loot,cloot,cute,repute,pursuit,permute,dispute,malamute,reroute,uproot,wetsuit,butte,swimsuit,whoot,crapshoot,grassroot,pantsuit,moot,prostitute,skute,brut,beirut,arrowroot,lute,reconstitute,root,convolute,impute,compute,newt,restitute,salute,institute,refute,klute,glute,scoot,substitute,parachute,prosecute,disrepute,sweatsuit,grapefruit,dilute,destitute,execute,overshoot,subacute,absolute,crute,acute,shoot,fruit,telecommute,spacesuit,jumpsuit,commute,chute,clute,hoot,lawsuit
butea,
butein,
butenandt,
but-end,
butene,
butenes,
butenyl,
buteo,luteo-,luteo
buteonine,
buteos,
butes,
buteshire,
butic,
butyl,tootal,sutile,futile,footle,utile,rootle,tootle,brutal,pootle,bootle,scutal,goutal,luteal
butylamine,
butylate,scutellate
butylated,
butylates,
butylating,
butylation,
butyl-chloral,
butylene,rutylene
butylenes,
butylic,
butyls,
butin,
butyn,
butine,
butyne,
butyr,
butyr-,
butyraceous,
butyral,
butyraldehyde,glutaraldehyde
butyrals,
butyrate,
butyrates,
butyric,
butyrically,
butyryl,
butyryls,
butyrin,
butyrinase,
butyrins,
butyro-,
butyrochloral,
butyrolactone,
butyrometer,
butyrometric,
butyrone,
butyrous,
butyrousness,
butle,
butled,
butler,stutler,subtler,cutler,buttler,schuttler
butlerage,
butlerdom,
butleress,
butlery,cutlery
butleries,
butlerism,
butlerlike,
butlers,
butler's,
butlership,
butlerville,
butles,
butling,
butment,hutment,fitment
butner,kuttner,sutner,stutner,buttner,huttner,kutner
butolism,
butomaceae,
butomaceous,
butomus,
butoxy,
butoxyl,
buts,snits,strutz,peanuts,stutz,undercuts,utz,butts,clutts,slutz,groundnuts,hazelnuts,coconuts,schmutz,sprits,krutz,whats,rutz,shortcuts,switz,butz,putts,clits,flits,rutts,robots,smuts,squits,clearcuts,donuts,lutz,lutsk,klutts,struts,cuts,walnuts,mutts,mutz,qubits,abuts,cocoanuts,gluts,haircuts,supercuts,cutts,shutts,kluttz,huts,twits,schutz,sluts,nuts,doughnuts,juts,kutz,shuts,spritz,ruts,guts,klutz,knuts,putz,stutts
buts-and-bens,
butsu,
butsudan,
butt,robot,phut,hazelnut,tut,schutt,chestnut,scrit,rutt,mcnutt,nut,donut,taxcut,strut,hut,rebut,fingerhut,what,putt,qubit,slut,netiquette,schutte,haute,coconut,sprit,nutt,gutt,haircut,but,uncut,tutt,turbot,skutt,walnut,chesnutt,scuttlebutt,gut,jut,doughnut,knut,undercut,clearcut,kut,that,shut,rut,somewhat,groundnut,mutt,hutt,chesnut,abut,glut,cut,peanut,scutt,shortcut,wackenhut,smut,dutt
butta,
buttal,
buttals,
buttaro,
butte,groot,pollute,toot,recruit,jute,attribute,smoot,mute,persecute,offshoot,electrocute,snoot,scute,cahoot,constitute,route,coot,absolut,bruit,breadfruit,bute,minute,resolute,flute,shute,lieut,hirsute,bandicoot,suit,brute,astute,boot,enroute,loot,cloot,cute,repute,pursuit,permute,dispute,malamute,reroute,uproot,wetsuit,swimsuit,whoot,crapshoot,grassroot,pantsuit,moot,prostitute,skute,brut,beirut,arrowroot,lute,reconstitute,root,convolute,impute,compute,newt,restitute,salute,institute,refute,klute,glute,scoot,substitute,parachute,prosecute,disrepute,sweatsuit,grapefruit,dilute,destitute,execute,overshoot,subacute,absolute,crute,acute,shoot,fruit,telecommute,spacesuit,jumpsuit,commute,chute,clute,hoot,lawsuit
butted,shitted,glutted,smutted,nitid,bitted,quitted,sooted,jutted,kitted,hutted,nutted,abutted,slitted,gritted,rebutted,rutted,flitted,fritted,spitted,strutted,putted,twitted,teated,gutted
butter,quittor,dutter,cutter,schutter,kutter,sputter,sutter,skitter,stutter,stonecutter,hutter,bonecutter,utter,spitter,bowater,flitter,shutter,gutter,mutter,nutter,clutter,putter,kilometre,lutter,aflutter,perlmutter,slitter,splitter,strutter,rutter,flutter
butteraceous,
butter-and-eggs,
butterback,
butterball,atoll,pitfall,crawl,downfall,windfall,mol,loll,brawl,cholesterol,retinol,ball,moll,freefall,saul,dol,footfall,pol,aerosol,sol,handball,hall,dall,fall,stonewall,gall,caul,all,baseball,coll,haul,landfall,nepal,football,waterfall,befall,squall,sprawl,wherewithal,meatball,overall,basketball,ethanol,screwball,forestall,softball,alcohol,thrall,cabal,luminol,catcall,fastball,oddball,gaul,snowball,natal,tall,maul,trawl,appall,enthral,small,call,spall,stall,banal,nightfall,bawl,protocol,volleyball,raul,neanderthal,fireball,shortfall,dahl,install,paul,rainfall,mothball,senegal,drawl,drywall,pall,doll,cannonball,bol,recall,tal,mall,catchall,pratfall,blackball,wall,overhaul,shawl,cortisol,scrawl,eyeball,hardball
butterbill,
butter-billed,
butterbird,
butterboat-bill,
butterboat-billed,
butterbough,
butterbox,
butter-box,
butterbump,bitterbump
butter-bump,
butterbur,
butterburr,
butterbush,
butter-colored,
buttercup,krupp,yup,hookup,lockup,pushup,sup,backup,markup,standup,blowup,start-up,close-up,up,startup,roundup,setup,checkup,buildup,lineup,teacup,pup,holdup,grownup,closeup,coverup,cleanup,pickup,warmup,makeup,followup,ygwypf,push-up,pileup,wakeup,breakup,cup
buttercups,eggcups,linkups,suppes,shakeups,lineups,pups,hookups,startups,ups,cups,scrips,start-ups,setups,bupkes,coverups,push-ups,cleanups,backups,closeups,pickups,holdups,cupps,checkups,hangups,pushups,markups,runups,grownups,buildups
butter-cutting,
buttered,tittered,bittered,shuttered,guttered,cluttered,fluttered,flittered,skittered,jittered,twittered,puttered,uttered,sputtered,muttered,uncluttered
butterer,
butterers,
butterfat,acrobat,aristocrat,habitat,bat,chat,caveat,spat,aerostat,nonfat,nat,gat,mat,cat,sprat,inmarsat,rat,platt,format,fat,chitchat,elat,kat,copycat,gnat,batt,matt,catt,vat,thundercat,bobcat,at,hat,thermostat,blatt,matte,wombat,brat,kitcat,sat,technocrat,pratt,splat,patt,brickbat,autocrat,plutocrat,bureaucrat,tomcat,schmatte,sadat,babysat,platte,pat,hatte,ziggurat,begat,wildcat,laundromat,gujarat,diplomat,pussycat,scat,combat,doormat,slat,muskrat,flat,gatt,dat,strat,scatt,tat,scrat,latke,stat,glatt,polecat,democrat,tit-for-tat,bratt,that,patte,placemat
butterfats,
butterfield,
butterfingered,butter-fingered
butter-fingered,butterfingered
butterfingers,
butterfish,
butterfishes,
butterfly,cry,exemplify,comply,goodbye,reply,deny,gadfly,bae,testify,magpie,hi,die,wry,stultify,sty,sly,specify,nearby,lanai,occupy,alkali,tai,mollify,buy,my,vi,identify,fry,rely,codify,sky,alumni,signify,tie,vie,lye,vilify,spry,dye,nigh,ly,lie,ally,certify,spy,high,imply,whereby,standby,mortify,ossify,defy,pry,dry,nullify,nye,hereby,notify,quantify,ai,bely,alibi,decry,justify,ply,chi,rye,amplify,i,belie,aye,satisfy,try,pie,eye,why,y,pi,indemnify,ratify,underlie,verify,fly,rectify,psi,by,bye,modify,guy,edify,shy,qualify,apply,supply,sigh,clarify,awry,classify,bi,thereby
butterflied,
butterflyer,
butterflies,scrutinize,energize,revise,rationalize,metastasize,finalize,optimize,crystallize,compromise,surprise,arise,emphasize,supplies,eyes,mobilize,wise,sunrise,devise,despise,recognize,capitalize,rise,prioritize,utilize,synchronize,surmise,otherwise,stigmatize,chastise,mesmerize,exercise,flies,analyze,subsidize,baptize,mize,organize,polarize,stabilize,aggrandize,minimize,galvanize,antagonize,guise,customize,sympathize,prise,materialize,empathize,jeopardize,proselytize,guys,memorize,apprise,synthesize,amortize,authorize,pulverize,familiarize,demise,disenfranchise,allies,tantalize,marginalize,criticize,apologize,epitomize,plagiarize,likewise,socialize,reprise,emprise,improvise,lies,revitalize,capsize,belies,characterize,harmonize,ostracize,catalyze,ties,fries,realize,visualize,patronize,comprise,prize,enterprise,advise,maximize,advertise,summarize,hypothesize,merchandise,franchise,supervise,size,paralyze,disguise
butterflyfish,
butterflyfishes,
butterfly-flower,
butterflying,
butterflylike,
butterfly-pea,
butterfly's,
butterflower,butter-flower
butterhead,
buttery,fluttery,littery,twittery
butterier,
butteries,butteris
butteriest,
butteryfingered,
butterine,
butteriness,
buttering,skittering,bittering,tittering,sputtering,muttering,uttering,flittering,shuttering,twittering,puttering,cluttering,jittering,stuttering,fluttering,guttering
butteris,butteries
butterjags,
butterless,
butterlike,
buttermaker,
buttermaking,
butterman,
buttermere,
buttermilk,milk,wilk,bilk,milke,silk,schilke,ilk,wilke,loudermilk
buttermonger,
buttermouth,
butter-mouthed,
butternose,
butternut,bitternut
butter-nut,
butternuts,
butterpaste,
butter-print,
butter-rigged,
butterroot,
butter-rose,
butters,twitters,nutters,stonecutters,clutters,fitters,stutters,cutters,putters,flutters,kilometres,spitters,shutters,titters,sputters,buttars,knitters,fritters,skitters,utters,mutters,flitters,gutters,splitters,kilometers
butterscotch,tkacz,blauch,rauch,moche,swatch,loche,quach,moneywatch,racz,kotch,creditwatch,yauch,bihac,currencywatch,crotch,laatsch,hauch,watch,stauch,gottsch,nautch,broch,gotch,rotche,lauch,tchotchke,scotch,jauch,nauch,cloche,notch,quatch,hotch,poche,tracz,troche,corporatewatch,botch,mauch,splotch,bauch,plauche,deathwatch,knoche,colorwatch,sauch,broche,boche,stopwatch,gauch,auch,potch,hopscotch,wach,gotsch,wristwatch,rorschach,koch,croche,brauch,soche
butterscotches,
butter-smooth,
butter-toothed,
butterweed,bitterweed
butterwife,
butterwoman,
butterworker,
butterwort,waterwort,peterwort,miterwort
butterworth,firth,beckworth,cudworth,killingsworth,longsworth,dunsworth,keyworth,ellingsworth,burnworth,kerth,holdsworth,bloodworth,hollandsworth,shuttlesworth,houseworth,worth,dunworth,stallworth,childbirth,perth,woolworth,whitworth,titsworth,berth,furth,bloodsworth,wentworth,girth,duckworth,middlesworth,hayworth,dearth,birth,dillworth,hollingsworth,shuttleworth,hollingworth,cutbirth,gerth,werth,foxworth,pickworth,ducksworth,hackworth,ashworth,hirth,kurth,burnsworth,mirth,hollinsworth,fuerth,unearth,wigglesworth,wirth,chatsworth,molesworth,illingworth,rebirth,leavenworth,woodworth,elsworth,wurth,wedgeworth,longworth,skipworth,networth,kenworth,kenilworth,earth
butterwright,
buttes,duits,lawsuits,loots,bootes,schuetz,puetz,macoutes,substitutes,institutes,pantsuits,prostitutes,brutes,bootz,refutes,shutes,putes,swimsuits,recruits,commutes,dilutes,prosecutes,parachutes,grapefruits,boots,persecutes,hoots,pollutes,attributes,shoots,snoots,chutes,roots,scutes,coots,scoots,routes,spacesuits,computes,absolutes,bruits,mootz,cahoots,moots,stoots,jutes,bandicoots,disputes,constitutes,stutes,executes,cutes,fruits,lutes,toots,flutes,jumpsuits,smoots,schuetze,ruetz,grassroots,salutes,kreutz,pursuits,wootz,newts,mutes,suits,offshoots,feutz,glutes
buttgenbachite,
butt-headed,
butty,smutty,guttae,jutty,puttee,skitty,kriti,tutty,slitty,rutty,putti,nutty,flitty,cutty,gutty,smriti,putty
butties,titties,kitties,puttees,pities,putties
buttyman,
butt-in,
butting,twitting,betongue,abutting,gutting,putting,nutting,tutting,costcutting,undercutting,fritting,sooting,rebutting,shitting,cutting,smutting,hutting,rutting,strutting,shutting,jutting,clearcutting,witing,kitting,glutting
butting-in,
butting-joint,
buttinski,
buttinsky,
buttinskies,
buttle,suttle,kitul,unsubtle,nuttle,phytol,wittol,kittul,nuttall,ruttle,shittle,rebuttal,subtle,cytol,guttle,thwittle,trityl,whitile,cuttle,scuttle,tuttle,shuttle,victual,quittal
buttled,
buttling,
buttock,puttock,clitic,rutic,futtock
buttocked,
buttocker,
buttocks,vitex
buttock's,
button,chiton,rhyton,tarbutton,niton,beton,dutton,shut-in,ruttan,sit-in,cut-in,chitin,twitten,glutton,lutton,tutton,mutton,cutin,strutton,sutton,rutin,phyton,unbutton,scrutton,hutton,rutten,witen,glutin,sitten,mitin,gittin,vanputten
buttonball,
buttonbur,
buttonbush,
button-covering,
button-down,
button-eared,
buttoned,unbuttoned,kittened,mittened,retund
buttoner,
buttoners,
buttoner-up,
button-fastening,
button-headed,
buttonhold,
button-hold,
buttonholder,
button-holder,
buttonhole,monopole,atoll,whole,shole,stroll,shoal,loophole,role,hole,enroll,pinhole,kol,keyhole,boll,chole,trowl,cajole,manhole,kohl,ghole,scole,charcoal,pothole,stoll,nicole,dole,console,glycol,viole,amphibole,mole,flagpole,glycerol,pigeonhole,fishbowl,interpol,patrol,stackpole,ole,control,knoll,roll,ecole,cubbyhole,goal,troll,toll,walpole,bankroll,payroll,poll,rol,espanol,stol,foxhole,droll,sole,strowl,rolle,skoal,seoul,foal,tadpole,scroll,strole,noll,soul,tole,pistole,dhole,stole,extol,oriole,coal,bowl,thole,parole,seminole,casserole,pole,redpoll,bole,blowhole,cole,sinkhole,dipole,self-control
button-hole,
buttonholed,gold,centerfold,strolled,fivefold,enfold,marigold,bankrolled,trolled,mold,unsold,tenfold,behold,twould,toled,wold,told,tolled,olde,threshold,controlled,nould,pigeonholed,old,tholed,undersold,billfold,fourfold,bowled,paroled,roald,remold,twofold,sixfold,sevenfold,enrolled,souled,eightfold,potholed,nolde,wolde,golde,extolled,stranglehold,oversold,consoled,withhold,ninefold,stronghold,chokehold,cajoled,handhold,sold,mangold,uncontrolled,soled,ahold,shoaled,penfold,griswold,polled,foaled,fold,foretold,woald,bold,unfold,poled,leasehold,hold,resold,manifold,mould,foothold,uphold,scold,freehold,household,doled,cold,threefold,nold,diebold,rolled,untold,blindfold,patrolled,toehold,holed,leopold,stoled
buttonholer,
buttonholes,charcoals,sholes,souls,bowles,poles,toles,tadpoles,krumholz,creoles,loopholes,scholz,foals,patrols,petroles,controls,flagpoles,proles,windholz,wolz,paroles,moles,scholes,orioles,volz,bankrolls,shoals,blowholes,roles,bolls,redpolls,joles,golz,stolze,keyholes,sowles,fumaroles,knoles,consoles,scholze,coles,polls,soles,foxholes,bolles,doles,holz,sproles,pols,bowls,holes,boals,knowles,stolz,nolls,rolls,trolls,monopoles,boles,voles,superbowls,enrolls,bolz,dholes,wholes,scoles,goelz,scrolls,seminoles,coals,extols,rowles,pinholes,tolls,strolls,bubolz,goals,tolles,payrolls,voelz,postholes,noles,folz,oles,potholes,stoles,kohls,knolls
buttonhole's,
buttonholing,
buttonhook,
buttony,gluttony,retinae,muttony,dittany
buttoning,kittening
buttonless,
buttonlike,
buttonmold,
buttonmould,
buttons,sit-ins,chitons,gluttons
button-sewing,
button-shaped,
,
