numeration,
numerations,
numerative,
numerator,
numerators,
numerator's,
numeric,cleric,derik,ionospheric,carrick,serac,weyrich,kerrick,lerach,merrick,burek,gericke,garrick,burich,esoteric,ferrick,homeric,gerich,barrack,varick,derek,skerrick,generic,baric,mesenteric,sherrick,herrick,barbaric,gerrick,deryck,derrick,alphanumeric,barrick,terek,sherick,atmospheric,derick,deroche,tumeric,ferric,daric,hysteric
numerical,clerical,mericle,spherical,hysterical,chimerical
numerically,hysterically,generically
numericalness,
numerics,
numerische,
numerist,consumerist,humorist,humourist
numero,
numerology,biotechnology,ecology,criminology,geomorphology,paleontology,archeology,hematology,mythology,methodology,anesthesiology,mineralogy,micropaleontology,mycology,epidemiology,ology,embryology,scientology,etymology,zoology,petrology,ideology,microbiology,seismology,thanatology,immunology,ethology,serology,anthology,radiology,cosmetology,deontology,archaeology,anthropology,epistemology,urology,rheology,ophthalmology,astrology,pomology,technology,meteorology,egyptology,necrology,cardiology,doxology,scatology,otology,morphology,kinesiology,genealogy,physiology,dermatology,toxicology,cosmology,theology,pathology,gynecology,ethnology,entomology,opthalmology,hymnology,rheumatology,ornithology,bacteriology,ontology,chronology,neurology,enterology,biology,terminology,geology,dendrochronology,oncology,etiology,graphology,endocrinology,psychology,virology,penology,cytology,pharmacology,apology,topology,histology,sociology,gerontology,limnology
numerological,
numerologies,
numerologist,
numerologists,
numeros,
numerose,
numerosity,
numerous,humerus,humourous,humorous,humerous,rumorous,tumorous
numerously,humorously
numerousness,humorousness
numida,jumada
numidae,
numidia,lydia,actinidia,nydia,chlamydia
numidian,
numididae,
numidinae,
numina,cumana,rumina,alumina,lumina
numine,
numinism,
numinous,voluminous,luminous,bituminous
numinouses,
numinously,
numinousness,
numis,
numis.,
numismatic,prismatic,hepatic,socratic,mattick,operatic,aromatic,austroasiatic,bureaucratic,patak,erratic,aristocratic,acrobatic,sensormatic,phatic,idiomatic,aquatic,hyperchromatic,enzymatic,rheumatic,informatic,thematic,asiatic,matic,problematic,pancreatic,mathematic,adriatic,homeostatic,democratic,phosphatic,charismatic,posttraumatic,undiplomatic,static,vatic,pratic,prostatic,telematic,systematic,autocratic,pragmatic,emblematic,electrostatic,psychosomatic,diagrammatic,shattuck,hanseatic,diplomatic,cinematic,epigrammatic,monochromatic,batak,theocratic,climatic,enigmatic,emphatic,schematic,dramatic,axiomatic,mattock,automatic,pratique,fanatic,programmatic,semiautomatic,ecstatic,snattock,melodramatic,dogmatic,undemocratic,hippocratic,lymphatic,symptomatic,idiosyncratic,asymptomatic,technocratic,pneumatic,traumatic,phlegmatic,aerobatic,klezmatic,asthmatic
numismatical,
numismatically,
numismatician,
numismatics,informatics,mathematics,democratics,statics,attics,acrobatics,mattocks,klezmatics,dramatics,systematics,aerobatics,telematics,mattox,pneumatics,automatics,charismatics,fanatics,batiks
numismatist,krist,ramqvist,coexist,subsist,pissed,missed,neopositivist,seaquist,cronquist,nativist,vist,sandquist,cist,sundquist,grist,bloomquist,resist,bolshevist,hedquist,midst,list,melquist,liszt,exist,assist,fist,crist,hist-,cyst-,quist,baptiste,nist,enlist,whist,desist,recidivist,blacklist,rist,lindquist,persist,ahlquist,dismissed,sunkist,mist,edquist,checklist,just,blomquist,dissed,holmquist,consist,runquist,podiatrist,chryst,insist,backlist,frist,enquist,rundquist,preexist,rehnquist,shist,wahlquist,sechrist,twist,gist,kist,tryst,dahlquist,newquist,delist,oculist,proctologist,reminisced,kissed,elmquist,ghrist,cyst,wist,granquist,hissed,schist,lundquist,wrist
numismatists,monetarists,checklists,preexists,mists,fists,shamanists,persists,wrists,insists,ahlquists,enlists,cysts,exists,consists,recidivists,resists,schists,twists,lists,assists
numismatography,
numismatology,
numismatologist,
numitor,
nummary,mummery,bummery,shimmery,summery,flummery,plumbery
nummi,gloomy,plumy,cumae,sukhumi,leumi,berthiaume,hausummi,roomy,roomie,tschumi,fumi,sloomy,womby,torumi,strumae,doomy,bloomy,boomy,katsumi,toomey,humi,rheumy,spumy,izumi,broomy,gumi,tsurumi,kadumi,moomey
nummiform,
nummular,
nummulary,
nummularia,
nummulated,
nummulation,
nummuline,
nummulinidae,
nummulite,
nummulites,
nummulitic,
nummulitidae,
nummulitoid,
nummuloidal,
nummus,
numnah,jumna,alumna
nump,
numps,mumps,rumps,shrimps,sumps,skimps,chumps,slumps,gimps,trumps,dumps,stumps,lumps,thumps,scrimps,clumps,pumps,plumps,frumps,grumps,bumps,humps,jumps
numskull,
numskulled,
numskulledness,
numskullery,
numskullism,
numskulls,
numud,
nun,done,tonne,thun,none,outrun,begun,kun,stdin,spun,rerun,homerun,yun,run,stepson,dunne,brunn,bun,son,brun,dunn,huhn,hun,bunn,handgun,blowgun,shotgun,m1,everyone,mun,jun,chun,homespun,munn,anyone,lun,overdone,bruhn,fun,pun,redone,one,hyun,c1,overrun,donne,nunn,gunn,sun,ton,shun,undone,youn,outgun,than,grandson,gun,dun,un,stun,won,erven,outdone,lunn,grun,someone,been
nunapitchuk,
nunatak,
nunataks,
nunation,
nunbird,
nun-bird,
nun-buoy,
nunc,
nunce,
nunch,
nunchaku,
nuncheon,
nunchion,truncheon,puncheon,scuncheon,luncheon,chin-chin,punchin
nunci,
nuncia,
nunciata,
nunciate,
nunciative,
nunciatory,
nunciature,
nuncio,
nuncios,
nuncioship,
nuncius,
nuncle,tinchel,crunkle,gunkel,dunckel,kunkel,granduncle,truncal,runkel,hunkele,uncle,runkle,dunkel,runckel,crinkle,dunkle,kunkle,tincal
nuncles,
nuncupate,
nuncupated,
nuncupating,
nuncupation,
nuncupative,
nuncupatively,
nuncupatory,
nunda,
nundinal,
nundination,
nundine,
nuneaton,
nunes,clunes,impugns,noons,tablespoons,raccoons,lagoons,honeymoons,swoons,coons,loons,prunes,croons,cartoons,platoons,kuhns,balloons,toons,pontoons,harpoons,afternoons,saloons,moons,tunes,funes,coones,pantaloons,cocoons,goons,kunes,junes,verboons,teaspoons,typhoons,lunes,monsoons,tycoons,dunes,communes,spoons,koons,boons,runes,baboons
nunez,antunez
nunhood,
nunica,
nunki,
nunky,
nunks,
nunlet,
nunlike,
nunn,done,tonne,thun,none,outrun,begun,kun,stdin,spun,rerun,homerun,yun,run,stepson,dunne,brunn,bun,son,brun,dunn,huhn,hun,bunn,handgun,blowgun,shotgun,m1,everyone,mun,jun,chun,homespun,munn,anyone,lun,overdone,bruhn,fun,pun,redone,one,hyun,c1,overrun,donne,nun,gunn,sun,ton,shun,undone,youn,outgun,than,grandson,gun,dun,un,stun,won,erven,outdone,lunn,grun,someone,been
nunnari,
nunnated,
nunnation,connation,pinnation
nunned,
nunnelly,nunnelley,nunnally,unfunnily
nunnery,gunnery
nunneries,
nunni,
nunnify,
nunning,
nunnish,hunnish,dunnish,punish,kunesh,thinnish,tonnish
nunnishness,
nunquam,
nunry,
nuns,quinze,stuns,puns,muns,quins,guns,younes,glunz,shuns,runs,megatons,tons,dones,outguns,nones,outruns,munz,shotguns,munns,reruns,funs,kuns,homeruns,kunz,grandsons,frunze,handguns,unz,ones,duns,lunz,sons,bruns,buns,blowguns,overruns,tonnes,suns,kunze
nun's,
nunship,
nunting,
nuntius,
nunu,
nupe,
nupercaine,
nuphar,luffer,guffer,upher
nupson,upson,trypsin,kipskin
nuptial,
nuptiality,
nuptialize,
nuptially,
nuptials,
nuque,chuck,puck,potluck,starstruck,duck,cruck,suc,luk,amuck,chuck-a-luck,fslic,awestruck,dumptruck,pluck,thunderstruck,ruck,unstuck,yuck,kuck,canuck,tuque,sculk,grucche,lucke,suk,tuck,huck,gluck,kuk,vhsic,suck,naugatuck,stuck,struck,duc,buck,schuck,cluck,schmuck,guck,shuck,schtik,truck,duk,amok,muck,bruck,luck,druck,roebuck,starbuck,dumbstruck,smuck,moonstruck,kruk,snuck,buc,zuk,megabuck,shmuck,fluck,schuch,yuk,woodchuck,fuck
nur,mosur,beladur,latour,reassure,jabbour,rednour,moor,allure,duerr,baldur,uhr,suhr,insure,spoor,pure,ture,manure,lumpur,reinsure,purre,pimplapure,observateur,neur-,moore,pleur,shure,detour,bonjour,fuhr,entrepreneur,brochure,miniature,ensure,mature,amanpour,secure,lacour,muhr,sure,fluhr,schnoor,schuur,demure,inure,premature,gloor,lesure,muir,your,lancour,couture,cour,unsure,gilmour,pleur-,foor,bloor,boor,epicure,damour,jure,assure,badour,obscure,dufour,dunsmoor,panmure,buhr,immature,luhr,endure,procure,stuhr,suire,bijur,contour,lure,orasure,gochnour,segur,murre,cure,ruhr,impure,tour
nuragh,
nuraghe,euro,coloratura,figura,chura,nakamura,amdura,okumura,nomenklatura,bujumbura,lura,badura,komura,kimura,surah,chmura,bravura,purau,segura,nishimura,matsuura,vancura,kawamura,contura,ishikura,aventura,azura,datura,hoorah,moura,matsumura,imamura,dura,ventura,nomura,alura,tamura,okamura,kitamura,crura,sura,inamura,bonura,mura,sakura,miura,stachura,takemura,midura,neuroplasty,skura,jura,pura,mitamura,pleura,gura,bonaventura
nuraghes,
nuraghi,
nurbs,burbs
nurd,
nurds,
nureyev,gordeyev,ryave
nuremberg,
nurhag,
nuri,
nuriel,
nuris,
nuristan,myristin
nurl,
nurled,
nurly,
nurling,
nurls,
nurmi,
nurry,
nursable,
nurse,perverse,adverse,scearce,submerse,transverse,coerce,perce,furse,perse,verse,universe,pers,bearss,worse,terse,rehearse,obverse,converse,vers,reverse,kearse,disperse,disburse,intersperse,googleverse,bearce,curse,immerse,diverse,burse,averse,reimburse,biodiverse,hearse,merce,pearse,purse,traverse,inverse,bearse,kerce,emerse
nurse-child,
nursed,emersed,reversed,interspersed,werst,berst,medfirst,unreimbursed,submersed,burst,versed,cloudburst,seafirst,interfirst,merced,traversed,kirst,coerced,hirst,conversed,hurst,first,worst,headfirst,rehearsed,gerst,dispersed,unrehearsed,allenhurst,outburst,reimbursed,furst,guaranty-first,whitehurst,thirst,pursed,hearst,kerst,huerst,durst,wurst,immersed,brookhurst,disbursed,herst,cursed
nursedom,
nurse-father,
nursegirl,
nursehound,
nursekeeper,
nursekin,
nurselet,
nurselike,
nurseling,
nursemaid,
nursemaids,
nurse-mother,
nurser,precursor,bursar,versor,terser,worser,reverser,cursor,purser,verser,mercer,curser
nursery,mercery,anniversary,ursery,cursory
nurserydom,
nurseries,anniversaries
nurseryful,
nurserymaid,
nurserymaids,
nurseryman,batman,merman,sandman,snowman,bhutan,scran,scan,handyman,dan,businessman,afghan,fan,quean,madman,plan,san,ferdinand,caftan,van,superman,cannes,ran,flan,anne,cancan,kan,bogeyman,rattan,stan,taliban,cyan,moran,sedan,strongman,moulin,tran,bran,gran,fisherman,minuteman,tarzan,divan,liane,yan,iran,rodin,clan,caravan,nan,gan,hitman,an,middleman,saran,catamaran,lifespan,helmsman,pecan,milan,anchorman,sudan,saucepan,bedpan,span,doorman,loran,zan,kazakhstan,jan,japan,tristan,man,began,pakistan,skean,lan,hann,chan,klan,clergyman,suntan,afghanistan,can,ann,deadpan,than,shan,kinsman,pan,sideman,ban,mann,caveman,journeyman,gamesman,quran,tan
nurserymen,
nursery's,
nursers,
nurses,reimburses,hearses,intersperses,verses,perses,converses,universes,rehearses,curses,reverses,vs,purses,versus
nursetender,
nurse-tree,
nursy,
nursing,traversing,dispersing,versing,reversing,wirsing,conversing,persing,reimbursing,rehearsing,cursing,pursing,coercing,disbursing
nursingly,
nursings,
nursle,
nursling,
nurslings,
nurturable,
nurtural,
nurturance,
nurturant,
nurture,burcher,birtcher,mckercher,lurcher,searcher,percher,bircher
nurtured,
nurtureless,
nurturer,
nurturers,
nurtures,perchers,searchers,reseachers
nurtureship,
nurturing,
nus,
nusairis,
nusakan,
nusc,
nusfiah,
nusku,
nussbaum,shawm,glaum,cdrom,surinam,qualm,vietnam,sitcom,panmunjom,glomb,hom,stromb,thromb,traum,bombe,islam,com,rhomb,prom,malm,mom,balm,firebomb,somme,bom,nom,brom,becalm,pomme,halm,mam,daum,aplomb,squam,shalm,qualcomm,lomb,thom,caricom,chrom,khoum,calm,blom,clomb,pogrom,flom,intercom,dom,bohm,embalm,raum,palm,guillaume,praam,baum,guam,quam,scomm,salam,yom,grom,saddam,cocom,homme,plomb,bomb,fromm,psalm,tom,palme,rom,strom,tannenbaum,salaam,pom,bohme,salm,som,qom
nut,glut,tutt,knut,mcnutt,that,chestnut,but,rebut,scutt,clearcut,scuttlebutt,scrit,walnut,kut,skutt,butt,peanut,rutt,rut,fingerhut,coconut,dutt,shut,strut,tut,hazelnut,chesnutt,sprit,schutt,turbot,gutt,groundnut,utt,slut,shortcut,uncut,wackenhut,schutte,phut,haute,putt,nutt,doughnut,netiquette,abut,donut,haircut,what,jut,undercut,qubit,somewhat,hutt,chesnut,taxcut,robot,mutt,cut,smut,hut,gut
nutant,mittent
nutarian,
nutate,guttate,pitot,rutate
nutated,
nutates,
nutating,
nutation,guttation
nutational,
nutations,
nutbreaker,
nutbrown,nut-brown
nut-brown,nutbrown
nutcake,
nutcase,
nutcrack,
nut-crack,
nutcracker,bracher,acker,thakkar,schabacker,meatpacker,bakker,backpacker,thacker,thacher,attacker,sacker,hacker,backer,firecracker,slacker,tracker,whacker,kobacker,lacquer,macher,linebacker,cracker,aker,lacker,snacker,blacker,bracker,jacker,zacher,smacker,sacher,weizsaecker,lacher,wacker,knacker,hijacker,racker,akre,vanacker,stacker,tacker,makar,schacher,packer,yakker,carjacker
nut-cracker,
nutcrackery,
nutcrackers,carjackers,slackers,bakkers,packers,tackers,hackers,whackers,hijackers,stackers,rackers,lacquers,linebackers,meatpackers,firecrackers,knackers,smackers,trackers,crackers,attackers,backers
nut-cracking,
nutgall,
nut-gall,
nutgalls,
nut-gathering,
nutgrass,cutgrass
nut-grass,
nutgrasses,
nuthatch,
nuthatches,
nuthook,
nut-hook,
nuthouse,shithouse
nuthouses,
nutjobber,
nutley,fitly,rutley,whatley,utley,sutley,quitly
nutlet,cutlet
nutlets,cutlets
nutlike,
nutmeat,
nutmeats,
nutmeg,reg,gregg,segue,gegg,pegg,peg,cregg,meg,keg,vegh,imreg,hegge,beg,mpeg,egge,legge,leg,clegg,bootleg,kegg,greg,kreg,egg,legg,longleg,hegg,neg,tegge,begg
nutmegged,
nutmeggy,
nutmegs,
nut-oil,
nutpecker,
nutpick,
nutpicks,
nutramin,
nutria,
nutrias,
nutrice,
nutricial,
nutricism,
nutriculture,
nutrient,
nutrients,
nutrify,nitrify,putrify,vitrify
nutrilite,
nutriment,
nutrimental,
nutriments,
nutrioso,
nutritial,
nutrition,suspicion,disposition,omission,permission,precondition,transmission,physician,clinician,obstetrician,supposition,ammunition,inhibition,opposition,audition,recission,theoretician,technician,attrition,decomposition,exhibition,abolition,titian,addition,partition,submission,contrition,tactician,ambition,position,optician,condition,dentition,juxtaposition,recondition,recognition,composition,prohibition,magician,repetition,petition,transition,tradition,academician,requisition,inquisition,extradition,electrician,redefinition,demolition,mortician,beautician,exposition,mathematician,emission,commision,decommission,expedition,rhetorician,presupposition,logician,imposition,pediatrician,intermission,competition,deposition,reposition,dietitian,malnutrition,ignition,admission,superstition,fission,intuition,cognition,fruition,politician,munition,remission,sedition,statistician,volition,mission,commission,patrician,dietician,rendition,apparition,proposition,musician,edition,definition,erudition,premonition,admonition,tuition,predisposition,coalition,acquisition
nutritional,depositional,transitional,untraditional,compositional,conditional,nontraditional,traditional,unconditional,additional
nutritionally,unconditionally,conditionally,traditionally,additionally
nutritionary,
nutritionist,abolitionist,exhibitionist
nutritionists,abolitionists,exhibitionists
nutritions,
nutritious,aloysius,superstitious,propitious,vicious,ambitious,factitious,inauspicious,surreptitious,itious,delicious,judicious,injudicious,capricious,expeditious,auspicious,fictitious,pernicious,overambitious,repetitious,seditious,malicious,suspicious
nutritiously,
nutritiousness,
nutritive,
nutritively,
nutritiveness,
nutritory,
nutriture,
nuts,juts,flits,donuts,qubits,stutts,guts,clutts,abuts,huts,groundnuts,krutz,kluttz,ruts,peanuts,gluts,mutz,shuts,klutts,doughnuts,klutz,clits,stutz,squits,undercuts,cutts,putts,shortcuts,schmutz,buts,strutz,spritz,mutts,cuts,kutz,rutts,sluts,schutz,walnuts,twits,rutz,supercuts,haircuts,clearcuts,putz,butz,smuts,robots,utz,shutts,coconuts,cocoanuts,slutz,lutz,switz,struts,lutsk,snits,sprits,knuts,hazelnuts,whats,butts
nut's,
nutsedge,
nutsedges,
nutseed,
nut-shaped,
nutshell,personnel,decibel,morel,well,mell,el,bethel,tell,isabel,dumbbell,eggshell,yell,adele,maxwell,compel,dwell,sell,bombshell,caravel,cartel,repel,marcel,hell,mel,dell,bluebell,ravel,zinfandel,seashell,propel,manuel,mademoiselle,pastel,noel,rebel,oversell,carel,aol,excel,tel,cel,impel,dispel,undersell,citadel,carousel,cowbell,farewell,ell,gel,belle,del,gazelle,accel,resell,snell,raphael,doorbell,groundswell,clientele,jell,sel,rangel,lapel,bel,parallel,nell,retell,foretell,misspell,motel,befell,pell,swell,intel,fidel,barbell,hotel,infidel,stairwell,materiel,l,michelle,fell,cell,knell,chanel,nobel,spell,smell,elle,bell,quell,expel,outsell,carmel,zel,shell,quel
nut-shelling,
nutshells,lapels,gazelles,knells,sells,fells,barbells,outsells,cells,wells,kells,els,organelles,jells,belles,cowbells,materiels,compels,dumbbells,pelz,eggshells,pels,nels,resells,selz,nelles,novotels,rothwells,pangels,telles,dispels,dwells,shells,michels,fels,rintels,smells,gels,parallels,helles,welz,bluebells,gelles,bells,bels,welles,misspells,excels,cartels,motels,elles,swells,tells,rebels,cels,repels,propels,quells,snackwells,ells,dells,nehls,seashells,hotels,farewells,spells,pastels,yells,hells,schmelz,stairwells,belz,frels,bombshells
nutsy,
nutsier,
nutsiest,
nut-sweet,
nuttallia,
nuttalliasis,
nuttalliosis,
nut-tapper,
nutted,sooted,abutted,slitted,kitted,jutted,fritted,twitted,nitid,rebutted,glutted,putted,shitted,strutted,teated,butted,quitted,bitted,hutted,rutted,flitted,gutted,spitted,gritted,smutted
nutter,rutter,splitter,sutter,butter,utter,stutter,schutter,lutter,aflutter,perlmutter,quittor,stonecutter,dutter,gutter,skitter,putter,kutter,hutter,bonecutter,sputter,mutter,flutter,slitter,shutter,strutter,flitter,bowater,clutter,spitter,kilometre,cutter
nuttery,
nutters,twitters,flitters,stutters,skitters,butters,titters,clutters,splitters,fritters,gutters,putters,fitters,stonecutters,kilometers,flutters,buttars,utters,sputters,knitters,kilometres,shutters,spitters,cutters,mutters
nutty,tutty,rutty,gutty,jutty,slitty,smriti,putti,butty,kriti,putty,skitty,flitty,smutty,puttee,guttae,cutty
nutty-brown,
nuttier,grittier,bittier,sootier,wittier,puttier,pitier,ruttier
nuttiest,grittiest,shittiest,ruttiest,bittiest,wittiest,sootiest
nutty-flavored,
nuttily,grittily,prettily
nutty-looking,
nuttiness,grittiness,prettiness,flittiness,wittiness,sootiness
nutting,twitting,fritting,tutting,glutting,shutting,rebutting,witing,undercutting,strutting,butting,hutting,smutting,cutting,gutting,betongue,clearcutting,jutting,sooting,rutting,putting,abutting,shitting,kitting,costcutting
nuttings,
nuttish,
nuttishness,
nut-toasting,
nut-tree,
nuttsville,
nut-weevil,
nutwood,
nutwoods,
nu-value,
nuww,
nuzzer,
nuzzerana,
nuzzi,cutesy,moutse,peruzzi,yannuzzi,tutsi,paluzzi,guzzi,iannuzzi,petruzzi,luzzi,tootsy,liuzzi,boccuzzi,eutsey,pascuzzi
nuzzle,visile,fuzzle,frizel,guzzle,uzzle,pizzle,swizzle,twizzle,bezzle,muzzle,zizel,puzzle,puzzel,mazel,crizzel,sizel,frizzle,mizzle
nuzzled,frizzled,chiselled,grisled,guzzled,drizzled,mizzled,muzzled,puzzled
nuzzler,
nuzzlers,
nuzzles,puzzles,muzzles,frizzles,grizzles,drizzles,sizzles,guzzles
nuzzling,grizzling,guzzling,muzzling,frizzling,puzzling,chiselling
nv,
nvh,
nvlap,
nvram,fram,tam,stam,nam,gramme,potsdam,pam,logjam,wolfram,abraham,nottingham,diagram,cram,hamm,sonogram,graeme,priam,swam,oxfam,damme,telegram,scam,damm,ram,kam,sram,slam,program,bam,tham,microgram,coram,yam,bram,flam,graham,plam,milligram,tram,durham,mammogram,lamb,dam,amsterdam,monogram,exam,alam,buckingham,madame,lam,cham,clam,electrocardiogram,am,spam,wham,cunningham,histogram,centigram,stram,jam,goddam,flimflam,engram,logogram,sdram,damn,programme,dithyramb,dagenham,jamb,siam,rotterdam,sham,tottenham,cam,scram,gram,goddamn,epigram,hologram,mme,polygram,abram,birmingham,anagram,flambe,beckham,diaphragm,dram,kilogram,sam,ham
nw,
nwa,
nwbn,
nwbw,
nwc,
nwlb,
nws,
nwt,
nxx,
nz,
nzbc,
o,tow,go,grow,borrow,tomorrow,hoe,manifesto,owe,escrow,indigo,bowe,willow,potato,undergo,overthrow,joe,although,sew,beau,espresso,toe,whoa,row,yoe,torso,gusto,vertigo,rhino,doe,hydro,veto,coco,forego,so,dough,tornado,torpedo,virago,aficionado,ho,winnow,portfolio,fallow,apropos,snow,portico,woe,foe,plough,glow,though,lo,flow,forgo,grotto,adagio,blow,archipelago,pro,slow,bio,quo,dado,aglow,patio,tempo,know,studio,no,rainbow,audio,low,co,throw,meadow,cameo,rococo,micro,otto,crow,below,tomato,plateau,solo,photo,ratio,shadow,mo,calypso,glo,hello,bestow,show,tableau,mow,roe,buffalo,radio
o',
o'-,
o-,
-o-,
o.,
o.b.,
o.c.,
o.d.,
o.e.,
o.e.d.,
o.f.m.,
o.g.,
o.p.,
o.r.,
o.s.,
o.s.a.,
o.s.b.,
o.s.d.,
o.s.f.,
o.t.c.,
o/c,
o/s,
o2,
oa,
oacis,
oacoma,
oad,degree,mi,pre,marquee,asap,guaranty,g,lee,referee,d,debris,p,payee,calliope,b,apogee,bee,spree,hee,snee,ne,plea,he,yee,dee,carefree,potpourri,glee,turnkey,pony,cc,c,flea,tv,actuary,cree,machete,de,ye,see,foresee,we,knee,qi,si,idiosyncrasy,me,flee,jubilee,pee,di,repartee,gee,wee,nee,be,three,xi,bourgeoisie,sunday,nestle,quay,banshee,tree,free,lea,indri,sea,tea,syncope,ree,she,marquis,guarantee,e,esprit,precis,ski,t,fee,decree,ac,hawaii,key,kabuki,reality,agree,trustee,oversee,tee,z,ghee,v,hyperbole,partee,pea,lessee,thee,emcee,scree
oadal,
oaf,
oafdom,
oafish,
oafishly,
oafishness,
oafs,
oahu,gvaryahu,waahoo,whahoo,dunahoo
oak,cloak,keystroke,hoke,windhoek,larocque,poke,polk,slowpoke,sloke,groak,scoke,flowk,roanoke,olk,stroke,smoke,noack,joke,holyoke,woolfolk,boeck,stoke,bloke,choak,revoke,backstroke,baroque,croke,smoak,wouk,croak,artichoke,koch,droke,cocke,wolk,moak,countryfolk,hoek,woke,folk,misspoke,soak,boeke,boak,koke,townsfolk,kolk,provoke,broke,doak,goecke,hoak,hoeck,snoke,coke,bouck,choke,laroque,evoke,gunsmoke,doke,cloke,stoak,masterstroke,pembroke,awoke,roque,yoke,yolk,spoke,invoke,moke
oak-apple,
oak-beamed,
oakberry,
oakbluffs,
oak-boarded,
oakboy,
oakboro,
oak-clad,
oak-covered,
oak-crested,
oak-crowned,
oakdale,impale,gmail,veil,cale,brail,sale,frail,pale,tale,gail,stale,foxtail,yale,airedale,kail,pail,hail,folktale,toenail,shale,scale,braille,ale,exhale,blackmail,flail,faille,vale,biennale,email,gael,telltale,wholesale,bail,coattail,snail,fairytale,whale,assail,kale,thumbnail,tail,hale,fantail,sail,dovetail,calle,avail,rail,wail,zale,countervail,ponytail,hobnail,orrell,trail,travail,vail,curtail,resale,horsetail,female,quail,swale,guardrail,soleil,male,voicemail,abigail,entail,clydesdale,retail,airmail,unveil,martingale,dail,greenmail,prevail,upscale,cocktail,quale,taille,bale,handrail,fail,nail,dwale,monorail,wale,surveil,inhale,mail,jail,gale,detail,ail,derail,dale,grail
oaken,spoken,koken,wroken,pocan,bowcan,slocan,woken,soken,misspoken,housebroken,softspoken,kokan,hokan,jochen,unbroken,wolken,broken,sloakan,outspoken,loken,michoacan,goeken,token,heartbroken,unspoken
oakenshaw,
oakes,spokes,folkes,kokes,cloaks,soaks,yokes,croaks,oaks,provokes,noakes,coax,yolks,strokes,evokes,chokes,smokes,ochs,invokes,artichokes,hoax,mokes,jokes,keystrokes,nokes,cokes,pokes,hokes,folks,blokes,tokes,vokes,stokes
oakesdale,
oakesia,
oakfield,
oakford,
oakhall,
oakham,
oakhurst,
oaky,okie,gnocchi,coque,low-key,soucie,cokie,chokey,quattrocchi,koki,locky,karaoke,smoky,soaky,folkie,meloche,lokey,joki,okey-dokey,begnoche,folky,quattrochi,oki,oakey,choky,hokey,cloacae,yolky,cocchi,rocchi,hirosakamoki,stokey,koeki,loci,aoki,okey,proke,mazzocchi,skokie,jokey,dokey,naoki,smokey,pokey,croaky,poky
oakie,
oakland,
oaklawn,
oak-leaved,
oakley,dokely,coakley,moakley,cochleae,stokely
oakleil,
oaklet,
oaklike,
oaklyn,
oakling,
oakman,boeckmann,boeckman,folkman
oakmont,larchmont,gaunt,piedmont,ponte,prashant,inmont,gauntt,lamonte,toutant,crestmont,commandant,schwandt,fonte,fairmont,shrikant,detente,freemont,jaunt,font,cheuvront,dhondt,croissant,pierpont,vaunt,clermont,storefront,bromont,want,lamont,whitemont,nonchalant,longmont,belmont,bondt,laplant,claymont,daunt,helmont,flaunt,lemont,coutant,poussaint,ausimont,restaurant,aunt,pont,graunt,dumont,claremont,dronte,enimont,haunt,traunt,mont,poissant,debutante,taunt,enfant,pylant,newmont,savant,bonte,vermont,avant,chaunt,rosemont,gronte,conte,stont,jeumont,bankvermont,lafont,kvant,shant,valmont,richemont,confidant,labonte,altamont,erbamont,guimont,vipont
oakmoss,
oakmosses,
oak-paneled,
oaks,spokes,folkes,kokes,cloaks,soaks,yokes,croaks,provokes,noakes,coax,yolks,strokes,evokes,chokes,smokes,ochs,invokes,artichokes,hoax,mokes,keystrokes,jokes,nokes,cokes,pokes,hokes,folks,blokes,oakes,tokes,vokes,stokes
oak-tanned,
oak-timbered,
oakton,
oaktongue,
oaktown,
oak-tree,
oakum,yokum,yocum,slocomb,yocom,slokum,yoakam,slocumb,hokum,yoakum,slocum,yocam,stocum
oakums,
oakvale,
oakview,
oakville,overkill,thill,brill,overfill,foothill,ill,till,kill,distil,gil,thrill,swill,refill,treadmill,frill,hornbill,mil,dill,gill,bougainville,crill,bill,ghyll,shrill,twill,bil,wil,seville,fille,fill,windmill,krill,handbill,instill,lil,downhill,cowgill,mill,fulfill,phil,dphil,rill,hill,sawmill,daffodil,stil,demille,shill,albertville,pill,zill,sil,zil,quill,trill,distill,drill,anthill,until,still,advil,ville,bastille,mille,brazil,grille,chill,il,standstill,uphill,jill,sill,tamil,abril,spill,landfill,schill,rille,til,nil,molehill,grill,nill,skill,lille,belleville,fil,deville,will,pil,prill,goodwill,mandeville
oak-wainscoted,
oakweb,
oakwood,boxwood,heartwood,wedgewood,neighborhood,fatherhood,fleetwood,edgewood,goode,schuld,stood,littlewood,rosewood,dogwood,childhood,girlhood,likelihood,devilwood,understood,kenwood,elmwood,misunderstood,silkwood,boyhood,pulpwood,plywood,beechwood,wormwood,haywood,englewood,manhood,knighthood,leatherwood,victimhood,sainthood,redwood,hardwood,ravenswood,wildwood,deadwood,hazelwood,allgood,hollywood,livelihood,womanhood,rockwood,wedgwood,underwood,babyhood,sherwood,motherhood,parenthood,greasewood,wood,heywood,blackwood,driftwood,tanglewood,greenwood,marwood,inglewood,teakwood,good,dagwood,atwood,hood,eastwood,cottonwood,adulthood,westwood,would,elwood,withstood,logwood,firewood,smallwood,brotherhood,corkwood,nationhood,collingwood,ironwood,statehood,brentwood,could,osgood,isherwood,falsehood,should,softwood
oam,
oannes,
oao,
oap,
oapc,
oar,score,corps,orr,troubadour,snore,tor,onshore,cor,implore,lore,guarantor,centaur,carnivore,galore,rapport,seashore,floor,eyesore,adore,commodore,abhor,boar,therefore,torr,moore,backdoor,offshore,yore,store,ore,tore,dore,for,chore,ecuador,singapore,four,doar,heretofore,thor,hardcore,herbivore,ignore,nor,sophomore,therefor,drugstore,war,lor,your,explore,salvador,spore,bore,soar,boer,core,decor,shore,sycamore,or,flor,evermore,swore,matador,roar,labrador,bookstore,anymore,underscore,dinosaur,gore,dior,pore,sore,restore,door,more,outdoor,pour,stevedore,indoor,drawer,uproar,wore,folklore,encore,hoar,mor,whore,crore,deplore,mentor,furthermore,ashore,before,fore
oarage,
oarcock,
oared,soared,snowboard,lord,stored,scored,dashboard,explored,hoard,gored,verwoerd,sword,hord,storyboard,adored,sward,outboard,washboard,concorde,clapboard,untoward,underscored,headboard,unexplored,acord,fiberboard,dartboard,cord,fingerboard,pored,clavichord,award,nord,deplored,overlord,floorboard,springboard,blackboard,pegboard,accord,seaboard,inboard,cardboard,harpsichord,surfboard,baseboard,record,aboard,keyboard,roared,njord,onboard,landlord,abhorred,reward,checkerboard,board,aboveboard,clipboard,warlord,overboard,floored,switchboard,gourd,concord,broadsword,bored,toward,mord,horde,fjord,billboard,scoreboard,skateboard,chord,implored,gaylord,poured,paperboard,ward,chessboard,fnord,chipboard,hardboard,ford,restored,smorgasbord,reboard,notochord,ord,wallboard,afford,ignored
oarfish,boarfish
oarfishes,
oar-footed,
oarhole,
oary,
oarial,
oarialgia,
oaric,
oaring,whoring,soring,coring,bowring,dooring
oariocele,
oariopathy,
oariopathic,
oariotomy,
oaritic,
oaritis,
oarium,
oark,
oarless,floorless,doorless,shoreless
oarlike,
oarlock,aftershock,gridlock,toque,hemlock,sidewalk,baulk,hock,feedstock,smock,lock,calk,jaywalk,stalk,bock,gawk,brock,wedlock,frock,knock,doc,tock,roc,lok,goshawk,hoc,havelock,nighthawk,och,shylock,deadlock,loch,nock,locke,laughingstock,bloc,boardwalk,bokeh,ad-hoc,cock,talk,medoc,bach,chalk,interlock,airlock,mock,iraq,shock,sherlock,croc,shamrock,jock,bok,rock,antioch,manioc,bangkok,schlock,mach,gamecock,stock,chock,hancock,jacques,matlock,padlock,glock,floc,poppycock,hollyhock,mohawk,peacock,clock,hawk,unlock,flock,falk,balk,livestock,pock,crosswalk,walk,crock,catwalk,dock,spock,salk,sock,bloch,bedrock,roadblock,crosstalk,block,tomahawk,caulk,woodcock,wok,squawk
,
