oversorrowed,
oversorrowful,
oversorrowfully,
oversorrowfulness,
oversot,
oversoul,
over-soul,
oversouls,
oversound,
oversour,
oversourly,
oversourness,
oversow,
oversowed,
oversowing,
oversown,
overspacious,
overspaciously,
overspaciousness,
overspan,
overspangled,
overspanned,
overspanning,
oversparing,
oversparingly,
oversparingness,
oversparred,
overspatter,
overspeak,
overspeaking,
overspecialization,
overspecialize,
overspecialized,
overspecializes,
overspecializing,
overspeculate,
overspeculated,
overspeculating,
overspeculation,
overspeculative,
overspeculatively,
overspeculativeness,
overspeech,
overspeed,
overspeedy,
overspeedily,
overspeediness,
overspend,amend,yenned,apprehend,pitchblende,end,extend,distend,descend,lend,trend,friend,append,mend,defend,fend,boyfriend,weekend,ascend,attend,abend,riverbend,overextend,arend,yearend,portend,hende,bend,spend,send,suspend,comprehend,misspend,penned,hornblende,uptrend,downtrend,outspend,blend,befriend,commend,pretend,godsend,transcend,unbend,mende,ende,shend,scend,wend,wallsend,blende,rende,recommend,bookend,kenned,reoffend,girlfriend,backend,wende,dividend,depend,goodfriend,townshend,tend,exboyfriend,landsend,contend,denned,expend,condescend,impend,offend,intend
overspended,
overspender,
overspending,tending,trending,sending,offending,suspending,unending,pending,comprehending,transcending,befriending,ending,condescending,contending,recommending,rending,unbending,apprehending,attending,extending,outspending,bending,intending,commending,expending,lending,defending,spending,depending,blending,overextending,ascending,amending,misspending,mending,portending,descending,relending,friending,impending,pretending,wending,fending,vending
overspends,blends,extends,contends,pretends,suspends,trends,friends,transcends,intends,bookends,recommends,overextends,comprehends,godsends,lends,bends,outspends,dividends,spends,defends,befriends,ascends,wends,weekends,rends,depends,fends,portends,ends,commends,vends,amends,tends,arends,boyfriends,backends,mends,descends,goodfriends,attends,girlfriends,sends,offends
overspent,convent,kent,went,cent,wente,percent,vent,mente,advent,occident,event,brent,malcontent,spent,lente,discontent,nonevent,lament,ascent,underrepresent,represent,meant,trent,supplement,circumvent,assent,segment,sente,drent,dissent,disorient,broadbent,present,sent,frequent,scent,extent,reinvent,gwent,cent-,ent,repent,torment,wendt,unspent,fent,shent,pent,intent,dente,gent,dent,tashkent,sprent,rent,orient,ident,prevent,cement,ghent,lent,zent,misspent,content,descent,tent,outspent,slent,consent,indent,splent,accent,bent,glent,stent,invent,underwent,misrepresent,relent,dement,president,ferment,resent,blent,augment
overspice,
overspiced,
overspicing,
overspill,
overspilled,
overspilling,
overspilt,
overspin,
overspins,
oversplash,
overspoke,
overspoken,
overspread,
overspreading,
overspreads,
overspring,
oversprinkle,
oversprung,
overspun,
oversqueak,
oversqueamish,
oversqueamishly,
oversqueamishness,
oversshot,
overstaff,giraffe,grandstaff,pinkstaff,taff,unitaf,yaffe,raff,staph,pfaff,paragraph,sclaff,bickerstaff,reprograph,fraph,half,taffe,flagstaff,riffraff,graef,carafe,telegraph,graefe,rhaphe,mimeograph,gaf,falstaff,naff,lithograph,longstaff,gaff,gaffe,echograph,raf,wagstaff,haff,photograph,behalf,schaff,monograph,grindstaff,skaff,paff,graff,spectrograph,laugh,hectograph,scaff,shaff,intergraph,pendergraph,chaff,autograph,staff,choreograph,raphe,braff,phonograph,msafp,biggerstaff,graeff,hackstaff,polygraph,allograph,calf,laff,metcalf,epitaph,graph,assaf,draff,graf,understaff,sielaff
overstaffed,haft,craycraft,draft,graphed,statecraft,gaffed,tandycraft,childcraft,redraft,reycraft,handicraft,haycraft,stagecraft,colorcraft,beechcraft,graft,crankshaft,kraft,handcraft,krafft,metallgesellschaft,gemcraft,downdraft,siegecraft,computercraft,starcraft,telegraphed,raycraft,laughed,choreographed,ashcraft,raft,designcraft,hutchcraft,whitcraft,aft,autographed,staffed,northcraft,hovercraft,calfed,chaffed,understaffed,spacecraft,overdraft,schoolcraft,updraft,biocraft,taft,photographed,draught,aircraft,craft,antiaircraft,shaft,daft,witchcraft,camshaft,ravenscraft
overstaffing,
overstaffs,
overstay,portray,j,ballet,today,stray,spray,prey,passe,grey,pay,gray,valet,stay,cliche,away,may,display,everyday,say,clay,sunday,cache,gay,tray,holiday,fray,heyday,fiance,anyway,sobriquet,ray,okay,slay,day,lei,re,mainstay,k,lay,sachet,usa,bouquet,weigh,fey,halfway,yay,sway,dismay,underway,asea,convey,dossier,way,delay,x-ray,leeway,inlay,buffet,cafe,ok,hay,gateway,disarray,latte,waylay,quay,obey,relay,lingerie,fillet,repay,pray,betray,nay,jay,hey,soiree,astray,melee,entree,essay,friday,they,survey,overlay,dna,bray,yea,array,resume,play,bay,gourmet,vertebrae,railway,decay,splay,allay,gainsay,protege
overstayal,
overstaid,
overstayed,dissuade,unafraid,jade,buffeted,handmade,payed,grenade,persuade,prepaid,stade,upbraid,accolade,adelaide,blade,marinade,wade,aid,nightshade,braid,trade,barricade,conveyed,staid,sauteed,mermaid,promenade,delayed,escapade,spade,pervade,blockade,made,degrade,serenade,invade,raid,nsaid,brocade,paid,quayd,allayed,forbade,arrayed,waylaid,stayed,aide,decade,quaid,upgrade,cade,maid,portrayed,grade,parade,laid,lade,marmalade,homemade,tirade,lemonade,afraid,splayed,frayed,fusillade,displayed,evade,glade,crusade,retrograde,cavalcade,suede,played,downgrade,haid,manmade,located,dismayed,shade,arcade,fade,brigade,ade,cliched,relayed,clade,slade,hade,palisade,charade,masquerade,renegade,weighed,overlaid,motorcade,centigrade,cascade,colonnade,swayed,betrayed,bade
overstaying,
overstain,
overstays,
overstale,
overstalely,
overstaleness,
overstalled,
overstand,
overstanding,
overstarch,
overstaring,
overstate,repudiate,consummate,incorporate,inculcate,predicate,celebrate,gait,accommodate,denigrate,moderate,separate,manipulate,freight,rate,emanate,rait,graduate,dedicate,precipitate,desolate,abdicate,exacerbate,procrastinate,stipulate,trait,commiserate,conflate,corroborate,associate,abate,intimate,consolidate,subordinate,mate,articulate,late,innate,cultivate,evaluate,estimate,spate,advocate,assimilate,disseminate,facilitate,weight,contemplate,collaborate,straight,deliberate,communicate,integrate,appreciate,reiterate,propagate,relate,update,slate,emulate,delegate,fate,wait,designate,obfuscate,great,elucidate,plate,alternate,alleviate,gate,compensate,resonate,ameliorate,extrapolate,adequate,initiate,create,postulate,arrogate,delineate,anticipate,profligate,vacillate,demonstrate,debate,obviate,mandate,mitigate,dissipate,appropriate,abrogate,elaborate,surrogate,indicate,coordinate,deprecate,collate,estate,state,date
overstated,complicated,exasperated,obligated,consecrated,aggregated,frustrated,promulgated,sated,inundated,precipitated,elevated,articulated,truncated,consolidated,intimated,related,eviscerated,sophisticated,indicated,separated,agitated,serrated,annotated,liberated,designated,stipulated,elated,intimidated,affiliated,exaggerated,educated,alienated,understated,nauseated,dilapidated,emanated,exacerbated,antiquated,initiated,deprecated,isolated,unadulterated,stated,bated,belated,appreciated,situated,corrugated,orientated,reiterated,exonerated,perforated,animated,attenuated,unmitigated,outdated,dissipated,irritated,predicated,incorporated,motivated,incarcerated,cultivated,aggravated,opinionated,slated,overrated,fascinated,automated,interrelated,delineated,located,saturated,relegated,dated,created,mitigated,substantiated,unabated,integrated,intoxicated,excoriated,inebriated,decapitated,contaminated,mandated,graduated,encapsulated,prorated,emaciated,associated,incapacitated,devastated,bifurcated,allocated,anticipated,infatuated,feted,abated,concentrated
overstately,
overstatement,understatement,reinstatement,abatement,misstatement,batement,restatement,statement
overstatements,statements,misstatements,abatements,restatements
overstatement's,
overstates,crates,infuriates,predominates,extrapolates,slates,coates,radiates,states,necessitates,deviates,deteriorates,estates,dissipates,separates,demonstrates,integrates,mates,delegates,fluctuates,facilitates,dates,expatriates,evaporates,yates,permeates,straits,differentiates,creates,emirates,fetes,gates,anticipates,mitigates,invertebrates,yeats,vertebrates,ates,perpetuates,coordinates,baits,corroborates,teammates,plates,updates,postulates,dictates,commemorates,nates,associates,obviates,fates,hippocrates,sates,relates,illustrates,cates,operates,allocates,predicates,chordates,affiliates,approximates,traits,rates,estimates,pates,awaits,exaggerates,annotates,plaits,mandates,inmates,appreciates,eights,equates,weights,greats,subordinates,indicates,advocates,graduates,skates,accommodates,translates,delineates,classmates,repudiates,emulates,bates,disseminates,negates,grates,accelerates,primates,waits,intimidates,resonates,exacerbates
overstating,operating,exhilarating,radiating,pontificating,emulating,frustrating,delineating,aggravating,eliminating,stimulating,initiating,grating,self-deprecating,stating,perpetuating,berating,anticipating,salivating,accommodating,undulating,titillating,emanating,gaiting,denigrating,procrastinating,indicating,illuminating,abating,activating,oscillating,bating,pulsating,mating,annihilating,baiting,gating,instigating,discriminating,penetrating,waiting,obviating,weighting,dominating,irritating,liberating,escalating,permeating,coordinating,communicating,vacillating,reciprocating,exacerbating,ingratiating,alternating,alienating,abbreviating,suffocating,humiliating,delegating,fluctuating,calculating,deteriorating,extenuating,intoxicating,devastating,culminating,nauseating,relating,accelerating,excoriating,facilitating,subordinating,debilitating,excruciating,cultivating,abrogating,infuriating,mitigating,exasperating,captivating,rating,validating,awaiting,deprecating,fascinating,dating,intimidating,contemplating,implicating,skating,creating,recuperating,incriminating,percolating,articulating,invigorating,rotating,accumulating,advocating,plating
oversteadfast,
oversteadfastly,
oversteadfastness,
oversteady,
oversteadily,
oversteadiness,
oversteer,
overstep,lockstep,cep,nextstep,shepp,sep,epp,schweppe,strep,schnepp,sepp,hepp,boztepe,schlep,deppe,knepp,kleppe,step,schepp,menatep,hep,stepp,schlepp,rep,depp,misstep,yep,heppe,shlep,repp,step-,kepp,lepp,steppe,doorstep,lep,prep,dep,zepp,pep,sidestep,shep,footstep,fgrep
overstepped,except,sidestepped,stepped,sept,schlepped,yclept,accept,wept,intercept,leapt,sept-,windswept,leaped,swept,overslept,crept,clept,pepped,kept,inept,precept,prepped,slept,adept,hept-
overstepping,sidestepping,pepping,trepang,prepping,schlepping,stepping
oversteps,
overstiff,
overstiffen,
overstiffly,
overstiffness,
overstifle,
overstimulate,
overstimulated,
overstimulates,
overstimulating,
overstimulation,
overstimulative,
overstimulatively,
overstimulativeness,
overstir,
overstirred,
overstirring,
overstirs,
overstitch,
overstock,bloc,gawk,wok,sock,chalk,padlock,sidewalk,clock,aftershock,frock,cock,manioc,wedlock,nighthawk,bock,calk,block,iraq,floc,och,stock,tock,lock,poppycock,airlock,gridlock,interlock,walk,crosswalk,hawk,schlock,bedrock,smock,crosstalk,toque,jacques,falk,nock,spock,unlock,ad-hoc,gamecock,antioch,hoc,brock,hancock,hemlock,hollyhock,jock,salk,tomahawk,bangkok,squawk,doc,knock,loch,chock,goshawk,caulk,dock,shamrock,flock,medoc,deadlock,peacock,roc,bach,locke,bokeh,baulk,balk,hock,stalk,woodcock,shylock,crock,shock,matlock,mach,roadblock,sherlock,boardwalk,feedstock,mock,oarlock,bok,croc,mohawk,talk,livestock,pock,catwalk,lok,laughingstock,jaywalk,havelock,glock,rock
overstocked,clocked,shellshocked,stocked,walked,gridlocked,socked,concoct,grokked,restocked,chocked,baulked,mocked,stalked,padlocked,kristallnacht,balked,focht,hocked,chalked,pocked,deadlocked,squawked,unlocked,talked,blocked,hawked,knocked,locked,nocked,landlocked,oct,noct-,frocked,caulked,gawked,cocked,docked,shocked,crocked,rocked,flocked
overstocking,
overstocks,
overstood,
overstoop,
overstoping,
overstore,
overstored,
overstory,
overstoring,
overstout,
overstoutly,
overstoutness,
overstowage,
overstowed,
overstraight,
overstraighten,
overstraightly,
overstraightness,
overstrain,
overstrained,
overstraining,
overstrains,
overstrait,
overstraiten,
overstraitly,
overstraitness,
overstream,
overstrength,
overstrengthen,
overstress,
overstressed,
overstresses,
overstressing,
overstretch,
overstretched,
overstretches,
overstretching,
overstrew,
overstrewed,
overstrewing,
overstrewn,
overstricken,
overstrict,
overstrictly,
overstrictness,
overstridden,
overstride,
overstridence,
overstridency,
overstrident,
overstridently,
overstridentness,
overstriding,
overstrike,
overstrikes,
overstriking,
overstring,
overstringing,
overstrive,
overstriven,
overstriving,
overstrode,
overstrong,
overstrongly,
overstrongness,
overstrove,
overstruck,
overstrung,
overstud,
overstudy,
overstudied,
overstudying,
overstudious,
overstudiously,
overstudiousness,
overstuff,tuff,piedboeuf,buff,muff,mcgeough,huff,cluff,ruffe,snuff,dyestuff,pluff,luff,macduff,fluff,lebouef,gruff,rough,goodnough,bruff,mcgough,tough,earmuff,leboeuf,rebuff,scuff,puff,hough,scottsbluff,acuff,shruff,mcduff,ruf,stuff,enough,dayhuff,sluff,shuff,guff,bluff,stough,duff,spliff,fisticuff,vakuf,cuffe,slough,handcuff,foodstuff,knuff,chuff,petstuff,cuff,scruff,schuff,ruff
overstuffed,puffed,tufte,muffed,grift,sloughed,luffed,snuffed,luft,scuffed,toughed,huffed,cruft,snift,stuffed,handcuffed,rebuffed,fluffed,smift,tuft,ruffed,bluffed,chuffed,duffed,squiffed,cuffed,roughed,buffed
oversublime,
oversubscribe,streib,xscribe,proscribe,describe,circumscribe,scheib,imbibe,scribe,diatribe,jibe,cyb,miniscribe,scheibe,unsubscribe,gibe,vibe,prescribe,inscribe,ascribe,bribe,geib,tribe,transcribe,subscribe
over-subscribe,
oversubscribed,proscribed,imbibed,described,undersubscribed,unsubscribed,circumscribed,gybed,prescribed,kibed,ascribed,gibed,inscribed,subscribed,bribed,scribed,transcribed,jibed
oversubscriber,
oversubscribes,
oversubscribing,
oversubscription,
oversubtile,
oversubtle,
oversubtlety,
oversubtleties,
oversubtly,
oversuds,
oversufficiency,
oversufficient,
oversufficiently,
oversum,
oversup,
oversuperstitious,
oversuperstitiously,
oversuperstitiousness,
oversupped,
oversupping,
oversupply,mollify,sky,my,testify,bely,by,ratify,stultify,spy,wry,nigh,whereby,amplify,fry,ply,shy,vie,pi,ossify,high,vilify,tai,rectify,signify,notify,codify,bi,magpie,alibi,thereby,edify,modify,bae,why,goodbye,y,try,awry,specify,die,sly,occupy,hereby,imply,guy,sty,buy,alumni,reply,rye,lie,ai,butterfly,sigh,belie,justify,nullify,ally,lanai,ly,exemplify,underlie,psi,qualify,spry,nearby,fly,bye,classify,hi,satisfy,verify,gadfly,pry,pie,rely,standby,aye,dry,nye,dye,certify,quantify,defy,clarify,i,indemnify,vi,comply,identify,mortify,apply,deny,decry,chi,supply,lye,cry,tie,eye
over-supply,
oversupplied,oxide,guide,subside,seaside,betide,qualified,mortified,dignified,beside,pride,chide,stride,defied,decide,abide,satisfied,preoccupied,petrified,backslide,hyde,stratified,pesticide,reside,lied,modified,eyed,astride,multiplied,tide,snide,bide,homicide,deride,vide,blindside,allied,divide,fratricide,slide,complied,upside,landslide,fortified,collide,unified,yuletide,countryside,suicide,worldwide,override,amplified,hide,broadside,classified,justified,cyanide,genocide,provide,pied,shied,confide,applied,downside,backside,bonafide,outside,implied,certified,decried,ratified,pried,terrified,inside,bride,denied,ride,occupied,diversified,coincide,wayside,dioxide,wide,ide,alongside,cockeyed,dried,belied,curbside,aside,bromide,side,tried,tied,apartheid,fide,preside,peroxide,plied,glide
oversupplies,
oversupplying,
oversups,
oversure,
oversured,
oversurely,
oversureness,
oversurety,
oversurge,
oversuring,
oversurviving,
oversusceptibility,
oversusceptible,
oversusceptibleness,
oversusceptibly,
oversuspicious,
oversuspiciously,
oversuspiciousness,
oversway,
overswarm,
overswarming,
overswarth,
oversweated,
oversweep,
oversweet,
oversweeten,
oversweetened,
oversweetening,
oversweetens,
oversweetly,
oversweetness,
overswell,
overswelled,
overswelling,
overswift,
overswim,
overswimmer,
overswing,
overswinging,
overswirling,
overswollen,
overt,hirt,covert,turret,assert,quirt,curt,wirt,exert,birt,burtt,mcguirt,sweatshirt,pervert,subvert,spurt,nightshirt,vert,purt,dessert,peart,girt,boisvert,introvert,invert,concert,pert,evert,inert,squirt,blurt,disconcert,skirt,insert,humpert,lampert,outskirt,avert,alert,gert,undershirt,berte,schwerdt,revert,dilbert,herdt,hurt,hert,mcgirt,desert,kurt,bert,kirt,unhurt,mcwhirt,vanwert,hurtt,burt,dirt,flirt,thibert,extrovert,kuhrt,reassert,erte,gumpert,shirt,wert,divert,chert,miniskirt,convert
overtakable,
overtake,beefsteak,shaik,slake,sweepstake,bellyache,wake,retake,cheesecake,intake,hake,naik,take,sake,headache,spake,awake,blake,keepsake,pancake,heartache,ake,cupcake,betake,rattlesnake,rake,fake,dake,namesake,drake,mandrake,lake,earthquake,kittiwake,steak,snowflake,opaque,flake,break,forsake,jake,claik,brake,shaykh,clake,make,fruitcake,paik,backache,muckrake,cake,pake,quake,bake,stake,caique,daybreak,snake,strake,haik,hotcake,mistake,ache,remake,undertake,partake,straik,handshake,uptake,milkshake,shaikh,shake,outtake,heartbreak,shortcake,outbreak,crake,yake
overtaken,dakin,kraken,mistaken,shaiken,baken,jamaican,unshaken,raycon,bacon,chaiken,aken,awaken,hakan,waken,daikon,chaikin,shaken,break-in,lacan,takla-makan,shaykin,take-in,forsaken,undertaken,macon,mcmaken,tacan,fraken,taken,reawaken,retaken,daikin
overtaker,
overtakers,
overtakes,flakes,slakes,quakes,handshakes,rakes,frakes,crakes,keepsakes,pancakes,namesakes,rattlesnakes,hotcakes,sweepstakes,fruitcakes,mistakes,earthquakes,stakes,snowflakes,strakes,heartbreaks,headaches,bakes,outbreaks,cupcakes,makes,jakes,fakes,sakes,raikes,hakes,brakes,snakes,undertakes,lakes,wakes,shakes,drakes,breaks,remakes,outtakes,takes,blakes,cakes,aches,backaches,steaks
overtaking,heartbreaking,snaking,peacemaking,printmaking,painstaking,staking,waking,lawbreaking,making,policymaking,moviemaking,papermaking,quaking,maikong,undertaking,remaking,basketmaking,muckraking,filmmaking,steelmaking,matchmaking,slaking,taking,bookmaking,faking,raking,dressmaking,homemaking,baking,glassmaking,breathtaking,rulemaking,dealmaking,braking,forsaking,handshaking,groundbreaking,mistaking,breaking,lawmaking,retaking,decisionmaking,profittaking,shaking,moneymaking,caking,earthshaking,flaking
overtalk,
overtalkative,
overtalkatively,
overtalkativeness,
overtalker,
overtame,
overtamely,
overtameness,
overtapped,
overtare,
overtariff,
overtarry,
overtart,
overtartly,
overtartness,
overtask,
overtasked,
overtasking,
overtasks,
overtaught,
overtax,acts,awacs,axe,blacks,knickknacks,trax,cadillacs,sacks,setbacks,attacks,climax,whacks,greenbacks,quacks,jacks,fax,shacks,pacts,cutbacks,sachs,lacks,gunnysacks,bax,pax,stacks,ax,macs,saks,aftertax,flashbacks,kickbacks,max,wax,packs,imax,surtax,pacs,relax,mesothorax,jaques,impacts,parallax,racks,earwax,smacks,galax,backs,facts,plax,borax,hacks,pretax,tampax,pentax,tracks,knacks,ajax,maxx,slacks,equifax,halifax,fosamax,dax,snacks,lilacs,wisecracks,yax,drawbacks,rax,tax,sacs,plaques,praxes,metathorax,syntax,lomax,vax,contacts,flax,fairfax,tacks,lax,maniacs,sax,saxe,filofax,cracks,maces
overtaxation,
overtaxed,untaxed,faxed,baxt,taxed,waxed,bakst,climaxed,axed,maxed,axt,relaxed,akst
overtaxes,
overtaxing,
overteach,
overteaching,
overtechnical,
overtechnicality,
overtechnically,
overtedious,
overtediously,
overtediousness,
overteem,
overtell,
overtelling,
overtempt,
overtenacious,
overtenaciously,
overtenaciousness,
overtenacity,
overtender,
overtenderly,
overtenderness,
overtense,
overtensely,
overtenseness,
overtension,
overterrible,
overtest,
overtheatrical,
overtheatrically,
overtheatricalness,
over-the-counter,
overtheorization,
overtheorize,
overtheorized,
overtheorizing,
overthick,
overthickly,
overthickness,
overthin,
overthink,
overthinly,
overthinness,
overthought,
overthoughtful,
overthoughtfully,
overthoughtfulness,
overthrew,tattoo,into,two,avenue,chew,poo,who,zoo,redo,accrue,blue,clue,retinue,flue,ensue,cue,brew,queue,que,q,shue,shoe,vue,eschew,to,gnu,xu,skew,spew,crew,barbecue,lulu,new,yahoo,glue,hitherto,undo,residue,emu,dew,roux,undue,woo,ingenue,goo,mew,ewe,strew,breakthrough,vu,yew,adieu,rue,boo,revenue,anew,canoe,pursue,due,ado,screw,hue,slew,lieu,statue,true,purview,you,imbue,view,u,taboo,coup,construe,do,debut,renew,sue,through,shrew,stew,few,flu,overview,interview,loo,hew,tissue,rendezvous,guru,outdo,pew,cuckoo,askew,bamboo,review,thru,too,coo,subdue
overthrifty,
overthriftily,
overthriftiness,
overthrong,
overthrow,show,low,virago,throw,plough,rhino,audio,otto,adagio,espresso,grotto,hoe,grow,whoa,mo,radio,tornado,archipelago,gusto,dough,manifesto,meadow,hydro,beau,torpedo,borrow,hello,tomorrow,calypso,bowe,studio,aficionado,portico,rococo,tableau,though,fallow,blow,foe,forego,woe,doe,crow,mow,slow,ho,co,willow,veto,vertigo,sew,o,buffalo,photo,glow,winnow,joe,apropos,owe,glo,bestow,plateau,ratio,cameo,dado,escrow,yoe,indigo,so,quo,toe,flow,snow,row,solo,portfolio,patio,undergo,forgo,tempo,no,shadow,aglow,torso,bio,rainbow,go,roe,know,coco,tow,below,tomato,lo,micro,pro,although,potato
overthrowable,
overthrowal,
overthrower,
overthrowers,
overthrowing,throwing,plateauing,bestowing,glassblowing,slowing,tiptoeing,glowing,moviegoing,snowing,crowing,blowing,unknowing,growing,foregoing,undergoing,stowing,seagoing,outgoing,boing,farrowing,koing,oceangoing,outgrowing,elbowing,ongoing,forgoing,flowing,torpedoing,easygoing,winnowing,overflowing,churchgoing
overthrown,touchstone,moonstone,blown,brownstone,loan,allophone,sewn,prone,megaphone,postpone,sown,trombone,flown,telephone,hone,earphone,acetone,cologne,phone,alone,bemoan,sloan,xylophone,cone,argonne,capone,bone,moan,groan,fone,rhone,headphone,thrown,limestone,capstone,milestone,keystone,overtone,grown,shown,whetstone,gladstone,cobblestone,jawbone,baritone,cyclone,monotone,collarbone,rone,roan,rhinestone,throne,lodestone,chaperone,condone,francophone,mone,millstone,saxophone,backbone,lone,unknown,sharon,testosterone,homegrown,stone,own,clone,intone,pheromone,scone,homophone,cicerone,hormone,anemone,undertone,crone,leone,cornerstone,disown,ozone,tone,mon,tombstone,t-bone,strown,microphone,atone,known,drone,joan,shone,simone,gemstone,overblown,silicone,zone,headstone
overthrows,silos,superimpose,plainclothes,disclose,foes,ose,cose,cameos,brose,suppose,gose,tomatos,enclose,vose,gyros,hose,pharos,noes,roes,throes,bows,dominos,cocos,ambrose,melrose,bose,dominoes,pantyhose,ratios,transpose,rockrose,arose,jos,logos,mose,blows,knows,presuppose,lows,shows,meadows,woes,flows,dispose,pros,gloze,penrose,shadows,eaux,depose,primrose,goes,doze,euros,demos,oppose,prose,hoes,cloze,blowze,those,chose,clothes,rose,close,tornados,overexpose,bulldoze,propose,juxtapose,predispose,photos,ohs,interpose,expose,croze,toes,embryos,cargoes,pose,elbows,owes,throws,nose,decompose,impose,crows,grose,boroughs,bongos,compose,rows,repose,froze,foreclose,psoas,studios
overthrust,
overthwart,
overthwartarchaic,
overthwartly,
overthwartness,
overthwartways,
overthwartwise,
overtide,
overtight,
overtighten,
overtightened,
overtightening,
overtightens,
overtightly,
overtightness,
overtill,
overtilt,
overtimbered,
overtime,prime,springtime,lime,rhyme,syme,crime,ragtime,bedtime,primetime,mime,nighttime,sublime,clime,paradigm,hime,onetime,chyme,wartime,schooltime,thyme,anaheim,durkheim,flextime,everytime,grime,quicktime,summertime,halftime,parttime,lyme,haim,showtime,guggenheim,pantomime,airtime,beim,climb,maritime,christmastime,anticrime,time,centime,lunchtime,mealtime,chime,part-time,peacetime,downtime,meantime,rhime,heim,sometime,slime,daytime,pastime,dinnertime,blenheim,fulltime,noontime,anytime,stime,wintertime,longtime,kime,enzyme,lifetime,sime,dime
overtimed,
overtimer,
overtimes,
overtimid,
overtimidity,
overtimidly,
overtimidness,
overtiming,
overtimorous,
overtimorously,
overtimorousness,
overtinsel,
overtinseled,
overtinseling,
overtint,
overtip,
overtype,
overtyped,
overtipple,
overtippled,
overtippling,
overtips,
overtire,
overtired,
overtiredness,
overtires,
overtiring,
overtitle,
overtly,covertly,kirtley,pertly,birtley,wortley,curtly,alertly
overtness,
overtoe,
overtoil,
overtoiled,
overtoiling,
overtoils,
overtoise,
overtold,
overtolerance,
overtolerant,
overtolerantly,
overton,
overtone,touchstone,moonstone,blown,brownstone,loan,allophone,sewn,prone,megaphone,overthrown,postpone,sown,trombone,flown,telephone,hone,earphone,acetone,cologne,phone,alone,bemoan,sloan,xylophone,cone,argonne,capone,bone,moan,groan,fone,rhone,headphone,thrown,limestone,capstone,milestone,keystone,grown,shown,whetstone,gladstone,cobblestone,jawbone,baritone,cyclone,monotone,collarbone,rone,roan,rhinestone,throne,lodestone,chaperone,condone,francophone,mone,millstone,saxophone,backbone,lone,unknown,sharon,testosterone,homegrown,stone,own,clone,intone,pheromone,scone,homophone,cicerone,hormone,anemone,undertone,crone,leone,cornerstone,disown,ozone,tone,mon,tombstone,t-bone,strown,microphone,atone,known,drone,joan,shone,simone,gemstone,overblown,silicone,zone,headstone
overtones,telephones,mones,businessphones,crossbones,earphones,postpones,intones,allophones,undertones,flagstones,thrones,silicones,lohnes,quinones,cheekbones,halftones,unknowns,reesjones,microphones,gladstones,rhinestones,crones,lones,koans,gemstones,joens,flintstones,drones,hipbones,limestones,hormones,cornerstones,condones,soens,stones,tones,fones,cobblestones,rhys-jones,knowns,baritones,bemoans,romanones,trombones,keystones,cyclones,trones,moans,scones,jones,cones,interacciones,headstones,tombstones,phones,chaperones,groans,homophones,sones,loans,airfones,daimones,backbones,cherrystones,goans,owns,headphones,gallstones,megaphones,gravestones,goens,madstones,moonstones,roans,leones,pheromones,hailstones,thoennes,zones,bones,hones,clones,milestones,saxophones
overtone's,
overtongued,
overtook,look,shook,pocketbook,inglenook,crook,rook,nook,schnook,retook,holbrook,hook,strook,willowbrook,redbook,sourcebook,zook,shnook,overlook,hornbook,chook,logbook,brook,schoolbook,outlook,mook,cookbook,sketchbook,unhook,forsook,storybook,chinook,bankbook,rebook,textbook,brooke,blook,plook,stroock,tooke,cooke,sihanouk,took,rooke,powerbook,yearbook,seabrook,handbook,guidebook,kirkuk,scrapbook,westbrook,donnybrook,gook,matchbook,flook,rulebook,hooke,passbook,notebook,mccook,cook,precook,undertook,book,snook,overcook,overbook,checkbook,mistook,quook,gobbledygook,undercook
overtop,
overtopped,
overtopping,
overtopple,
overtops,
overtorture,
overtortured,
overtorturing,
overtower,
overtrace,
overtrack,
overtrade,
overtraded,
overtrader,
overtrading,
overtrailed,
overtrain,inhumane,reign,romaine,vane,maine,humane,lane,dane,sprain,lain,urbane,saine,train,insane,vein,feign,champagne,ascertain,thane,detain,plain,vain,deign,zane,migraine,kane,terrain,arraign,pane,ordain,cain,explain,partain,airplane,campaign,jane,hurricane,chain,twain,obtain,abstain,skein,moraine,plane,stain,again,remain,germaine,wane,retain,shane,swain,wain,restrain,disdain,complain,pain,slain,fane,domain,bain,attain,pertain,profane,crane,ane,cane,inane,germane,entertain,aine,arcane,contain,rein,bane,membrane,wayne,mundane,constrain,cocaine,spain,drain,refrain,brain,grain,quain,sane,fein,main,legerdemain,maintain,germain,strain,fain,sustain,mane,rain,gain,crain,trane
over-train,
overtrained,
overtraining,feigning,retraining,restraining,reigning,containing,constraining,detaining,haning,ascertaining,draining,waning,campaigning,straining,pertaining,deigning,planing,retaining,paining,outgaining,laning,maintaining,spraining,painting,training,refraining,chaining,disdaining,explaining,caning,complaining,graining,regaining,ordaining,craning,veining,staining,remaining,obtaining,gaining,sustaining,braining,plaining,reining,abstaining,entertaining,raining,attaining
overtrains,
overtrample,
overtravel,
overtread,
overtreading,
overtreat,
overtreated,
overtreating,
overtreatment,
overtreats,
overtrick,
overtrim,
overtrimme,
overtrimmed,
overtrimming,
overtrims,
overtrod,
overtrodden,
overtrouble,
over-trouble,
overtroubled,
overtroubling,
overtrue,
overtruly,
overtrump,
overtrust,
over-trust,
overtrustful,
overtrustfully,
overtrustfulness,
overtrusting,
overtruthful,
overtruthfully,
overtruthfulness,
overtumble,
overture,
overtured,
overtures,matures,yours,obscures,reassures,secures,koors,assures,endures,mures,moors,luhrs,moores,insures,brochures,ensures,boors,contours,tours,luehrs,sures,spoors,lures,detours,cures
overture's,
overturing,
overturn,aherne,durn,churn,concern,learn,sunburn,stirn,downturn,discern,bern,earn,hern,herne,spurn,washburn,yearn,kern,thurn,hearn,return,fearn,turn,unconcern,cogburn,urn,sterne,byrne,hearne,stern,hurn,upturn,dern,berne,ahearn,cockburn,redfern,fern,adjourn,laverne,heartburn,vern,zurn,cern,taciturn,erne,ahern,sauterne,verne,minturn,kirn,burn,chern
overturnable,
overturned,unearned,unburned,burned,earned,interned,sunburned,unconcerned,turned,concerned,learned,unturned,kerned,discerned,spurned,ferned,adjourned,sterned,returned,yearned,churned
overturner,
overturning,churning,spurning,discerning,returning,adjourning,learning,burning,turning,berning,werning,durning,concerning,kerning,yearning
,
