overturns,ternes,stearns,downturns,upturns,kearns,discerns,kernes,adjourns,spurns,ferns,returns,earns,concerns,sauternes,terns,sterns,churns,berns,byrnes,turns,yearns,querns,burns,hearns,mearns,vernes,burnes,kerns,learns
overtutor,
overtwine,
overtwist,
overuberous,
over-under,
overunionize,
overunionized,
overunionizing,
overunsuitable,
overurbanization,
overurbanize,
overurbanized,
overurbanizing,
overurge,
overurged,
overurges,
overurging,
overuse,schmooze,tewes,canoes,woos,abuse,thews,tattoos,blues,suffuse,tissues,hindus,clews,accuse,recuse,syracuse,revenues,druse,ewes,statues,shoes,jews,ensues,ruse,chuse,flews,ooze,eschews,accrues,disabuse,misuse,residues,news,boos,creuse,hughes,hairdos,soyuz,transfuse,trews,taboos,meuse,booze,cruse,dues,brews,amuse,enthuse,druze,kangaroos,queues,crews,chews,dews,hues,gurus,roos,horseshoes,choose,lose,roose,moos,reviews,diffuse,chartreuse,hews,whose,refuse,defuse,reuse,bemuse,pews,infuse,clues,confuse,sous,cruise,andrews,youse,toulouse,cruz,ques,shmooze,views,luse,booz,lewes,avenues,muse,slews,screws,peruse,goos,bruise,loos,fuse,snooze,cues,excuse,zoos,cruze
overused,oozed,recused,diffused,disabused,boozed,abused,underused,used,unused,excused,bruised,infused,confused,soused,defused,fused,accused,suffused,amused,schmoozed,mused,rused,refused,enthused,bemused,reused,perused,fuzed,snoozed,transfused,misused,cruised
overuses,druses,confuses,guses,uses,bruises,ruses,excuses,souses,druzes,misuses,refuses,muses,diffuses,cruises,boozes,amuses,lollapaloozas,peruses,loses,infuses,chooses,fuzes,accuses,suffuses,abuses,fuses
overusing,misusing,accusing,using,excusing,perusing,fuzing,suffusing,boozing,fusing,musing,snoozing,abusing,reusing,defusing,infusing,refusing,shmoozing,diffusing,losing,recusing,schmoozing,confusing,dossing,cruising,bruising,amusing,sousing,choosing
overusual,
overusually,
overutilize,
overutilized,
overutilizes,
overutilizing,
overvaliant,
overvaliantly,
overvaliantness,
overvaluable,
overvaluableness,
overvaluably,
overvaluation,affiliation,compensation,reputation,appreciation,corporation,notation,cooperation,correlation,connotation,transformation,communication,pronunciation,foundation,preparation,dissertation,abomination,dedication,remuneration,situation,gentrification,litigation,proliferation,remediation,nation,relation,implementation,operation,vacation,orientation,motivation,conflagration,configuration,indignation,evaluation,conversation,accommodation,articulation,integration,creation,translation,aspiration,innovation,discrimination,location,medication,manifestation,trepidation,variation,abbreviation,association,segregation,rehabilitation,collocation,obfuscation,deviation,citation,generation,station,meditation,administration,salvation,inclination,observation,aberration,obligation,precipitation,adaptation,ramification,affirmation,vocation,altercation,consideration,information,reconciliation,sensation,interpretation,representation,reservation,inspiration,consternation,radiation,organization,collaboration,implication,quotation,revelation,transportation,approbation,population,determination,alliteration,education,constellation,presentation,designation,anticipation,application,expectation,civilization,conservation
overvalue,valu,eigenvalue,undervalue,value,supervalu
over-value,
overvalued,valued,undervalued,revalued
overvalues,
overvaluing,
overvary,
overvariation,
overvaried,
overvariety,
overvarying,
overvault,
overvehemence,
overvehement,
overvehemently,
overvehementness,
overveil,overvail
overventilate,
overventilated,
overventilating,
overventilation,
overventuresome,
overventurous,
overventurously,
overventurousness,
overview,hue,to,u,thru,spew,coo,new,yahoo,chew,revenue,strew,vue,purview,slew,cuckoo,adieu,few,avenue,stew,shue,true,mew,rendezvous,brew,zoo,undo,construe,statue,due,anew,into,lulu,who,cue,undue,ado,renew,eschew,barbecue,taboo,lieu,imbue,view,clue,gnu,loo,debut,bamboo,poo,redo,review,emu,ingenue,crew,overdo,outdo,xu,retinue,ewe,vu,shoe,flue,tissue,you,interview,ensue,hitherto,canoe,skew,sue,breakthrough,accrue,two,queue,coup,roux,goo,flu,askew,guru,yew,dew,too,que,residue,blue,pew,pursue,hew,screw,glue,boo,through,tattoo,do,subdue,rue,woo,shrew,q
overviews,schmooze,tewes,canoes,woos,abuse,thews,tattoos,blues,suffuse,tissues,hindus,accuse,recuse,syracuse,revenues,druse,ewes,statues,shoes,jews,ensues,ruse,chuse,flews,ooze,eschews,accrues,disabuse,misuse,residues,news,boos,creuse,hughes,hairdos,soyuz,transfuse,trews,taboos,meuse,booze,cruse,dues,brews,amuse,enthuse,druze,kangaroos,queues,crews,chews,dews,hues,gurus,roos,horseshoes,choose,lose,roose,moos,reviews,diffuse,chartreuse,hews,whose,refuse,defuse,reuse,bemuse,pews,infuse,clues,confuse,sous,cruise,andrews,youse,toulouse,cruz,ques,shmooze,views,luse,booz,lewes,avenues,muse,slews,screws,peruse,goos,bruise,overuse,loos,fuse,snooze,cues,excuse,zoos,cruze
overview's,
overvigorous,
overvigorously,
overvigorousness,
overviolent,
overviolently,
overviolentness,
overvoltage,
overvote,
overvoted,
overvotes,
overvoting,
overwade,
overwages,
overway,
overwake,
overwalk,
overwander,
overward,
overwary,
overwarily,
overwariness,
overwarm,
overwarmed,
overwarming,
overwarms,
overwart,
overwash,
overwasted,
overwatch,
overwatcher,
overwater,
overwave,
overweak,
overweakly,
overweakness,
overwealth,
overwealthy,
overweaponed,
overwear,
overweary,
overwearied,
overwearying,
overwearing,
overwears,
overweather,
overweave,
overweb,
overween,
overweened,
overweener,
overweening,
overweeningly,
overweeningness,
overweens,
overweep,
overweigh,
overweighed,
overweighing,
overweighs,
overweight,abate,precipitate,cultivate,estate,appropriate,anticipate,innate,elaborate,obfuscate,debate,incorporate,date,subordinate,estimate,mitigate,abrogate,commiserate,designate,conflate,coordinate,wait,delegate,predicate,spate,graduate,profligate,consummate,consolidate,surrogate,corroborate,relate,extrapolate,great,stipulate,associate,emanate,elucidate,slate,integrate,intimate,advocate,desolate,indicate,deprecate,state,facilitate,articulate,moderate,resonate,separate,inculcate,compensate,initiate,dedicate,rate,alternate,contemplate,exacerbate,manipulate,freight,evaluate,gait,arrogate,mandate,denigrate,demonstrate,accommodate,ameliorate,collaborate,deliberate,mate,plate,abdicate,celebrate,repudiate,create,alleviate,update,rait,vacillate,dissipate,late,fate,delineate,reiterate,collate,disseminate,appreciate,procrastinate,straight,emulate,assimilate,obviate,adequate,trait,postulate,weight,gate,propagate,communicate
over-weight,
overweightage,
overweighted,dilapidated,exacerbated,bifurcated,isolated,motivated,exaggerated,inebriated,elevated,antiquated,opinionated,sophisticated,overrated,intimidated,appreciated,elated,allocated,situated,incapacitated,interrelated,dated,inundated,nauseated,orientated,animated,designated,complicated,alienated,automated,aggravated,fascinated,concentrated,eviscerated,stated,bated,graduated,located,deprecated,educated,understated,separated,intimated,frustrated,intoxicated,irritated,feted,contaminated,saturated,related,incarcerated,initiated,reiterated,incorporated,liberated,emaciated,unabated,unmitigated,precipitated,agitated,substantiated,mandated,encapsulated,created,abated,cultivated,infatuated,truncated,exonerated,emanated,outdated,annotated,delineated,serrated,affiliated,aggregated,decapitated,unadulterated,promulgated,consolidated,indicated,sated,devastated,attenuated,corrugated,stipulated,belated,slated,relegated,mitigated,dissipated,excoriated,perforated,consecrated,prorated,anticipated,exasperated,associated,obligated,predicated,articulated,integrated
overweighting,
overwell,
overwelt,
overwend,
overwent,
overwet,
over-wet,
overwetness,
overwets,
overwetted,
overwetting,
overwheel,
overwhelm,friedhelm,elm,bellm,underwhelm,hjelm,kelm,helme,wilhelm,whelm,helm,realm,willhelm
overwhelmed,helmed,whelmed,underwhelmed
overwhelmer,
overwhelming,helming,whelming
overwhelmingly,
overwhelmingness,
overwhelms,helms,helmes,realms,wilhelms,nelms,elmes,elms
overwhip,
overwhipped,
overwhipping,
overwhirl,
overwhisper,
overwide,
overwidely,
overwideness,
overwild,
overwildly,
overwildness,
overwily,
overwilily,
overwilling,
overwillingly,
overwillingness,
overwin,
overwind,
overwinding,
overwinds,
overwing,
overwinning,
overwinter,splinter,ginter,winter,printer,zinter,dewinter,reenter,sprinter,midwinter,wynter,minter,inter-,kinter,quinter
overwintered,
overwintering,
overwiped,
overwisdom,
overwise,
over-wise,
overwisely,
overwithered,
overwoman,
overwomanize,
overwomanly,
overwon,
overwood,
overwooded,
overwoody,
overword,
overwords,
overwore,
overwork,lurk,burk,clockwork,murk,network,housework,latticework,quirk,sirk,spadework,kurk,openwork,casework,piecework,schoolwork,beadwork,teamwork,merck,patchwork,kirk,legwork,merc,clerc,needlework,mcgurk,smirk,work,plasterwork,erk,framework,berk,handiwork,perk,perc,dirk,werk,klerk,bourke,derk,clerk,quirke,berke,waterwork,burke,cirque,birk,earthwork,berserk,fieldwork,bjerke,masterwork,roadwork,groundwork,murch,artwork,brushwork,rework,homework,werke,leclerc,irk,kirch,shirk,woodwork,ataturk,lerch,merk,paperwork,turk,firework,guesswork,footwork,metalwork,jerk
overworked,jerked,lurked,merkt,clerked,irked,perked,quirked,burked,smirked,worked,reworked,shirked,networked
overworking,woodworking,metalworking,lurking,clerking,smirking,frerking,reworking,perking,burking,hardworking,jerking,shirking,werking,networking,working
overworks,iwerks,berkes,burks,smirks,masterworks,dreamworks,quirks,dirkse,turks,jerks,lurks,dirkes,waterworks,networks,perks,fireworks,dirks,steelworks,percs,patchworks,artworks,clerks,kirks,toolworks,burkes,irks,derks,birks,shirks,works,birkes,dircks,voiceworks
overworld,
overworn,
overworry,
overworship,
overwound,
overwove,
overwoven,
overwrap,
overwrest,
overwrested,
overwrestle,
overwrite,blight,website,kite,recondite,site,bright,white,hindsight,parasite,tight,downright,twilight,excite,rite,graphite,overnight,fight,insight,polite,foresight,hermaphrodite,indite,fahrenheit,forthright,bight,playwright,lignite,recite,right,copyright,acolyte,twite,midnight,might,wright,despite,trite,appetite,mite,limelight,sprite,light,smight,satellite,meteorite,tripartite,outright,flight,feit,night,lite,neophyte,nite,fortnight,expedite,fright,knight,finite,bite,plebiscite,ignite,uptight,incite,underwrite,spotlight,extradite,oversight,erudite,invite,slight,sleight,highlight,plight,contrite,goodnight,smite,delight,upright,apartheid,wight,alright,apatite,alight,byte,dight,rewrite,luddite,moonlight,height,frostbite,indict,sight,brite,write,backbite,dolomite,quite,unite,spite,cite
overwrited,
overwrites,unites,crites,stylites,copyrights,satellites,dolomites,excites,stites,flashlights,playwrights,shipwrights,kites,jacobites,reits,overflights,rights,rewrites,highlights,dogfights,plights,geitz,sites,knights,nights,mennonites,reitz,bytes,sleights,spites,invites,frites,lymphocytes,brights,israelites,frights,insights,apatites,tights,flights,parasites,cites,bites,acolytes,wrights,backlights,reunites,rites,daylights,sprites,gigabytes,uprights,wights,delights,lites,urbanites,floodlights,socialites,nites,mites,footlights,blights,appetites,slights,sights,skylights,soundbites,recites,ammonites,seitz,spotlights,campsites,luddites,extradites,sulfites,kilobytes,incites,smites,neophytes,heights,lights,searchlights,whites,fights,heitz,writes,headlights,phagocytes,shiites,megabytes,ignites
overwriting,spiting,typewriting,siting,gunfighting,spotlighting,uninviting,benighting,miting,skywriting,rewriting,flighting,expediting,flyting,delighting,overexciting,citing,whiting,infighting,zeitung,righting,inviting,songwriting,handwriting,frighting,scriptwriting,dighting,uniting,reciting,extraditing,exciting,writing,biting,inciting,igniting,nonbiting,fighting,plighting,unexciting,slighting,kiting,screenwriting,reuniting,blighting,lighting,indicting,firefighting,highlighting,knighting,reigniting,bullfighting,sighting,backbiting,smiting,underwriting,moonlighting
overwritten,bitton,brittain,unwritten,whitten,brittin,leviton,frostbitten,litten,kitten,mitten,mittan,ditton,brittan,britain,mitton,briton,smitten,bitten,britton,gritton,britten,witton,titone,lytton,rewritten,whiton,litton,written,sitton,whitton,typewritten,fitton,ryton,handwritten,witten,underwritten
overwrote,vote,sloat,undercoat,asymptote,footnote,speedboat,grote,shoat,troat,riverboat,dote,vogt,sailboat,capote,roat,towboat,underwrote,moat,lifeboat,boat,coat,float,powerboat,rote,rewrote,devote,haute,redcoat,smote,promote,flote,cote,goat,creosote,bacote,wrote,bloat,rowboat,tugboat,keynote,demote,oat,connote,groat,blote,overcoat,scoat,tote,note,shote,scapegoat,remote,banknote,misquote,stoat,houseboat,anecdote,gloat,cutthroat,kote,gunboat,outvote,stote,pote,mote,petticoat,clote,quote,flatboat,turncoat,frote,ferryboat,hote,choate,raincoat,antidote,unquote,steamboat,throat,afloat,motorboat,sproat,showboat,denote
overwroth,
overwrought,mascot,loquat,sought,dreadnought,naught,not,brought,ott,onslaught,sadat,watt,squat,croat,plot,hot,pot,swat,begot,upshot,gunshot,apricot,taut,nought,scott,aught,jot,ot,snapshot,fought,cannot,mott,aforethought,forgot,bott,tot,astronaut,scot,rot,taught,juggernaut,lot,pott,ocelot,allot,sot,jackpot,blot,potshot,huguenot,slingshot,snot,aquanaut,lotte,trot,hotshot,straught,ararat,lott,scattershot,crackpot,ascot,robot,distraught,fraught,alot,earshot,lat,knot,afterthought,slot,ought,whatnot,forethought,dot,teapot,cot,camelot,bought,longshot,wrought,baht,cosmonaut,thought,spot,yacht,clot,boycott,got,topknot,shot,haut,motte,caught,wat,argonaut
overwwrought,
overzeal,
over-zeal,
overzealous,iacobellis,tellis,vellus,pinellas,melisse,difelice,kellis,zealous,celis,jealous,dellis,mcnelis,delellis,mellis,bellis,michaelis,belous,helice,defelice,pelisse,novellus,bruxelles,tellus,selas,trellis,antonellis,chellis,gellis,marcellus,nellis,fellas,felis,mcnellis
overzealously,zealously,jealously
overzealousness,
overzeals,
ovest,
oveta,
ovett,rosette,outset,epithet,met,vet,cornet,sunset,headset,dragnet,quartet,soviet,upset,outlet,lafayette,stet,abet,inset,cabriolet,regret,silhouette,internet,et,antoinette,forget,net,baguette,clarinet,corvette,beget,ret,charrette,parapet,roulette,threat,sweat,onset,bet,baronet,asset,minaret,octet,vignette,let,pipette,subset,cigarette,mindset,lorgnette,sublet,marmoset,wet,cassette,flageolet,reset,avocet,anisette,inlet,gimlet,colette,tibet,sextet,get,quintet,brett,ethernet,minuet,yet,vedette,offset,bayonet,debt,pret,brunette,suffragette,vette,tet,chet,coronet,typeset,cadet,nett,beset,alphabet,fret,tete,piet,jet,preset,calumet,whet,barrette,sobriquet,gazette,pet,duet,heavyset,set,smet,joliet
ovewound,
ovi-,
ovibos,
ovibovinae,
ovibovine,
ovicapsular,
ovicapsule,
ovicell,
ovicellular,
ovicidal,
ovicide,
ovicides,
ovicyst,
ovicystic,
ovicular,
oviculated,
oviculum,
ovid,
ovida,
ovidae,
ovidian,dravidian
oviducal,
oviduct,
oviductal,
oviducts,
oviedo,figueiredo,dedo,ledo,caicedo,quevedo,credo,figueredo,wilfredo,shiseido,manfredo,daido,macedo,sado,azevedo,pinedo,acevedo,loredo,saucedo,play-doh,salcedo,canedo,goffredo,escobedo,vornado,alfredo,bastedo,paredo,loffredo,tancredo,ileto,robledo,laredo,olmedo
oviferous,
ovification,
oviform,boviform
ovigenesis,
ovigenetic,
ovigenic,
ovigenous,
oviger,
ovigerm,
ovigerous,clavigerous
ovile,
ovillus,
ovinae,
ovine,levyne,savine,flavine,privine,davyne
ovines,
ovinia,
ovipara,vivipara
oviparal,
oviparity,
oviparous,viviparous,ovoviviparous
oviparously,
oviparousness,
oviposit,
oviposited,
ovipositing,
oviposition,
ovipositional,
ovipositor,
oviposits,
ovis,
ovisac,
ovisaclike,
ovisacs,
oviscapt,
ovism,
ovispermary,
ovispermiduct,
ovist,
ovistic,
ovivorous,
ovo-,
ovocyte,
ovoelliptic,
ovoflavin,
ovogenesis,
ovogenetic,
ovogenous,
ovoglobulin,
ovogonium,
ovoid,rheumatoid,aykroyd,zoide,paranoid,holroyd,froid,void,corticosteroid,unemployed,employed,underemployed,royd,floyd,android,noyd,oldroyd,bloyd,hemorrhoid,cloyd,cloyed,baroid,amyloid,mongoloid,sigmoid,destroyed,spheroid,loyd,redeployed,steroid,enjoyed,freud,polaroid,rhizoid,celluloid,ploid,annoyed,deployed,ackroyd,nedlloyd,sinusoid,avoid,asteroid,joyed,alkaloid,sloyd,boyd,overjoyed,toyed,boothroyd,lloyd,unalloyed,broid,boyde,vescinoid,droid,gloyd,adenoid,devoid
ovoidal,
ovoids,
ovolemma,
ovoli,
ovolytic,
ovolo,
ovology,
ovological,
ovologist,
ovolos,
ovomucoid,
ovonic,pharaonic,clonic,diatonic,miltonic,tonic,lexiphonic,canonic,varitronic,neoplatonic,polyphonic,monophonic,tronic,isotonic,environic,hegemonic,nucleonic,pneumonic,philharmonic,ganglionic,microelectronic,chronic,supersonic,synchronic,symphonic,ironic,demonic,vanik,yonic,ultrasonic,chthonic,conic,catatonic,ionic,lasersonic,platonic,harmonic,medtronic,tranzonic,masonic,telectronic,hyaluronic,plutonic,ebonic,planktonic,audiotronic,hedonic,plantronic,leptonic,chronique,embryonic,laconic,hypersonic,napoleonic,sardonic,phonic,kronick,teutonic,connick,hanak,mnemonic,telephonic,propionic,photronic,isoelectronic,stronach,respironic,allophonic,personic,sonic,electronic,histrionic,hypertonic,bubonic,flextronic,blahnik,gnomonic,hydroponic,panasonic,tectonic,fibronic,diasonic,avionic
ovonics,
ovopyriform,
ovoplasm,
ovoplasmic,
ovorhomboid,
ovorhomboidal,
ovotesticular,
ovotestis,ovotesttis
ovo-testis,
ovovitellin,
ovovivipara,
ovoviviparism,
ovoviviparity,
ovoviviparous,viviparous,oviparous
ovo-viviparous,
ovoviviparously,
ovoviviparousness,
ovula,
ovular,
ovulary,
ovularian,
ovulate,
ovulated,
ovulates,
ovulating,
ovulation,affiliation,compensation,reputation,appreciation,corporation,notation,cooperation,correlation,connotation,transformation,communication,pronunciation,foundation,preparation,dissertation,abomination,dedication,remuneration,situation,gentrification,litigation,proliferation,remediation,nation,relation,implementation,operation,vacation,orientation,motivation,conflagration,configuration,indignation,evaluation,conversation,accommodation,articulation,integration,creation,translation,aspiration,innovation,discrimination,location,medication,manifestation,trepidation,variation,abbreviation,association,segregation,rehabilitation,collocation,obfuscation,deviation,citation,generation,station,meditation,administration,salvation,inclination,observation,aberration,obligation,precipitation,adaptation,ramification,affirmation,vocation,altercation,consideration,information,reconciliation,sensation,interpretation,representation,reservation,inspiration,consternation,radiation,organization,collaboration,implication,quotation,revelation,transportation,approbation,population,determination,alliteration,education,constellation,presentation,designation,anticipation,application,expectation,civilization,conservation
ovulations,aberrations,accusations,permutations,carnations,reservations,ruminations,classifications,deliberations,immunizations,accommodations,celebrations,cations,manifestations,specifications,situations,fluctuations,vibrations,affiliations,abbreviations,expectations,representations,reparations,allegations,appropriations,medications,preparations,congratulations,negotiations,relations,depredations,stations,decorations,complications,recriminations,communications,nations,limitations,patients,regulations,installations,ramifications,denunciations,conversations,observations,vacations,aspirations,hallucinations,calculations,impatiens,explanations,applications,sensations,tribulations,obligations,ministrations,lacerations,informations,recommendations,connotations,deviations,corporations,appalachians,publications,machinations,palpitations,creations,operations,considerations,qualifications,stipulations,adaptations,configurations,organizations,alterations,affirmations,altercations,annotations,denominations,implications,renovations,innovations,variations,indications,generations,associations,telecommunications,citations,animations,revelations,occupations,combinations,locations,foundations,constellations,crustaceans,gyrations,illustrations,allocations
ovulatory,
ovule,
ovules,
ovuliferous,
ovuligerous,
ovulist,
ovulite,
ovulum,
ovum,novum
ow,gusto,fallow,tow,rainbow,patio,throw,indigo,joe,so,portico,pro,though,blow,archipelago,row,mow,snow,no,grotto,grow,ratio,plough,sew,although,winnow,below,low,glo,espresso,beau,torpedo,show,forego,portfolio,o,hello,shadow,adagio,rhino,coco,audio,forgo,buffalo,virago,dado,vertigo,tomato,dough,tomorrow,flow,tableau,roe,calypso,micro,doe,studio,hydro,overthrow,foe,plateau,bowe,slow,mo,manifesto,otto,lo,aglow,glow,whoa,undergo,tempo,owe,torso,woe,yoe,radio,photo,toe,crow,veto,potato,escrow,bestow,hoe,go,know,willow,co,aficionado,meadow,cameo,ho,bio,borrow,rococo,quo,tornado,apropos
owades,bauds,frauds,tripods,quads,gods,applauds,dodds,arthropods,rods,odds,clods,broads,prods,brachiopods,pods,wads,facades,backboards,plods,lauds,nods,squads
owain,
owaneco,
owanka,
owasco,
owasso,
owatonna,
o-wave,
owd,
owe,gusto,fallow,tow,rainbow,patio,throw,indigo,joe,so,portico,pro,though,blow,archipelago,row,mow,snow,no,grotto,grow,ratio,plough,sew,although,winnow,below,low,glo,espresso,beau,torpedo,show,forego,portfolio,o,hello,shadow,adagio,rhino,coco,audio,forgo,buffalo,virago,dado,vertigo,tomato,dough,tomorrow,flow,tableau,roe,calypso,micro,doe,studio,hydro,overthrow,foe,plateau,bowe,slow,mo,manifesto,otto,lo,aglow,glow,whoa,undergo,tempo,torso,woe,yoe,radio,photo,toe,crow,veto,potato,escrow,bestow,hoe,go,know,willow,co,aficionado,meadow,cameo,ho,bio,borrow,rococo,quo,tornado,apropos,solo
owed,lode,chode,overload,overrode,shipload,decode,mowed,forebode,snowed,inroad,crossroad,glowed,spode,anode,boatload,flowed,mustachioed,railroad,commode,brode,node,mode,microcode,bestowed,borrowed,sowed,truckload,bowed,cathode,strode,encode,moad,lowed,knowed,road,erode,shode,explode,toad,trode,busload,payload,ode,rowed,sewed,carload,coed,shoad,workload,blowed,unbowed,bode,crowed,shrowd,code,troad,corrode,nematode,thode,slowed,load,radioed,plateaued,glode,methode,episode,goad,overflowed,rhode,abode,winnowed,outmode,reload,caseload,tiptoed,stowed,diode,download,bestrode,unload,towed,implode,rode,showed,toed
owego,
owelty,
owen,rowan,samoan,rowen,baidoan,bowen,minoan,cowen,co-une,kohen,flowen,cohen,sewen,bohen,proin,cardoen,growan,rohan,powan,lowen,foehn,blow-in,ohioan,bilbaoan,protozoan,mowen,lowan,throw-in
owena,
owendale,
owenia,
owenian,
owenism,
owenist,
owenite,bowenite
owenize,
owens,chicagoans,cowens,rowans,sowans,ohioans,bilbaoans,baidoans,heroines,protozoans,bowens
owensboro,
owensburg,
owensville,
owenton,
ower,
owerance,
owerby,
owercome,
owergang,
owerloup,
owerri,
owertaen,
owerword,
owes,hose,blows,disclose,predispose,prose,roes,repose,pose,tomatos,crows,hoes,rose,oppose,eaux,cargoes,ohs,suppose,enclose,silos,euros,arose,impose,embryos,rows,pharos,throws,demos,noes,ambrose,photos,shadows,presuppose,studios,lows,tornados,gloze,dispose,compose,decompose,blowze,primrose,rockrose,boroughs,melrose,shows,nose,expose,grose,vose,logos,pros,chose,ratios,those,foreclose,brose,gose,bulldoze,close,doze,flows,superimpose,elbows,propose,cose,mose,psoas,bose,toes,jos,pantyhose,foes,cameos,woes,bows,eskimos,ose,juxtapose,dominos,gyros,plainclothes,knows,goes,cloze,depose,clothes,penrose,transpose,froze,bongos,overexpose,cocos,croze,dominoes,interpose,meadows,throes
owght,
owhere,
owhn,
owi,
owicim,
owyhee,
owyheeite,
owing,sewing,showing,sowing,toeing,knowing,lowing,hoeing,towing,going,boeing,rowing,bowing
owings,
owings-mills,
owingsville,
owk,
owl,raul,moul,sproul,sprowl,crowl,prowl,troul,waterfowl,crowle,towel,coull,foul,towle,afoul,scowl,houle,soule,fowl,cowl,howl,growl,jowl,peafowl
owldom,
owl-eyed,
owler,howler,fouler,fowler,bouler,dowler,growler,prowler,jowler
owlery,
owleries,
owlet,nolet,drolet,golet,howlet,cholet,rowlett
owlets,
owl-faced,
owlglass,
owl-glass,
owl-haunted,
owlhead,
owl-headed,
owly,
owling,
owlish,
owlishly,
owlishness,
owlism,
owllight,
owl-light,
owllike,
owls,vowels,cowls,prowls,fowls,howls,sprouls,sprowls,fouls,growls,bowels,jowls,towels
owl's,
owl's-crown,
owlshead,
owl-sighted,
owlspiegle,
owl-wide,
owl-winged,
own,overthrown,earphone,rhone,moan,clone,mone,monotone,cornerstone,phone,argonne,lone,intone,milestone,acetone,baritone,trombone,atone,fone,roan,chaperone,saxophone,sharon,keystone,headstone,jawbone,headphone,drone,megaphone,crone,postpone,condone,groan,collarbone,known,unknown,zone,backbone,rone,cicerone,overblown,hormone,allophone,pheromone,brownstone,rhinestone,simone,gemstone,bemoan,gladstone,flown,throne,blown,joan,leone,tombstone,alone,sewn,loan,capone,strown,cobblestone,grown,microphone,cologne,shone,capstone,sown,undertone,xylophone,limestone,ozone,thrown,cyclone,cone,mon,overtone,hone,homophone,scone,moonstone,sloan,testosterone,prone,touchstone,t-bone,telephone,shown,millstone,disown,stone,silicone,whetstone,lodestone,bone,tone,homegrown,francophone,anemone
ownable,
owned,doand,droned,boned,intoned,cloned,groaned,dethroned,throned,telephoned,honed,phoned,zoned,moaned,loaned,coned,bemoaned,condoned,stoned,toned,disowned,postponed
owner,croner,hohner,landowner,boner,isotoner,schoener,groaner,lohner,foner,shipowner,mineowner,loner,moaner,goehner,phoner,kronor,stoner,dohner,boehner,loaner,donor,groner,zonar,kroner,bohner,shareowner,hoener,honer,bonar,broner,kroener,rohner,toner,homeowner,kohner
ownerless,
owners,shareowners,moaners,boners,stoners,toners,loners,landowners,mineowners,homeowners,donors,shipowners,loaners
ownership,ip,microchip,upmanship,lip,headship,censorship,receivership,fingertip,trusteeship,ship,snip,whip,dip,rip,championship,authorship,equip,distributorship,partnership,apprenticeship,membership,directorship,fellowship,stewardship,skip,spaceship,scholarship,companionship,internship,one-upmanship,unzip,conservatorship,battleship,flip,sportsmanship,warship,workmanship,nip,kip,grip,crip,starship,chairmanship,pip,airship,gamesmanship,slip,drip,governorship,consulship,flagship,citizenship,scrip,homeownership,brinksmanship,thrip,professorship,sponsorship,outstrip,readership,proprietorship,roundtrip,clip,brinkmanship,gyp,generalship,bip,hip,partisanship,trip,lightship,courtship,dealership,quip,strip,leadership,tip,yip,blip,bipartisanship,gunship,chip,craftsmanship,steamship,sip,dictatorship,airstrip,relationship,kinship,zip,showmanship,grippe
ownerships,
own-form,
ownhood,
owning,
ownness,
own-root,
own-rooted,
owns,flintstones,roans,interacciones,phones,loans,fones,tombstones,tones,pheromones,daimones,microphones,rhinestones,moans,jones,airfones,drones,overtones,crossbones,allophones,hailstones,joens,condones,hormones,reesjones,quinones,thoennes,lohnes,gallstones,mones,lones,undertones,cobblestones,crones,rhys-jones,headstones,flagstones,saxophones,trombones,bemoans,intones,sones,homophones,bones,knowns,businessphones,cherrystones,earphones,cyclones,telephones,cornerstones,clones,romanones,scones,groans,hones,trones,gemstones,keystones,zones,thrones,silicones,halftones,cones,limestones,unknowns,hipbones,madstones,baritones,gladstones,postpones,leones,moonstones,soens,cheekbones,gravestones,goens,koans,chaperones,megaphones,stones,milestones,goans,headphones,backbones
ownself,
ownwayish,
owosso,phospho-,ditomasso,caporaso,naso-,burkina-faso,rossow,tomasso,kossow,losasso,capasso,lograsso,phospho,faso,galasso,glosso,jaso,sorpasso,whoso,barrasso,lofaso,picasso,chiasso,tomaso,caso,yasso,campobasso,glosso-,naso,ditommaso,raso,trapasso
owrecome,
owregane,
owrehip,
owrelay,
owse,
owsen,
owser,
owt,
owtchah,
ox,orthodox,blocks,vox,smallpox,skybox,palafox,saltbox,botox,cox,fox,unorthodox,icebox,tinderbox,crocs,mailbox,sox,toolbox,peacocks,heterodox,rocks,hydrox,frocks,soapbox,outfox,hollyhocks,cocks,mocks,equinox,aftershocks,paradox,detox,phlox,docks,tarbox,ochs,gawks,balks,roadblocks,lox,stalks,fawkes,nocks,flocks,knox,locks,faux,box,sandbox,flummox,walks,gearbox,clocks,lawks,foxx,knocks,hocks,pox,jocks,goldilocks,breadbox,sachs,blocs,matchbox,shocks,rox,boondocks,hawks,boombox,socks,jukebox,glaux,talks,feedstocks,stocks,vaux
ox-,
oxa-,
oxacid,
oxacillin,cloxacillin
oxadiazole,
oxal-,
oxalacetate,
oxalacetic,
oxalaemia,
oxalaldehyde,
oxalamid,
oxalamide,
oxalan,
oxalate,
oxalated,
oxalates,emirates,translates,radiates,equates,weights,straits,fetes,approximates,anticipates,fluctuates,corroborates,permeates,sates,postulates,commemorates,mandates,fates,baits,intimidates,relates,accommodates,demonstrates,yeats,indicates,delegates,coates,nates,classmates,operates,advocates,estimates,deteriorates,separates,graduates,teammates,traits,expatriates,affiliates,allocates,predominates,resonates,eights,facilitates,emulates,mitigates,pates,invertebrates,mates,infuriates,accelerates,skates,ates,plaits,coordinates,dates,deviates,repudiates,cates,predicates,annotates,creates,crates,vertebrates,associates,slates,necessitates,hippocrates,dictates,illustrates,differentiates,perpetuates,grates,waits,yates,obviates,gates,rates,appreciates,chordates,updates,plates,dissipates,inmates,awaits,disseminates,extrapolates,delineates,subordinates,evaporates,estates,exaggerates,negates,bates,integrates,primates,exacerbates,greats,states
oxalating,
oxalato,
oxaldehyde,
oxalemia,
oxalic,roccellic
oxalidaceae,
oxalidaceous,
oxalyl,
oxalylurea,
oxalis,
oxalises,
oxalite,
oxalo-,
oxaloacetate,
oxaloacetic,
oxalodiacetic,
oxalonitril,
oxalonitrile,
oxaluramid,
oxaluramide,
oxalurate,
oxaluria,
oxaluric,
oxamate,
oxamethane,
oxamic,toxemic
oxamid,
oxamide,
oxamidin,
oxamidine,
oxammite,
oxan,
oxanate,
,
