nonconfident,
nonconfidential,
nonconfidentiality,
nonconfidentially,
nonconfidentialness,
nonconfidently,
nonconfiding,
nonconfined,
nonconfinement,
nonconfining,
nonconfirmation,
nonconfirmative,
nonconfirmatory,
nonconfirming,
nonconfiscable,
nonconfiscation,
nonconfiscatory,
nonconfitent,
nonconflicting,
nonconflictive,
nonconform,
nonconformability,
nonconformable,
nonconformably,
nonconformance,
nonconformer,
nonconformest,
nonconforming,
nonconformism,
nonconformist,conformist,reformist,warmest
nonconformistical,
nonconformistically,
nonconformists,reformists,conformists
nonconformitant,
nonconformity,deformity,conformity,uniformity,enormity
nonconfrontation,
nonconfutation,
noncongealing,
noncongenital,
noncongestion,
noncongestive,
noncongratulatory,
non-congregational,
noncongregative,
non-congressional,
noncongruence,
noncongruency,
noncongruent,
noncongruently,
noncongruity,
noncongruities,
noncongruous,
noncongruously,
noncongruousness,
nonconjecturable,
nonconjecturably,
nonconjectural,
nonconjugal,
nonconjugality,
nonconjugally,
nonconjugate,
nonconjugation,
nonconjunction,
nonconjunctive,
nonconjunctively,
nonconnection,
nonconnective,
nonconnectively,
nonconnectivity,
nonconnivance,
nonconnivence,
nonconnotative,
nonconnotatively,
nonconnubial,
nonconnubiality,
nonconnubially,
nonconscientious,
nonconscientiously,
nonconscientiousness,
nonconscious,
nonconsciously,
nonconsciousness,
nonconscriptable,
nonconscription,
nonconsecration,
nonconsecutive,
nonconsecutively,
nonconsecutiveness,
nonconsent,
nonconsenting,
nonconsequence,
nonconsequent,
nonconsequential,
nonconsequentiality,
nonconsequentially,
nonconsequentialness,
nonconservation,
nonconservational,
nonconservative,
nonconserving,
nonconsideration,
nonconsignment,
nonconsistorial,
nonconsolable,
nonconsolidation,
nonconsoling,
nonconsolingly,
nonconsonance,
nonconsonant,
nonconsorting,
nonconspirator,
nonconspiratorial,
nonconspiring,
nonconstant,
nonconstituent,
nonconstituted,
nonconstitutional,
nonconstraining,
nonconstraint,
nonconstricted,
nonconstricting,
nonconstrictive,
nonconstruability,
nonconstruable,
nonconstruction,
nonconstructive,
nonconstructively,
nonconstructiveness,
nonconsular,
nonconsultative,
nonconsultatory,
nonconsumable,
nonconsuming,
nonconsummation,
nonconsumption,
nonconsumptive,
nonconsumptively,
nonconsumptiveness,
noncontact,
noncontagion,
non-contagion,
noncontagionist,
noncontagious,
noncontagiously,
noncontagiousness,
noncontaminable,
noncontamination,
noncontaminative,
noncontemplative,
noncontemplatively,
noncontemplativeness,
noncontemporaneous,
noncontemporaneously,
noncontemporaneousness,
noncontemporary,
noncontemporaries,
noncontemptibility,
noncontemptible,
noncontemptibleness,
noncontemptibly,
noncontemptuous,
noncontemptuously,
noncontemptuousness,
noncontending,
noncontent,
non-content,
noncontention,
noncontentious,
noncontentiously,
nonconterminal,
nonconterminous,
nonconterminously,
noncontestable,
noncontestation,
noncontextual,
noncontextually,
noncontiguity,
noncontiguities,
noncontiguous,
noncontiguously,
noncontiguousness,
noncontinence,
noncontinency,
noncontinental,
noncontingency,
noncontingent,
noncontingently,
noncontinuable,
noncontinuably,
noncontinuance,
noncontinuation,
noncontinuity,
noncontinuous,
noncontinuously,
noncontinuousness,
noncontraband,
noncontrabands,
noncontraction,
noncontractual,
noncontradiction,
non-contradiction,
noncontradictory,
noncontradictories,
noncontrariety,
noncontrarieties,
noncontrastable,
noncontrastive,
noncontributable,
noncontributing,
noncontribution,
noncontributive,
noncontributively,
noncontributiveness,
noncontributor,
noncontributory,
noncontributories,
noncontrivance,
noncontrollable,
noncontrollablely,
noncontrollably,
noncontrolled,
noncontrolling,
noncontroversial,controversial,commercial,eurocommercial,noncommercial,urschel,pershall,herschell,infomercial,inertial,commerical,uncontroversial,herschel
noncontroversially,
noncontumacious,
noncontumaciously,
noncontumaciousness,
nonconvective,
nonconvectively,
nonconveyance,
nonconvenable,
nonconventional,
nonconventionally,
nonconvergence,
nonconvergency,
nonconvergent,
nonconvergently,
nonconverging,
nonconversable,
nonconversableness,
nonconversably,
nonconversance,
nonconversancy,
nonconversant,
nonconversantly,
nonconversational,
nonconversationally,
nonconversion,
nonconvertibility,
nonconvertible,convertible,incontrovertible
nonconvertibleness,
nonconvertibly,
nonconviction,
nonconvivial,
nonconviviality,
nonconvivially,
non-co-operate,
noncooperating,
noncooperation,
nonco-operation,
non-co-operation,
noncooperationist,
nonco-operationist,
non-co-operationist,
noncooperative,
non-co-operative,
noncooperator,
nonco-operator,
non-co-operator,
noncoordinating,
noncoordination,
non-co-ordination,
noncopying,
noncoplanar,
noncoring,
noncorporate,corporate
noncorporately,
noncorporation,
noncorporative,
noncorporeal,
noncorporeality,
noncorpuscular,
noncorrection,
noncorrectional,
noncorrective,
noncorrectively,
noncorrelating,
noncorrelation,
noncorrelative,
noncorrelatively,
noncorrespondence,
noncorrespondent,
noncorresponding,
noncorrespondingly,
noncorroborating,
noncorroboration,
noncorroborative,
noncorroboratively,
noncorroboratory,
noncorrodible,
noncorroding,
noncorrosive,
noncorrosively,
noncorrosiveness,
noncorrupt,
noncorrupter,
noncorruptibility,
noncorruptible,
noncorruptibleness,
noncorruptibly,
noncorruption,
noncorruptive,
noncorruptly,
noncorruptness,
noncortical,
noncortically,
noncosmic,
noncosmically,
noncosmopolitan,
noncosmopolitanism,
noncosmopolite,
noncosmopolitism,
noncostraight,
noncotyledonal,
noncotyledonary,
noncotyledonous,
noncottager,
noncounteractive,
noncounterfeit,
noncounty,
noncovetous,
noncovetously,
noncovetousness,
noncranking,
noncreation,
noncreative,
noncreatively,
noncreativeness,
noncreativity,
noncredence,
noncredent,
noncredibility,
noncredible,
noncredibleness,
noncredibly,
noncredit,
noncreditable,
noncreditableness,
noncreditably,
noncreditor,
noncredulous,
noncredulously,
noncredulousness,
noncreeping,
noncrenate,
noncrenated,
noncretaceous,
noncrime,
noncriminal,subliminal,criminal
noncriminality,
noncriminally,
noncrinoid,
noncryptic,
noncryptical,
noncryptically,
noncrystalline,
noncrystallizable,
noncrystallized,
noncrystallizing,
noncritical,
noncritically,
noncriticalness,
noncriticizing,
noncrossover,
noncrucial,
noncrucially,
noncruciform,
noncruciformly,
noncrusading,
noncrushability,
noncrushable,
noncrustaceous,
nonculminating,
nonculmination,
nonculpability,
nonculpable,
nonculpableness,
nonculpably,
noncultivability,
noncultivable,
noncultivatable,
noncultivated,
noncultivation,
noncultural,
nonculturally,
nonculture,
noncultured,
noncumbrous,
noncumbrously,
noncumbrousness,
noncumulative,cumulative
noncumulatively,
noncurantist,
noncurative,
noncuratively,
noncurativeness,
noncurdling,
noncuriosity,
noncurious,
noncuriously,
noncuriousness,
noncurling,
noncurrency,
noncurrent,
noncurrently,
noncursive,
noncursively,
noncurtailing,
noncurtailment,
noncuspidate,
noncuspidated,
noncustodial,
noncustomary,
noncustomarily,
noncutting,
non-czech,
non-czechoslovakian,
nonda,
nondairy,
nondalton,
nondamageable,
nondamaging,
nondamagingly,
nondamnation,
nondance,
nondancer,
nondangerous,
nondangerously,
nondangerousness,
non-danish,
nondark,
non-darwinian,
nondatival,
nondeadly,
nondeaf,
nondeafened,
nondeafening,
nondeafeningly,
nondeafly,
nondeafness,
nondealer,
nondebatable,
nondebater,
nondebating,
nondebilitating,
nondebilitation,
nondebilitative,
nondebtor,
nondecadence,
nondecadency,
nondecadent,
nondecayed,
nondecaying,
nondecalcification,
nondecalcified,
nondecane,
nondecasyllabic,
nondecasyllable,
nondecatoic,
nondeceit,
nondeceivable,
nondeceiving,
nondeceleration,
nondeception,
nondeceptive,
nondeceptively,
nondeceptiveness,
nondeciduata,
nondeciduate,
nondeciduous,
nondeciduously,
nondeciduousness,
nondecision,
nondecisive,
nondecisively,
nondecisiveness,
nondeclamatory,
nondeclarant,
nondeclaration,
nondeclarative,
nondeclaratively,
nondeclaratory,
nondeclarer,
nondeclivitous,
nondecomposition,
nondecorated,
nondecoration,
nondecorative,
nondecorous,
nondecorously,
,
