opportunistic,anachronistic,idealistic,mechanistic,legalistic,narcissistic,optimistic,antiballistic,synergistic,futuristic,surrealistic,humanistic,cystic,voyeuristic,unrealistic,pessimistic,ritualistic,coloristic,polytheistic,logistic,jingoistic,atheistic,novelistic,puristic,impressionistic,antagonistic,altruistic,hedonistic,paternalistic,stylistic,patristic,terroristic,journalistic,pugilistic,nationalistic,deterministic,dualistic,ballistic,pantheistic,materialistic,moralistic,mystic,chauvinistic,stalinistic,hellenistic,primitivistic,statistic,oligopolistic,characteristic,imperialistic,sistek,linguistic,holistic,sadistic,uncharacteristic,euphemistic,capitalistic,mistic,heuristic,artistic,swistak,propagandistic,individualistic,militaristic,supercalifragilistic,realistic,expressionistic,naturalistic,relativistic,feudalistic,simplistic,fatalistic,monopolistic,pluralistic,autistic,sensationalistic,socialistic,christic
opportunistically,
opportunists,balloonists,cartoonists
opportunity,community,impunity,unity,disunity,immunity,munity
opportunities,unities,communities,immunities
opportunity's,
opposability,
opposabilities,
opposable,supposable
opposal,supposal
oppose,demos,superimpose,juxtapose,repose,presuppose,disclose,grose,shows,dominoes,chose,vose,plainclothes,froze,shadows,dispose,bows,impose,pros,cose,cargoes,pharos,noes,ose,psoas,knows,hose,silos,propose,decompose,cameos,bongos,enclose,hoes,studios,dominos,crows,photos,tornados,owes,foes,close,suppose,brose,cocos,blowze,those,melrose,bulldoze,throws,gose,rockrose,ratios,toes,lows,doze,flows,rows,meadows,croze,compose,overexpose,clothes,transpose,nose,foreclose,roes,blows,embryos,predispose,cloze,prose,primrose,mose,jos,logos,gyros,tomatos,ambrose,gloze,elbows,interpose,goes,eskimos,depose,pose,rose,ohs,boroughs,penrose,eaux,euros,pantyhose,bose,expose,throes,woes,arose
opposed,imposed,foreclosed,superimposed,disclosed,glozed,predisposed,proposed,composed,posed,supposed,hosed,unopposed,prosed,enclosed,closed,decomposed,juxtaposed,bulldozed,disposed,deposed,overexposed,transposed,mealynosed,undisclosed,dozed,rosed,blowzed,nosed,misdiagnosed,reimposed,exposed
opposeless,
opposer,proposer
opposers,
opposes,hoses,roses,forecloses,presupposes,discloses,bulldozes,composes,exposes,juxtaposes,ptoses,rosas,primroses,choses,proposes,imposes,coses,noses,overexposes,disposes,proses,dozes,supposes,poses,closes,decomposes
opposing,disclosing,foreclosing,hosing,rosing,reimposing,juxtaposing,glozing,composing,overexposing,predisposing,decomposing,exposing,nosing,closing,posing,disposing,enclosing,supposing,proposing,dozing,bulldozing,imposing
opposingly,
opposit,
opposite,
opposite-leaved,
oppositely,
oppositeness,
oppositenesses,
opposites,
oppositi-,
oppositiflorous,
oppositifolious,
opposition,imposition,pediatrician,extradition,suspicion,mortician,inhibition,malnutrition,commision,dietitian,partition,definition,admission,exposition,supposition,politician,demolition,position,titian,recognition,fruition,condition,magician,erudition,premonition,transmission,presupposition,nutrition,tuition,juxtaposition,electrician,sedition,tradition,munition,reposition,beautician,musician,statistician,fission,superstition,volition,apparition,competition,permission,petition,obstetrician,coalition,redefinition,transition,attrition,patrician,deposition,dietician,technician,decommission,exhibition,precondition,cognition,admonition,ambition,tactician,optician,recondition,submission,omission,abolition,audition,rhetorician,predisposition,ammunition,acquisition,intermission,inquisition,prohibition,dentition,composition,intuition,mission,logician,commission,decomposition,physician,emission,recission,contrition,expedition,rendition,requisition,disposition,repetition,proposition,theoretician,clinician,remission,addition,ignition,edition,mathematician,academician
oppositional,propositional
oppositionary,
oppositionism,
oppositionist,
oppositionists,
oppositionless,
oppositions,exhibitions,electricians,intermissions,geriatricians,physicians,superstitions,prohibitions,additions,apparitions,tuitions,juxtapositions,expeditions,transmissions,transitions,acquisitions,editions,expositions,musicians,commissions,repetitions,inhibitions,positions,propositions,traditions,conditions,ambitions,auditions,airconditions,competitions,technicians,rhetoricians,partitions,obstetricians,pediatricians,submissions,mathematicians,permissions,missions,premonitions,academicians,admonitions,omissions,tacticians,renditions,munitions,opticians,depositions,predispositions,dietitians,coalitions,theoreticians,magicians,suspicions,ammunitions,clinicians,petitions,statisticians,remissions,emissions,politicians,admissions,suppositions,definitions,patricians,compositions,dispositions,preconditions
oppositious,
oppositipetalous,
oppositipinnate,
oppositipolar,
oppositisepalous,
oppositive,
oppositively,
oppositiveness,
oppossum,
opposure,
oppress,dispossess,repress,assess,press,largesse,es,obsess,overdress,nonetheless,ques,possess,mess,dress,abs,ccs,ines,tress,fess,recess,depress,chess,stress,nevertheless,progress,express,nes,guess,unless,presse,confess,inverness,access,bess,hesse,finesse,cmos,impress,les,excess,ts,attests,address,repossess,ws,gress,letterpress,ess,fluoresce,success,esse,abscess,ness,less,digress,outguess,regress,aggress,wes,profess,coalesce,cress,acquiesce,s,watercress,ls,reassess,noblesse,convalesce,distress,fress,yes,tess,bless,redress,requests,oas,compress,hess,jess,suppress,uss,undress,caress,process,cbs,dss,headdress,egress,fesse,lcs,gesse,transgress
oppressed,west,transgressed,feste,slugfest,northwest,blessed,vest,fest,pest,unrest,expressed,infest,messed,suggest,southwest,compressed,incest,blest,drest,protest,acquiesced,lest,inquest,test,self-professed,possessed,geste,digest,goldcrest,detest,pressed,chest,guest,distressed,este,brest,bequest,arrest,assessed,dispossessed,bucharest,caressed,backrest,zest,unimpressed,guessed,coalesced,repressed,contest,reinvest,budapest,teste,confessed,finessed,attest,ingest,suppressed,progressed,impressed,retest,undressed,manifest,prest,dest,headrest,best,invest,midwest,breast,depressed,request,gest,yest,obsessed,accessed,rest,mest,digressed,armrest,wrest,recessed,addressed,quest,abreast,celeste,crest,professed,behest,jest,congest,molest,dressed,stressed,alkahest,nest,divest
oppresses,compresses,messes,professes,addresses,tresses,expresses,confesses,assesses,yeses,outguesses,impresses,guesses,jesses,chesses,cresses,headdresses,stresses,possesses,coalesces,depresses,blesses,dresses,suppresses,excesses,successes,digresses,distresses,caresses,presses,progresses,obsesses,empresas
oppressible,
oppressing,messing,stressing,outguessing,assessing,confessing,impressing,distressing,acquiescing,dressing,depressing,compressing,blaesing,addressing,guessing,recessing,suppressing,accessing,digressing,redressing,repressing,hairdressing,obsessing,possessing,professing,progressing,hessing,transgressing,lessing,cessing,coalescing,blessing,pressing,caressing,reassessing,expressing
oppression,secession,depression,accession,midsession,obsession,cession,indiscretion,suppression,decompression,compression,freshen,digression,intercession,expression,regression,misimpression,nonaggression,hessian,deshon,discretion,pression,repossession,aggression,impression,succession,profession,progression,procession,deshane,possession,retrocession,hession,eschen,recession,transgression,confession,repression,session,concession,question,precession
oppressionist,
oppressions,depressions,aggressions,confessions,cessions,sessions,transgressions,regressions,obsessions,concessions,impressions,processions,repressions,hessians,expressions,repossessions,professions,digressions,freshens,recessions,discretions,indiscretions,possessions
oppressive,crescive,depressive,recessive,progressive,aggressive,excessive,impressive,possessive,successive,unimpressive,obsessive,regressive,pressive,essive,guessive,repressive,expressive
oppressively,
oppressiveness,
oppressor,guesser,bergstresser,predecessor,professor,multiprocessor,gresser,cesser,hairdresser,hesser,presser,suppressor,cessor,leser,kolesar,lessor,loesser,kresser,successor,jesser,dresser,messer,schlesser,stressor,compressor,processor,besser,vesser,landmesser,possessor,aggressor,pressor,assessor,chesser,esser,transgressor,nesser,bresser,lesser,blesser
oppressors,predecessors,messrs,stressors,guessers,processors,lessors,mssrs,professors,compressors,hairdressers,pressers,dressers,assessors,aggressors,successors
oppressor's,
opprobry,
opprobriate,
opprobriated,
opprobriating,
opprobrious,
opprobriously,
opprobriousness,
opprobrium,
opprobriums,
oppugn,alagappan,shopen,koppen,coppin,gloppen,drop-in,toppin,yaupon,poppen,swaption
oppugnacy,
oppugnance,
oppugnancy,
oppugnant,
oppugnate,
oppugnation,
oppugned,
oppugner,
oppugners,
oppugning,
oppugns,
ops,koppes,desktops,swaps,sops,topps,propps,hopps,non-stops,cyclops,rooftops,kops,moppes,lollipops,treetops,crops,hops,mops,countertops,bookstops,plops,backdrops,flops,raindrops,shoppes,paysops,triceratops,eyedrops,bellhops,clops,slops,hilltops,tops,turboprops,wops,props,copps,hoppes,rasterops,chops,cops,gflops,pops,mountaintops,stops,laptops,strops,workshops,swops,drops,mflops,nonstops,rops,shops,pawnshops,gigaflops,sweatshops,bookshops
opsy,
opsigamy,
opsimath,
opsimathy,
opsin,dopson,hopson,rhodopsin
opsins,
opsiometer,
opsis,synopsis
opsisform,
opsistype,
opsm,
opsonia,
opsonic,
opsoniferous,
opsonify,
opsonification,
opsonified,
opsonifies,
opsonifying,
opsonin,
opsonins,
opsonist,
opsonium,
opsonization,
opsonize,
opsonized,
opsonizes,
opsonizing,
opsonogen,
opsonoid,
opsonology,
opsonometry,
opsonophilia,
opsonophilic,
opsonophoric,
opsonotherapy,
opt,swapped,plopped,bopped,cropped,gawped,whopped,topped,propped,whapped,stopped,chopped,copped,knopped,sopped,hopped,dropped,toped,co-opt,stropped,swopped,popped,slopped,clopped,dropt,mopped,flopped,stoped,shopped,lopped,haupt,adopt
optable,adoptable
optableness,
optably,
optacon,
optant,
optate,
optation,interpretation,precipitation,collocation,manifestation,medication,remediation,approbation,quotation,affirmation,determination,organization,pronunciation,innovation,segregation,information,correlation,dissertation,consternation,abomination,application,conservation,litigation,radiation,alliteration,trepidation,deviation,observation,configuration,altercation,cooperation,consideration,integration,affiliation,administration,transportation,conversation,implication,indignation,reconciliation,vocation,communication,orientation,representation,revelation,variation,discrimination,evaluation,expectation,obligation,motivation,gentrification,accommodation,generation,population,station,creation,implementation,dedication,meditation,reservation,articulation,inclination,situation,compensation,aberration,transformation,adaptation,vacation,remuneration,notation,anticipation,sensation,aspiration,ramification,association,proliferation,constellation,preparation,education,operation,relation,salvation,rehabilitation,reputation,translation,location,collaboration,obfuscation,corporation,inspiration,appreciation,civilization,conflagration,designation,abbreviation,foundation,nation,connotation,presentation,citation
optative,
optatively,
optatives,
opted,adopted,co-opted
optez,
opthalmic,
opthalmology,anthology,chronology,ology,embryology,scientology,meteorology,hymnology,psychology,neurology,rheology,terminology,etymology,pharmacology,hematology,rheumatology,urology,dendrochronology,numerology,mythology,deontology,limnology,astrology,geomorphology,pathology,ecology,dermatology,petrology,epistemology,seismology,ideology,paleontology,technology,kinesiology,immunology,histology,gynecology,endocrinology,physiology,ophthalmology,penology,mycology,cardiology,oncology,bacteriology,serology,ontology,zoology,genealogy,anthropology,thanatology,otology,cosmetology,pomology,doxology,methodology,apology,micropaleontology,biotechnology,radiology,archeology,necrology,cosmology,theology,criminology,microbiology,enterology,topology,ethnology,scatology,gerontology,anesthesiology,cytology,etiology,toxicology,sociology,ornithology,geology,graphology,entomology,ethology,virology,morphology,biology,egyptology,epidemiology,mineralogy,archaeology
opthalmologic,
opthalmophorium,
opthalmoplegy,
opthalmoscopy,
opthalmothermometer,
optic,synoptic,fiberoptic,coptic
optical,floptical
optically,
optician,imposition,pediatrician,extradition,suspicion,mortician,inhibition,malnutrition,commision,dietitian,partition,definition,admission,exposition,supposition,politician,demolition,position,titian,recognition,fruition,condition,magician,erudition,premonition,transmission,presupposition,opposition,nutrition,tuition,juxtaposition,electrician,sedition,tradition,munition,reposition,beautician,musician,statistician,fission,superstition,volition,apparition,competition,permission,petition,obstetrician,coalition,redefinition,transition,attrition,patrician,deposition,dietician,technician,decommission,exhibition,precondition,cognition,admonition,ambition,tactician,recondition,submission,omission,abolition,audition,rhetorician,predisposition,ammunition,acquisition,intermission,inquisition,prohibition,dentition,composition,intuition,mission,logician,commission,decomposition,physician,emission,recission,contrition,expedition,rendition,requisition,disposition,repetition,proposition,theoretician,clinician,remission,addition,ignition,edition,mathematician,academician
opticians,exhibitions,electricians,intermissions,geriatricians,physicians,superstitions,prohibitions,additions,apparitions,tuitions,juxtapositions,expeditions,transmissions,transitions,acquisitions,editions,expositions,musicians,commissions,repetitions,inhibitions,positions,propositions,traditions,conditions,ambitions,auditions,airconditions,competitions,oppositions,technicians,rhetoricians,partitions,obstetricians,pediatricians,submissions,mathematicians,permissions,missions,premonitions,academicians,admonitions,omissions,tacticians,renditions,munitions,depositions,predispositions,dietitians,coalitions,theoreticians,magicians,suspicions,ammunitions,clinicians,petitions,statisticians,remissions,emissions,politicians,admissions,suppositions,definitions,patricians,compositions,dispositions,preconditions
opticism,
opticist,
opticists,
opticity,
opticly,
optico-,
opticochemical,
opticociliary,
opticon,
opticopapillary,
opticopupillary,
optics,synoptics
optigraph,
optima,
optimacy,
optimal,
optimality,
optimally,
optimate,
optimates,
optime,
optimes,
optimeter,
optimise,
optimised,
optimises,
optimising,
optimism,paternalism,populism,colonialism,heroism,favoritism,statism,absolutism,stoicism,mechanism,nativism,egotism,tourism,escapism,nihilism,terrorism,positivism,narcissism,racism,mysticism,hedonism,magnetism,chauvinism,atheism,empiricism,humanism,botulism,euphemism,chisum,patriotism,consumerism,antagonism,judaism,imperialism,embolism,nepotism,pragmatism,altruism,dualism,capitalism,symbolism,cronyism,parochialism,ism,mercantilism,nationalism,darwinism,professionalism,rheumatism,plagiarism,mannerism,egalitarianism,naturalism,feudalism,communism,relativism,surrealism,activism,romanticism,elitism,metabolism,prism,anachronism,catechism,secularism,astigmatism,dynamism,aphorism,gnosticism,totalitarianism,skepticism,criticism,fascism,parallelism,feminism,aneurism,individualism,autism,schism,animism,despotism,evangelism,recidivism,pluralism,liberalism,legalism,federalism,organism,collectivism,journalism,egoism,socialism,cynicism,zionism,pessimism,alcoholism,determinism,chism,fatalism,materialism,modernism
optimisms,
optimist,
optimistic,anachronistic,idealistic,mechanistic,legalistic,narcissistic,antiballistic,synergistic,futuristic,surrealistic,humanistic,cystic,voyeuristic,unrealistic,pessimistic,ritualistic,coloristic,polytheistic,logistic,jingoistic,atheistic,novelistic,puristic,impressionistic,antagonistic,altruistic,hedonistic,paternalistic,stylistic,patristic,terroristic,journalistic,pugilistic,nationalistic,deterministic,dualistic,ballistic,pantheistic,materialistic,moralistic,mystic,chauvinistic,stalinistic,hellenistic,primitivistic,statistic,oligopolistic,characteristic,opportunistic,imperialistic,sistek,linguistic,holistic,sadistic,uncharacteristic,euphemistic,capitalistic,mistic,heuristic,artistic,swistak,propagandistic,individualistic,militaristic,supercalifragilistic,realistic,expressionistic,naturalistic,relativistic,feudalistic,simplistic,fatalistic,monopolistic,pluralistic,autistic,sensationalistic,socialistic,christic
optimistical,
optimistically,linguistically,realistically,characteristically,uncharacteristically,stylistically,logistically,statistically,journalistically,artistically,euphemistically,ritualistically,unrealistically
optimisticalness,
optimists,
optimity,
optimization,interpretation,precipitation,collocation,manifestation,medication,remediation,approbation,quotation,affirmation,determination,organization,pronunciation,innovation,segregation,information,correlation,dissertation,consternation,abomination,application,conservation,litigation,radiation,alliteration,trepidation,deviation,observation,configuration,altercation,cooperation,consideration,integration,affiliation,administration,transportation,conversation,implication,indignation,reconciliation,vocation,communication,orientation,representation,revelation,variation,discrimination,evaluation,expectation,obligation,motivation,gentrification,accommodation,generation,population,station,creation,implementation,dedication,meditation,reservation,articulation,inclination,situation,compensation,aberration,transformation,adaptation,vacation,remuneration,notation,anticipation,sensation,aspiration,ramification,association,proliferation,constellation,preparation,education,operation,relation,salvation,rehabilitation,reputation,translation,location,collaboration,obfuscation,corporation,inspiration,appreciation,civilization,conflagration,designation,abbreviation,foundation,nation,connotation,presentation,citation
optimizations,
optimization's,
optimize,arise,lionize,antagonize,eyes,utilize,compromise,materialize,subsidize,hypothesize,customize,fries,supplies,recognize,metastasize,size,mize,ostracize,organize,exercise,empathize,wise,synchronize,reprise,advise,minimize,prioritize,chastise,realize,surprise,allies,tantalize,visualize,sunrise,revitalize,socialize,belies,stigmatize,flies,analyze,despise,pulverize,devise,ties,improvise,sympathize,aggrandize,galvanize,rise,franchise,finalize,capsize,criticize,disenfranchise,demise,surmise,proselytize,mobilize,harmonize,merchandise,crystallize,rationalize,stabilize,revise,catalyze,guys,jeopardize,mesmerize,plagiarize,amortize,baptize,prise,lies,otherwise,emprise,enterprise,energize,familiarize,guise,apologize,synthesize,memorize,marginalize,disguise,patronize,characterize,supervise,comprise,maximize,capitalize,summarize,authorize,paralyze,emphasize,apprise,scrutinize,likewise,polarize,advertise,prize,epitomize
optimized,
optimizer,
optimizers,
optimizes,
optimizing,
optimum,
optimums,
opting,adopting
option,adoption
optional,
optionality,
optionalize,
optionally,
optionals,
optionary,
optioned,
optionee,
optionees,
optioning,
optionor,
options,adoptions
option's,
optive,
opto-,
optoacoustic,
optoblast,
optoelectronic,
optogram,
optography,
optoisolate,
optokinetic,
optology,
optological,
optologist,
optomeninx,
optometer,
optometry,spectrometry,geometry
optometric,tetric,petrak,dissymmetric,econometric,petrik,obstetric,petrick,detrich,detrick,metric,barometric,hetrick,alphametric,gravimetric,petrich,biometric,parametric,tetrick,metrick,hettrick,geometric
optometrical,
optometries,
optometrist,
optometrists,
optophone,
optotechnics,
optotype,
opts,copts,adopts
opulaster,
opulence,
opulences,
opulency,
opulencies,
opulent,
opulently,
opulus,
opuntia,
opuntiaceae,
opuntiales,
opuntias,
opuntioid,
opus,copus,mopus
opuscle,
opuscula,
opuscular,
opuscule,
opuscules,
opusculum,
opuses,
opx,
oquassa,
oquassas,
oquawka,
oquossoc,
or,adore,doar,yore,implore,whore,bore,hardcore,crore,onshore,mentor,eyesore,before,furthermore,drugstore,orr,for,fore,four,sore,lore,herbivore,score,centaur,tore,drawer,ecuador,folklore,indoor,labrador,boer,galore,flor,therefore,sycamore,core,ignore,hoar,thor,therefor,decor,lor,explore,moore,swore,mor,dinosaur,carnivore,deplore,chore,pour,dore,outdoor,bookstore,nor,encore,abhor,gore,more,boar,store,spore,underscore,pore,troubadour,stevedore,floor,sophomore,oar,soar,guarantor,door,singapore,shore,evermore,corps,war,commodore,salvador,your,tor,dior,wore,torr,heretofore,seashore,matador,restore,backdoor,snore,anymore,offshore,rapport,ashore,roar,cor,ore,uproar
or-,
ora,laura,korah,tortora,eleanora,aura,eudora,cora,santora,eldora,leonora,pastora,cahora,andorra,dora,fedora,aurora,durrah,lorah,sykora,senora,gomorrah,zamora,pecora,loera,gongora,honora,bora,torah,adora,carfora,theodora,nora,borah,camorra,aldora,dilaura,spadafora,contadora,norah,morra,gora,controladora,delaura,stora,panora,zorah,arora,kora,mora,menorah,flora,samora,fora,pechora,sikora,medora,vora,lora,anora,angora,pandora,zora,thora,elnora,zadora,plethora,skora,psora,maura,hora,delora,sonora,zippora
orabassu,
orabel,zinfandel,dwell,bethel,rebel,cartel,outsell,noel,maxwell,mademoiselle,chanel,fell,intel,befell,oversell,mel,swell,ell,citadel,barbell,retell,groundswell,cell,marcel,pastel,accel,gazelle,doorbell,well,personnel,michelle,manuel,quell,dumbbell,nell,repel,raphael,infidel,gel,carel,pell,undersell,carousel,sell,dispel,propel,motel,snell,stairwell,decibel,nobel,materiel,morel,sel,mell,adele,nutshell,smell,shell,tell,expel,bluebell,compel,fidel,misspell,belle,tel,isabel,clientele,spell,ravel,bel,rangel,foretell,cel,dell,jell,bell,farewell,hell,del,impel,hotel,parallel,lapel,excel,el,aol,bombshell,quel,resell,elle,carmel,knell,cowbell,eggshell,yell,seashell,caravel,l
orabelle,corabelle,borable,deplorable,adorable,horrible
orach,orache,orrach,yorich
orache,orrach,yorich,orach
oraches,
oracy,
oracle,categorical,coracle,morrical,rhetorical,metaphorical,auricle,oratorical,allegorical,historical
oracler,
oracles,auricles
oracle's,
oracon,
oracula,
oracular,spiracular
oracularity,
oracularly,
oracularness,
oraculate,
oraculous,
oraculously,
oraculousness,
oraculum,
orad,
oradea,
oradell,
orae,
orage,
oragious,
oraison,
orakzai,
oral,moril,thorell,moral,zoril,murrill,horal,turrell,burrill,bawrel,koral,loral,hurrell,orel,horrell,phlorol,borel,morell,reloral,durrell,borrel,forel,sorrell,norell,turrill,sorel,boreal,zorille,surrell,boral,balmoral,coral,chloral,roral,quarrel,forrill,murrell,laurel,thoral,auroral,sorrel,lorel,immoral,sorell,borell,corle,morelle,aural,floral,curle,torril,tearle,saurel,amoral,goral,choral,norrell
orale,
oralee,
oraler,
oralia,azalia,adalia,petralia,somalia,papalia,olea,malia,mallia,calia,atalia,scalia
oralie,orally,aurally,statutorily,florally,morally,horaly,oreilly,coralie
oralism,chloralism
oralisms,
oralist,moralist
oralists,
orality,
oralities,
oralization,
oralize,
oralla,
oralle,
orally,aurally,florally,statutorily,morally,oralie,horaly,oreilly,coralie
oralogy,
oralogist,
orals,chorals,sorrells,morals,florals,laurels,corals,balmorals,quarrels,surles,sorrels
oram,santorum,shoreham,norem,foram,gorham,yoram,gorum,orum,jorum,aurum,joram,borum,horam,sorum,quorum,decorum,forum,corum
oran,iran,crayon,pylon,denouement,john,mastodon,boron,drawn,sean,oman,juan,bygone,neutron,upon,phenomenon,lawn,pentagon,photon,gone,ron,braun,nylon,hexagon,salon,con,argon,bon,yuan,prawn,exon,flawn,wan,emoticon,aileron,rapprochement,withdrawn,avalon,agamemnon,yawn,foregone,polygon,automaton,hogan,dawn,pecan,marathon,parmesan,baton,yon,amazon,micron,fawn,tron,celadon,pion,carillon,khan,brawn,don,han,capon,forgone,gabon,amadon,non,antiphon,meson,proton,liaison,spawn,echelon,oberon,radon,moron,octagon,on,pawn,epsilon,quan,lexicon,axon,woebegone,coupon,swan,babylon,chiffon,aragon,pantheon,hon,oregon,paragon
orang,outscoring,scoring,soaring,underscoring,goehring,stevedoring,doehring,moehring,morang,goring,lorang,imploring,flooring,pouring,doring,poring,kohring,warring,storing,roaring,boring,exploring,deploring,loring,snoring,restoring,mohring,outpouring,moring,adoring,shoring,ignoring
orange,
orangeade,
orangeades,
orangeado,
orangeat,
orangeberry,
orangeberries,
orangebird,
orange-blossom,
orangeburg,
orange-colored,
orange-crowned,
orange-eared,
orangefield,
orange-fleshed,
orange-flower,
orange-flowered,
orange-headed,
orange-hued,
orangey,orangy
orange-yellow,
orangeish,
orangeism,
orangeist,
orangeleaf,
orange-leaf,
orangeman,
orangemen,
orangeness,
oranger,
orange-red,
orangery,
orangeries,
orangeroot,
orange-rufous,
oranges,
orange's,
orange-shaped,
orange-sized,
orange-striped,
orange-tailed,
orange-tawny,
orange-throated,
orange-tip,
orange-tipped,
orange-tree,
orangevale,
orangeville,
orange-winged,
orangewoman,
orangewood,
orangy,orangey
orangier,
orangiest,
oranginess,
orangish,
orangism,
orangist,
orangite,
orangize,
orangoutan,
orangoutang,
orang-outang,
orangoutans,
orangs,
orangutan,
orang-utan,
orangutang,
orangutangs,
orangutans,
orans,
orant,
orante,
orantes,
oraon,
orary,
oraria,
orarian,
orarion,
orarium,
oras,
orate,chlorate,borate,perchlorate
orated,
orates,
orating,
oration,interpretation,precipitation,collocation,manifestation,medication,remediation,approbation,quotation,affirmation,determination,organization,pronunciation,innovation,segregation,information,correlation,dissertation,consternation,abomination,application,conservation,litigation,radiation,alliteration,trepidation,deviation,observation,configuration,altercation,cooperation,consideration,integration,affiliation,administration,transportation,conversation,implication,indignation,reconciliation,vocation,communication,orientation,representation,revelation,variation,discrimination,evaluation,expectation,obligation,motivation,gentrification,accommodation,generation,population,station,creation,implementation,dedication,meditation,reservation,articulation,inclination,situation,compensation,aberration,transformation,adaptation,vacation,remuneration,notation,anticipation,sensation,aspiration,ramification,association,proliferation,constellation,preparation,education,operation,relation,salvation,rehabilitation,reputation,translation,location,collaboration,obfuscation,corporation,inspiration,appreciation,civilization,conflagration,designation,abbreviation,foundation,nation,connotation,presentation,citation
orational,
orationer,
orations,nations,denunciations,appropriations,fluctuations,recriminations,communications,reparations,alterations,deviations,adaptations,impatiens,ramifications,locations,celebrations,innovations,installations,connotations,publications,affirmations,deliberations,obligations,expectations,accusations,recommendations,complications,depredations,considerations,organizations,creations,vibrations,specifications,congratulations,allocations,combinations,patients,appalachians,hallucinations,variations,conversations,calculations,immunizations,palpitations,relations,operations,qualifications,corporations,applications,tribulations,aberrations,observations,associations,allegations,aspirations,vacations,informations,ruminations,abbreviations,decorations,affiliations,citations,animations,illustrations,implications,revelations,configurations,negotiations,situations,denominations,cations,representations,telecommunications,annotations,renovations,permutations,reservations,machinations,ministrations,accommodations,manifestations,constellations,preparations,occupations,explanations,gyrations,foundations,indications,stipulations,carnations,crustaceans,classifications,sensations,regulations,stations,lacerations,limitations,generations,medications,altercations
oration's,
orator,
oratory,outlawry,revelatory,corey,defamatory,maury,participatory,horae,inhibitory,incantatory,ambulatory,regulatory,exploratory,corrie,quarry,ori,cacciatore,repertory,laurie,recore,story,auditory,laboratory,laudatory,derogatory,promissory,pylori,predatory,congratulatory,lorry,oscillatory,ory,desultory,cory,declaratory,allegory,expiratory,mandatory,torrey,tauri,jory,anticipatory,respiratory,inventory,reformatory,depository,purgatory,aurei,conciliatory,signatory,lory,observatory,glory,tempore,gory,montessori,tori,obligatory,category,kauri,interrogatory,tory,inflammatory,storey,lavatory,lorrie,excretory,exculpatory,migratory,saury,mori,understory,celebratory,dilatory,explanatory,compensatory,torii,lori,morey,aurae,rory,confirmatory,transitory,hoary,retaliatory,dormitory,boree,dory,depilatory,contributory,accusatory,territory,repository,aleatory,gorey,preparatory,discriminatory,statutory,circulatory
oratorial,
oratorially,
oratorian,
oratorianism,
oratorianize,
oratoric,
oratorical,categorical,coracle,morrical,rhetorical,oracle,metaphorical,auricle,allegorical,historical
oratorically,
oratories,
oratorio,tenorio,osorio,corio,iorio,chorio-,pistorio,diiorio,dorio,degregorio,vittorio,solorio,diorio,digregorio,jorio,florio,oreo,lorio,gregorio,dilorio,chorio
oratorios,
oratory's,
oratorium,
oratorize,
oratorlike,
orators,
orator's,
oratorship,
oratress,
oratresses,
oratrices,
oratrix,curatrix
oraville,
orazio,
orb,korb,shorb,absorb,moerbe,reabsorb
orbadiah,
orban,corbin,corban,sorbin,orben,orbin
orbate,korbut,sorbate,orbit,deorbit,corbitt,corbett,corbet,torbett,corbit
orbation,
orbed,absorbed,sorbed,reabsorbed
orbell,
orby,
orbic,sorbic,ascorbic
orbical,
orbicella,
orbicle,
orbicular,
orbiculares,
orbicularis,
orbicularity,
orbicularly,
orbicularness,
orbiculate,corbiculate
orbiculated,
orbiculately,
orbiculation,
orbiculato-,
orbiculatocordate,
orbiculatoelliptical,
orbiculoidea,
orbier,
orbiest,
orbific,
orbilian,
orbilius,
orbing,absorbing,zorbing
orbisonia,
orbit,korbut,orbate,sorbate,deorbit,corbitt,corbett,corbet,torbett,corbit
orbital,sorbitol
orbitale,
orbitally,
orbitals,
orbitar,
orbitary,
orbite,
orbited,
orbitelar,
orbitelariae,
orbitelarian,
orbitele,
orbitelous,
orbiter,
orbiters,
orbity,
orbiting,
orbito-,
orbitofrontal,
orbitoides,
orbitolina,
orbitolite,
orbitolites,
orbitomalar,
orbitomaxillary,
orbitonasal,
orbitopalpebral,
orbitosphenoid,
orbitosphenoidal,
orbitostat,
orbitotomy,
orbitozygomatic,
orbits,sorbets
orbitude,
orbless,
orblet,
orblike,
orbs,
orbulina,
,
