noman,
nomancy,romancy
no-man's-land,
nomap,
nomarch,
nomarchy,
nomarchies,
nomarchs,
nomarthra,
nomarthral,
nomas,
nombles,wombles,ensembles
nombril,
nombrils,
nome,comb,metrodome,genome,gloam,drome,dome,shalom,boehm,holm,astrodome,bloem,aerodrome,thome,vendome,biome,liposome,guillaume,schaum,jerome,strohm,roam,proteome,tome,ohm,mccomb,chrome,honeycomb,syndrome,rohm,home,catacomb,cosmodrome,boehme,glome,styrofoam,roehm,monochrome,stroam,strome,sloam,blome,chromosome,noam,frome,crome,rolm,hippodrome,combe,rhome,gnome,loam,polychrome,cyclostome,rome,brome,stome,rhizome,foam
nomeidae,
nomen,toman,stroman,domin,loman,hohman,gnomon,koman,ommen,bowman,dohman,gohman,sloman,lommen,lohmann,businesswomen,groman,showman,ohmann,moman,lohman,oehmen,ohman,roman,fomon,homen,rohman,boman,homann,yeoman,nonroman,goeman,doughman,froman,omen,homan,thoman,broman,lowman,frohman,grohman,oklahoman,soman,bowmen,abdomen,hohmann,loehmann,coman,greco-roman,bohman,thomann,dromon,vroman
nomenclate,
nomenclative,
nomenclator,
nomenclatory,
nomenclatorial,raptorial,curatorial,lauriol,janitorial,directorial,pictorial,advertorial,professorial,floreal,prosecutorial,ambassadorial,memorial,conspiratorial,senatorial,immemorial,sartorial,gubernatorial,auriol,flonorial,dictatorial,tutorial,morial,extraterritorial,oriol,arboreal,editorial,territorial,reportorial,equatorial,correale
nomenclatorship,
nomenclatural,
nomenclature,denature,legislature,nature
nomenclatures,
nomenclaturist,
nomes,
nomeus,
nomi,stomy,naomi,homey,moami,lobotomy,tomey,komi,homie,loamy,romey,salome,noami,mccombie,foamy,salomi,dromey,tuomi,viscomi,taketomi
nomy,
nomial,binomial,polynomial
nomic,subatomic,macroeconomic,wommack,islamic,noneconomic,adamik,tomich,technomic,atomic,gastronomic,tragicomic,bromic,economic,monatomic,autonomic,palmic,romack,hommock,ohmic,romick,diatomic,romic,commack,ergonomic,microeconomic,comic,socioeconomic,uneconomic,dromic,adamec,bombic
nomina,homona,romana,phenomena
nominable,
nominal,phenomenal,hominal,abdominal
nominalism,
nominalist,
nominalistic,
nominalistical,
nominalistically,
nominality,
nominalize,
nominalized,
nominalizing,
nominally,phenomenally
nominalness,
nominals,
nominate,assimilate,late,emulate,intimate,exacerbate,emanate,alternate,appropriate,weight,repudiate,plate,state,anticipate,compensate,coordinate,denigrate,date,propagate,abrogate,estate,manipulate,associate,articulate,corroborate,great,collate,accommodate,procrastinate,vacillate,delineate,facilitate,demonstrate,dedicate,mitigate,dissipate,desolate,straight,spate,fate,innate,stipulate,estimate,update,reiterate,mandate,designate,deprecate,adequate,incorporate,slate,abdicate,elaborate,freight,contemplate,relate,communicate,abate,evaluate,graduate,separate,delegate,integrate,arrogate,profligate,subordinate,consolidate,postulate,create,celebrate,obviate,deliberate,gait,indicate,extrapolate,surrogate,precipitate,appreciate,trait,rate,conflate,mate,initiate,ameliorate,commiserate,elucidate,wait,disseminate,collaborate,cultivate,inculcate,consummate,alleviate,rait,predicate,moderate,obfuscate,resonate,debate,gate,advocate
nominated,reiterated,inebriated,devastated,separated,substantiated,exaggerated,integrated,exacerbated,allocated,excoriated,associated,affiliated,intimated,concentrated,motivated,mandated,related,incorporated,frustrated,indicated,aggregated,intimidated,precipitated,automated,emaciated,truncated,saturated,appreciated,orientated,stipulated,interrelated,dilapidated,elevated,fascinated,liberated,unmitigated,nauseated,belated,situated,corrugated,feted,located,opinionated,agitated,complicated,stated,consecrated,cultivated,contaminated,bifurcated,slated,prorated,overrated,infatuated,consolidated,delineated,sophisticated,obligated,bated,initiated,created,unadulterated,promulgated,sated,designated,annotated,exonerated,alienated,relegated,serrated,deprecated,graduated,exasperated,emanated,decapitated,mitigated,isolated,perforated,intoxicated,eviscerated,irritated,predicated,antiquated,dissipated,aggravated,encapsulated,incapacitated,educated,abated,inundated,understated,anticipated,articulated,animated,elated,dated,unabated,incarcerated,attenuated,outdated
nominately,
nominates,nates,integrates,disseminates,postulates,anticipates,separates,demonstrates,estimates,infuriates,subordinates,rates,relates,corroborates,awaits,yates,crates,dictates,hippocrates,cates,chordates,coordinates,accelerates,coates,obviates,traits,dissipates,greats,delineates,associates,radiates,sates,yeats,classmates,predominates,affiliates,repudiates,states,plates,invertebrates,grates,negates,emulates,intimidates,dates,baits,primates,gates,pates,exacerbates,operates,fluctuates,resonates,differentiates,translates,expatriates,fetes,annotates,exaggerates,deteriorates,teammates,illustrates,ates,appreciates,straits,estates,graduates,indicates,facilitates,slates,fates,predicates,necessitates,skates,advocates,approximates,inmates,mates,extrapolates,mandates,plaits,weights,evaporates,bates,creates,equates,waits,deviates,commemorates,vertebrates,accommodates,updates,emirates,perpetuates,allocates,eights,permeates,mitigates,delegates
nominating,permeating,invigorating,alternating,infuriating,implicating,extenuating,indicating,articulating,facilitating,perpetuating,accelerating,titillating,emanating,debilitating,berating,irritating,penetrating,bating,activating,stating,weighting,culminating,suffocating,intimidating,denigrating,exacerbating,accommodating,illuminating,aggravating,creating,salivating,calculating,delegating,obviating,self-deprecating,fascinating,contemplating,exhilarating,pontificating,abating,awaiting,relating,gating,waiting,anticipating,recuperating,deprecating,reciprocating,skating,intoxicating,vacillating,rotating,baiting,plating,cultivating,frustrating,eliminating,abrogating,validating,discriminating,liberating,percolating,undulating,radiating,captivating,mating,subordinating,advocating,oscillating,instigating,delineating,excruciating,humiliating,abbreviating,grating,annihilating,deteriorating,procrastinating,rating,exasperating,pulsating,coordinating,communicating,stimulating,alienating,operating,gaiting,incriminating,accumulating,escalating,dominating,excoriating,dating,nauseating,devastating,emulating,ingratiating,mitigating,fluctuating,initiating
nomination,trepidation,station,motivation,transformation,obfuscation,implication,translation,presentation,consternation,inclination,proliferation,nation,foundation,organization,revelation,collocation,situation,dissertation,association,compensation,expectation,transportation,correlation,civilization,manifestation,corporation,aberration,observation,alliteration,connotation,determination,citation,designation,articulation,conservation,meditation,vocation,inspiration,indignation,interpretation,approbation,notation,precipitation,orientation,reputation,aspiration,remediation,representation,innovation,appreciation,cooperation,communication,conversation,preparation,ramification,evaluation,salvation,rehabilitation,medication,abbreviation,population,consideration,generation,creation,litigation,discrimination,altercation,reservation,variation,collaboration,deviation,affiliation,anticipation,operation,quotation,obligation,gentrification,dedication,application,location,administration,pronunciation,sensation,radiation,education,information,conflagration,adaptation,affirmation,abomination,implementation,relation,segregation,reconciliation,integration,vacation,accommodation,configuration,constellation,remuneration
nominations,informations,limitations,foundations,corporations,gyrations,decorations,variations,ruminations,patients,specifications,renovations,lacerations,depredations,combinations,vibrations,ministrations,stations,annotations,publications,installations,deviations,abbreviations,machinations,configurations,aspirations,relations,implications,carnations,associations,preparations,sensations,vacations,locations,palpitations,creations,revelations,calculations,hallucinations,generations,conversations,classifications,innovations,applications,congratulations,appalachians,altercations,crustaceans,citations,qualifications,denominations,regulations,animations,obligations,negotiations,situations,permutations,complications,adaptations,representations,tribulations,manifestations,telecommunications,recommendations,reparations,nations,cations,allegations,observations,affiliations,ramifications,occupations,reservations,connotations,deliberations,illustrations,impatiens,aberrations,denunciations,fluctuations,allocations,explanations,appropriations,operations,considerations,immunizations,affirmations,accommodations,organizations,recriminations,communications,stipulations,indications,celebrations,alterations,expectations,accusations,medications,constellations
nominatival,
nominative,dominative
nominatively,
nominatives,
nominator,dominator
nominators,
nominatrix,
nominature,
nomine,
nominee,idiosyncrasy,ghee,knee,referee,trustee,ac,bourgeoisie,spree,pre,yee,sea,e,apogee,indri,quay,turnkey,lee,flea,potpourri,dee,lea,g,repartee,mi,gee,scree,ree,ski,asap,marquis,pea,reality,hawaii,nee,fee,partee,machete,bee,lessee,me,guaranty,tea,tv,three,d,v,emcee,tree,calliope,flee,de,syncope,si,hyperbole,be,b,esprit,t,pee,degree,agree,xi,key,oversee,banshee,cree,glee,plea,di,marquee,he,decree,ne,z,payee,she,guarantee,nestle,free,wee,hee,kabuki,debris,ye,foresee,sunday,snee,qi,see,thee,cc,precis,c,jubilee,we,p,carefree,actuary,pony,tee
nomineeism,
nominees,skis,parentheses,expertise,lees,maccabees,tweeze,squeeze,seas,sleaze,chese,aziz,maltese,degrees,sees,creaze,geez,sinhalese,feces,analyses,cantonese,fees,isosceles,cheese,knees,tease,portuguese,japanese,socrates,dees,niese,leas,munchies,flees,hypotheses,manganese,teas,seize,javanese,mores,diocese,displease,balinese,reprise,journalese,indices,attendees,disease,fleas,reis,appease,testes,wease,pleas,damocles,chemise,pcs,sease,frieze,ease,trees,pease,bes,chinese,overseas,actuaries,rameses,agrees,please,emphases,bees,burmese,peas,freeze,jeez,guarantees,seese,breeze,idiosyncrasies,wheeze,siamese,taiwanese,pleiades,these,striptease,louise,antifreeze,tees,headcheese,oversees,trapeze,unease,hercules,sneeze,cadiz,belize,keys,feaze
nominy,
nomism,chromism,bromism,thomism
nomisma,
nomismata,
nomisms,
nomistic,
nomnem,
nomo-,
nomocanon,
nomocracy,timocracy
nomogeny,
nomogenist,
nomogenous,
nomogram,kymogram,tomogram
nomograms,
nomograph,cymograph,tomograph,chromograph,kymograph
nomographer,
nomography,tomography,kymography
nomographic,kymographic
nomographical,
nomographically,
nomographies,
nomoi,
nomology,zymology
nomological,zymological,gnomological,gemological,pomological
nomologies,
nomologist,
nomopelmous,
nomophylax,
nomophyllous,
nomos,
nomotheism,
nomothete,
nomothetes,
nomothetic,homothetic
nomothetical,
noms,
nomura,mura,tamura,jura,nakamura,aventura,neuroplasty,pleura,euro,badura,sura,inamura,crura,gura,miura,nuraghe,vancura,pura,azura,bonaventura,sakura,purau,lura,chura,nishimura,midura,matsuura,mitamura,dura,contura,surah,chmura,figura,coloratura,alura,nomenklatura,komura,okamura,takemura,skura,matsumura,okumura,bujumbura,kitamura,kawamura,stachura,moura,imamura,amdura,ishikura,datura,bonura,kimura,segura,bravura,ventura,hoorah
non,chiffon,hogan,neutron,spawn,ron,don,nylon,quan,liaison,marathon,parmesan,mastodon,paragon,rapprochement,john,argon,radon,aileron,capon,han,foregone,pecan,moron,dawn,lexicon,emoticon,proton,pantheon,con,denouement,gabon,juan,boron,wan,baton,hon,prawn,octagon,milan,celadon,lawn,forgone,upon,meson,on,polygon,gone,epsilon,oberon,khan,exon,aragon,amazon,flawn,woebegone,phenomenon,crayon,coupon,yon,micron,agamemnon,bon,pawn,sean,pentagon,drawn,salon,amadon,automaton,hexagon,brawn,fawn,babylon,photon,axon,yawn,oregon,iran,pylon,carillon,pion,avalon,tron,oman,withdrawn,echelon,koran,antiphon,swan,yuan,bygone,braun
non-,
nona,digiovanna,sana,botswana,silvana,sauna,guiana,ilana,marianna,shauna,lackawanna,dwana,bwana,tswana,gauna,benihana,juana,guyana,marijuana,nirvana,ronna,madonna,dominicana,bonadonna,iguana,liana,wanna,ivana,fauna,agana,lianna,wanta,aulana,mauna,tijuana,tawana,mahayana,sebastiana,caronna,tatiana,ana,gonna,briana,alanna,scianna,akana,donau,shawna,trona,parana,didonna,susana,nona-,zuzana,mana,svetlana,donna,tatyana,umana,santayana,chauna,ivanna,bophuthatswana,haryana,biana
nona-,digiovanna,sana,botswana,silvana,sauna,guiana,ilana,marianna,shauna,lackawanna,dwana,bwana,tswana,gauna,benihana,juana,guyana,marijuana,nirvana,ronna,madonna,dominicana,bonadonna,iguana,liana,wanna,ivana,fauna,agana,lianna,wanta,aulana,mauna,tijuana,tawana,mahayana,sebastiana,caronna,tatiana,ana,gonna,briana,alanna,scianna,akana,nona,donau,shawna,trona,parana,didonna,susana,zuzana,mana,svetlana,donna,tatyana,umana,santayana,chauna,ivanna,bophuthatswana,haryana,biana
nonabandonment,
nonabatable,
nonabdication,
nonabdicative,
nonabiding,
nonabidingly,
nonabidingness,
nonability,
non-ability,
nonabjuration,
nonabjuratory,
nonabjurer,
nonabolition,
nonabortive,
nonabortively,
nonabortiveness,
nonabrasive,
nonabrasively,
nonabrasiveness,
nonabridgable,
nonabridgment,
nonabrogable,
nonabsentation,
nonabsolute,
nonabsolutely,
nonabsoluteness,
nonabsolution,
nonabsolutist,
nonabsolutistic,
nonabsolutistically,
nonabsorbability,
nonabsorbable,
nonabsorbency,
nonabsorbent,
nonabsorbents,
nonabsorbing,
nonabsorption,
nonabsorptive,
nonabstainer,
nonabstainers,
nonabstaining,
nonabstemious,
nonabstemiously,
nonabstemiousness,
nonabstention,
nonabstract,
nonabstracted,
nonabstractedly,
nonabstractedness,
nonabstractly,
nonabstractness,
nonabusive,
nonabusively,
nonabusiveness,
nonacademic,chemic,fehmic,epidemic,glycemic,vehmic,demick,pandemic,remic,hemic,systemic,remick,nemec,endemic,academic,polemic
nonacademical,
nonacademically,
nonacademicalness,
nonacademics,
nonaccedence,
nonacceding,
nonacceleration,
nonaccelerative,
nonacceleratory,
nonaccent,
nonaccented,
nonaccenting,
nonaccentual,
nonaccentually,
nonacceptance,
nonacceptant,
nonacceptation,
nonaccepted,
nonaccess,
non-access,
nonaccession,
nonaccessory,
nonaccessories,
nonaccidental,
nonaccidentally,
nonaccidentalness,
nonaccommodable,
nonaccommodably,
nonaccommodating,
nonaccommodatingly,
nonaccommodatingness,
nonaccompanying,
nonaccompaniment,
nonaccomplishment,
nonaccord,
nonaccordant,
nonaccordantly,
nonaccredited,
nonaccretion,
nonaccretive,
nonaccrued,
nonaccruing,spewing,gluing,stewing,queuing,reviewing,accruing,debuting,previewing,barbecueing,hewing,misconstruing,renewing,trueing,redoing,shewing,slewing,barbequeing,queueing,canoeing,undoing,blueing,outdoing,brewing,cuing,viewing,cueing,subduing,pursuing,crewing,eschewing,mewing,tattooing,countersuing,glueing,bluing,clueing,screwing,zhuang,interviewing,clewing,skewing,overdoing,truing,strewing
nonacculturated,
nonaccumulating,
nonaccumulation,
nonaccumulative,
nonaccumulatively,
nonaccumulativeness,
nonaccusing,
nonachievement,
nonacid,
nonacidic,
nonacidity,
nonacids,
nonacknowledgment,
nonacosane,
nonacoustic,
nonacoustical,
nonacoustically,
nonacquaintance,
nonacquaintanceship,
nonacquiescence,
nonacquiescent,
nonacquiescently,
nonacquiescing,
nonacquisitive,
nonacquisitively,
nonacquisitiveness,
nonacquittal,
nonact,
nonactinic,
nonactinically,
nonaction,
nonactionable,
nonactionably,
nonactivation,
nonactivator,
nonactive,
nonactives,
nonactivity,
nonactivities,
nonactor,
nonactual,
nonactuality,
nonactualities,
nonactualness,
nonacuity,
nonaculeate,
nonaculeated,
nonacute,
nonacutely,
nonacuteness,
nonadaptability,
nonadaptable,
nonadaptableness,
nonadaptabness,
nonadaptation,
nonadaptational,
nonadapter,
nonadapting,
nonadaptive,
nonadaptor,
nonaddict,
nonaddicted,
nonaddicting,
nonaddictive,
nonadditive,
nonadditivity,
nonaddress,
nonaddresser,
nonadecane,
nonadept,
nonadeptly,
nonadeptness,
nonadherence,
nonadherences,
nonadherent,
nonadhering,
nonadhesion,
nonadhesive,
nonadhesively,
nonadhesiveness,
nonadjacency,
nonadjacencies,
nonadjacent,
nonadjacently,
nonadjectival,
nonadjectivally,
nonadjectively,
nonadjoining,
nonadjournment,
nonadjudicated,
nonadjudication,
nonadjudicative,
nonadjudicatively,
nonadjunctive,
nonadjunctively,
nonadjustability,
nonadjustable,
nonadjustably,
nonadjuster,
nonadjustive,
nonadjustment,
nonadjustor,
nonadministrable,
nonadministrant,
nonadministrative,
nonadministratively,
nonadmiring,
nonadmissibility,
nonadmissible,
nonadmissibleness,
nonadmissibly,
nonadmission,
nonadmissions,
nonadmissive,
nonadmitted,
nonadmittedly,
nonadoptable,
nonadopter,
nonadoption,
nonadorantes,
nonadorner,
nonadorning,
nonadornment,
nonadult,
nonadults,
nonadvancement,
nonadvantageous,
nonadvantageously,
nonadvantageousness,
nonadventitious,
nonadventitiously,
nonadventitiousness,
nonadventurous,
nonadventurously,
nonadventurousness,
nonadverbial,
nonadverbially,
nonadvertence,
nonadvertency,
nonadvocacy,
nonadvocate,
nonaerated,
nonaerating,
nonaerobiotic,
nonaesthetic,
nonaesthetical,
nonaesthetically,
nonaffectation,
nonaffecting,
nonaffectingly,
nonaffection,
nonaffective,
nonaffiliated,
nonaffiliating,
nonaffiliation,
nonaffilliated,
nonaffinity,
nonaffinities,
nonaffinitive,
nonaffirmance,
nonaffirmation,
non-african,
nonage,
nonagenary,
nonagenarian,
nonagenarians,
nonagenaries,
nonagency,
nonagent,
nonages,
nonagesimal,
nonagglomerative,
nonagglutinant,
nonagglutinating,
nonagglutinative,
nonagglutinator,
nonaggression,confession,eschen,pression,obsession,question,freshen,deshon,retrocession,accession,suppression,indiscretion,deshane,intercession,expression,compression,concession,recession,decompression,oppression,secession,midsession,hession,profession,impression,progression,procession,precession,aggression,misimpression,repression,hessian,repossession,session,transgression,possession,digression,regression,depression,cession,succession,discretion
nonaggressions,
nonaggressive,
nonagon,anagen
nonagons,
nonagrarian,
nonagreeable,
nonagreement,
nonagricultural,agricultural,countercultural,horticultural,multicultural,intercultural,cultural
nonah,
nonahydrate,
nonaid,
nonair,
nonalarmist,
nonalcohol,
nonalcoholic,kowalik,vitriolic,phenolic,bialik,wollack,hollick,paulik,pollick,cholic,falik,wallich,pollak,zapalac,bucolic,pollock,frolic,folic,krolick,bollock,wallach,alcoholic,gawlik,pawlak,nikolic,rollick,wallick,walloch,anabolic,diastolic,paulick,hyperbolic,kovalik,bolich,glycolic,bolick,symbolic,hydraulic,pawlik,holick,malec,workaholic,metabolic,collick,parabolic,melancholic,pollok,wallack,kralik,mccolloch,michalec,polich,molock,pollack,balik
non-alexandrian,
nonalgebraic,
nonalgebraical,
nonalgebraically,
nonalien,
nonalienating,
nonalienation,
nonalignable,
nonaligned,colorblind,humankind,outlined,wind,chined,declined,vined,tined,mastermind,designed,dined,reassigned,confined,bind,quarantined,underlined,redefined,elkind,unrefined,affined,spined,disinclined,mankind,wunderkind,combined,sidelined,refined,resigned,twined,mined,inclined,unkind,nevermind,undefined,unlined,unconfined,aligned,whined,headlined,assigned,signed,grind,kind,unwind,consigned,mind,undermined,hind,maligned,redesigned,lined,remind,reclined,intertwined,find,opined,enshrined,streamlined,blind,shined,crined,unsigned,defined,realigned,entwined,rind,fined,behind,brined,wined,pined
nonalignment,nonalinement
nonalined,
nonalinement,nonalignment
nonalkaloid,
nonalkaloidal,
nonallegation,
nonallegiance,
nonallegoric,
nonallegorical,
nonallegorically,
nonallelic,
nonallergenic,
nonalliterated,
nonalliterative,
nonalliteratively,
nonalliterativeness,
nonallotment,
nonalluvial,
nonalphabetic,
nonalphabetical,
nonalphabetically,
nonalternating,
nonaltruistic,
nonaltruistically,
nonaluminous,
nonamalgamable,
nonamazedness,
nonamazement,
nonambiguity,
nonambiguities,
nonambiguous,
nonambitious,
nonambitiously,
nonambitiousness,
nonambulaties,
nonambulatory,
nonamenability,
nonamenable,
nonamenableness,
nonamenably,
nonamendable,
nonamendment,
non-american,
nonamino,
nonamorous,
nonamorously,
nonamorousness,
nonamotion,
nonamphibian,
nonamphibious,
nonamphibiously,
nonamphibiousness,
nonamputation,
nonanachronistic,
nonanachronistically,
nonanachronous,
nonanachronously,
nonanaemic,
nonanalytic,
nonanalytical,
nonanalytically,
nonanalyzable,
nonanalyzed,
nonanalogy,
nonanalogic,
nonanalogical,
nonanalogically,
nonanalogicalness,
nonanalogous,
nonanalogously,
nonanalogousness,
nonanaphoric,
nonanaphthene,
nonanarchic,
nonanarchical,
nonanarchically,
nonanarchistic,
nonanatomic,
nonanatomical,
nonanatomically,
nonancestral,
nonancestrally,
nonane,
nonanemic,
nonanesthetic,
nonanesthetized,
nonangelic,
non-anglican,
nonangling,
nonanguished,
nonanimal,
nonanimality,
nonanimate,
,
