peddlingly,
pede,
pedee,
pedelion,
peder,
pederast,
pederasty,
pederastic,
pederastically,
pederasties,
pederasts,
pederero,
pedersen,pederson,feddersen
pederson,feddersen,pedersen
pedes,medes,seeds,cedes,needs,redes,screeds,kneads,eades,recedes,preceeds,pleads,oilseeds,creeds,precedes,meeds,meads,seaweeds,weeds,steeds,breeds,accedes,misleads,bleeds,tweeds,proceeds,swedes,heeds,reeds,eads,beads,succeeds,supersedes,feeds,speeds,edes,impedes,misdeeds,deeds,exceeds,leads,leeds,reads,concedes
pedeses,
pedesis,
pedestal,
pedestaled,
pedestaling,
pedestalled,
pedestalling,
pedestals,
pedestrial,
pedestrially,
pedestrian,yestreen,equestrian
pedestrianate,
pedestrianise,
pedestrianised,
pedestrianising,
pedestrianism,
pedestrianize,
pedestrianized,
pedestrianizing,
pedestrians,
pedestrian's,
pedestrious,
pedetentous,
pedetes,
pedetic,
pedetidae,
pedetinae,
pedi,
pedi-,leddy,dwivedi,heady,peddie,maready,deady,trivedi,heddy,preddy,edie,manfredi,abedi,edye,keddy,already,neddy,hedi,mehdi,eddy,freddie,thready,geddie,eddie,peddy,eveready,teddie,eadie,ready,medi,steady,bready,tancredi,redi,teddy,shreddy,freddye,unsteady,reddy,tangredi,freddy
pediad,
pediadontia,
pediadontic,
pediadontist,
pedial,
pedialgia,
pediastrum,
pediatry,
pediatric,gilpatrick,matric,fitzpatrick,geriatric,kirkpatrick,kilpatrick,patrick,hatrick,atrac,psychiatric
pediatrician,petition,musician,academician,opposition,permission,supposition,inhibition,requisition,commission,nutrition,munition,demolition,recission,politician,tactician,malnutrition,exhibition,statistician,optician,decommission,sedition,juxtaposition,dietician,extradition,addition,ammunition,recognition,intermission,erudition,tradition,mathematician,remission,physician,exposition,beautician,tuition,logician,condition,rendition,fruition,apparition,contrition,transmission,clinician,imposition,fission,submission,magician,precondition,attrition,mission,repetition,composition,titian,coalition,recondition,technician,obstetrician,proposition,definition,acquisition,decomposition,predisposition,mortician,rhetorician,transition,admission,ignition,abolition,dentition,prohibition,theoretician,electrician,presupposition,redefinition,volition,omission,cognition,audition,suspicion,commision,expedition,dietitian,partition,reposition,edition,patrician,competition,admonition,deposition,inquisition,position,emission,disposition,intuition,superstition,premonition,ambition
pediatricians,expeditions,conditions,juxtapositions,airconditions,transmissions,superstitions,editions,transitions,academicians,clinicians,suppositions,omissions,expositions,dietitians,propositions,definitions,rhetoricians,partitions,emissions,acquisitions,opticians,tacticians,compositions,suspicions,permissions,repetitions,mathematicians,preconditions,musicians,auditions,munitions,coalitions,competitions,theoreticians,intermissions,premonitions,obstetricians,ambitions,admonitions,dispositions,admissions,ammunitions,physicians,politicians,positions,patricians,remissions,additions,tuitions,apparitions,magicians,statisticians,electricians,technicians,missions,geriatricians,renditions,inhibitions,commissions,depositions,predispositions,prohibitions,traditions,oppositions,submissions,exhibitions,petitions
pediatrics,natrix,geriatrics,patricks
pediatrist,
pedicab,
pedicabs,
pedicel,
pediceled,
pedicellar,
pedicellaria,
pedicellate,
pedicellated,
pedicellation,
pedicelled,
pedicelliform,
pedicellina,
pedicellus,
pedicels,
pedicle,biomedical,medical,pedocal
pedicled,
pedicles,
pedicular,
pedicularia,
pedicularis,
pediculate,
pediculated,
pediculati,
pediculation,
pedicule,
pediculi,
pediculicidal,
pediculicide,
pediculid,
pediculidae,
pediculina,
pediculine,
pediculofrontal,
pediculoid,
pediculoparietal,
pediculophobia,
pediculosis,
pediculous,pediculus
pediculus,pediculous
pedicure,
pedicured,
pedicures,
pedicuring,
pedicurism,
pedicurist,
pedicurists,
pediferous,
pediform,
pedigerous,
pedigraic,
pedigree,
pedigreed,
pedigreeless,
pedigrees,
pediluvium,
pedimana,
pedimane,
pedimanous,
pediment,
pedimental,
pedimented,
pediments,
pedimentum,
pediococci,
pediococcocci,
pediococcus,
pedioecetes,
pedion,
pedionomite,
pedionomus,
pedipalp,
pedipalpal,
pedipalpate,
pedipalpi,
pedipalpida,
pedipalpous,pedipalpus
pedipalps,
pedipalpus,pedipalpous
pedipulate,
pedipulation,
pedipulator,
pedir,
pediwak,
pedlar,pedler
pedlary,
pedlaries,
pedlars,medlars
pedler,pedlar
pedlery,
pedleries,
pedlers,
pedo-,beddow,beddoe,neddo,kedo
pedobaptism,
pedobaptist,
pedocal,biomedical,medical,pedicle
pedocalcic,
pedocalic,
pedocals,
pedodontia,
pedodontic,
pedodontist,
pedodontology,
pedogenesis,
pedogenetic,
pedogenic,
pedograph,
pedology,
pedologic,
pedological,
pedologies,
pedologist,
pedologistical,
pedologistically,
pedomancy,
pedomania,
pedometer,
pedometers,
pedometric,
pedometrical,
pedometrically,
pedometrician,
pedometrist,
pedomorphic,
pedomorphism,
pedomotive,
pedomotor,
pedophile,
pedophilia,sicilia,shelia,ilya,brasilia,eosinophilia
pedophiliac,hemophiliac
pedophilic,carboxylic,jilek,billick,willock,basophilic,hillock,eosinophilic,cyrillic,gillick,bilyk,gillock,hydrophilic,acrylic,amphophilic,lillich,milich,idyllic
pedophobia,
pedosphere,
pedospheric,
pedotribe,
pedotrophy,
pedotrophic,
pedotrophist,
pedrail,
pedregal,
pedrell,
pedrero,
pedrick,dedrick,fredric,hedrich,edric,headrick,fredrick,shedrick,frederick,medrick,fredrich,hedrick,frederic,tedrick,cedric,fedrick
pedricktown,
pedro,
pedros,tadros
pedrotti,throaty,brodie,otey,michelotti,codispoti,iannotti,guidotti,gillotti,ciotti,toti,calcote,perotti,sidoti,capriotti,gugliotti,doty,livoti,quixote,coatee,mazziotti,bertolotti,hotei,pierotti,moti,protea,perrotti,coty,gigliotti,belote,bellotti,sotti,barsotti,roti,angotti,foti,coyote,goaty,floaty
pedroza,rapoza,raygoza,espinosa,loza,roza,melgoza,koza,goza,rosa,cardoza,petrosa,somoza,barboza,spinoza,mendoza,espinoza,zaragoza,boza,carrozza,alrosa,penaloza,soza
peds,
pedule,
pedum,
peduncle,
peduncled,
peduncles,
peduncular,
pedunculata,
pedunculate,
pedunculated,
pedunculation,
pedunculi,
pedunculus,
pee,tree,pea,qi,referee,foresee,knee,nestle,fee,she,snee,de,hyperbole,tee,wee,syncope,potpourri,lee,ac,ree,turnkey,jubilee,z,nee,hawaii,we,gee,see,me,hee,debris,di,decree,sea,quay,partee,bourgeoisie,v,asap,calliope,cc,oversee,e,guaranty,cree,pony,lessee,guarantee,idiosyncrasy,flea,key,machete,banshee,dee,agree,degree,trustee,tv,t,emcee,free,carefree,reality,ne,c,he,lea,manatee,payee,d,plea,glee,p,repartee,actuary,precis,scree,bee,g,sunday,si,flee,three,tea,spree,pre,ye,marquee,be,ghee,b,mi,marquis,ski,apogee,yee,indri,xi,esprit,kabuki,thee
peebeen,
peebeens,
peebles,siebels
peeblesshire,
peed,precede,reed,freed,rashid,secede,dreed,deed,snead,reseed,greed,breed,nosebleed,guaranteed,eade,kneed,gilead,pitied,teed,speed,recede,milkweed,glead,proofread,skied,nead,flaxseed,saeed,concede,swede,smead,agreed,centipede,glede,degreed,meade,airspeed,dede,skeed,misdeed,steed,hamid,oilseed,bead,heed,weed,inbreed,aniseed,aristide,supersede,keyed,plead,knead,overfeed,rapeseed,creed,succeed,mislead,misread,leed,seed,duckweed,brede,pokeweed,need,beede,accede,indeed,read,proceed,siegfried,reid,ganymede,appleseed,feed,bleed,seaweed,mead,treed,prophesied,cede,linseed,intercede,fried,tweed,bede,exceed,decreed,reread,gleed,ragweed,ede,screed,fireweed,lead,stampede,impede,sneed
peedee,
peeing,feeing,weeing,seeing,kneeing,teeing,geeing,keying,being
peek,sneak,grosbeak,veronique,mozambique,midweek,gleek,monique,dominique,creek,tariq,pique,misspeak,leake,steik,wreak,sleek,henrique,squeak,cleek,streak,teak,antique,teac,fleak,workweek,technique,peake,beak,screak,critique,shriek,speak,zeke,skreak,deak,physique,batik,respeak,sikh,bespeak,streek,clique,geek,fleek,leak,creak,sheik,oblique,clinique,belgique,week,greek,steek,bleak,zeek,beek,speake,cacique,peak,cheek,weak,rieck,boutique,reek,geac,weick,sheikhdom,martinique,phreak,freak,eke,fenugreek,tweak,unique,leek,kweek,chesapeake,seek,doublespeak,manrique,geekdom,mystique,chic,newspeak,meek,sheikh,speke
peekaboo,
peekaboos,
peek-bo,
peeke,
peeked,streaked,critiqued,creaked,cheeked,freaked,reeked,piqued,peaked,wreaked,sleeked,eked,shrieked,tweaked,sneaked,leaked,squeaked
peeking,seeking,sleeking,piquing,shrieking,critiquing,streaking,speaking,creaking,freaking,sneaking,leaking,squeaking,fleaking,greeking,cheeking,reeking,tweaking,eiking,wreaking,peaking,phreaking
peeks,breeks,antiques,greeks,sneaks,boutiques,shrieks,sheikhs,beeks,streaks,leaks,speakes,bespeaks,speaks,weeks,eakes,telephoniques,peaks,wreaks,seix,techniques,creeks,creaks,cheeks,leeks,sheeks,piques,weaks,workweeks,weekes,reeks,grosbeaks,squeaks,sikhs,peakes,geeks,freaks,meeks,seeks,tweaks,sheiks,critiques,vieques,batiks
peekskill,
peel,heal,creel,beale,ordeal,keel,appeal,stael,teal,scheele,neill,oneill,emil,camille,kneel,beal,brasil,seel,congeal,corneal,ciel,unseal,leal,audiophile,steel,cartwheel,cecile,meal,beall,veal,piecemeal,oneal,peale,deel,reel,mele,immobile,lille,neal,anneal,stele,deal,snowmobile,teel,reveal,adriel,squeal,zeal,biel,heel,automobile,wheel,spiel,verrill,kreel,real,eel,shaquille,cele,diel,peele,emile,flywheel,weil,neil,keal,oatmeal,glockenspiel,unreal,viel,cornmeal,kiel,puerile,vielle,ideal,creal,bookmobile,conceal,lucille,neel,ezekiel,feel,steal,genteel,reseal,surreal,seal,steele,smeal,repeal,peal,abele,riel,speel,newsreel,tweel
peelable,appealable,healable,resealable,sealable,delible
peelcrow,
peele,heal,creel,beale,ordeal,keel,appeal,stael,teal,scheele,neill,oneill,emil,camille,kneel,beal,brasil,seel,congeal,corneal,ciel,unseal,leal,audiophile,steel,cartwheel,cecile,meal,beall,veal,piecemeal,oneal,peale,deel,reel,mele,immobile,lille,neal,anneal,stele,deal,snowmobile,teel,reveal,squeal,zeal,biel,heel,automobile,wheel,spiel,verrill,kreel,real,eel,shaquille,cele,diel,emile,flywheel,weil,neil,keal,oatmeal,glockenspiel,peel,unreal,viel,cornmeal,kiel,puerile,vielle,ideal,creal,bookmobile,conceal,lucille,neel,ezekiel,feel,steal,genteel,reseal,surreal,seal,steele,smeal,repeal,peal,abele,riel,speel,newsreel,tweel
peeled,windshield,summerfield,cranfield,penfield,mayfield,scofield,wakefield,springfield,belfield,copperfield,oldfield,caulfield,winfield,whitefield,delafield,bonfield,steeled,rayfield,field,greenfield,fairfield,hatfield,richfield,redfield,infield,oilfield,minefield,brownfield,congealed,healed,canfield,masefield,heeled,heald,reeled,unsealed,holyfield,porterfield,garfield,bakersfield,plainfield,resealed,revealed,squealed,bluefield,kneeled,unconcealed,neild,brookfield,outfield,sealed,wingfield,battlefield,goldfield,cornfield,bloomfield,mansfield,pealed,neeld,stanfield,concealed,repealed,airfield,northfield,keeled,afield,highfield,chesterfield,wield,hayfield,backfield,shield,feild,yield,wheeled,appealed
peeledness,
peeler,interdealer,kneeler,sheeler,squealer,kielar,beeler,wheeler,realer,keillor,reeler,dealer,kieler,biehler,healer,keeler,pealer,mealor,beehler,sieler,scheeler,stealer,vealer,feeler,meeler,scheler,steeler,bealer,sealer,spieler,heeler,bieler,mealer
peelers,dealers,healers,feelers,stealers,steelers,wheelers,sealers
peelhouse,
peelie-wally,
peeling,appealing,cieling,reeling,teeling,shealing,keelung,steeling,stealing,dealing,heilong,freehling,freewheeling,annealing,wheeling,revealing,pealing,repealing,kneeling,heling,seeling,mealing,keeling,sealing,concealing,heeling,unfeeling,feeling,geelong,healing,darjeeling,unappealing,shieling,sieling,squealing,ceiling,sheeling,frieling
peelings,feelings,ceilings,dealings
peelism,
peelite,
peell,
peelman,
peels,neils,automobiles,skeels,abeles,wheels,neels,weals,repeals,reveals,ordeals,wheals,eels,reseals,deles,appeals,meals,diels,reals,heels,gaels,teals,beales,bookmobiles,feels,steals,meles,keels,seals,peals,cartwheels,beals,shiels,ideals,tarheels,oldsmobiles,heals,reels,freels,megadeals,deals,squeals,peles,eales,snowmobiles,lacteals,seales,niels,spiels,audiophiles,newsreels,veals,conceals,steels
peen,
peene,
peened,
peenge,
peening,weaning,convening,quarantining,cleaning,housecleaning,leaning,greening,tweening,steening,careening,drycleaning,meaning,gleaning,preening,demeaning,queening,keening,screening,beaning,intervening,machining
peens,figurines,psenes,spleens,sixteens,miens,scenes,convenes,quarantines,leans,sheens,penes,jeans,vaccines,gasolines,opalines,cuisines,brenes,caesareans,queans,queens,careens,marines,demeans,evergreens,jeanes,beans,appleans,saenz,argentines,philippines,latrines,newsmagazines,mangosteens,soybeans,reconvenes,liens,deans,cleans,keens,denes,amphetamines,fourteens,peregrines,alkenes,fifteens,submarines,sardines,canteens,gleans,genes,geans,betweens,martines,limousines,eanes,viens,slovenes,weans,philistines,eighteens,wiens,gabardines,carotenes,menes,proteins,libertines,tangerines,bylines,eritreans,routines,magazines,intervenes,ravines,nitrosamines,sunscreens,teens,preteens,machines,deines,means,greens,screens,skeens,phillipines,smithereens,weins
peen-to,
peeoy,
peep,phillipe,beep,cheap,leep,sweep,dieppe,bopeep,sepe,creep,bleep,griep,keep,schliep,diep,threap,sneap,reap,inskeep,seipp,streep,felipe,clepe,heap,seep,anandeep,upkeep,kniep,kneip,sleep,sheep,seip,mcsleep,asleep,oversleep,jeep,deep,riepe,heape,steep,cheep,lepe,leap,weep,veep,reep,tepe,kreep
peep-bo,
peeped,neaped,beeped,cheeped,bleeped,cleped,ycleped,reaped,leapt,heaped,leaped,steeped,seeped
pee-pee,cheapie,latulippe,sweepy,weepy,steepy,sleepy,gariepy,tepee,phillippi,seepy,weepie,canipe,heapy,creepy,creepie,tripi,sheepy,teepee,principe
peepeye,
peeper,groundskeeper,goalkeeper,gatekeeper,beekeeper,streeper,innkeeper,keiper,housekeeper,steeper,gamekeeper,leaper,peacekeeper,leiper,teper,weeper,creeper,shopkeeper,sleeper,doorkeeper,schlieper,keeper,deeper,leeper,cheaper,pieper,bookkeeper,heaper,sweeper,neeper,scheper,kieper,scorekeeper,minesweeper,storekeeper,crowkeeper,reaper,beeper
peepers,sweepers,shopkeepers,scorekeepers,crowkeepers,keepers,creepers,groundskeepers,leapers,weepers,housekeepers,jeepers,peacekeepers,schepers,sleepers,storekeepers,minesweepers,innkeepers,beepers,beekeepers,reapers,gatekeepers,bookkeepers
peephole,creephole
peep-hole,
peepholes,
peepy,
peeping,recordkeeping,heaping,housekeeping,leaping,sleeping,keeping,scorekeeping,steeping,weeping,peiping,creeping,sweeping,peacekeeping,bleeping,bookkeeping,beeping,reaping,cleping,beekeeping,seeping,safekeeping
peeps,neaps,cheeps,heaps,sweeps,beeps,seeps,deeps,reaps,weeps,epes,creeps,sleeps,jeeps,bleeps,keeps,sheeps,steeps,leaps
peepshow,
peep-show,
peepshows,
peepul,craftspeople,tepal,seiple,congresspeople,people,sheeple,sepal,teeple,spokespeople,steeple,lepal,laypeople,creeple,salespeople,businesspeople,chairpeople,townspeople
peepuls,
peer,insincere,fleer,frere,greer,lear,premier,vere,disappear,cohere,deer,cashier,stratosphere,marketeer,deere,pier,chevalier,bandolier,career,stear,shear,beer,shere,financier,kier,premiere,cavalier,pioneer,austere,belvedere,commandeer,domineer,steer,frontier,brigadier,rear,adhere,sear,cheer,sphere,neer,veer,near,hemisphere,clear,year,emir,sincere,kir,teer,sere,brere,mear,sheer,midyear,jeer,interfere,zaire,auctioneer,atmosphere,racketeer,biosphere,sneer,gear,meir,gere,queer,smear,mountaineer,tear,volunteer,rainier,dear,bere,engineer,profiteer,fear,spere,yesteryear,reappear,reindeer,wier,mere,stere,souvenir,unclear,mir,fier,persevere,bombardier,veneer,revere,appear,speer,headgear,chandelier,severe,spear,amir
peerage,
peerages,
peerce,
peerdom,
peered,weird,premiered,disappeared,sheared,cheered,interfered,smeared,sneered,reared,appeared,cohered,bioengineered,adhered,commandeered,neared,revered,beard,cleared,volunteered,seared,sheard,persevered,pioneered,beaird,cashiered,feared,eared,veered,steered,jeered,geared,reappeared
peeress,merous
peeresses,
peerhood,
peery,seery,cieri,peary,kashmiri,query,pieri
peerie,veery,dearie
peeries,
peering,overhearing,endearing,jeering,hearing,d-ring,disappearing,rehearing,fleering,cering
peeringly,
peerless,earless,fearless
peerlessly,tearlessly,cheerlessly,fearlessly
peerlessness,
peerly,
peerling,
peers,spheres,fears,frontiers,speirs,profiteers,miears,debeers,gears,careers,queers,racketeers,desrosiers,disappears,sears,mutineers,arrears,premiers,gondoliers,financiers,engineers,marketeers,volunteers,premieres,summiteers,wagoneers,smears,perseveres,veneers,nears,bandoliers,cavaliers,schweers,tears,appears,viers,mears,reappears,steers,bombardiers,adheres,piers,ears,clears,veers,pioneers,rears,auctioneers,biospheres,cheers,budgeteers,sneers,berkshires,beers,electioneers,reveres,algiers,spears,mountaineers,tangiers,conventioneers,years,coheres,pamphleteers,sweers,cashiers,interferes,souvenirs
peership,
peert,
pees,
peesash,
peeseweep,
peesoreh,
peesweep,
peesweeps,
peetweet,
peetweets,
peetz,backseats,meets,athletes,pleats,keats,tweets,deitz,greets,scheets,peets,sweets,viets,cheats,overheats,bietz,deceits,rietz,sleets,deetz,scheetz,tietz,mistreats,zeitz,raetz,fleets,cleats,parakeets,zietz,sheets,neitz,teets,competes,wheats,weitz,teats,feats,steitz,reetz,dickensheets,peitz,deets,defeats,leitz,deletes,worksheets,repeats,keitz,keatts,meats,metes,suites,meitz,receipts,bleats,eats,heats,paetz,completes,pietz,treats,heartbeats,obsoletes,sheats,dietz,deadbeats,baetz,neats,skeets,streets,gaetz,sheetz,spreadsheets,petites,retreats,depletes,seats,graetz,lietz,kreitz,elites,yeatts,deats,beets,beitz,beats
peeve,cheve,shirtsleeve,scheve,conceive,thieve,prieve,genevieve,sheave,gleave,sleave,naive,shreeve,tel-aviv,steve,yves,reeve,achieve,perceive,greeve,meave,gildersleeve,aggrieve,sleeve,prokofiev,grieve,mccleave,nieve,leve,deceive,preconceive,naeve,believe,neve,disbelieve,greave,theave,stieve,misconceive,leave,neave,rajiv,cleve,kleve,maharive,sanjiv,chieve,lieve,eave,threave,soloviev,vive,bereave,greve,steeve,interweave,weave,shreve,kieve,aviv,geneve,cleave,eve,retrieve,interleave,receive,shrieve,misperceive,biev,heave,aleve,reave,relieve,laneve,reprieve,keeve,satanjeev
peeved,achieved,weaved,aggrieved,heved,deceived,retrieved,perceived,sheaved,bereaved,conceived,thieved,steeved,unrelieved,sleeved,cleaved,interleaved,misconceived,sleaved,misperceived,preconceived,reaved,received,relieved,leaved,believed,heaved,grieved
peevedly,
peevedness,
peever,
peevers,
peeves,reves,perceives,neaves,greaves,gleaves,cheves,cleaves,relieves,achieves,grieves,leaves,jeeves,weaves,steeves,eves,misconceives,steves,heaves,teves,eaves,thieves,hargreaves,sleeves,rieves,misperceives,shreves,treves,reaves,neves,receives,believes,interleaves,retrieves,reeves,recitatives,cleves,sheaves
peeving,steeving,grieving,conceiving,receiving,cleaving,leaving,believing,sleeving,relieving,interweaving,perceiving,heaving,interleaving,unbelieving,thieving,self-deceiving,achieving,geving,weaving,deceiving,retrieving,misconceiving,disbelieving,reaving
peevish,thievish
peevishly,thievishly
peevishness,thievishness
peevishnesses,
peewee,tree,pea,qi,referee,pee,foresee,knee,nestle,fee,she,snee,de,hyperbole,tee,wee,syncope,potpourri,lee,ac,ree,turnkey,jubilee,z,nee,hawaii,we,gee,see,me,hee,debris,di,decree,sea,quay,partee,bourgeoisie,v,asap,calliope,cc,oversee,e,guaranty,cree,pony,lessee,guarantee,idiosyncrasy,flea,key,machete,banshee,dee,agree,degree,trustee,tv,t,emcee,free,carefree,reality,ne,c,he,lea,payee,d,plea,glee,p,repartee,actuary,precis,scree,bee,g,sunday,si,flee,three,tea,spree,pre,ye,marquee,be,ghee,b,mi,marquis,ski,apogee,yee,indri,xi,esprit,kabuki,thee
peeweep,
peewees,kiwis
peewit,teewit,kiewit
peewits,
peg,clegg,imreg,vegh,hegge,legge,legg,egg,pegg,leg,meg,kreg,hegg,begg,longleg,gegg,nutmeg,gregg,neg,egge,kegg,tegge,greg,keg,segue,reg,bootleg,cregg,beg,mpeg
pega,
pegador,
peg-a-lantern,
pegall,
pegamoid,
peganite,
peganum,
pegasean,
pegasian,
pegasid,
pegasidae,
pegasoid,
pegasus,
pegboard,aboard,ward,chessboard,paperboard,concord,horde,aboveboard,gored,sword,floored,oared,dashboard,roared,njord,chord,clipboard,verwoerd,record,fnord,cardboard,gourd,snowboard,gaylord,springboard,untoward,ord,baseboard,implored,keyboard,seaboard,blackboard,onboard,underscored,washboard,outboard,soared,harpsichord,hardboard,fjord,nord,cord,stored,award,ford,reboard,skateboard,lord,overboard,adored,warlord,headboard,afford,clavichord,scoreboard,deplored,bored,surfboard,acord,inboard,board,clapboard,chipboard,fingerboard,reward,concorde,checkerboard,overlord,scored,pored,mord,hord,toward,abhorred,hoard,notochord,dartboard,storyboard,sward,smorgasbord,wallboard,poured,switchboard,billboard,restored,floorboard,unexplored,explored,broadsword,fiberboard,landlord,accord,ignored
pegboards,outboards,affords,floorboards,landlords,fords,records,cardboards,headboards,boards,hoards,lords,accords,billboards,cords,clapboards,rewards,gourds,snowboards,lourdes,cordes,baseboards,sordes,fjords,hordes,blackboards,warlords,chessboards,checkerboards,overlords,keyboards,dashboards,bordes,surfboards,swords,chords,awards,wards,towards,starboards,switchboards
pegbox,
pegboxes,
pegeen,
pegg,clegg,imreg,vegh,hegge,legge,legg,egg,peg,leg,meg,kreg,hegg,begg,longleg,gegg,nutmeg,gregg,neg,egge,kegg,tegge,greg,keg,segue,reg,bootleg,cregg,beg,mpeg
pegged,begged,egged,legged,segued
pegger,jaeger,naeger,dreger,kraeger,egger,tregre,mcgregor,legere,saeger,bootlegger,legger,haeger,greger,schreger,kegger,meger,beger,draeger,macgregor,beggar,eggar,gregor,cregger,traeger,harnischfeger
peggi,
peggy,heggie,reggy,regie,peggie,leggy,dreggy,sadeghi
peggie,heggie,reggy,regie,peggy,leggy,dreggy,sadeghi
peggymast,
pegging,begging,legging,bootlegging
peggir,
peggle,
peggs,beggs,kegs,negs,regs,pegs,meggs,greggs,longlegs,legs,segues,eggs,begs,dregs,leges,bootlegs
pegh,
peglegged,
pegless,
peglet,
peglike,
pegma,
pegman,
pegmatite,highlight,hermaphrodite,recite,parasite,fahrenheit,indict,cite,erudite,bight,white,knight,plight,nite,neophyte,despite,brite,mite,satellite,spotlight,recondite,rite,extradite,acolyte,twite,kite,forthright,write,rewrite,right,underwrite,graphite,smite,hindsight,night,delight,fight,backbite,expedite,spite,lignite,trite,plebiscite,overwrite,oversight,uptight,outright,quite,invite,insight,tight,sleight,wight,contrite,site,frostbite,blight,ignite,upright,fortnight,moonlight,copyright,appetite,alright,foresight,downright,finite,excite,meteorite,midnight,twilight,bite,slight,apartheid,incite,might,polite,fright,sight,website,bright,wright,luddite,dight,sprite,indite,playwright,light,lite,tripartite,limelight,smight,flight,apatite,alight,byte,unite,goodnight,feit,height,overnight
pegmatitic,
pegmatization,
pegmatize,
pegmatoid,
pegmatophyre,
pegmen,
pegology,
pegomancy,
pegoxyl,
pegram,ham,sonogram,nottingham,logjam,potsdam,plam,mme,graham,tham,microgram,damm,engram,clam,programme,nam,amsterdam,gram,tram,pam,damme,program,spam,kilogram,scram,cam,abram,slam,bram,lam,flam,am,gramme,kam,beckham,monogram,wolfram,stam,sram,flimflam,polygram,histogram,cram,sham,wham,flambe,dagenham,scam,abraham,ram,goddam,madame,damn,alam,durham,hologram,yam,hamm,rotterdam,buckingham,mammogram,oxfam,diaphragm,tottenham,stram,jam,birmingham,graeme,centigram,dam,epigram,priam,diagram,electrocardiogram,logogram,sam,anagram,telegram,cunningham,dram,tam,bam,lamb,milligram,fram,siam,sdram,goddamn,dithyramb,jamb,coram,exam,cham,swam
pegroots,
pegs,beggs,kegs,negs,regs,meggs,greggs,longlegs,legs,peggs,segues,eggs,begs,dregs,leges,bootlegs
peg's,
peg-top,
pegtops,
pegu,
peguan,
pegwood,
peh,
pehlevi,
peho,
pehs,
pehuenche,
pei,slay,re,fiance,leeway,they,spray,play,say,passe,yea,bouquet,clay,may,cache,ok,astray,gray,fray,lei,ray,everyday,gateway,decay,today,anyway,bray,halfway,stray,pray,convey,vertebrae,railway,usa,delay,lingerie,way,gay,quay,splay,hay,display,underway,tray,k,soiree,friday,resume,repay,prey,inlay,entree,yay,gainsay,sway,cliche,valet,asea,j,pay,fey,x-ray,array,away,holiday,dossier,day,survey,dismay,hey,sachet,nay,melee,disarray,protege,grey,buffet,portray,obey,waylay,relay,latte,stay,sunday,essay,ballet,sobriquet,cafe,weigh,fillet,betray,allay,gourmet,overlay,mainstay,heyday,lay,okay,jay,bay,dna
peiching,
pei-ching,
peyerian,
peignoir,baignoire
peignoirs,
peiktha,
pein,
peine,dean,reconvene,tourmaline,kerosene,vaccine,eugene,foreseen,labyrinthine,gene,tangerine,cuisine,bromine,lean,gelatine,between,magazine,careen,amin,treen,umpteen,internecine,obscene,wean,lien,convene,intervene,machine,halloween,ravine,holstein,wolverine,sabine,irene,sheen,submarine,murine,clementine,marine,geraldine,augustine,jean,saline,vien,bean,selene,leen,undine,agin,unforeseen,guillotine,aquamarine,byzantine,mean,aberdeen,figurine,mien,latrine,opaline,evergreen,aniline,clean,canteen,queen,green,libertine,peregrine,protein,amphetamine,sardine,feine,casein,philistine,mezzanine,serene,demean,sunscreen,florentine,baleen,sistine,scene,mein,caffeine,hygiene,nene,glean,trampoline,screen,preen,argentine,quarantine,routine,seen,limousine,thirteen,keen,gasoline,fifteen,teen,contravene,spleen
peined,
peining,
peins,
peyote,chayote
peyotes,
peyotyl,
peyotyls,
peyotism,
peyotl,
peyotls,
peiping,recordkeeping,heaping,housekeeping,leaping,sleeping,keeping,scorekeeping,steeping,weeping,creeping,sweeping,peacekeeping,peeping,bleeping,bookkeeping,beeping,reaping,cleping,beekeeping,seeping,safekeeping
peipus,lepus
peiraeus,cereous
peiraievs,
peirameter,
peirastic,
peirastically,
peirce,bierce,pearce,pierce,tierce,fierce
peirsen,
peisage,
peisant,
peisch,
peise,squeeze,mores,tease,diocese,teas,analyses,creaze,wease,sinhalese,isosceles,trapeze,actuaries,munchies,geez,skis,sleaze,freeze,guarantees,siamese,sees,pleiades,tees,parentheses,expertise,bees,chinese,chemise,oversees,sease,indices,sneeze,reis,wheeze,antifreeze,disease,leas,manganese,please,frieze,dees,these,feces,jeez,fleas,pcs,seese,damocles,knees,balinese,rameses,hypotheses,burmese,pleas,cheese,idiosyncrasies,aziz,appease,belize,journalese,javanese,pease,fees,emphases,displease,seize,ease,flees,tweeze,bes,agrees,maccabees,peas,unease,taiwanese,cantonese,headcheese,louise,degrees,keys,socrates,chese,hercules,testes,lees,maltese,cadiz,japanese,feaze,striptease,niese,seas,overseas,attendees,portuguese,trees,breeze,reprise
peised,
peisenor,
peiser,ticer,weiser,preiser,pricer,beiser,ricer,kreiser,schmeiser,splicer,seiser,kyser,zaiser,kysor,slicer,keiser,heiser,weisser,huyser,reiser,meiser,dryser,spicer,geiser,leiser,smyser,nicer,ryser,breitweiser,dicer,zeiser
peises,
peising,
peisistratus,
peyter,
peitho,
peyton,mayton,shaitan,gaytan,creighton,hayton,statin,dayton,batan,slaten,slayton,cayton,ratan,leighton,paten,aten,laten,katyn,gayton,natan,platan,layton,brayton,satan,shaytan,stayton,drayton,payton,lateen,straiten,latten,straighten,crayton,iatan,clayton,deighton,greaten,eyton
peytona,
peytonsburg,
peytral,
peytrals,
peitrel,
peytrel,
peytrels,
peixere,
peixerey,
peize,
pejepscot,
pejerrey,
pejorate,
pejoration,
pejorationist,
pejorative,restorative
pejoratively,
pejoratives,
pejorism,
pejorist,
pejority,
pejsach,
pekan,heekin,meakin,beacon,weaken,eaken,eikon,rieken,mcmeekin,tieken,topekan,pekin,mohican,deakin,dziekan,deacon,rican
pekans,
peke,
pekes,
pekin,heekin,meakin,beacon,weaken,eaken,eikon,pekan,rieken,mcmeekin,tieken,topekan,mohican,deakin,dziekan,deacon,rican
pekinese,
peking,pling,ring,xing,ing,qing,kring,hamstring,texting,spring,thring,sexting,schwing,unring,swing,snorkeling,bellyaching,hing,offspring,cling,ying,thwing,king,sing,rightwing,pring,shing,djing,leftwing,ging,beijing,upswing,forewing,everything,wellspring,ringe,bing,fling,ting,zing,ming,shoestring,ning,wing,sting,ding,plaything,ping,string,ling,thing,kling,dring,erving,ching,chongqing,wring,sling,bring,singh,bling,anything,jing,fring,downswing
pekingese,
pekins,
pekoe,gecko,krecko,breco,reco,seko,hecco,mlecko,dececco,delgreco,secco,echo,gekko,cogeco,deco,ekco,dicecco,canseco,alleco,minpeco,eko,pacheco,enseco,greco-,grecko,creko,seco,el-greco,grecco,noreco,greco,pecco,buteco,coleco,checo
pekoes,
pel,
pelade,
peladic,
pelado,
peladore,
pelag,
pelaga,
pelage,keelage,treillage
pelages,
pelagi,
pelagia,schaja,khoja,begajah,rajah
pelagial,
pelagian,deukmejian
pelagianism,
pelagianize,
pelagianized,
pelagianizer,
pelagianizing,
pelagias,
pelagic,tragic,majik,magic,zajic,tadjik,pajock,magick
pelagius,
pelagon,
pelagothuria,
pelagra,
pelahatchie,
pelamyd,
pelanos,
pelargi,
pelargic,
pelargikon,
pelargomorph,
pelargomorphae,
pelargomorphic,
pelargonate,
pelargonic,
pelargonidin,
pelargonin,
pelargonium,
pelasgi,
pelasgian,
,
