peritropous,
peritura,
periumbilical,
periungual,
periuranium,
periureteric,
periureteritis,
periurethral,
periurethritis,
periuterine,
periuvular,
perivaginal,
perivaginitis,
perivascular,
perivasculitis,
perivenous,
perivertebral,
perivesical,
perivisceral,
perivisceritis,
perivitellin,
perivitelline,
periwig,
periwigged,
periwigpated,
periwigs,
periwinkle,
periwinkled,
periwinkler,
periwinkles,
perizonium,
perjink,
perjinkety,
perjinkities,
perjinkly,
perjure,merger,purger,verger,demerger,yerger,scourger,serger,verdure,megamerger,urger
perjured,verdured
perjuredly,
perjuredness,
perjurement,
perjurer,
perjurers,
perjures,vergers,megamergers,mergers
perjuress,
perjury,neurosurgery,surgery
perjuries,
perjurymonger,
perjurymongering,
perjuring,
perjurious,
perjuriously,
perjuriousness,
perjury-proof,
perjurous,
perk,sirk,legwork,woodwork,burk,casework,piecework,metalwork,werk,quirke,homework,paperwork,needlework,brushwork,erk,bourke,waterwork,network,merc,mcgurk,artwork,jerk,leclerc,schoolwork,werke,turk,rework,spadework,plasterwork,berke,dirk,perc,overwork,murch,shirk,clerk,roadwork,latticework,openwork,smirk,footwork,irk,handiwork,merk,patchwork,klerk,merck,ataturk,kirch,bjerke,groundwork,clockwork,earthwork,firework,clerc,work,lurk,teamwork,lerch,birk,derk,murk,quirk,guesswork,cirque,housework,kirk,kurk,berserk,masterwork,burke,beadwork,berk,framework,fieldwork
perkasie,
perked,shirked,merkt,smirked,lurked,jerked,irked,reworked,clerked,worked,overworked,quirked,networked,burked
perky,murky,sturkie,pirkey,turkey,merkey,burkey,berkey,shirkey,birkey,quirky,kirkey,pearcy,birky,durkee,aldercy,smirky,sircy,jerky,yerkey,purkey,perkey
perkier,murkier,jerkier,bercier
perkiest,jerkiest,murkiest
perkily,murkily,jerkily,quirkily
perkin,sirkin,berken,gherkin,jerkin,churkin,gerken,gerkin,zircon,work-in,merkin,durkin,mcclurkin,cirkin,peterkin,mirkin,clerkin,firkin,gurkin,kirchen
perkiness,
perking,networking,hardworking,overworking,lurking,metalworking,smirking,burking,shirking,woodworking,clerking,werking,reworking,frerking,working,jerking
perkingly,
perkinism,
perkins,burkins,jerkins,firkins,gherkins
perkinston,
perkinsville,
perkiomenville,
perkish,
perknite,
perkoff,
perks,shirks,kirks,clerks,overworks,quirks,dirks,dirkse,berkes,networks,burks,derks,waterworks,dirkes,dircks,percs,voiceworks,masterworks,lurks,toolworks,birkes,works,steelworks,burkes,irks,jerks,fireworks,iwerks,artworks,dreamworks,birks,turks,patchworks,smirks
perl,curl,wurl,showgirl,pearl,cowgirl,erl,kerl,swirl,sperl,earll,searl,hearl,whorl,earle,merl,merle,perle,sperle,pearle,twirl,whirl,earl,nerl,unfurl,werle,girl,hurl,berle,birle,herl,burl,searle,shirl
perla,burleigh,lyerla
perlaceous,
perlaria,
perlative,
perle,curl,wurl,showgirl,pearl,cowgirl,erl,kerl,swirl,sperl,earll,searl,hearl,whorl,earle,merl,merle,perl,sperle,pearle,twirl,whirl,earl,nerl,unfurl,werle,girl,hurl,berle,birle,herl,burl,searle,shirl
perleche,
perlection,
perley,erly,surly,hurley,shirlee,turley,girlie,kearley,pearly,shirley,shurley,burly,akerley,birley,werley,mccurley,curly,durley,sherley,burley,twirly,girly,cearley,kerley,earley,gurley,brearley,verley,hurly,curley,adderley,earlie,shirlie,wherley,whirley,worley,swirly,early,kirley,murley
perlid,
perlidae,
perlie,
perligenous,
perling,
perlingual,
perlingually,
perlis,biss,gliss,this,diss,mis,fiss,briss,buice,middlemiss,frisks,cris,twiss,kniss,reminisce,lis,biosis,piss,hiss,flysch,unisys,abyss,remiss,whisp,clisp,marsalis,wis,rys,riss,stys,criss,flis,viridis,liss,dismiss,furniss,phariss,brys,wisse,vis,wiss,alusuisse,kriss,risse,swiss,kis,fliss,chris,bliss,chriss,cissp,kris,fariss,suess,miss,sis,dis,medaphis,resists,fdisk,amiss,isccp,paredis,flisk,fis,wyss,pris,bis,suisse,kiss
perlite,
perlites,
perlitic,
perlman,
perlocution,
perlocutionary,
perloff,
perloir,
perlucidus,
perlustrate,
perlustration,
perlustrator,
perm,
permafrost,
permalloy,
permanence,
permanences,
permanency,
permanencies,
permanent,semipermanent,germinant,determinant
permanently,
permanentness,
permanents,determinants
permanganate,
permanganic,
permansion,
permansive,
permatron,
permeability,flammability,malleability,possibility,irritability,flexibility,maneuverability,sensibility,immobility,civility,amiability,compatibility,fertility,eligibility,variability,transferability,inevitability,capability,incompatibility,survivability,volatility,feasibility,visibility,portability,probability,respectability,versatility,irresponsibility,responsibility,inability,admissibility,applicability,accessibility,fragility,reliability,affordability,comprehensibility,unavailability,unpredictability,dependability,hostility,debility,predictability,believability,culpability,deniability,vulnerability,disability,mobility,legibility,fallibility,futility,docility,marketability,miscibility,virility,facility,gentility,ductility,infertility,enforceability,agility,invincibility,humility,ability,adaptability,sterility,senility,profitability,incivility,stability,invulnerability,readability,motility,susceptibility,acceptability,sustainability,viability,availability,impossibility,nobility,suitability,advisability,credibility,comparability,durability,inflexibility,inaccessibility,palatability,instability,plausibility,infallibility,desirability,tranquility,collectibility,gullibility,liability,invisibility,utility
permeable,
permeableness,
permeably,
permeameter,
permeance,
permeant,
permease,
permeases,
permeate,repudiate,fate,arrogate,collate,articulate,freight,procrastinate,profligate,great,manipulate,advocate,assimilate,surrogate,state,emulate,inculcate,postulate,vacillate,estate,subordinate,plate,incorporate,obviate,delineate,collaborate,trait,associate,indicate,initiate,coordinate,abate,obfuscate,contemplate,accommodate,moderate,straight,alleviate,graduate,exacerbate,spate,resonate,update,anticipate,extrapolate,weight,desolate,appreciate,emanate,adequate,communicate,corroborate,rate,appropriate,rait,intimate,reiterate,mandate,elucidate,commiserate,predicate,dissipate,alternate,slate,separate,consummate,denigrate,propagate,late,disseminate,ameliorate,abrogate,mate,compensate,delegate,date,gate,relate,debate,wait,precipitate,mitigate,innate,create,dedicate,designate,integrate,demonstrate,facilitate,conflate,elaborate,celebrate,consolidate,deprecate,gait,cultivate,stipulate,deliberate,abdicate,evaluate,estimate
permeated,elated,motivated,sated,perforated,incapacitated,automated,anticipated,consecrated,attenuated,dated,stipulated,aggregated,inebriated,unmitigated,liberated,nauseated,incarcerated,belated,cultivated,exacerbated,incorporated,exasperated,complicated,allocated,appreciated,truncated,unadulterated,slated,animated,contaminated,promulgated,overrated,irritated,indicated,separated,reiterated,serrated,substantiated,opinionated,frustrated,predicated,fascinated,bated,excoriated,agitated,precipitated,feted,interrelated,consolidated,orientated,created,dissipated,prorated,educated,designated,emaciated,infatuated,initiated,relegated,corrugated,associated,intimated,devastated,integrated,encapsulated,understated,unabated,concentrated,antiquated,situated,obligated,graduated,annotated,outdated,decapitated,emanated,abated,intimidated,mitigated,delineated,aggravated,saturated,elevated,exaggerated,affiliated,exonerated,intoxicated,bifurcated,sophisticated,inundated,deprecated,mandated,articulated,stated,eviscerated,located,related,isolated,dilapidated,alienated
permeates,states,hippocrates,ates,waits,yates,equates,integrates,perpetuates,predominates,obviates,postulates,inmates,dates,cates,dissipates,emulates,associates,differentiates,graduates,intimidates,exacerbates,plates,disseminates,demonstrates,fluctuates,slates,nates,negates,mates,skates,eights,estates,sates,necessitates,illustrates,pates,straits,subordinates,classmates,allocates,infuriates,creates,separates,anticipates,corroborates,estimates,baits,advocates,predicates,relates,operates,deteriorates,bates,dictates,exaggerates,vertebrates,deviates,commemorates,grates,awaits,delegates,vacillates,teammates,facilitates,delineates,affiliates,traits,fates,translates,resonates,coates,crates,greats,yeats,invertebrates,mandates,primates,rates,expatriates,plaits,mitigates,accommodates,approximates,extrapolates,updates,indicates,weights,radiates,gates,evaporates,repudiates,annotates,appreciates,fetes,coordinates,chordates,accelerates,emirates
permeating,vacillating,alternating,skating,abating,intoxicating,fluctuating,mitigating,humiliating,escalating,obviating,instigating,cultivating,deteriorating,pontificating,denigrating,bating,recuperating,exasperating,procrastinating,gaiting,articulating,berating,anticipating,incriminating,suffocating,captivating,culminating,devastating,eliminating,communicating,intimidating,infuriating,baiting,creating,excoriating,excruciating,delineating,perpetuating,aggravating,awaiting,radiating,stating,pulsating,fascinating,plating,exhilarating,exacerbating,rating,coordinating,extenuating,dating,illuminating,oscillating,undulating,alienating,subordinating,abrogating,dominating,activating,initiating,waiting,nauseating,placating,annihilating,relating,indicating,implicating,reciprocating,accelerating,weighting,facilitating,mating,contemplating,deprecating,invigorating,titillating,abbreviating,operating,accumulating,calculating,discriminating,accommodating,gating,irritating,stimulating,rotating,ingratiating,emanating,grating,advocating,delegating,self-deprecating,emulating,penetrating,salivating,debilitating,frustrating,liberating,percolating,validating
permeation,
permeations,
permeative,
permeator,
permed,
permiak,
permian,thermion
permillage,
perming,
perminvar,
permirific,
permiss,taxidermists,dermis,thermos,epidermis
permissable,
permissibility,
permissible,indivisible,miscible,inexplicable,immiscible,admissible,impermissible,inadmissible
permissibleness,
permissibly,
permissiblity,
permission,opposition,extradition,predisposition,requisition,intuition,omission,erudition,exhibition,academician,logician,partition,apparition,fission,condition,acquisition,ammunition,transmission,position,demolition,addition,beautician,deposition,theoretician,presupposition,emission,edition,inhibition,imposition,redefinition,electrician,volition,tactician,inquisition,supposition,precondition,prohibition,coalition,audition,mortician,reposition,juxtaposition,dietician,recondition,dietitian,statistician,mission,sedition,optician,disposition,malnutrition,fruition,expedition,technician,petition,abolition,recognition,premonition,intermission,munition,decommission,clinician,ambition,tuition,rhetorician,musician,decomposition,proposition,composition,commision,rendition,contrition,physician,repetition,patrician,ignition,recission,definition,magician,pediatrician,politician,attrition,obstetrician,titian,nutrition,mathematician,dentition,cognition,suspicion,competition,admission,superstition,exposition,remission,submission,transition,commission,admonition,tradition
permissioned,
permissions,tacticians,geriatricians,intermissions,submissions,emissions,airconditions,superstitions,auditions,repetitions,pediatricians,tuitions,ambitions,dietitians,missions,juxtapositions,rhetoricians,conditions,petitions,omissions,apparitions,statisticians,ammunitions,dispositions,editions,commissions,coalitions,remissions,partitions,compositions,electricians,suppositions,competitions,musicians,academicians,inhibitions,exhibitions,premonitions,obstetricians,definitions,theoreticians,predispositions,technicians,depositions,transitions,mathematicians,preconditions,munitions,prohibitions,expositions,positions,admissions,additions,physicians,magicians,traditions,admonitions,expeditions,suspicions,patricians,politicians,clinicians,acquisitions,oppositions,renditions,opticians,propositions,transmissions
permissive,submissive,derisive,dismissive,missive
permissively,
permissiveness,
permissivenesses,
permissory,
permistion,
permit,fytte,refit,britt,retrofit,smitt,misfit,writ,omit,skit,remit,obit,counterfeit,submit,tidbit,tit,dewitt,unfit,pit,hit,kit,kitt,knit,gillett,sit,resubmit,whitt,witte,it,bullshit,messerschmitt,bit,emit,admit,litt,dlitt,sunlit,transmit,blitt,fitt,befit,wit,spit,rootkit,recommit,lit,schmidt,split,acquit,grit,quit,cockpit,armpit,tritt,commit,ritt,chit,fit,smit,moonlit,lafitte,flit,ccitt,hitt,outwit,pitt,legit,witt,schmitt,brit,readmit,devitt,identikit,nit,hypocrite,whit,shit,outfit,mitt,slit
permits,bits,hypocrites,retrofits,lits,writs,witz,pitz,syndicats,obits,submits,glitz,slits,wits,kitts,chits,hritz,pits,brits,pitts,knits,transmits,sits,counterfeits,mitts,litts,commits,bitz,frits,schmitz,fritts,fitts,pritz,emits,moritz,klitz,outfits,berlitz,omits,hits,outwits,britts,quits,stitz,dershowitz,ovitz,sophisticates,fits,its,nitz,litz,skits,schnitz,rosewicz,spits,witts,befits,ritts,armpits,smits,hitz,sitz,fitz,sitts,kits,critz,bitts,gritz,whits,britz,schlitz,fritz,splits,admits,acquits,kritz,tritz,ritz,misfits,gets,shits,cockpits,spitz,grits,fyttes,pritts,kitz,blitz
permit's,
permittable,
permittance,
permitted,recommited,outwitted,committed,submitted,knitted,benefited,transmitted,admitted,buffeted,whitted,retrofitted,fitted,emitted,readmitted,uncommitted,unaccredited,pitted,witted,unremitted,omitted,counterfeited,refitted,acquitted,resubmitted,outfitted,remitted
permittedly,
permittee,infirmity,firmity
permitter,
permitting,emitting,witting,babysitting,unremitting,getting,hitting,outfitting,transmitting,refitting,acquitting,admitting,spitting,pitting,counterfeiting,submitting,committing,slitting,gritting,omitting,knitting,outwitting,unwitting,fitting,retrofitting,flitting,quitting,befitting,resubmitting,bitting,sitting,splitting,whitting
permittivity,
permittivities,
permix,
permixable,
permixed,
permixtion,
permixtive,
permixture,
permocarboniferous,
permonosulphuric,
permoralize,
perms,termes,chermes,vermes,kermes,ermes
permutability,
permutable,
permutableness,
permutably,
permutate,repudiate,fate,arrogate,collate,articulate,freight,procrastinate,profligate,great,manipulate,advocate,assimilate,surrogate,state,emulate,inculcate,postulate,vacillate,estate,subordinate,plate,incorporate,obviate,delineate,collaborate,trait,associate,indicate,initiate,coordinate,abate,obfuscate,contemplate,accommodate,moderate,straight,alleviate,graduate,exacerbate,spate,resonate,update,anticipate,extrapolate,weight,desolate,appreciate,emanate,adequate,communicate,corroborate,rate,appropriate,rait,intimate,reiterate,mandate,elucidate,commiserate,predicate,dissipate,alternate,slate,separate,consummate,denigrate,propagate,late,disseminate,ameliorate,abrogate,mate,compensate,delegate,date,gate,relate,debate,wait,precipitate,mitigate,innate,create,dedicate,designate,integrate,demonstrate,facilitate,conflate,elaborate,celebrate,consolidate,deprecate,gait,cultivate,stipulate,deliberate,abdicate,evaluate,estimate
permutated,elated,motivated,sated,perforated,incapacitated,automated,anticipated,consecrated,attenuated,dated,stipulated,aggregated,inebriated,unmitigated,liberated,nauseated,incarcerated,belated,cultivated,exacerbated,incorporated,exasperated,complicated,allocated,appreciated,truncated,unadulterated,slated,animated,contaminated,promulgated,overrated,irritated,indicated,separated,reiterated,serrated,substantiated,opinionated,frustrated,predicated,fascinated,bated,excoriated,agitated,precipitated,feted,interrelated,consolidated,orientated,created,dissipated,prorated,educated,designated,emaciated,infatuated,initiated,relegated,corrugated,associated,intimated,devastated,integrated,encapsulated,understated,unabated,concentrated,antiquated,situated,obligated,graduated,annotated,outdated,decapitated,emanated,abated,intimidated,mitigated,delineated,aggravated,saturated,elevated,exaggerated,affiliated,exonerated,intoxicated,bifurcated,sophisticated,inundated,deprecated,mandated,articulated,stated,eviscerated,located,related,isolated,dilapidated,alienated
permutating,vacillating,alternating,skating,abating,intoxicating,fluctuating,permeating,mitigating,humiliating,escalating,obviating,instigating,cultivating,deteriorating,pontificating,denigrating,bating,recuperating,exasperating,procrastinating,gaiting,articulating,berating,anticipating,incriminating,suffocating,captivating,culminating,devastating,eliminating,communicating,intimidating,infuriating,baiting,creating,excoriating,excruciating,delineating,perpetuating,aggravating,awaiting,radiating,stating,pulsating,fascinating,plating,exhilarating,exacerbating,rating,coordinating,extenuating,dating,illuminating,oscillating,undulating,alienating,subordinating,abrogating,dominating,activating,initiating,waiting,nauseating,annihilating,relating,indicating,implicating,reciprocating,accelerating,weighting,facilitating,mating,contemplating,deprecating,invigorating,titillating,abbreviating,operating,accumulating,calculating,discriminating,accommodating,gating,irritating,stimulating,rotating,ingratiating,emanating,grating,advocating,delegating,self-deprecating,emulating,penetrating,salivating,debilitating,frustrating,liberating,percolating,validating
permutation,determination,designation,cooperation,alliteration,implication,transformation,inclination,corporation,translation,obligation,deviation,abbreviation,situation,meditation,collaboration,quotation,obfuscation,approbation,association,consternation,population,communication,anticipation,organization,discrimination,relation,affiliation,gentrification,compensation,articulation,reconciliation,administration,vacation,ramification,operation,pronunciation,rehabilitation,innovation,aspiration,education,sensation,trepidation,nation,precipitation,abomination,conversation,application,remediation,constellation,conservation,vocation,variation,revelation,transportation,accommodation,aberration,evaluation,medication,reservation,expectation,orientation,consideration,generation,adaptation,inspiration,reputation,motivation,dissertation,creation,indignation,location,affirmation,connotation,manifestation,representation,remuneration,dedication,station,proliferation,correlation,civilization,citation,configuration,observation,appreciation,interpretation,presentation,radiation,preparation,implementation,foundation,litigation,salvation,integration,information,segregation,conflagration,altercation,notation,collocation
permutational,
permutationist,
permutationists,
permutations,reservations,machinations,crustaceans,citations,reparations,observations,ruminations,revelations,denunciations,obligations,manifestations,regulations,combinations,immunizations,explanations,conversations,relations,applications,situations,negotiations,locations,palpitations,medications,aspirations,vibrations,ministrations,vacations,operations,accusations,constellations,depredations,informations,patients,connotations,qualifications,foundations,installations,denominations,deliberations,stations,associations,allocations,congregations,nations,indications,illustrations,fluctuations,occupations,animations,renovations,expectations,lacerations,corporations,gyrations,sensations,appalachians,adaptations,communications,tribulations,publications,abbreviations,complications,specifications,generations,congratulations,stipulations,organizations,decorations,aberrations,hallucinations,alterations,affirmations,configurations,representations,deviations,allegations,carnations,variations,annotations,appropriations,accommodations,impatiens,affiliations,creations,telecommunications,celebrations,calculations,ramifications,limitations,innovations,preparations,implications,classifications,recommendations,altercations,cations,recriminations,considerations
permutation's,
permutator,
permutatory,
permutatorial,
permute,breadfruit,prostitute,disrepute,butte,pollute,jumpsuit,snoot,crapshoot,route,substitute,scute,attribute,offshoot,minute,hirsute,sweatsuit,subacute,dilute,commute,compute,moot,jute,suit,persecute,brut,crute,impute,groot,flute,pursuit,reroute,chute,reconstitute,destitute,spacesuit,prosecute,bandicoot,pantsuit,beirut,swimsuit,absolut,cahoot,salute,cloot,whoot,lieut,resolute,boot,root,telecommute,toot,institute,fruit,absolute,refute,smoot,execute,klute,hoot,coot,repute,electrocute,clute,mute,bruit,acute,constitute,grassroot,loot,grapefruit,enroute,cute,restitute,bute,scoot,shute,astute,shoot,arrowroot,brute,parachute,lawsuit,newt,overshoot,malamute,dispute,recruit,skute,glute,lute,uproot,wetsuit,convolute
permuted,
permuter,
permutes,
permuting,
pern,
pernambuco,
pernancy,
pernas,
pernasal,
pernavigate,
pernea,
pernel,
pernell,durnil,journal,burnell,diurnal,eternal,durnell,sternal,bernal,fraternal,vernal,urnal,kernel,colonel,internal,external,infernal,nocturnal,maternal,purnell,paternal
pernephria,
pernettia,
perni,
pernychia,
pernicion,
pernicious,factitious,aloysius,suspicious,expeditious,repetitious,superstitious,judicious,seditious,malicious,overambitious,itious,nutritious,capricious,injudicious,fictitious,vicious,ambitious,propitious,surreptitious,auspicious,delicious,inauspicious
perniciously,
perniciousness,
pernick,
pernickety,
pernicketiness,
pernicketty,
pernickity,
pernyi,
pernik,
pernine,
pernio,
pernis,sturnus,turnus
pernitrate,
pernitric,
pernoctate,
pernoctation,
pernod,escrow,undergo,glo,foe,slow,bio,facade,though,dough,o,portfolio,abroad,fraud,potato,micro,plateau,hello,row,woe,adagio,low,flow,hydro,blow,forego,patio,go,pro,aglow,ratio,no,co,manifesto,grow,below,yoe,cod,elrod,sod,ho,tomorrow,squad,tempo,pod,know,doe,bestow,coco,rod,willow,vertigo,show,beau,shadow,broad,lo,espresso,throw,radio,torso,cameo,quad,otto,apropos,tow,sew,audio,indigo,calypso,quo,aficionado,veto,snow,prod,toe,plough,applaud,mow,overthrow,so,although,borrow,hoe,god,tomato,crow,laud,roe,glow,studio,meadow,owe,odd,joe,fallow,nod,archipelago,forgo,rainbow
pernor,tourneur
pero,thorough,kingsborough,burrough,scarborough,genero,roseboro,roseborough,burrow,boro-,boro,burro,furrow,yarborough
peroba,
perobrachius,
perocephalus,
perochirus,
perodactylus,
perodipus,
perofskite,
perognathinae,
perognathus,saurognathous
peroliary,
peromedusae,
peromela,
peromelous,
peromelus,
peromyscus,
peron,woebegone,don,exon,automaton,quan,juan,oman,oregon,moron,upon,polygon,amazon,babylon,khan,tron,liaison,epsilon,pecan,crayon,gabon,sean,brawn,echelon,hexagon,salon,emoticon,yuan,fawn,photon,ron,argon,avalon,pion,on,boron,axon,iran,carillon,withdrawn,prawn,oberon,foregone,bygone,aragon,yon,hon,antiphon,octagon,marathon,coupon,pentagon,nylon,wan,proton,hogan,pawn,han,gone,phenomenon,agamemnon,flawn,swan,drawn,lexicon,micron,neutron,dawn,bon,chiffon,braun,parmesan,mastodon,baton,amadon,con,yawn,paragon,meson,spawn,denouement,radon,capon,lawn,forgone,celadon,john,pylon,pantheon,non,aileron,rapprochement
peronate,
perone,leone,gladstone,mone,loan,grown,francophone,xylophone,postpone,own,alone,fone,phone,cologne,backbone,rone,homophone,shown,mon,t-bone,rhinestone,jawbone,testosterone,shone,sloan,moan,blown,headstone,monotone,overthrown,disown,gemstone,cornerstone,capone,headphone,tone,telephone,hormone,milestone,lone,cyclone,condone,limestone,cone,sewn,trombone,touchstone,megaphone,chaperone,stone,clone,joan,acetone,throne,argonne,zone,overblown,capstone,intone,roan,undertone,drone,flown,groan,anemone,microphone,earphone,moonstone,thrown,crone,sharon,unknown,homegrown,prone,overtone,atone,bemoan,ozone,baritone,collarbone,keystone,rhone,simone,lodestone,whetstone,silicone,sown,saxophone,known,cicerone,hone,scone,pheromone,allophone,tombstone,bone,cobblestone,millstone,brownstone
peroneal,baronial
peronei,
peroneocalcaneal,
peroneotarsal,
peroneotibial,
peroneus,
peronial,
peronism,individualism,pluralism,dynamism,feudalism,atheism,federalism,ism,totalitarianism,colonialism,activism,positivism,animism,mercantilism,darwinism,patriotism,embolism,favoritism,astigmatism,capitalism,aphorism,communism,narcissism,judaism,parochialism,fatalism,professionalism,mannerism,egalitarianism,botulism,imperialism,prism,egotism,gnosticism,mechanism,populism,liberalism,stoicism,feminism,organism,evangelism,journalism,mysticism,euphemism,plagiarism,autism,consumerism,nationalism,fascism,pragmatism,dualism,chauvinism,nihilism,secularism,racism,socialism,determinism,despotism,absolutism,statism,catechism,naturalism,altruism,magnetism,rheumatism,empiricism,anachronism,elitism,humanism,escapism,relativism,criticism,chisum,cronyism,terrorism,optimism,legalism,alcoholism,tourism,pessimism,parallelism,cynicism,zionism,nativism,aneurism,surrealism,egoism,antagonism,nepotism,collectivism,paternalism,symbolism,metabolism,materialism,modernism,romanticism,hedonism,chism,skepticism,schism,recidivism
peronismo,
peronist,
peronista,
peronistas,
peronium,
peronnei,
peronospora,
peronosporaceae,
peronosporaceous,
peronosporales,
peropod,
peropoda,
peropodous,
peropus,
peroral,
perorally,
perorate,
perorated,
perorates,
perorating,
peroration,
perorational,
perorations,
perorative,
perorator,
peroratory,
peroratorical,
peroratorically,
peroses,
perosis,
perosmate,
perosmic,
perosomus,
perot,escrow,undergo,glo,foe,slow,bio,tableau,bowe,though,dough,o,portfolio,potato,micro,plateau,hello,row,woe,adagio,low,flow,hydro,blow,forego,patio,go,pro,aglow,ratio,no,co,virago,manifesto,grow,below,yoe,ho,tomorrow,winnow,tempo,grotto,know,rococo,doe,bestow,mo,coco,willow,torpedo,vertigo,show,beau,shadow,whoa,gusto,lo,espresso,throw,radio,buffalo,rhino,torso,cameo,otto,apropos,tow,sew,audio,photo,indigo,calypso,quo,aficionado,veto,snow,dado,plough,toe,tornado,mow,overthrow,so,although,borrow,hoe,tomato,crow,roe,glow,studio,meadow,owe,joe,fallow,portico,archipelago,forgo,rainbow
perotic,
perotin,
perotinus,
perovo,
perovskite,
peroxy,
peroxy-,
peroxyacid,
peroxyborate,
peroxid,
peroxidase,
peroxidate,
peroxidation,
peroxide,subside,mortified,guide,decide,hyde,dioxide,upside,oxide,applied,ratified,justified,beside,ide,abide,suicide,allied,tide,inside,dignified,eyed,classified,satisfied,outside,deride,implied,landslide,multiplied,hide,amplified,genocide,wayside,complied,coincide,modified,blindside,vide,cockeyed,yuletide,bromide,pesticide,side,chide,belied,plied,homicide,cyanide,bide,reside,override,fratricide,tried,defied,backslide,unified,stratified,apartheid,provide,qualified,terrified,dried,glide,certified,backside,downside,ride,bride,betide,pride,preoccupied,pied,wide,stride,countryside,divide,confide,aside,fortified,slide,petrified,seaside,curbside,diversified,collide,bonafide,pried,worldwide,snide,tied,decried,lied,nationwide,broadside,occupied,fide,denied,shied,alongside,astride,preside
peroxide-blond,
peroxided,
peroxides,
peroxidic,
peroxiding,
peroxidize,
peroxidized,
peroxidizement,
peroxidizing,
peroxids,
peroxyl,
peroxisomal,
peroxisome,
perozonid,
perozonide,
perp,
perpend,
perpended,
perpendicle,
perpendicular,testicular,extracurricular,curricular,vehicular,particular
perpendicularity,
perpendicularities,
perpendicularly,
perpendicularness,
perpendiculars,
perpending,
perpends,
perpense,
perpension,
perpensity,
perpent,
perpents,
perpera,
perperfect,
perpession,
perpet,
perpetrable,
perpetrate,repudiate,fate,arrogate,collate,articulate,freight,procrastinate,profligate,great,manipulate,advocate,assimilate,surrogate,state,emulate,inculcate,postulate,vacillate,estate,subordinate,plate,incorporate,obviate,delineate,collaborate,trait,associate,indicate,initiate,coordinate,abate,obfuscate,contemplate,accommodate,moderate,straight,alleviate,graduate,exacerbate,spate,resonate,update,anticipate,extrapolate,weight,desolate,appreciate,emanate,adequate,communicate,corroborate,rate,appropriate,rait,intimate,reiterate,mandate,elucidate,commiserate,predicate,dissipate,alternate,slate,separate,consummate,denigrate,propagate,late,disseminate,ameliorate,abrogate,mate,compensate,delegate,date,gate,relate,debate,wait,precipitate,mitigate,innate,create,dedicate,designate,integrate,demonstrate,facilitate,conflate,elaborate,celebrate,consolidate,deprecate,gait,cultivate,stipulate,deliberate,abdicate,evaluate,estimate
perpetrated,elated,motivated,sated,perforated,incapacitated,automated,anticipated,consecrated,attenuated,dated,stipulated,aggregated,inebriated,unmitigated,liberated,nauseated,incarcerated,belated,cultivated,exacerbated,incorporated,exasperated,complicated,allocated,appreciated,truncated,unadulterated,slated,animated,contaminated,promulgated,overrated,irritated,indicated,separated,reiterated,serrated,substantiated,opinionated,frustrated,predicated,fascinated,bated,excoriated,agitated,precipitated,feted,interrelated,consolidated,orientated,created,dissipated,prorated,educated,designated,emaciated,infatuated,initiated,relegated,corrugated,associated,intimated,devastated,integrated,encapsulated,understated,unabated,concentrated,antiquated,situated,obligated,graduated,annotated,outdated,decapitated,emanated,abated,intimidated,mitigated,delineated,aggravated,saturated,elevated,exaggerated,affiliated,exonerated,intoxicated,bifurcated,sophisticated,inundated,deprecated,mandated,articulated,stated,eviscerated,located,related,isolated,dilapidated,alienated
perpetrates,states,hippocrates,ates,waits,yates,equates,integrates,perpetuates,predominates,obviates,postulates,inmates,dates,cates,dissipates,emulates,associates,differentiates,graduates,intimidates,exacerbates,plates,disseminates,demonstrates,fluctuates,slates,nates,negates,mates,skates,eights,estates,sates,necessitates,illustrates,pates,straits,subordinates,classmates,allocates,infuriates,creates,separates,anticipates,corroborates,estimates,baits,advocates,predicates,relates,operates,deteriorates,bates,dictates,exaggerates,vertebrates,deviates,commemorates,grates,awaits,delegates,teammates,facilitates,delineates,affiliates,permeates,traits,fates,translates,resonates,coates,crates,greats,yeats,invertebrates,mandates,primates,rates,expatriates,plaits,mitigates,accommodates,approximates,extrapolates,updates,indicates,weights,radiates,gates,evaporates,repudiates,annotates,appreciates,fetes,coordinates,chordates,accelerates,emirates
perpetrating,vacillating,alternating,skating,abating,intoxicating,fluctuating,permeating,mitigating,humiliating,escalating,obviating,instigating,cultivating,deteriorating,pontificating,denigrating,bating,recuperating,exasperating,procrastinating,gaiting,articulating,berating,anticipating,incriminating,suffocating,captivating,culminating,devastating,eliminating,communicating,intimidating,infuriating,baiting,creating,excoriating,excruciating,delineating,perpetuating,aggravating,awaiting,radiating,stating,pulsating,fascinating,plating,exhilarating,exacerbating,rating,coordinating,extenuating,dating,illuminating,oscillating,undulating,alienating,subordinating,abrogating,dominating,activating,initiating,waiting,nauseating,annihilating,relating,indicating,implicating,reciprocating,accelerating,weighting,facilitating,mating,contemplating,deprecating,invigorating,titillating,abbreviating,operating,accumulating,calculating,discriminating,accommodating,gating,irritating,stimulating,rotating,ingratiating,emanating,grating,advocating,delegating,self-deprecating,emulating,penetrating,salivating,debilitating,frustrating,liberating,percolating,validating
perpetration,
perpetrations,
perpetrator,crater,negotiator,activator,carburetor,moderator,liquidator,percolator,exterminator,originator,aviator,respirator,estimator,fabricator,gladiator,calculator,viator,ventilator,incinerator,equator,grater,illustrator,waiter,accumulator,translator,simulator,alligator,manipulator,fetor,instigator,frater,greater,refrigerator,denominator,locator,mediator,imitator,applicator,regulator,communicator,collaborator,curator,actuator,indicator,facilitator,slater,radiator,eighter,hater,pater,traitor,cater,insulator,investigator,navigator,defibrillator,gaiter,generator,later,terminator,elevator,gator,illuminator,decorator,arbitrator,administrator,amphitheatre,commentator,escalator,oscillator,legislator,animator,accelerator,tater,decatur,coordinator,innovator,creator,speculator,procrastinator,demonstrator,integrator,stator,excavator,amphitheater,rater,incubator,mater,dictator,detonator,educator,baiter,operator,alternator,stater,litigator,mercator,skater,infiltrator,agitator,freighter
perpetrators,liquidators,detonators,alligators,narrators,irrigators,agitators,freighters,accumulators,integrators,superfreighters,decorators,coordinators,insulators,interrogators,gladiators,impersonators,legislators,imitators,collaborators,craters,negotiators,elevators,fabricators,actuators,dictators,procrastinators,allocators,respirators,exterminators,oscillators,carburetors,waiters,defibrillators,escalators,skaters,regulators,calculators,raters,appropriators,cogenerators,creators,amphitheaters,illustrators,animators,originators,infiltrators,demonstrators,radiators,maters,manipulators,paters,slaters,haters,locators,investigators,natters,moderators,gators,simulators,refrigerators,administrators,mediators,caters,consolidators,percolators,incinerators,batres,curators,speculators,stimulators,platers,translators,gaiters,equators,excavators,accelerators,renovators,pontificaters,litigators,operators,navigators,incubators,instigators,facilitators,penetrators,debaters,commentators,arbitrators,applicators,innovators,traitors,indicators,staters,syndicators,estimators,generators,educators
perpetrator's,
perpetratress,
perpetratrix,
perpetua,
perpetuable,
perpetual,
perpetualism,
perpetualist,
perpetuality,
perpetually,
perpetualness,
perpetuana,
perpetuance,
perpetuant,
perpetuate,repudiate,fate,arrogate,collate,articulate,freight,procrastinate,profligate,great,manipulate,advocate,assimilate,surrogate,state,emulate,inculcate,postulate,vacillate,estate,subordinate,plate,incorporate,obviate,delineate,collaborate,trait,associate,indicate,initiate,coordinate,abate,obfuscate,contemplate,accommodate,moderate,straight,alleviate,graduate,exacerbate,spate,resonate,update,anticipate,extrapolate,weight,desolate,appreciate,emanate,adequate,communicate,corroborate,rate,appropriate,rait,intimate,reiterate,mandate,elucidate,commiserate,predicate,dissipate,alternate,slate,separate,consummate,denigrate,propagate,late,disseminate,ameliorate,abrogate,mate,compensate,delegate,date,gate,relate,debate,wait,precipitate,mitigate,innate,create,dedicate,designate,integrate,demonstrate,facilitate,conflate,elaborate,celebrate,consolidate,deprecate,gait,cultivate,stipulate,deliberate,abdicate,evaluate,estimate
perpetuated,elated,motivated,sated,perforated,incapacitated,automated,anticipated,consecrated,attenuated,dated,stipulated,aggregated,inebriated,unmitigated,liberated,nauseated,incarcerated,belated,cultivated,exacerbated,incorporated,exasperated,complicated,allocated,appreciated,truncated,unadulterated,slated,animated,contaminated,promulgated,overrated,irritated,indicated,separated,reiterated,serrated,substantiated,opinionated,frustrated,predicated,fascinated,bated,excoriated,agitated,precipitated,feted,interrelated,consolidated,orientated,created,dissipated,prorated,educated,designated,emaciated,infatuated,initiated,relegated,corrugated,associated,intimated,devastated,integrated,encapsulated,understated,unabated,concentrated,antiquated,situated,obligated,graduated,annotated,outdated,decapitated,emanated,abated,intimidated,mitigated,delineated,aggravated,saturated,elevated,exaggerated,affiliated,exonerated,intoxicated,bifurcated,sophisticated,inundated,deprecated,mandated,articulated,stated,eviscerated,located,related,isolated,dilapidated,alienated
perpetuates,states,hippocrates,ates,waits,yates,equates,integrates,predominates,obviates,postulates,inmates,dates,cates,dissipates,emulates,associates,differentiates,graduates,intimidates,exacerbates,plates,disseminates,demonstrates,fluctuates,slates,nates,negates,mates,skates,eights,estates,sates,necessitates,illustrates,pates,straits,subordinates,classmates,allocates,infuriates,creates,separates,anticipates,corroborates,estimates,baits,advocates,predicates,relates,operates,deteriorates,bates,dictates,exaggerates,vertebrates,deviates,commemorates,grates,awaits,delegates,vacillates,teammates,facilitates,delineates,affiliates,permeates,traits,fates,translates,resonates,coates,crates,greats,yeats,invertebrates,mandates,primates,rates,expatriates,plaits,mitigates,accommodates,approximates,extrapolates,updates,indicates,weights,radiates,gates,evaporates,repudiates,annotates,appreciates,fetes,coordinates,chordates,accelerates,emirates
perpetuating,vacillating,alternating,skating,abating,intoxicating,fluctuating,permeating,mitigating,humiliating,escalating,obviating,instigating,cultivating,deteriorating,pontificating,denigrating,bating,recuperating,exasperating,procrastinating,gaiting,articulating,berating,anticipating,incriminating,suffocating,captivating,culminating,devastating,eliminating,communicating,intimidating,infuriating,baiting,creating,excoriating,excruciating,delineating,aggravating,awaiting,radiating,stating,pulsating,fascinating,plating,exhilarating,exacerbating,rating,coordinating,extenuating,dating,illuminating,oscillating,undulating,alienating,subordinating,abrogating,dominating,activating,initiating,waiting,nauseating,placating,annihilating,relating,indicating,implicating,reciprocating,accelerating,weighting,facilitating,mating,contemplating,deprecating,invigorating,titillating,abbreviating,operating,accumulating,calculating,discriminating,accommodating,gating,irritating,stimulating,rotating,ingratiating,emanating,grating,advocating,delegating,self-deprecating,emulating,penetrating,salivating,debilitating,frustrating,liberating,percolating,validating
perpetuation,determination,designation,cooperation,alliteration,implication,transformation,inclination,corporation,translation,obligation,deviation,abbreviation,situation,meditation,collaboration,quotation,obfuscation,approbation,association,consternation,population,communication,anticipation,organization,discrimination,relation,affiliation,gentrification,compensation,articulation,reconciliation,administration,vacation,ramification,operation,pronunciation,rehabilitation,innovation,aspiration,education,sensation,trepidation,nation,precipitation,abomination,conversation,application,remediation,constellation,conservation,vocation,variation,revelation,transportation,accommodation,aberration,evaluation,medication,reservation,expectation,orientation,consideration,generation,adaptation,inspiration,reputation,motivation,dissertation,creation,indignation,location,affirmation,connotation,manifestation,representation,remuneration,dedication,station,proliferation,correlation,civilization,citation,configuration,observation,appreciation,interpretation,presentation,radiation,preparation,implementation,foundation,litigation,salvation,integration,information,segregation,conflagration,altercation,notation,collocation
perpetuations,
perpetuator,
perpetuators,
perpetuity,incongruity,discontinuity,annuity,acuity,ambiguity,suety,continuity,gratuity,ingenuity,congruity,promiscuity
perpetuities,
perpetuum,
perphenazine,
perpignan,
perplantar,
perplex,fedex,reflects,multiplex,necks,fecks,hex,specks,atx,next,eques,vertex,dissects,gatx,subjects,suspects,kecks,triplex,tenrecs,becks,czechs,treks,techs,simplex,projects,pemex,ampex,finex,rex,rednecks,unisex,decks,ejects,aztecs,discotheques,videotex,cheques,amex,latex,lex,aix,wrecks,rolodex,execs,intersects,truex,roughnecks,whelks,jex,cineplex,checks,convex,x,nex,rejects,plex,cmx,pecks,complex,sex,bottlenecks,duplex,cybersex,paychecks,comex,metroplex,telex,objects,effects,respects,tex,intex,nymex,apex,megaplex,flex,sphex,specs,mex,banamex,vex,telmex,dex,middlesex,expects,annex,ex,nynex,lecce,flecks,intellects
perplexable,
perplexed,text,annexed,kekst,vexed,hypertext,datext,teletext,flexed,telexed,videotext,hexed,sexed,next,subtext,hext,pretext
perplexedly,
perplexedness,
perplexer,
perplexes,exes,rexes,flexes,sexes,annexes,metroplexes,vexes,hexes
perplexing,sexing,hexing,vexing,flexing,annexing
perplexingly,
perplexity,complexity,pexity
perplexities,
perplexment,
perplication,
perquadrat,
perqueer,
perqueerly,
perqueir,
perquest,
perquisite,
perquisites,
perquisition,
perquisitor,
perr,
perradial,
perradially,
perradiate,
perradius,
perrault,kalt,thunderbolt,salt,kreditanstalt,basalt,nault,halt,dault,covault,ault,sault,greenawalt,galt,asphalt,mault,hanawalt,hault,somersault,stirewalt,galipault,pinsoneault,faribault,malt,default,cobalt,assault,exalt,walt,vault,alt,brault,pinault,rachelvolt,anawalt,ehrenhalt,creditanstalt,fault,pennwalt,kuralt,gault,renault,treuhandanstalt
perreault,escrow,undergo,glo,foe,slow,bio,tableau,bowe,though,dough,o,portfolio,potato,micro,plateau,hello,row,woe,adagio,low,flow,hydro,blow,forego,patio,go,pro,aglow,ratio,no,co,virago,manifesto,grow,below,yoe,ho,tomorrow,winnow,tempo,grotto,know,rococo,doe,bestow,mo,coco,willow,torpedo,vertigo,show,beau,shadow,whoa,gusto,lo,espresso,throw,radio,buffalo,rhino,torso,cameo,otto,apropos,tow,sew,audio,photo,indigo,calypso,quo,aficionado,veto,snow,dado,plough,toe,tornado,mow,overthrow,so,although,borrow,hoe,tomato,crow,roe,glow,studio,meadow,owe,joe,fallow,portico,archipelago,forgo,rainbow
perreia,
perren,perryn
perret,perrot,perritt,perrett
perretta,stretta,loleta,lunetta,loretta,leta,metta,keta,creta,zazueta,chetah,simonetta,julietta,gazeta,petta,colletta,nicoletta,carretta,aleta,barletta,etta,ancheta,marchetta,archuletta,armetta,violeta,barretta,psetta,lauretta,panetta,zetta,netta,yetta,buzzetta,aretta,archuleta,palometa,marietta,damietta,quetta,operetta,teta,alpharetta,mete,maietta,accetta,chiavetta,cappetta,jetta,leota,agneta,brunetta,veta,vendetta,mistretta,fetta,auletta,chiappetta,cerreta,mehta,beretta,violetta,betta,margareta,ceta,jacquetta,henrietta,areta,zetta-,pauletta,cassetta,rosetta,reta,coletta,profeta,poinsettia,coretta
perri,mcelmurry,whirry,spurry,firry
perry,apothecary,secondary,ary,legendary,solitary,sanitary,capillary,discretionary,primary,wary,arie,necessary,nary,sanctuary,arbitrary,lapidary,mary,customary,blueberry,seminary,veterinary,culinary,berry,cemetery,tributary,itinerary,subsidiary,february,literary,stationary,cherry,contrary,pulmonary,judiciary,vary,bury,fairy,hereditary,vocabulary,reactionary,temporary,confectionary,contemporary,ancillary,ordinary,fiduciary,unnecessary,imaginary,barre,harry,unitary,extraordinary,marry,hairy,mulberry,strawberry,pecuniary,dictionary,commentary,proprietary,eyrie,gooseberry,epistolary,revolutionary,preliminary,corollary,visionary,cautionary,beneficiary,merry,missionary,ferry,scary,luminary,monastery,tarry,emissary,stationery,confectionery,dairy,salutary,military,aerie,carry,sedentary,tertiary,airy,raspberry,obituary,prairie,parry,adversary,library,monetary,huckleberry,canary,estuary,very,mercenary,secretary
perridiculous,
perrie,dhurrie,durrie
perrier,ray,yay,passe,decay,dismay,melee,cache,convey,fillet,everyday,j,asea,portray,bay,holiday,ok,sachet,spray,essay,tray,sobriquet,mainstay,allay,survey,grey,okay,gateway,quay,re,friday,carrier,fray,day,entree,obey,latte,may,gainsay,lingerie,protege,buffet,stray,heyday,x-ray,way,betray,bouquet,railway,cliche,prey,bray,dna,valet,sunday,disarray,today,nay,fiance,cafe,resume,inlay,barrier,terrier,pray,lay,pay,overlay,dossier,display,play,anyway,underway,jay,hey,array,leeway,weigh,ballet,hay,slay,yea,say,away,delay,they,waylay,usa,fey,halfway,stay,sway,lei,gourmet,astray,clay,gray,soiree,gay,k,relay
perries,
perryhall,
perryman,
perrin,guerin,mclaren,haren,serin,betakeren,farren,karen,ferrin,sherin,sherrin,faren,heron,yaron,aaron,waren,paren,perron,lebaron,hairen,herren,alaron,schwerin,karan,garin,aron,barron,farron,baron,kerin,faron,beron,veron,marron,baren,barren,marin,ferran,cerin,caren,geran,teran,geron,terin,herron,aeron,mehran,maclaren,mcfarren,theron,karin,terran,maren,ferron,herin,sharon,herrin,charron,ehren,pteron,seron,charon,karon,aran,beran
perrine,bikini,cellini,marini,mussolini,larine,leany,baldini,lentini,cherubini,wahine,leontine,sweeny,eugenie,beanie,weeny,victorine,castine,heaney,meiny,dorine,deline,ardine,houdini,bellini,cabrini,toscanini,genie,morini,ballentine,mcsweeney,sheeny,aveline,jeannie,bartolini,fellini,teeny,feeney,feeny,pacini,piccinini,mancini,sabatini,rosine,meany,yemeni,zucchini,orsini,vini,bodine,dildine,celestine,florine,seraphine,santini,bonine,fini,albertini,guarini,gilbertine,sweeney,genii,maurine,queenie,lienee,provine,angelini,pellegrini,lapine,rini,greenie,bimini,fettuccine,lepine,dini,reny,agostini,tweeny,pini,puccini,cassini,linguine,beany,domine,spleeny,greeny,carine,maline,lamborghini,jeanie,delphine,martini,balentine,paganini,teenie,giannini,meanie,rossini,verine,latini
perrineville,
perrinist,
perrins,herons,terrones,clarins,kerins,behrens,aarons,mehrens,arens,barens,barons
perrinton,
perryopolis,
perris,
perrysburg,
perrysville,
perryton,
perryville,
perron,guerin,mclaren,haren,serin,betakeren,farren,karen,ferrin,sherin,sherrin,faren,heron,yaron,aaron,waren,paren,lebaron,hairen,herren,alaron,schwerin,karan,garin,aron,barron,farron,baron,kerin,faron,beron,veron,marron,baren,barren,marin,ferran,cerin,caren,geran,teran,geron,terin,herron,aeron,mehran,maclaren,mcfarren,theron,karin,terran,maren,ferron,herin,sharon,herrin,charron,ehren,pteron,seron,charon,karon,aran,perrin,beran
perrons,
perronville,
perroquet,
perruche,
perrukery,
perruque,perique,burrock,girrock,purrock,tughrik
perruquier,
perruquiers,
perruthenate,
perruthenic,
pers,intersperse,reimburse,scearce,submerse,nurse,universe,vers,furse,googleverse,terse,emerse,burse,hearse,disburse,converse,curse,pearse,perse,averse,traverse,merce,rehearse,biodiverse,immerse,inverse,adverse,disperse,reverse,worse,bearse,transverse,bearss,bearce,kearse,perverse,verse,coerce,diverse,kerce,perce,purse,obverse
persae,
persalt,
persalts,
persas,
perscent,
perscribe,
perscrutate,
perscrutation,
perscrutator,
perse,intersperse,reimburse,scearce,submerse,nurse,universe,vers,furse,googleverse,pers,terse,emerse,burse,hearse,disburse,converse,curse,pearse,averse,traverse,merce,rehearse,biodiverse,immerse,inverse,adverse,disperse,reverse,worse,bearse,transverse,bearss,bearce,kearse,perverse,verse,coerce,diverse,kerce,perce,purse,obverse
persea,ursy,gramercy,controversy,hersey,hursey,percy,remerci,pursy,kersee,bursey,gramersey,searcy,mercy,kersey,ursie
persecute,breadfruit,prostitute,disrepute,butte,pollute,jumpsuit,snoot,crapshoot,route,substitute,scute,attribute,offshoot,minute,hirsute,sweatsuit,subacute,dilute,commute,compute,moot,jute,suit,brut,crute,impute,permute,groot,flute,pursuit,reroute,chute,reconstitute,destitute,spacesuit,prosecute,bandicoot,pantsuit,beirut,swimsuit,absolut,cahoot,salute,cloot,whoot,lieut,resolute,boot,root,telecommute,toot,institute,fruit,absolute,refute,smoot,execute,klute,hoot,coot,repute,electrocute,clute,mute,bruit,acute,constitute,grassroot,loot,grapefruit,enroute,cute,restitute,bute,scoot,shute,astute,shoot,arrowroot,brute,parachute,lawsuit,newt,overshoot,malamute,dispute,recruit,skute,glute,lute,uproot,wetsuit,convolute
persecuted,reconstituted,prosecuted,rooted,electrocuted,refuted,convoluted,polluted,luted,executed,computed,substituted,diluted,unrefuted,reputed,commuted,fluted,disputed,chuted,booted,suited,recruited,unsuited,saluted,mooted,fruited,undisputed,tooted,scooted,imputed,parachuted,uprooted,constituted,routed,undiluted,hooted,muted,looted,ootid,bruited,instituted,rerouted
persecutee,
persecutes,recruits,snoots,prosecutes,ruetz,toots,suits,commutes,lawsuits,kreutz,pursuits,putes,brutes,loots,bootes,prostitutes,spacesuits,fruits,flutes,computes,attributes,hoots,refutes,executes,bruits,schuetze,buttes,grapefruits,institutes,boots,mootz,macoutes,parachutes,wootz,lutes,shoots,offshoots,cahoots,stoots,cutes,grassroots,bandicoots,routes,swimsuits,coots,stutes,smoots,pollutes,puetz,disputes,mutes,moots,salutes,jumpsuits,dilutes,feutz,chutes,glutes,substitutes,newts,jutes,absolutes,roots,duits,bootz,shutes,constitutes,scoots,schuetz,scutes,pantsuits
persecuting,shooting,constituting,parachuting,executing,fruiting,supercomputing,disputing,butung,fluting,looting,prosecuting,scooting,bluetongue,diluting,saluting,recruiting,commuting,bruiting,bruting,uprooting,computing,hooting,mooting,reinstituting,rooting,refuting,routeing,rerouting,muting,booting,telecommuting,instituting,chuting,polluting,routing,suiting,luting,reconstituting,substituting,tooting,overshooting
persecutingly,
persecution,resolution,dissolution,confucian,absolution,aleutian,substitution,dilution,prostitution,electrocution,constitution,evolution,crucian,institution,andalusian,elocution,shooshan,counterrevolution,restitution,devolution,diminution,revolution,distribution,destitution,solution,execution,lucian,redistribution,convolution,contribution,retribution,pollution,prosecution,lilliputian,attribution
persecutional,
persecutions,
persecutive,
persecutiveness,
persecutor,prosecutor,mooter,polluter,fruiter,hooter,suter,suiter,shooter,luter,minicomputer,recruiter,superminicomputer,sluiter,commuter,lewter,scooter,suitor,cuter,schluter,microcomputer,troubleshooter,router,tutor,bueter,minisupercomputer,rooter,supercomputer,tooter,rueter,pewter,computer,muter,ruter,looter,kuter,cooter,sharpshooter,ruiter,yeutter,souter,sutor,telecommuter,fluter,neuter
persecutory,
persecutors,wooters,minicomputers,looters,scooters,rooters,neuters,grooters,computers,telecommuters,suitors,commuters,shooters,superminicomputers,prosecutors,minisupercomputers,routers,polluters,microcomputers,hooters,tutors,supercomputers,recruiters
persecutor's,
persecutress,
persecutrix,
perseid,
perseite,
perseity,
perseitol,
persentiscency,
persephassa,
persephone,
persepolis,nepalis,sepalous,kinepolis
persepolitan,
perses,converses,verses,rehearses,reimburses,purses,intersperses,universes,vs,hearses,reverses,curses,nurses,versus
perseus,
perseverance,adherence,noninterference,clearance,ference,appearance,reappearance,coherence,disappearance,incoherence,interference,cryptoclearance
perseverances,
perseverant,
perseverate,
perseveration,
perseverative,
persevere,bandolier,midyear,interfere,fear,shere,stratosphere,deere,frontier,chandelier,gere,auctioneer,severe,belvedere,amir,marketeer,financier,sheer,stear,tear,fier,bere,sphere,sere,souvenir,zaire,headgear,bombardier,brigadier,peer,appear,reappear,engineer,near,spear,mir,beer,lear,racketeer,teer,cashier,premiere,reindeer,mear,cheer,stere,neer,kir,vere,sear,insincere,sneer,yesteryear,mountaineer,cohere,frere,cavalier,veneer,mere,volunteer,revere,profiteer,steer,pier,brere,speer,greer,clear,unclear,commandeer,chevalier,fleer,dear,emir,spere,veer,premier,gear,jeer,disappear,adhere,atmosphere,meir,biosphere,queer,austere,wier,career,sincere,year,domineer,pioneer,hemisphere,deer,smear,rainier,shear,kier,rear
persevered,beard,bioengineered,peered,neared,cashiered,veered,pioneered,disappeared,reappeared,sneered,appeared,sheard,beaird,premiered,steered,interfered,cheered,geared,eared,reared,jeered,adhered,commandeered,revered,sheared,smeared,cohered,feared,weird,seared,cleared,volunteered
perseveres,auctioneers,marketeers,miears,fears,debeers,wagoneers,clears,biospheres,mutineers,spears,speirs,mountaineers,premiers,sneers,berkshires,bandoliers,frontiers,bombardiers,spheres,financiers,sweers,schweers,algiers,engineers,profiteers,conventioneers,summiteers,steers,queers,pamphleteers,volunteers,ears,sears,viers,smears,disappears,desrosiers,rears,cashiers,tangiers,mears,cheers,piers,gondoliers,budgeteers,veneers,years,nears,pioneers,racketeers,gears,beers,arrears,appears,premieres,peers,adheres,electioneers,careers,coheres,souvenirs,reappears,reveres,interferes,tears,cavaliers,veers
persevering,racketeering,appearing,cheering,deering,searing,sneering,clearing,dearing,reengineering,smearing,adhering,tearing,pioneering,engineering,profiteering,imagineering,volunteering,steering,domineering,bioengineering,disappearing,premiering,spearing,fearing,dering,auctioneering,rearing,veering,shearing,electioneering,revering,mountaineering,careering,interfering,gering,schwering,gearing,nearing,oceaneering
perseveringly,
pershing,
persia,
,
