picker-up,
picket,cricket,trickett,wicket,rickett,pickett,bickett,fickett,wickett,prickett,ticket,thicket
picketboat,
picketed,ticketed
picketeer,
picketer,
picketers,
picketing,ticketing
pickets,ricketts,tickets,crickets,wickets,thickets,chicots,rickets
pickett,cricket,trickett,wicket,rickett,bickett,picket,fickett,wickett,prickett,ticket,thicket
pickford,bickford
pickfork,
picky,nicki,micki,ikie,skibicki,nickey,rudnicky,vickie,tricky,dickey,rikki,brickey,trickey,frikkie,quickie,rickie,chicky,rokicki,sickie,vicky,nicky,zwicky,wickey,dickie,chickee,kicky,hickie,picchi,walicki,ikey,rudnicki,hickey,nikki,micky,mickey,zywicki,janicki,nitpicky,dicky,vicki,karanicki,sticky,ricki,niki,malicki,ricky,skalicky,balicki,gimmicky,vickey,karnicki,rickey,frickey,mickie
pickier,trickier,stickier
pickiest,pluckiest,muckiest,luckiest
pickietar,
pickin,
picking,sticking,licking,politicking,nitpicking,tricking,clicking,flicking,ticking,kicking,bicking
pickings,
pickle,brickel,nickel,ferronickel,mickle,nickell,nickol,pikul,pickel,pumpernickel,nicoll,mikell,mcmickle,brickle,vansickle,bickle,sichel,bickel,fickle,wikel,laryngoscopical,vansickel,mcnichol,hickle,fickel,rickel,sickle,brickell,stickel,nicholl,nickle,hickel,sickel,mcnickle,quickel,trickel,ikle,mikel,tickle,stickle,ickle,bickell,pickell,nicol,trickle,mickel,nikkel,dickel
pickle-cured,
pickled,tickled,trickled
pickle-herring,
picklelike,
pickleman,
pickler,mickler,bickler,schickler,cycolor,brickler,pichler,bichler,dickler,spickler,stickler,strickler,sickler
pickles,trickles,mickles,nichols,rickels,nickles,stickels,stickles,nickols,tickles,nicholls,rickles,nicols,sickles,sickels,mickels,nickels,mcnichols,nicolls,mikels
pickleweed,
pickleworm,
pickling,strickling,bicycling,schickling,fickling,hickling,trickling
picklock,
picklocks,
pickman,
pickmaw,
pickmen,
pick-me-up,
pickney,ulicny,stickney
picknick,muchnick,strychnic,pyknic,nicknack
picknicker,picnicker
pick-nosed,
pickoff,kick-off
pick-off,
pickoffs,
pickout,
pickover,
pickpenny,
pickpocket,docket,toquet,erakat,cloquet,rockett,skyrocket,socket,poket,docquet,locket,lockett,crockett,hockett,pocket,hocket,doquet,hip-pocket,brocket,roquet,rocket,hocutt,brockett,stockett,crocket,draw-cut,sprocket
pickpocketism,
pickpocketry,
pickpockets,pockets,crockets,dockets,sockets,sprockets,skyrockets,rockets,lockets,okhotsk,croquets
pickpole,
pickproof,
pickpurse,
pickrell,pickrel
picks,hicks,knicks,micronics,wix,broomsticks,ticks,wickes,licks,nightsticks,upticks,frix,mix,toothpicks,wicks,rix,candlesticks,cyrix,comptronix,dix,topix,crucifix,pricks,vicks,lipsticks,kicks,chopsticks,brix,micks,fickes,nix,nicks,picnics,conflicts,slicks,dicks,yardsticks,predicts,transfix,sticks,fix,hix,tics,six,sicks,fricks,styx,flicks,bolsheviks,politics,bix,shikse,dickes,affix,intermix,bricks,inflicts,ricks,cliques,chicks,clicks,pix,tricks,nyx,derelicts,lunatics,depicts
pickshaft,
picksman,
picksmith,
picksome,
picksomeness,
pickstown,
pickthank,
pickthankly,
pickthankness,
pickthatch,
pickton,
picktooth,bucktooth
pickup,lineup,buttercup,startup,up,yup,markup,closeup,followup,pup,pileup,setup,makeup,hookup,checkup,buildup,holdup,ygwypf,teacup,roundup,close-up,cup,sup,krupp,wakeup,blowup,lockup,coverup,start-up,breakup,backup,push-up,warmup,pushup,cleanup,standup,grownup
pick-up,muck-up,stickup,stuck-up,stick-up,wickup,fuckup,hickup,kickup,fuck-up
pickups,pups,ups,backups,suppes,pushups,cupps,linkups,cleanups,closeups,runups,lineups,eggcups,hangups,markups,scrips,hookups,push-ups,start-ups,grownups,setups,buttercups,startups,cups,holdups,coverups,buildups,shakeups,bupkes,checkups
pickup's,
pick-up-sticks,
pickwick,peacenik,sick,picnic,gick,rilke,toothpick,kwik,vick,kubrick,uptick,lipstick,dic,tic,dipstick,shtick,candlestick,tick,vic,pick,sidekick,bric,realpolitik,bic,schtick,bolshevik,chick,thick,mic,chopstick,triassic,hick,flick,nik,trick,rick,yardstick,lasik,nick,slick,fick,klick,ric,sic,whilk,quik,bick,crick,wyk,frick,lunatic,bailiwick,pik,firebrick,arithmetic,brick,blick,click,homesick,lick,glick,nonstick,prick,wrick,joystick,seasick,mc,wick,schick,thilk,kick,broomstick,handpick,nightstick,strick,snick,knick,slapstick,shick,quick,spick,mick,politic,dick,nic,pic,impolitic,stick,spic,ostpolitik
pickwickian,
pickwickianism,
pickwickianly,
pickwicks,
pickwork,
picloram,
piclorams,
pycnanthemum,
pycnia,
pycnial,
picnic,peacenik,sick,gick,rilke,toothpick,kwik,vick,kubrick,uptick,lipstick,dic,tic,dipstick,shtick,candlestick,tick,vic,pick,sidekick,bric,realpolitik,bic,schtick,bolshevik,chick,thick,mic,chopstick,triassic,hick,flick,nik,trick,rick,yardstick,lasik,nick,slick,fick,klick,ric,sic,whilk,quik,bick,crick,wyk,frick,lunatic,bailiwick,pik,firebrick,arithmetic,brick,blick,click,homesick,lick,glick,nonstick,prick,wrick,joystick,seasick,mc,wick,schick,thilk,kick,broomstick,handpick,pickwick,nightstick,strick,snick,knick,slapstick,shick,quick,spick,mick,politic,dick,nic,pic,impolitic,stick,spic,ostpolitik
pycnic,
picnicked,schuknecht
picnicker,picknicker
picnickery,
picnickers,
picnicky,
picnickian,
picnicking,
picnickish,
picnics,hicks,knicks,micronics,wix,broomsticks,ticks,wickes,licks,nightsticks,picks,upticks,frix,mix,toothpicks,wicks,rix,candlesticks,cyrix,comptronix,dix,topix,crucifix,pricks,vicks,lipsticks,kicks,chopsticks,brix,micks,fickes,nix,nicks,conflicts,slicks,dicks,yardsticks,predicts,transfix,sticks,fix,hix,tics,six,sicks,fricks,styx,flicks,bolsheviks,politics,bix,shikse,dickes,affix,intermix,bricks,inflicts,ricks,cliques,chicks,clicks,pix,tricks,nyx,derelicts,lunatics,depicts
picnic's,
pycnid,
pycnidia,
pycnidial,
pycnidiophore,
pycnidiospore,
pycnidium,
pycninidia,
pycniospore,
pycnite,ichnite
pycnium,
pycno-,pycno,lucknow
pycnocoma,
pycnoconidium,
pycnodont,
pycnodonti,
pycnodontidae,
pycnodontoid,
pycnodus,
pycnogonid,
pycnogonida,
pycnogonidium,
pycnogonoid,
picnometer,
pycnometer,pyknometer
pycnometochia,
pycnometochic,
pycnomorphic,
pycnomorphous,
pycnonotidae,
pycnonotinae,
pycnonotine,
pycnonotus,
pycnoses,
pycnosis,pyknosis
pycnospore,
pycnosporic,
pycnostyle,
pycnotic,pyknotic
pico,lodico,eco,niko,teco,katsuhiko,neeco,veeco,fico,alberico,angelico,chriboniko,masahiko,marsico,carico,beco,antico,frederico,panico,falotico,zeekoe,chirico,amico,grammatico,graeco-,economico,iannamico,talerico,damico,agrico,akiko,carrico,tallarico,ceco,errico,leeco,nico,persico,talarico,zico,monico,derrico,graeco,grieco,biko,orrico,peko,tricarico,enrico,delmonico,gromyko,demicco,federico,cherico,rico,serpico,puerto-rico,neco,pacifico,arico,decicco,domanico,nikko,seaco,pico-,ricoh,canonico,lico,kazuhiko
pico-,lodico,eco,niko,teco,katsuhiko,neeco,veeco,fico,alberico,angelico,chriboniko,masahiko,marsico,carico,beco,antico,frederico,panico,falotico,zeekoe,chirico,amico,grammatico,pico,graeco-,economico,iannamico,talerico,damico,agrico,akiko,carrico,tallarico,ceco,errico,leeco,nico,persico,talarico,zico,monico,derrico,graeco,grieco,biko,orrico,peko,tricarico,enrico,delmonico,gromyko,demicco,federico,cherico,rico,serpico,puerto-rico,neco,pacifico,arico,decicco,domanico,nikko,seaco,ricoh,canonico,lico,kazuhiko
picocurie,
picofarad,
picogram,
picograms,
picoid,cricoid
picojoule,
picolin,
picoline,nickeline
picolines,
picolinic,
picolins,
picometer,
picomole,
picong,
picory,
picorivera,
picornavirus,
picosecond,
picoseconds,
picot,pawtucket,chicot,sucket,pricket,luckett,piquet,stickit,puckett,tuckett,dicot,duckett,klicket,briquet,nantucket,juckett,sukkot,smicket,siccate,picquet,mashantucket,clicket,bucket,tricot,tucket,snicket
picotah,
picote,
picoted,
picotee,
picotees,
picoting,
picotite,
picots,
picottah,
picowatt,
picquet,pawtucket,chicot,sucket,pricket,luckett,picot,piquet,stickit,puckett,tuckett,dicot,duckett,klicket,briquet,nantucket,juckett,sukkot,smicket,siccate,mashantucket,clicket,bucket,tricot,tucket,snicket
picqueter,
picquets,
picr-,
picra,micra,fuqra,buckra
picramic,
picramnia,
picrasmin,
picrate,sucrate
picrated,
picrates,
picry,
picric,ricrac,rickrack
picryl,
picris,
picrite,
picrites,
picritic,
picro-,
picrocarmine,
picrodendraceae,
picrodendron,
picroerythrin,
picrol,
picrolite,pikrolite
picromerite,
picropodophyllin,
picrorhiza,
picrorhizin,
picrotin,
picrotoxic,
picrotoxin,
picrotoxinin,
pics,
pict,
pictarnie,
pictavi,
pictet,
pictish,
pictland,
pictogram,
pictograph,dictograph
pictography,
pictographic,
pictographically,
pictographs,
pictones,
pictor,lictor
pictoradiogram,
pictores,
pictorial,curatorial,auriol,flonorial,directorial,tutorial,extraterritorial,correale,memorial,ambassadorial,equatorial,editorial,reportorial,prosecutorial,sartorial,gubernatorial,nomenclatorial,morial,immemorial,territorial,advertorial,dictatorial,lauriol,professorial,conspiratorial,oriol,janitorial,senatorial,floreal,raptorial,arboreal
pictorialisation,
pictorialise,
pictorialised,
pictorialising,
pictorialism,
pictorialist,
pictorialization,
pictorialize,
pictorially,
pictorialness,
pictorials,
pictoric,
pictorical,
pictorically,
pictun,
picturability,
picturable,
picturableness,
picturably,
pictural,structural,infrastructural
picture,telepicture,stricture
picture-borrowing,
picture-broidered,
picture-buying,
picturecraft,
pictured,
picture-dealing,
picturedom,
picturedrome,
pictureful,
picturegoer,
picture-hanging,
picture-hung,
pictureless,
picturely,
picturelike,
picturemaker,
picturemaking,
picture-painting,
picture-pasted,
picturephone,
picturephones,
picturer,
picturers,
pictures,strictures,telepictures
picture-seeking,
picturesque,
picturesquely,
picturesqueness,
picturesquenesses,
picturesquish,
picture-taking,
picture-writing,
pictury,
picturing,
picturization,
picturize,
picturized,
picturizing,
picucule,
picuda,
picudilla,
picudo,
picul,stuchell,prickle,ruckel,chuckle,truckle,honeysuckle,strickle,stuckle,buckle,ruckle,suckle,cuckoldom,buckel,frickle,muckle,knuckle,yuckel,huckle,deckle
picule,
piculet,
piculs,
piculule,
picumninae,
picumnus,
picunche,
picuris,
picus,tikus,dycus,pikus,dicus,mikus,wikis,ficus,tikis,cnicus
pid,
pidan,
piddle,criddle,fiddle,riddell,spidel,siddell,kiddle,rydell,biddle,siddle,widdle,liddle,widell,schmidl,twiddle,riddle,middle,liddell,spidell,friddle,siddall
piddled,muddled,cuddled,twiddled,befuddled,diddled,middled,huddled,puddled,fuddled
piddler,muddler,huddler,puddler,diddler,fuddler,middler
piddlers,
piddles,fiddles,riddles
piddly,diddly,fiddly,medullae,puddly
piddling,middling,twiddling,ridling,fiddling
piddlingly,
piddock,zidek,liddick,acidic,riddick,chappaquiddick,hasidic,lydick,riddock,widick,lydic,ferrofluidic
piddocks,
piderit,
pidgeon,pridgeon
pidgin,smidgeon,trudgen,widgeon,gudgeon,trigyn,wigeon,sigyn,curmudgeon,dudgeon,smidgin,bludgeon
pidginization,
pidginize,
pidgins,hudgins,hudgens,bludgeons,curmudgeons
pidgized,
pidgizing,
pidjajap,
pydna,
pie,modify,nigh,die,defy,justify,thereby,vilify,rectify,awry,rely,comply,ratify,dry,fry,aye,high,spy,tai,whereby,gadfly,testify,ly,magpie,chi,y,bae,nye,vie,exemplify,dye,mortify,ossify,why,by,bely,ply,deny,hi,wry,try,satisfy,sly,decry,standby,verify,ai,i,bye,reply,qualify,buy,notify,alkali,specify,signify,imply,clarify,spry,nullify,cry,lie,ally,sty,mollify,supply,underlie,bi,sigh,codify,indemnify,alibi,pry,quantify,alumni,vi,my,apply,guy,occupy,certify,butterfly,identify,classify,tie,lanai,belie,hereby,goodbye,nearby,pi,shy,psi,lye,edify,rye,eye,fly,stultify,sky,amplify
pye,modify,nigh,die,defy,justify,thereby,vilify,rectify,awry,rely,comply,ratify,dry,fry,aye,high,spy,tai,whereby,gadfly,testify,ly,magpie,chi,y,bae,nye,vie,exemplify,dye,mortify,ossify,why,by,bely,ply,deny,hi,wry,try,satisfy,sly,decry,standby,verify,ai,i,bye,reply,qualify,buy,notify,specify,signify,imply,clarify,spry,nullify,cry,lie,ally,sty,mollify,supply,underlie,bi,sigh,codify,indemnify,alibi,pry,quantify,alumni,vi,my,apply,guy,occupy,certify,butterfly,identify,classify,tie,lanai,belie,hereby,goodbye,nearby,pi,shy,psi,lye,pie,edify,rye,eye,fly,stultify,sky,amplify
pie-baking,
piebald,scald,palled,scrawled,edwald,bawled,lolled,mothballed,rosenwald,scrolled,galled,recalled,evald,called,archibald,scalled,overhauled,mauled,fernald,schoenwald,seewald,spauld,appalled,bald,grinald,trawled,thorvald,walde,fauld,reinwald,buchenwald,drawled,walled,squalled,installed,forestalled,greenwald,socalled,hauled,crawled,dolled,steigerwald,uncalled,enthralled,freiwald,auld,reinstalled,stalled,balled,so-called,stonewalled,cauld,grunwald,brawled,braunwald,romuald,snowballed,hald,sprawled,wald
piebaldism,
piebaldly,
piebaldness,
piebalds,
piece,buice,reise,peece,vietnamese,elise,altarpiece,meise,pease,brocious,crosspiece,decease,dease,niece,geese,viennese,decrease,luis,lease,maryse,greece,apiece,greenpeace,preece,increase,neace,cease,timepiece,grease,gees,syntheses,nice,crease,clarisse,rhys,caprice,felice,seis,treece,sangiovese,neisse,lollis,meese,police,reese,centerpiece,neece,peace,fleece,magness,cerise,release,tunis,haese,obese,sublease,suisse,denice,spece,mouthpiece,clarice,yeas,giese,reece,cleese,capece,legalese,eyepiece,aris,maurice,showpiece,riess,patrice,masterpiece,leese,speiss,weise,neice,leise,cece,meece,bernice,denise,devries,tese
pieceable,
pieced,feast,least,leased,vannest,bankeast,depriest,teast,trieste,greased,dupriest,toniest,deceased,northeast,decreased,trendiest,released,priest,keast,southeast,east,weast,vanderleest,increased,ceased,creased,mideast,yeast,fleeced,policed,beast,unreleased
piece-dye,
piece-dyed,
pieceless,ceaseless,creaseless,greaseless,peaceless,fleeceless
piecemaker,
piecemeal,steele,neill,peele,creel,meal,smeal,ezekiel,seel,unseal,conceal,glockenspiel,feel,eel,teel,camille,oneill,brasil,reseal,ordeal,wheel,cele,keal,heel,ideal,kneel,oneal,corneal,unreal,riel,snowmobile,veal,anneal,emil,bookmobile,tweel,vielle,leal,ciel,emile,abele,flywheel,neil,cecile,heal,audiophile,lucille,appeal,viel,speel,spiel,kreel,kiel,verrill,seal,biel,diel,immobile,steal,surreal,puerile,real,reveal,keel,congeal,zeal,newsreel,beall,peal,deel,weil,neel,beal,lille,repeal,neal,teal,stael,stele,reel,automobile,cornmeal,mele,deal,creal,oatmeal,genteel,shaquille,cartwheel,beale,steel,squeal,peale,peel,scheele
piecemealwise,
piecen,
piecener,
piecer,leaser,creaser,keysor,gieser,reaser,fieser,kieser,wieser,rieser,griesser,bieser,ceaser,schiesser,greaser,lieser,reeser,reesor,yeiser,kresa,grieser,leeser,reasor
piecers,
pieces,greases,raleses,creases,leases,ceases,masterpieces,polices,increases,fleeces,decreases,nieces,caprices,mouthpieces,releases,crosspieces,faeces
piecette,
piecewise,
piecework,murk,irk,jerk,ataturk,artwork,paperwork,schoolwork,murch,shirk,burke,clerk,clockwork,klerk,leclerc,perk,homework,kirk,burk,lurk,birk,casework,werk,legwork,quirk,merk,smirk,metalwork,footwork,masterwork,brushwork,teamwork,firework,latticework,bjerke,patchwork,groundwork,bourke,quirke,clerc,kurk,perc,merck,fieldwork,roadwork,derk,woodwork,spadework,earthwork,beadwork,framework,cirque,berk,openwork,mcgurk,overwork,merc,werke,lerch,dirk,waterwork,housework,kirch,turk,berke,erk,needlework,plasterwork,rework,network,guesswork,berserk,handiwork,sirk,work
pieceworker,
pieceworkers,
piecing,greasing,policing,releasing,increasing,diesing,schmiesing,fleecing,kaesong,leasing,thesing,subleasing,creasing,decreasing,unceasing,ceasing
piecings,
piecrust,
piecrusts,
pied,fide,modified,classified,stratified,decried,complied,defied,ratified,tide,curbside,side,ride,downside,occupied,peroxide,fratricide,landslide,tried,implied,abide,decide,cyanide,snide,amplified,hide,divide,unified,dioxide,wide,preoccupied,vide,reside,override,bromide,denied,aside,multiplied,bonafide,betide,provide,suicide,pried,mortified,petrified,hyde,eyed,upside,homicide,outside,ide,allied,guide,bide,fortified,satisfied,worldwide,applied,subside,genocide,cockeyed,deride,shied,nationwide,wayside,backslide,pride,chide,diversified,collide,astride,slide,broadside,alongside,preside,apartheid,belied,coincide,dignified,bride,yuletide,inside,beside,tied,qualified,oxide,dried,glide,lied,backside,seaside,stride,justified,countryside,terrified,certified,pesticide,confide,plied,blindside
pied-,
pied-a-terre,
pied-billed,
pied-coated,
pied-colored,
pied-de-biche,
pied-faced,
piedfort,
piedforts,
piedly,
piedmont,larchmont,detente,pierpont,dhondt,crestmont,want,longmont,traunt,aunt,altamont,coutant,bankvermont,conte,jaunt,storefront,jeumont,avant,croissant,richemont,haunt,stont,helmont,lemont,debutante,enfant,claymont,gauntt,taunt,prashant,lamonte,pont,gaunt,font,newmont,chaunt,vipont,dumont,confidant,laplant,nonchalant,shrikant,flaunt,pylant,bromont,daunt,cheuvront,enimont,poussaint,bondt,rosemont,fonte,dronte,restaurant,ausimont,gronte,inmont,savant,graunt,lafont,kvant,vaunt,guimont,ponte,shant,toutant,lamont,schwandt,freemont,mont,bonte,belmont,claremont,clermont,labonte,whitemont,vermont,valmont,erbamont,fairmont,oakmont,commandant,poissant
piedmontal,
piedmontese,
piedmontite,
piedmonts,
piedness,eyedness
pye-dog,pie-dog
pied-piping,
piedra,phaedra,deidre,diedre
piedroit,
pied-winged,
pie-eater,
pie-eyed,dry-eyed
pie-faced,
piefer,
piefort,
pieforts,
piegan,seguin,keegan,eagon,mckeegan,cregan,eagen,beagen,egan,degan,egon,regan,freegan,keagan,eagan,siegan,meegan,skowhegan,reagen,waukegan,muskegon,reagan,deegan,creegan
piegari,
pie-gow,
piehouse,
pieing,tying,eyeing,shying,eying,dying,vying,buying,guying,dyeing,dieing,sighing,lying,tieing
pyelectasis,
pieless,
pielet,
pyelic,
pielike,
pyelitic,
pyelitis,myelitis,hyalitis
pyelitises,
pyelocystitis,
pyelogram,myelogram,sialogram
pyelograph,
pyelography,hyalography,myelography,sialography
pyelographic,
pyelolithotomy,
pyelometry,
pyelonephritic,
pyelonephritis,
pyelonephrosis,
pyeloplasty,
pyeloscopy,
pyelotomy,
pyeloureterogram,
pielum,
pielus,
piemag,
pieman,skyman,flyman
piemarker,
pyemesis,
pyemia,pyaemia
pyemias,
pyemic,
piemonte,
pien,
pienaar,
pienanny,
piend,yeaned,cleaned,beaned,quarantined,convened,preened,greened,spleened,fiend,reconvened,screened,leaned,demeaned,intervened,machined,gleaned,careened,weaned,mckeand,queened,keened,teind
pyengadu,
pientao,
piepan,
pieplant,
pieplants,
piepoudre,
piepowder,
pieprint,
pier,yesteryear,interfere,steer,fear,frere,headgear,mountaineer,cashier,unclear,sear,stere,bandolier,racketeer,reappear,veer,marketeer,frontier,lear,reindeer,commandeer,cavalier,amir,vere,hemisphere,speer,peer,midyear,rear,bere,revere,mere,stear,chevalier,kir,severe,disappear,domineer,rainier,brigadier,queer,deere,chandelier,sneer,tear,shere,kier,fier,adhere,cheer,souvenir,gere,volunteer,sere,appear,atmosphere,auctioneer,engineer,sphere,austere,belvedere,zaire,mir,bombardier,sheer,stratosphere,profiteer,neer,wier,pioneer,premier,emir,greer,spere,fleer,veneer,insincere,brere,meir,spear,smear,mear,near,cohere,deer,biosphere,teer,persevere,year,financier,gear,clear,jeer,shear,premiere,career,sincere,dear,beer
pierage,clearage,steerage
piercarlo,
pierce,pearce,peirce,fierce,bierce
pierceable,
pierced,
piercefield,
piercel,
pierceless,
piercent,
piercer,
piercers,
pierces,
pierceton,
pierceville,
piercy,
piercing,
piercingly,
piercingness,
pierdrop,
pierette,ethernet,piet,soviet,vedette,stet,headset,inlet,tete,abet,outlet,wet,vignette,cornet,forget,pipette,tibet,brett,lorgnette,bayonet,roulette,sextet,duet,set,calumet,vet,parapet,bet,threat,upset,whet,offset,yet,sweat,regret,onset,preset,epithet,minaret,brunette,pet,baronet,corvette,octet,let,dragnet,quintet,gazette,subset,ret,jet,smet,pret,chet,avocet,antoinette,silhouette,asset,sublet,get,et,internet,beset,flageolet,cassette,marmoset,clarinet,rosette,debt,charrette,heavyset,vette,anisette,minuet,nett,barrette,alphabet,sunset,quartet,lafayette,fret,beget,outset,baguette,colette,met,cigarette,net,cadet,tet,joliet,mindset,sobriquet,suffragette,coronet,cabriolet,inset,reset,gimlet,typeset
pierhead,
pier-head,
pieria,aleria,ceria,valeria,imperia,oliveria,tiberia,gerea
pierian,yerian,therian,guderian,pterion,kerion,hereon
pierid,
pieridae,pteriidae
pierides,
pieridinae,
pieridine,
pierinae,
pierine,
pieris,priories
pierless,
pierlike,
piermont,
piero,hierro,hiero,subzero,yasuhiro,zero,cheiro,hero,cheiro-,fiero,michihiro,superhero,hiero-
pierogi,
pierpont,larchmont,detente,dhondt,crestmont,want,longmont,traunt,aunt,altamont,coutant,bankvermont,conte,jaunt,storefront,jeumont,avant,croissant,richemont,haunt,stont,helmont,lemont,debutante,enfant,claymont,gauntt,taunt,prashant,lamonte,pont,gaunt,font,newmont,chaunt,vipont,dumont,confidant,laplant,nonchalant,shrikant,flaunt,pylant,bromont,daunt,cheuvront,enimont,piedmont,poussaint,bondt,rosemont,fonte,dronte,restaurant,ausimont,gronte,inmont,savant,graunt,lafont,kvant,vaunt,guimont,ponte,shant,toutant,lamont,schwandt,freemont,mont,bonte,belmont,claremont,clermont,labonte,whitemont,vermont,valmont,erbamont,fairmont,oakmont,commandant,poissant
pierre,unfair,unaware,questionnaire,blare,their,gare,affair,declare,share,compare,ware,pair,timeshare,anywhere,forebear,daycare,impair,aware,air,nowhere,armchair,forswear,snare,flair,blair,lare,care,there,software,prepare,guerre,tear,bare,heir,prayer,rare,fanfare,cher,everywhere,clair,faire,lair,dare,ensnare,eyre,malware,welfare,hair,dispair,beware,childcare,ere,square,pare,mare,thoroughfare,nightmare,bair,scare,stare,mer,hare,hardware,glare,millionaire,flare,mohair,doctrinaire,solitaire,cookware,warfare,airfare,stair,wear,footwear,healthcare,debonair,elsewhere,swear,fare,altair,bear,extraordinaire,pear,despair,claire,terre,spare,fair,repair,threadbare,underwear,aer,where,medicare,err,chair,earthenware
pierre-perdu,
pierrepont,andrepont
pierrette,
pierro,ero,ruggiero,thyro,shapero,piro,niro,pirro,schiro,masahiro,guerriero,deniro,moruhiro,kaneshiro,sapiro,casimiro,csiro,ramiro,liro,dipiero,morihiro,aufiero,argiro,santarsiero,spiro,biro,fierro,tesoriero,chiro,tashiro,subzero,tamashiro,hero,chiro-,yoshiro,shoichiro,miro,shapiro,spiro-,dipirro,nero,dipierro,zero,thyro-,carriero,miyashiro,yamashiro,oshiro,hiro,beroe
pierron,yawn,quan,crayon,celadon,con,nylon,non,gabon,iran,pentagon,brawn,agamemnon,sean,babylon,spawn,yuan,phenomenon,salon,hon,paragon,aragon,argon,chiffon,wan,prawn,boron,octagon,drawn,capon,woebegone,echelon,forgone,tron,photon,hogan,amadon,automaton,oman,pion,upon,braun,pantheon,avalon,radon,oberon,pecan,dawn,exon,liaison,gone,amazon,carillon,lawn,john,hexagon,rapprochement,meson,emoticon,yon,han,proton,swan,aileron,epsilon,ron,flawn,mastodon,marathon,don,pylon,juan,lexicon,withdrawn,neutron,khan,baton,parmesan,polygon,coupon,fawn,denouement,on,bygone,moron,foregone,antiphon,micron,axon,oregon,pawn,bon
pierrot,
pierrotic,
pierrots,
piers,disappears,budgeteers,sneers,profiteers,miears,financiers,premiers,volunteers,fears,debeers,cheers,ears,adheres,gears,bandoliers,premieres,cavaliers,desrosiers,veers,years,pioneers,mountaineers,conventioneers,reappears,auctioneers,sweers,wagoneers,interferes,tangiers,appears,berkshires,sears,beers,mears,summiteers,viers,schweers,queers,racketeers,bombardiers,rears,pamphleteers,arrears,spears,veneers,mutineers,electioneers,algiers,steers,perseveres,careers,peers,smears,spheres,souvenirs,reveres,marketeers,nears,cashiers,tears,clears,biospheres,speirs,coheres,engineers,frontiers,gondoliers
pierson,shearson,grierson,peerson,macpherson,schneerson,pearson,frierson,mcphearson
piert,
pierz,
pies,mize,marginalize,demise,surprise,capitalize,sunrise,capsize,size,epitomize,chastise,criticize,utilize,synthesize,guise,recognize,scrutinize,apprise,emprise,supervise,surmise,stabilize,advise,flies,patronize,authorize,disenfranchise,baptize,synchronize,apologize,revise,belies,finalize,harmonize,maximize,socialize,customize,amortize,antagonize,compromise,arise,aggrandize,minimize,galvanize,proselytize,subsidize,guys,enterprise,mesmerize,paralyze,materialize,otherwise,polarize,likewise,memorize,hypothesize,allies,wise,familiarize,disguise,sympathize,energize,despise,franchise,fries,lies,prize,supplies,comprise,tantalize,optimize,crystallize,reprise,metastasize,mobilize,summarize,realize,prise,improvise,plagiarize,advertise,rise,ostracize,empathize,prioritize,organize,revitalize,jeopardize,pulverize,eyes,visualize,emphasize,exercise,merchandise,devise,ties,stigmatize,rationalize,analyze,catalyze,characterize
pyes,
pieshop,
piest,
pie-stuffed,
piet,neat,sweet,stet,inlet,beet,abet,outlet,complete,defeat,wet,vignette,elite,forget,eat,cleat,bittersweet,feat,set,peat,vet,conceit,parapet,skeet,retreat,bet,threat,upset,whet,offset,yet,compete,sheet,regret,sweat,onset,bleat,sleet,preset,epithet,cheat,pet,greet,let,upbeat,beat,gazette,feet,ret,discrete,jet,pret,fleet,silhouette,asset,sublet,get,et,tweet,effete,athlete,internet,beset,discreet,deceit,meat,backseat,suite,rosette,concrete,delete,heat,debt,street,petite,obsolete,repeat,alphabet,fret,beget,outset,seat,met,net,cadet,wheat,mindset,deplete,sobriquet,browbeat,receipt,replete,treat,mete,inset,gamete,st,meet,reset,gimlet,typeset
pieta,
pietas,
piete,
pieter,jeeter,beefeater,seater,teeter,anteater,deeter,centimetre,streeter,seedeater,deater,skeeter,kilometer,meter,liter,heater,millimeter,praetor,ammeter,meeter,peter,demetre,millilitre,gravimeter,heeter,vietor,deciliter,crabeater,molitor,kilometre,keeter,repeater,jeter,yeater,teater,centimeter,greeter,bleater,teter,metre,metar,depleter,sliter,treater,beater,cheater,eater,sweeter,streater,dieter,milliliter,fleeter,keiter,neater,vanmeter,millimetre,demeter
pietermaritzburg,
piety,society,propriety,variety,notoriety,sobriety,impropriety,anxiety
pietic,
pieties,varieties,societies,anxieties,improprieties
pietism,defeatism,cretism
pietisms,
pietist,neatest,sweetest,defeatist,elitist,fleetest
pietistic,
pietistical,
pietistically,
pietisticalness,
pietists,
pietje,
pieton,
pietose,
pietoso,
pietown,
pietra,
pietrek,
,
