miamiville,
mian,
miao,
miaotse,
miaotze,
miaou,kiaugh
miaoued,
miaouing,
miaous,
miaow,chiao
miaowed,
miaower,
miaowing,
miaows,
miaplacidus,
miargyrite,
myaria,
myarian,
miarolitic,
mias,
miascite,myocyte
myases,
myasis,
miaskite,
miasm,chiasm,shiism
miasma,asthma,plasma
miasmal,chiasmal
miasmas,
miasmata,chiasmata
miasmatic,chiasmatic
miasmatical,
miasmatically,
miasmatize,
miasmatology,
miasmatous,
miasmic,chiasmic
miasmology,
miasmous,
miasms,
miass,
myasthenia,
myasthenic,
miastor,
myatony,
myatonia,
myatonic,
myatrophy,
miauer,
miaul,
miauled,
miauler,
miauling,
miauls,
miauw,
miazine,
mib,ib,dibb,crib,gib,glib,gibb,rib,jib,grzyb,squibb,skibbe,sib,bibb,cribb,nibbe,bib,trib,nib,kibbe,lib,corncrib,ad-lib
mibound,
mibs,
mic,mick,nonstick,hick,shtick,kick,prick,dipstick,click,slapstick,thilk,rilke,blick,nightstick,pic,flick,brick,sidekick,vic,nic,klick,lick,stick,knick,joystick,quick,pickwick,tick,ostpolitik,ric,lasik,realpolitik,pick,tic,lipstick,kubrick,wyk,rick,schick,mc,frick,picnic,sic,vick,seasick,fick,kwik,crick,schtick,spic,chick,lunatic,wick,wrick,dic,nik,triassic,firebrick,toothpick,trick,shick,bric,nick,sick,politic,handpick,impolitic,whilk,bolshevik,slick,spick,chopstick,arithmetic,broomstick,quik,strick,candlestick,uptick,thick,glick,yardstick,bick,homesick,peacenik,pik,bailiwick,snick,bic,dick,gick
myc,
myc-,
mic.,
mica,majka,grbavica,czajka,formica,pica,osika,fica,treichel,micah,mazeika,ryka
myca,
micaceous,procacious
micacious,
micacite,
micaela,salmela,venezuela,monongahela,shalala,varela,michela,ala,failla,quintela,manuela,braila,kayla,valensuela,mikaela,consuela,gala,marvela
micah,majka,grbavica,czajka,mica,pica,formica,osika,fica,treichel,mazeika,ryka
mycah,
micajah,
micanopy,canopy
micas,picas,dykas,gikas,heikes,psychos
micasization,
micasize,
micast,
micasting,
micasts,
micate,
mication,
micaville,
micawber,dukhobor
micawberish,
micawberism,
micawbers,
micco,
miccosukee,
mice,concise,lice,paradise,edelweiss,weisse,ice,advice,allspice,imprecise,preiss,gneiss,excise,twice,weis,heiss,geiss,trice,theiss,dice,bice,thrice,dise,splice,nice,bryce,rice,vice,stice,slice,pryce,brice,underprice,entice,dyce,zeiss,weiss,precise,guice,deiss,device,reprice,tice,spice,suffice,hice,vise,geise,vice-,kies,overprice,reiss,devise,sacrifice,feis,price,wice,grice,heise
mycele,
myceles,
mycelia,phacelia
mycelial,
mycelian,
mycelia-sterilia,
mycelioid,
mycelium,
micell,
micella,
micellae,
micellar,
micellarly,
micelle,
micelles,
micells,
myceloid,
mycenae,dysphony,iceni
mycenaean,eon,achaean,fleen,theon,homosapien,aegean,sheehan,epicurean,paean,pheon,mckeon,cyclopean,peon,indo-european,sofian,gleen,eritrean,tennessean,cleon,teahan,skreen,breon,ian,european,stean,sheahan,creon,fujian,jacobean,asean,tween,maccabean,vian,wheen,boolean,caribbean,crimean,heon,feehan,streen,jian,abyssinian,plebeian,protean,korean,meighan,rijn,meehan,galilean
miceplot,
mycerinus,
micerun,
micesource,
mycete,receit,facete,priceite,disseat
mycetes,
mycetism,hussitism
myceto-,
mycetocyte,
mycetogenesis,
mycetogenetic,
mycetogenic,
mycetogenous,
mycetoid,
mycetology,
mycetological,
mycetoma,
mycetomas,
mycetomata,
mycetomatous,
mycetome,
mycetophagidae,
mycetophagous,
mycetophilid,
mycetophilidae,
mycetous,
mycetozoa,
mycetozoan,
mycetozoon,
mich,blitch,fiche,fritsch,ritch,stitch,pitsch,pitch,quitch,kitsch,witch,fitche,chich,triche,tritch,fritsche,swich,rich,fitch,snitch,mitch,tyche,wich,hitch,enrich,fritch,quich,which,stich,lubavitch,piche,nitsche,lich,dulwich,unhitch,goodrich,ditch,bitch,miche,kitch,slich,twitch,titch,riche,bewitch,switch,itch,greenwich,izetbegovic,zich,trich-,flitch,ich,pritch,glitch,trich,niche
mich.,
michabo,
michabou,
michael,wykle,eichel,weikel,schmeichel,wikle,cycle,mcmichael,carmichael,deikel,weichel,reichel,aichele,michel,unicycle,reichl,recycle,tikal,micheal,chicle,sicle,reichle,heichel,tical,motorcycle
mychael,
michaela,luella,della,bella,mandella,ela,lelah,vendela,fabela,campanella,gabriela,marella,fenella,rotella,mella,rella,nela,minella,daniella,villella,meloplasty,flagella,chela,mirabella,rosella,capella,citronella,arabella,stella,muscarella,cella,ariella,marcela,bellah,candela,marbella,mirella,carmela,cela,tele,sella,dela,leola,annabella,cannella,dibella,avella,gazella,petrella,prunella,pella,corella,petronella,donella,adela,marcella,daniela,bela,umbrella,viyella,fela,zanella,salmonella,estrella,vela,cinderella,selah,rubella,favela,estella,goodfella,parella,stela,abella,barela,patella,sela,casella,ardella,cappella,isabella,fella,mandela,novella,louella,kinsella,vella,labella,nella,ella,kwela,marvella,abela,fellah,gabriella,sabella
michaelangelo,
michaele,
michaelina,gina,krajina,edina,davina,cortina,zena,ianthina,selena,xena,proserpina,vaccina,lina,cadena,arena,messina,georgina,erina,valentina,dina,gallina,rosina,avina,catena,florentina,catalina,bina,vina,rowena,celina,albina,spina,concertina,pina,nina,melvina,rena,sabrina,mina,jena,farina,latina,pyrena,regina,salina,fraena,magdalena,neenah,marina,medina,reina,serafina,sabina,rina,molina,argentina,lena,cantina,hercegovina,semolina,angelina,mena,purina,ballerina,jeana,sheena,adina,domina,herzegovina,verbena,siena,veena,cartagena,dena,philomena,faena,sabena,serena,patina,gardena,macarena,vena,seraphina,hyena,martina,athena,alina,galena,christina,quina,ina,cristina,subpoena,irina,tina,katrina,alcina,bettina,sardina,covina
michaeline,
michaelites,
michaella,luella,della,bella,mandella,ela,vendela,fabela,campanella,gabriela,marella,fenella,rotella,mella,rella,nela,minella,daniella,villella,meloplasty,flagella,chela,mirabella,rosella,capella,citronella,arabella,stella,muscarella,cella,ariella,marcela,bellah,candela,marbella,mirella,carmela,cela,tele,sella,dela,leola,annabella,cannella,dibella,avella,gazella,petrella,prunella,pella,corella,petronella,donella,adela,marcella,daniela,bela,umbrella,viyella,fela,zanella,salmonella,estrella,vela,cinderella,selah,rubella,favela,estella,goodfella,parella,stela,abella,barela,patella,sela,casella,ardella,cappella,isabella,fella,mandela,novella,louella,kinsella,michaela,vella,labella,nella,ella,kwela,marvella,abela,fellah,gabriella,sabella
michaelmas,
michaelmastide,
michaeu,
michail,
michal,twichell,gitchell,michell,splichal,kitchel,michl,michel,mitchel,twitchell,kitchell,mitchell
mychal,
michale,
michaud,hello,bio,glow,row,mo,fallow,hoe,grotto,audio,gusto,virago,hydro,veto,quo,borrow,bowe,undergo,low,snow,willow,so,owe,show,escrow,studio,doe,ho,roe,patio,ratio,crow,glo,rococo,sew,blow,plough,although,lo,tornado,o,espresso,cameo,whoa,foe,buffalo,dado,though,tomorrow,flow,vertigo,torso,apropos,tempo,throw,woe,tow,overthrow,yoe,bestow,radio,torpedo,archipelago,no,joe,indigo,calypso,aglow,micro,portico,below,rainbow,manifesto,slow,mow,toe,beau,photo,tomato,forgo,shadow,go,pro,meadow,winnow,forego,know,coco,aficionado,potato,adagio,tableau,plateau,otto,co,dough,portfolio,grow,rhino
michaux,hello,bio,glow,row,mo,fallow,hoe,grotto,audio,gusto,virago,hydro,veto,quo,borrow,bowe,undergo,low,snow,willow,so,owe,show,escrow,studio,doe,ho,roe,patio,ratio,crow,glo,rococo,sew,blow,plough,although,lo,tornado,o,espresso,cameo,whoa,foe,buffalo,dado,though,tomorrow,flow,vertigo,torso,apropos,tempo,throw,woe,tow,overthrow,yoe,bestow,radio,torpedo,archipelago,no,joe,indigo,calypso,aglow,micro,portico,below,rainbow,manifesto,slow,mow,toe,beau,photo,tomato,forgo,shadow,go,pro,meadow,winnow,forego,know,coco,aficionado,potato,adagio,tableau,plateau,otto,co,dough,portfolio,grow,rhino
miche,blitch,fiche,fritsch,ritch,stitch,pitsch,pitch,quitch,kitsch,witch,fitche,chich,triche,tritch,fritsche,swich,rich,fitch,snitch,mitch,tyche,wich,hitch,enrich,fritch,quich,which,stich,lubavitch,piche,nitsche,lich,dulwich,mich,unhitch,goodrich,ditch,bitch,kitch,slich,twitch,titch,riche,bewitch,switch,itch,greenwich,izetbegovic,zich,trich-,flitch,ich,pritch,glitch,trich,niche
micheal,wykle,eichel,weikel,schmeichel,michael,wikle,cycle,mcmichael,carmichael,deikel,weichel,reichel,aichele,michel,unicycle,reichl,recycle,tikal,chicle,sicle,reichle,heichel,tical,motorcycle
micheas,uchees,lychees,trochees
miched,
michey,
micheil,
michel,resell,knell,pastel,quel,stairwell,impel,mel,gel,zinfandel,adele,accel,compel,dispel,befell,yell,dwell,tell,foretell,gazelle,noel,farewell,smell,raphael,sicle,well,undersell,motorcycle,seashell,carousel,el,bell,intel,materiel,elle,ravel,rebel,barbell,recycle,bluebell,cel,dumbbell,personnel,hell,chicle,rangel,parallel,bel,belle,nell,propel,caravel,maxwell,michael,quell,morel,outsell,doorbell,shell,del,groundswell,misspell,mell,citadel,bombshell,sell,ell,manuel,hotel,cartel,expel,lapel,retell,swell,spell,repel,infidel,fell,dell,oversell,cell,cycle,decibel,bethel,tel,pell,carmel,eggshell,mitchell,motel,nobel,excel,chanel,nutshell,jell,snell,l,clientele,aol
michelangelesque,
michelangelism,
michelangelo,hello,bio,glow,row,mo,fallow,hoe,grotto,audio,gusto,virago,hydro,veto,quo,borrow,bowe,undergo,low,snow,willow,so,owe,show,escrow,studio,doe,ho,roe,patio,ratio,crow,glo,rococo,sew,blow,plough,although,lo,tornado,o,espresso,cameo,whoa,foe,buffalo,dado,though,tomorrow,flow,vertigo,torso,apropos,tempo,throw,woe,tow,overthrow,yoe,bestow,radio,torpedo,archipelago,no,joe,indigo,calypso,aglow,micro,portico,below,rainbow,manifesto,slow,mow,toe,beau,photo,tomato,forgo,shadow,go,pro,meadow,winnow,forego,know,coco,aficionado,potato,adagio,tableau,plateau,otto,co,dough,portfolio,grow,rhino
michele,resell,knell,pastel,quel,stairwell,impel,mel,gel,zinfandel,adele,cowbell,accel,compel,dispel,befell,yell,dwell,tell,foretell,gazelle,noel,farewell,smell,sel,raphael,well,undersell,michelle,seashell,carousel,el,bell,intel,marcel,materiel,elle,ravel,rebel,barbell,isabel,cel,bluebell,dumbbell,personnel,hell,rangel,parallel,bel,belle,nell,propel,caravel,maxwell,quell,morel,outsell,doorbell,shell,del,groundswell,misspell,mell,citadel,bombshell,sell,ell,manuel,carel,hotel,cartel,expel,lapel,retell,fidel,swell,spell,repel,infidel,fell,dell,oversell,cell,bethel,decibel,tel,pell,carmel,eggshell,mademoiselle,motel,nobel,excel,chanel,nutshell,jell,snell,l,clientele,aol
michelia,
michelin,micheline
michelina,gina,krajina,edina,davina,cortina,zena,ianthina,selena,xena,proserpina,vaccina,lina,cadena,arena,messina,georgina,erina,valentina,dina,gallina,rosina,avina,catena,florentina,catalina,bina,vina,rowena,celina,albina,spina,concertina,pina,nina,melvina,rena,sabrina,mina,jena,farina,latina,pyrena,regina,salina,fraena,magdalena,neenah,marina,medina,reina,serafina,sabina,rina,molina,argentina,lena,cantina,hercegovina,semolina,angelina,mena,purina,ballerina,jeana,sheena,adina,domina,herzegovina,verbena,siena,veena,cartagena,dena,philomena,faena,sabena,serena,patina,gardena,macarena,vena,seraphina,hyena,martina,athena,alina,galena,christina,quina,ina,cristina,subpoena,irina,tina,katrina,alcina,bettina,sardina,covina
micheline,michelin
michell,twichell,gitchell,splichal,kitchel,michl,michal,michel,mitchel,twitchell,kitchell,mitchell
michella,
michelle,resell,knell,pastel,quel,stairwell,impel,mel,gel,zinfandel,adele,cowbell,accel,compel,dispel,befell,yell,dwell,tell,foretell,gazelle,noel,farewell,smell,sel,raphael,well,undersell,seashell,carousel,el,bell,intel,marcel,materiel,elle,ravel,rebel,barbell,isabel,cel,bluebell,dumbbell,personnel,hell,rangel,parallel,bel,belle,nell,propel,caravel,maxwell,quell,morel,outsell,doorbell,shell,del,groundswell,misspell,mell,citadel,bombshell,sell,ell,zel,manuel,carel,hotel,cartel,expel,lapel,retell,fidel,swell,spell,repel,infidel,fell,dell,oversell,cell,bethel,decibel,tel,pell,carmel,eggshell,mademoiselle,motel,nobel,excel,chanel,nutshell,jell,snell,l,clientele,aol
michelozzo,
michelsen,michelson,michaelsen,michaelson
michelson,michelsen,michaelsen,michaelson
michener,kitchener,hitchner,mitchner
micher,snitcher,blucher,scutcher
michery,vachery,botchery,cutchery
miches,
michi,
michie,fitchy,tichy,itchy,lichi,litchi,pichi,bitchy,pitchy,richey,witchy,ritchey,titchy,pichey,witchey,ritchie,cichy,richie
michiel,
michigamea,
michigamme,
michigan,
michigander,
michiganian,
michiganite,
michiko,
miching,hutching,clutching,scutching,wuchang,bitching,ruching,touching,crutching,kuching,retouching
michoac,
michoacan,softspoken,wroken,hokan,pocan,loken,broken,unbroken,woken,sloakan,housebroken,kokan,wolken,slocan,unspoken,goeken,misspoken,spoken,oaken,koken,jochen,soken,outspoken,token,bowcan,heartbroken
michoacano,
michol,
michon,mcmichen,cichon,kitchen,kitchin,mitchen,pichon
micht,
mick,mic,nonstick,hick,shtick,kick,prick,dipstick,click,slapstick,thilk,rilke,blick,nightstick,pic,flick,brick,sidekick,vic,nic,klick,lick,stick,knick,joystick,quick,pickwick,tick,ostpolitik,ric,lasik,realpolitik,pick,tic,lipstick,kubrick,wyk,rick,schick,mc,frick,picnic,sic,vick,seasick,fick,kwik,crick,schtick,spic,chick,lunatic,wick,wrick,dic,nik,triassic,firebrick,toothpick,trick,shick,bric,nick,sick,politic,handpick,impolitic,whilk,bolshevik,slick,spick,chopstick,arithmetic,broomstick,quik,strick,candlestick,uptick,thick,glick,yardstick,bick,homesick,peacenik,pik,bailiwick,snick,bic,dick,gick
mickey,ricki,vickey,balicki,vicki,sickie,ricky,rudnicki,tricky,rikki,micky,quickie,chickee,micki,malicki,picky,rudnicky,brickey,skalicky,trickey,janicki,karanicki,karnicki,ikie,zywicki,kicky,rickey,niki,zwicky,walicki,ikey,hickey,nicky,hickie,vicky,frikkie,nicki,dickey,rickie,rokicki,dickie,mickie,chicky,vickie,gimmicky,frickey,picchi,wickey,dicky,nitpicky,nikki,sticky,skibicki,nickey
mickeys,hickeys
mickelson,mickelsen,mikelson,mikkelson,nicholson,nickelson
mickery,
micki,ricki,vickey,balicki,vicki,sickie,ricky,rudnicki,tricky,rikki,micky,quickie,chickee,malicki,picky,rudnicky,brickey,skalicky,trickey,janicki,karanicki,karnicki,ikie,zywicki,kicky,rickey,niki,zwicky,walicki,ikey,hickey,nicky,hickie,vicky,frikkie,nicki,dickey,mickey,rickie,rokicki,dickie,mickie,chicky,vickie,gimmicky,frickey,picchi,wickey,dicky,nitpicky,nikki,sticky,skibicki,nickey
micky,ricki,vickey,balicki,vicki,sickie,ricky,rudnicki,tricky,rikki,quickie,chickee,micki,malicki,picky,rudnicky,brickey,skalicky,trickey,janicki,karanicki,karnicki,ikie,zywicki,kicky,rickey,niki,zwicky,walicki,ikey,hickey,nicky,hickie,vicky,frikkie,nicki,dickey,mickey,rickie,rokicki,dickie,mickie,chicky,vickie,gimmicky,frickey,picchi,wickey,dicky,nitpicky,nikki,sticky,skibicki,nickey
mickie,ricki,vickey,balicki,vicki,sickie,ricky,rudnicki,tricky,rikki,micky,quickie,chickee,micki,malicki,picky,rudnicky,brickey,skalicky,trickey,janicki,karanicki,karnicki,ikie,zywicki,kicky,rickey,niki,zwicky,walicki,ikey,hickey,nicky,hickie,vicky,frikkie,nicki,dickey,mickey,rickie,rokicki,dickie,frickey,chicky,vickie,gimmicky,picchi,wickey,dicky,nitpicky,nikki,sticky,skibicki,nickey
mickies,
mickiewicz,
mickle,pikul,vansickle,bickle,trickel,nickel,bickel,mcmickle,stickle,mickel,hickel,laryngoscopical,nicholl,nikkel,hickle,nicol,sichel,nicoll,vansickel,mikel,brickle,nickol,rickel,pickle,bickell,wikel,sickle,pickel,nickell,ikle,ickle,dickel,nickle,tickle,fickle,mcnickle,stickel,fickel,sickel,brickell,ferronickel,mcnichol,quickel,mikell,brickel,pickell,trickle,pumpernickel
micklemote,
mickle-mouthed,
mickleness,
mickler,schickler,spickler,sickler,bickler,brickler,pickler,stickler,pichler,dickler,bichler,strickler
mickles,rickels,mikels,nickles,stickels,nicholls,mcnichols,trickles,nicols,sickles,mickels,stickles,nicolls,pickles,nickels,nichols,tickles,rickles,nickols,sickels
micklest,
mickleton,
micks,fix,nyx,chopsticks,wix,wicks,derelicts,flicks,clicks,micronics,inflicts,vicks,fricks,picks,knicks,tics,picnics,cyrix,predicts,crucifix,chicks,hicks,nix,dix,frix,politics,lipsticks,ticks,transfix,pricks,bricks,fickes,yardsticks,styx,pix,licks,conflicts,bolsheviks,slicks,candlesticks,nightsticks,dickes,intermix,kicks,depicts,brix,upticks,rix,ricks,mix,cliques,wickes,lunatics,affix,dicks,topix,sicks,toothpicks,tricks,bix,six,broomsticks,nicks,hix,sticks,shikse,comptronix
micmac,mikmaq
micmacs,
mico,
myco-,ricco,picco,bricco,recco,richco,cicco,thicko,phyco-,dekko,sicko,phyco,leistikow,dicicco,ficco
mycobacteria,
mycobacteriaceae,
mycobacterial,
mycobacterium,
mycocecidium,
mycocyte,
mycoderm,
mycoderma,
mycodermatoid,
mycodermatous,
mycodermic,
mycodermitis,
mycodesmoid,
mycodomatium,
mycoflora,
mycogastritis,
mycogone,
mycohaemia,
mycohemia,
mycoid,
mycol,
mycol.,
mycology,mineralogy,topology,opthalmology,criminology,biology,enterology,geology,ornithology,hematology,meteorology,geomorphology,microbiology,pathology,astrology,penology,radiology,ology,rheumatology,toxicology,ethology,histology,endocrinology,cosmology,cytology,technology,zoology,thanatology,egyptology,sociology,paleontology,bacteriology,anthropology,biotechnology,ecology,entomology,seismology,ethnology,gynecology,necrology,ophthalmology,pomology,cosmetology,apology,etiology,embryology,etymology,gerontology,anthology,urology,rheology,kinesiology,epidemiology,morphology,pharmacology,limnology,micropaleontology,serology,scientology,virology,archeology,archaeology,terminology,anesthesiology,dendrochronology,hymnology,ontology,dermatology,deontology,immunology,theology,physiology,otology,ideology,petrology,numerology,cardiology,scatology,psychology,epistemology,neurology,genealogy,doxology,chronology,mythology,graphology,oncology,methodology
mycologic,
mycological,phycological
mycologically,
mycologies,
mycologist,phycologist
mycologists,
mycologize,
mycomycete,
mycomycetes,
mycomycetous,
mycomycin,
mycomyringitis,
miconcave,
miconia,
mycophagy,
mycophagist,
mycophagous,
mycophyte,
mycoplana,
mycoplasm,
mycoplasma,
mycoplasmal,
mycoplasmic,
mycoprotein,glycoprotein
mycorhiza,
mycorhizal,
mycorrhiza,
mycorrhizae,
mycorrhizal,
mycorrhizic,
mycorrihizas,
mycose,ficoes,glycose,stuccoes,stuccos,cracowes,crocose,spicose
mycoses,
mycosymbiosis,
mycosin,
mycosis,sycosis
mycosozin,
mycosphaerella,
mycosphaerellaceae,
mycostat,
mycostatic,
mycostatin,
mycosterol,
mycotic,nicotic
mycotoxic,
mycotoxin,
mycotrophic,
micr,
micr-,
micra,fuqra,buckra,picra
micraco,
micracoustic,
micraesthete,
micramock,
micrampelis,
micranatomy,
micrander,
micrandrous,
micraner,
micranthropos,
micraster,
micrencephaly,
micrencephalia,
micrencephalic,
micrencephalous,
micrencephalus,
micrergate,
micresthete,
micrify,
micrified,
micrifies,
micrifying,
micro,hello,bio,glow,row,mo,fallow,hoe,grotto,audio,gusto,virago,hydro,veto,quo,borrow,bowe,undergo,low,snow,willow,so,owe,show,solo,escrow,studio,doe,ho,roe,patio,ratio,crow,glo,rococo,sew,blow,plough,although,lo,tornado,o,espresso,cameo,whoa,foe,buffalo,dado,though,tomorrow,flow,vertigo,torso,apropos,tempo,throw,woe,tow,overthrow,yoe,bestow,radio,torpedo,archipelago,no,joe,indigo,calypso,aglow,portico,below,rainbow,manifesto,slow,mow,toe,beau,photo,tomato,forgo,shadow,go,pro,meadow,winnow,forego,know,coco,aficionado,potato,adagio,tableau,plateau,otto,co,dough,portfolio,grow,rhino
micro-,psychro,psychro-
microaerophile,
micro-aerophile,
microaerophilic,
micro-aerophilic,
microammeter,
microampere,
microanalyses,
microanalysis,
microanalyst,
microanalytic,
microanalytical,
microanatomy,
microanatomical,
microangstrom,
microapparatus,
microarchitects,
microarchitecture,
microarchitectures,
micro-audiphone,
microbacteria,
microbacterium,
microbacteteria,
microbal,
microbalance,
microbar,
microbarogram,
microbarograph,
microbars,
microbattery,
microbe,jobe,robe,neoprobe,mobe,globe,prob,grobe,cobe,probe,teleprobe,technophobe,latrobe,bobe,lobe,thobe,bathrobe,anaerobe,shobe,strobe,loeb,tobe,phobe,wardrobe,teleglobe
microbeam,
microbeless,
microbeproof,
microbes,technophobes,fobes,wardrobes,probes,robes,globes,strobes,bathrobes,jobes,kobes,anaerobes,lobes
microbial,
microbian,
microbic,
microbicidal,
microbicide,
microbiology,mineralogy,topology,opthalmology,criminology,biology,enterology,geology,ornithology,hematology,meteorology,geomorphology,pathology,astrology,penology,radiology,ology,rheumatology,toxicology,ethology,histology,mycology,endocrinology,cosmology,cytology,technology,zoology,thanatology,egyptology,sociology,paleontology,bacteriology,anthropology,biotechnology,ecology,entomology,seismology,ethnology,gynecology,necrology,ophthalmology,pomology,cosmetology,apology,etiology,embryology,etymology,gerontology,anthology,urology,rheology,kinesiology,epidemiology,morphology,pharmacology,limnology,micropaleontology,serology,scientology,virology,archeology,archaeology,terminology,anesthesiology,dendrochronology,hymnology,ontology,dermatology,deontology,immunology,theology,physiology,otology,ideology,petrology,numerology,cardiology,scatology,psychology,epistemology,neurology,genealogy,doxology,chronology,mythology,graphology,oncology,methodology
microbiologic,
microbiological,
microbiologically,
microbiologies,
microbiologist,gynecologist,immunologist,mineralogist,sociologist,apologist,creatologist,entomologist,zoologist,radiologist,oligist,serologist,sovietologist,geologist,rheumatologist,neurologist,anesthesiologist,criminologist,technologist,pathologist,epidemiologist,physiologist,meteorologist,climatologist,seismologist,musicologist,ecologist,necrologist,scientologist,endocrinologist,pharmacologist,dermatologist,toxicologist,volcanologist,ethnomusicologist,cardiologist,biologist,ideologist,ophthalmologist,paleontologist,oncologist,gerontologist,anthropologist,ologist,psychologist,kremlinologist,opthalmologist,archaeologist,virologist,urologist
microbiologists,anthropologists,volcanologists,geologists,pharmacologists,criminologists,ideologists,anesthesiologists,dermatologists,creatologists,kremlinologists,endocrinologists,pathologists,virologists,biologists,oncologists,ophthalmologists,psychologists,cardiologists,corologis,urologists,epidemiologists,scientologists,zoologists,sociologists,paleontologists,technologists,archaeologists,ecologists,gynecologists,meteorologists,entomologists,toxicologists,apologists,climatologists,radiologists,sovietologists,neurologists,necrologists,seismologists
microbion,
microbiophobia,
microbiosis,
microbiota,
microbiotic,
microbious,
microbism,
microbium,
microblast,
microblephary,
microblepharia,
microblepharism,
microbody,
microbrachia,
microbrachius,
microburet,
microburette,
microburner,
microbus,
microbuses,
microbusses,
microcaltrop,
microcamera,
microcapsule,
microcard,
microcardia,
microcardius,
microcards,
microcarpous,
microcebus,
microcellular,
microcentrosome,
microcentrum,
microcephal,
microcephali,
microcephaly,
microcephalia,
microcephalic,
microcephalism,
microcephalous,microcephalus
microcephalus,microcephalous
microceratous,
microchaeta,
microchaetae,
microcharacter,
microcheilia,
microcheiria,
microchemic,
microchemical,
microchemically,
microchemistry,
microchip,roundtrip,companionship,thrip,yip,trip,clip,kip,flagship,fellowship,battleship,airstrip,pip,dealership,nip,starship,hip,stewardship,dictatorship,rip,snip,courtship,steamship,grip,craftsmanship,warship,sip,scrip,airship,receivership,conservatorship,showmanship,membership,partnership,proprietorship,outstrip,drip,bip,authorship,partisanship,equip,generalship,sportsmanship,governorship,trusteeship,chairmanship,professorship,apprenticeship,kinship,censorship,unzip,gyp,lip,quip,ownership,brinkmanship,brinksmanship,relationship,gamesmanship,consulship,zip,sponsorship,slip,blip,strip,whip,homeownership,flip,ip,fingertip,one-upmanship,skip,lightship,tip,bipartisanship,upmanship,scholarship,spaceship,championship,distributorship,directorship,workmanship,internship,readership,chip,citizenship,gunship,grippe,headship,leadership,crip,dip,ship
microchiria,
microchiroptera,
microchiropteran,
microchiropterous,
microchromosome,
microchronometer,
microcycle,
microcycles,
microcinema,
microcinematograph,
microcinematography,
microcinematographic,
microciona,
microcyprini,
microcircuit,circuit,burkett,turcott,burket,burkitt,birkett
microcircuitry,
microcirculation,
microcirculatory,
microcyst,
microcyte,
microcythemia,
microcytic,
microcytosis,
microcitrus,
microclastic,
microclimate,zeimet,climate
microclimates,climates
microclimatic,
microclimatically,
microclimatology,
microclimatologic,
microclimatological,
microclimatologist,
microcline,
microcnemia,
microcoat,
micrococcal,
micrococceae,
micrococci,
micrococcic,
micrococcocci,
micrococcus,
microcode,lowed,plateaued,unbowed,corrode,railroad,glowed,sewed,reload,bestowed,bestrode,toad,bowed,download,shrowd,overflowed,commode,methode,erode,mode,crossroad,snowed,owed,borrowed,shode,shoad,blowed,busload,stowed,sowed,caseload,coed,overload,workload,radioed,towed,brode,overrode,rhode,shipload,anode,road,explode,payload,flowed,code,outmode,chode,spode,inroad,node,goad,unload,tiptoed,carload,winnowed,load,strode,thode,decode,trode,troad,implode,toed,crowed,slowed,mustachioed,bode,forebode,moad,abode,cathode,diode,knowed,ode,glode,encode,rowed,mowed,episode,truckload,lode,rode,boatload,showed,nematode
microcoded,
microcodes,m-codes,truckloads,c-codes,bodes,overloads,rodes,modes,reloads,episodes,roades,diodes,rhoades,workloads,nematodes,goads,explodes,anodes,implodes,boatloads,caseloads,erodes,codes,loads,corrodes,rhoads,roads,rhodes,carloads,cathodes,lodes,decodes,odes,busloads,planeloads,copycodes,nodes,railroads,inroads,shiploads,hodes,crossroads,toads,payloads,unloads,downloads
microcoding,
microcoleoptera,
microcolon,
microcolorimeter,
microcolorimetry,
microcolorimetric,
microcolorimetrically,
microcolumnar,
microcombustion,
microcomputer,rueter,fluter,sharpshooter,superminicomputer,suter,schluter,ruter,mooter,minisupercomputer,tutor,suiter,rooter,polluter,fruiter,prosecutor,luter,shooter,kuter,lewter,suitor,tooter,hooter,neuter,computer,troubleshooter,persecutor,muter,looter,cooter,souter,sluiter,pewter,telecommuter,minicomputer,sutor,yeutter,scooter,recruiter,cuter,router,bueter,ruiter,commuter,supercomputer
microcomputers,wooters,commuters,neuters,tutors,scooters,persecutors,grooters,minicomputers,rooters,routers,recruiters,hooters,shooters,suitors,computers,superminicomputers,looters,prosecutors,polluters,supercomputers,telecommuters,minisupercomputers
microcomputer's,
microconidial,
microconidium,
microconjugant,
microconodon,
microconstituent,
microcopy,
microcopied,
microcopies,
microcopying,
microcoria,
microcos,
microcosm,
microcosmal,
microcosmian,
microcosmic,
microcosmical,
microcosmically,
microcosmography,
microcosmology,
microcosmos,
microcosms,
microcosmus,
microcoulomb,
microcranous,
microcryptocrystalline,
microcrystal,
microcrystalline,
microcrystallinity,
microcrystallogeny,
microcrystallography,
microcrystalloscopy,
microcrith,
microcultural,
microculture,
microcurie,
microdactylia,
microdactylism,
microdactylous,
microdensitometer,
microdensitometry,
microdensitometric,
microdentism,
microdentous,
microdetection,
microdetector,
microdetermination,
microdiactine,
microdimensions,
microdyne,online,equine,feline,lifeline,cline,confine,punchline,concubine,skyline,tine,canine,trine,undermine,outline,asinine,sine,hotline,thine,consign,turpentine,underline,opine,byline,pipeline,swine,bovine,fine,sign,stein,pine,vine,sideline,align,stine,outshine,fein,endocrine,whine,serpentine,malign,divine,eglantine,resign,quinine,byzantine,lupine,define,genuine,borderline,saccharine,combine,deadline,shrine,twine,spline,palatine,affine,frontline,alkaline,enshrine,crystalline,design,streamline,intertwine,baseline,shine,line,porcupine,tagline,dopamine,chine,wine,zine,dine,aline,refine,mine,spine,headline,incline,sunshine,guideline,benign,grapevine,ballantine,alpine,brine,storyline,decline,valentine,iodine,nine,entwine,rine,assign,airline,moonshine,supine,devine
microdissection,
microdistillation,
microdont,
microdonty,
microdontia,
microdontic,
microdontism,
microdontous,
microdose,
microdot,
microdrawing,
microdrili,
microdrive,
microeconomic,adamik,dromic,commack,romick,ohmic,palmic,technomic,economic,romic,islamic,tomich,macroeconomic,monatomic,romack,diatomic,bombic,bromic,uneconomic,ergonomic,gastronomic,autonomic,hommock,atomic,wommack,comic,adamec,socioeconomic,tragicomic,subatomic,nomic,noneconomic
microeconomics,polyconomics,rogernomics,ergonomics,economics,comics,macroeconomics,reaganomics,clintonomics
microelectrode,
microelectrolysis,
microelectronic,blahnik,telephonic,telectronic,tronic,ironic,planktonic,napoleonic,phonic,pharaonic,hegemonic,tectonic,ultrasonic,isoelectronic,hedonic,audiotronic,ebonic,neoplatonic,nucleonic,lexiphonic,embryonic,symphonic,hydroponic,varitronic,sonic,histrionic,canonic,kronick,fibronic,tranzonic,personic,mnemonic,clonic,bubonic,respironic,photronic,platonic,chronic,philharmonic,masonic,diasonic,catatonic,supersonic,environic,plantronic,leptonic,electronic,lasersonic,laconic,miltonic,pneumonic,hyaluronic,panasonic,chthonic,synchronic,hypersonic,diatonic,chronique,propionic,hanak,teutonic,stronach,polyphonic,vanik,isotonic,conic,connick,ganglionic,harmonic,medtronic,flextronic,demonic,monophonic,ovonic,sardonic,avionic,hypertonic,yonic,allophonic,gnomonic,ionic,plutonic,tonic
microelectronically,
microelectronics,molonicks,ionics,endotronics,lumonics,sonics,histrionics,audiotronics,harmonics,sconnix,telephonics,environics,siliconix,diasonics,avionics,tectonics,phonics,plantronics,nucleonics,flextronics,telectronics,lasersonics,electronics,photronics,respironics,fibronics,tonics,onyx,mnemonics,vitronics,conics,ebonics,centronics,tektronix,personics
microelectrophoresis,
microelectrophoretic,
microelectrophoretical,
microelectrophoretically,
microelectroscope,
microelement,
microencapsulate,
microencapsulation,
microenvironment,
microenvironmental,
microerg,
microestimation,
microeutaxitic,
microevolution,
microevolutionary,
microexamination,
microfarad,
microfauna,
microfaunal,
microfelsite,
microfelsitic,
microfibril,
microfibrillar,
microfiche,leetch,keach,meach,pietsch,bleach,breach,veech,dietsch,beech,pleach,preach,creech,beseech,queach,teach,dietsche,outreach,veach,reach,speech,swiech,breech,weech,inspeech,piech,screech,overreach,seabeach,long-beach,keetch,broadbeach,impeach,dreich,veatch,reeche,wiech,leitch,each,peach,creach,beach,leech,leach,keech,cheech,meech
microfiches,
microfilaria,
microfilarial,
microfilm,film,sovexportfilm
microfilmable,
microfilmed,
microfilmer,
microfilming,
microfilms,
microfilm's,
microflora,
microfloral,
microfluidal,
microfoliation,
microform,
micro-form,
microforms,
microfossil,wassel,fossel,nosel,trostle,krossel,rossell,dossel,hosel,docile,fossil,losel,rossel,jostle,wassell,vasile,dossil,bhosle,apostle,dosel,colossal,drossel,roselle,basile,glossal,throstle,postle,cawsl,wasil,stossel,tossel,possehl
microfungal,
microfungus,
microfurnace,
microgadus,
microgalvanometer,
microgamete,
microgametocyte,
microgametophyte,
microgamy,
microgamies,
microgaster,
microgastria,
microgastrinae,
microgastrine,
microgauss,
microgeology,
microgeological,
microgeologist,
microgilbert,
microgyne,
microgyria,
microglia,
microglial,
microglossia,
micrognathia,
micrognathic,
micrognathous,
microgonidial,
microgonidium,
microgram,lamb,damn,histogram,flambe,coram,tottenham,am,rotterdam,jamb,milligram,kam,scam,cunningham,exam,stam,diaphragm,kilogram,sdram,goddam,flam,anagram,beckham,electrocardiogram,lam,potsdam,epigram,tram,program,spam,programme,fram,buckingham,bram,gram,birmingham,pam,dithyramb,hologram,logogram,cram,goddamn,polygram,sham,mammogram,ham,bam,centigram,siam,sam,abram,dagenham,graham,sram,abraham,madame,monogram,damm,logjam,tam,slam,telegram,swam,dam,cham,wham,graeme,oxfam,sonogram,cam,durham,wolfram,ram,alam,damme,gramme,mme,priam,yam,flimflam,stram,hamm,scram,dram,nottingham,tham,plam,engram,jam,diagram,clam,amsterdam,cablegram,nam
microgramme,
microgrammes,
microgramming,
micrograms,shammes,logograms,programs,tambs,ambs,spams,milligrams,scrams,telegrams,prams,kilograms,brams,jams,samms,mammograms,sonograms,holograms,logjams,exams,dams,hams,trams,gramms,yams,shams,lambs,jambs,slams,diagrams,electrocardiograms,grahams,mesdames,hammes,clams,sams,drams,krammes,reprograms,ams,grams,chams,damns,grammes,histograms,abrahams,mailgrams,rams,scams,crams,cambs
microgranite,
microgranitic,
microgranitoid,
microgranular,
microgranulitic,
micrograph,
micrographer,
micrography,
micrographic,maffick,reprographic,calligraphic,stenographic,compugraphic,summagraphic,logographic,lithographic,tomographic,oceanographic,geographic,stereographic,stratigraphic,epigraphic,demographic,ethnographic,rafik,holographic,hydrographic,pornographic,photographic,traffic,mafic,graphic,orographic,alphaphotographic,choreographic,topographic
micrographical,
micrographically,
micrographist,
micrographs,
micrograver,
microgravimetric,
microgroove,
microgrooves,
microhabitat,
microhardness,
microhenry,
microhenries,
microhenrys,
microhepatia,
microhymenoptera,
microhymenopteron,
microhistochemical,
microhistology,
microhm,
microhmmeter,
microhms,
microimage,
microinch,
microinjection,
microinstruction,
microinstructions,
microinstruction's,
micro-instrumentation,
microjoule,
microjump,
microjumps,
microlambert,
microlecithal,
microlepidopter,
microlepidoptera,
microlepidopteran,
microlepidopterist,
microlepidopteron,
microlepidopterous,
microleukoblast,
microlevel,
microlite,
microliter,
microlith,
microlithic,
microlitic,
micrology,
micrologic,
micrological,
micrologically,
micrologist,
micrologue,
microluces,
microlux,
microluxes,
micromania,
micromaniac,
micromanipulation,
micromanipulator,
micromanipulators,
micromanometer,
micromastictora,
micromazia,
micromeasurement,
micromechanics,
micromeli,
micromelia,
micromelic,
micromelus,
micromembrane,
micromeral,
micromere,
micromeria,
micromeric,
micromerism,
micromeritic,
micromeritics,
micromesentery,
micrometallographer,
micrometallography,
micrometallurgy,
micrometeorite,
micrometeoritic,
micrometeorogram,
micrometeorograph,
micrometeoroid,
micrometeorology,
micrometeorological,
micrometeorologist,
micrometer,anemometer,fluorometer,dynamometer,barometer,hygrometer,densitometer,photometer,tensiometer,thermometer,interferometer,speedometer,accelerometer,magnetometer,hydrometer,kilometer,vomiter,goniometer,odometer,spectrometer
micrometers,odometers,thermometers,barometers,accelerometers,magnetometers
micromethod,
micrometry,
micrometric,
micrometrical,
micrometrically,
micromho,
micromhos,
micromicrocurie,
micromicrofarad,
micromicron,
micromyelia,
micromyeloblast,
micromil,
micromillimeter,
micromineralogy,
micromineralogical,
microminiature,
microminiatures,
microminiaturization,
microminiaturizations,
microminiaturize,
microminiaturized,
microminiaturizing,
micromodule,
micromolar,
micromole,
micromorph,
micromorphology,
micromorphologic,
micromorphological,
micromorphologically,
micromotion,
micromotoscope,
micro-movie,
micron,bon,rapprochement,lexicon,tron,yuan,gone,withdrawn,khan,don,drawn,spawn,celadon,argon,moron,photon,hexagon,automaton,koran,marathon,fawn,woebegone,on,radon,pecan,foregone,ron,crayon,brawn,phenomenon,exon,boron,amadon,dawn,axon,epsilon,oregon,liaison,mastodon,pawn,yon,octagon,avalon,salon,aragon,proton,juan,bygone,lawn,parmesan,oman,pylon,agamemnon,neutron,coupon,sean,prawn,paragon,capon,iran,upon,aileron,hogan,oberon,amazon,pentagon,flawn,braun,gabon,nylon,meson,echelon,wan,con,emoticon,yawn,swan,baton,john,antiphon,quan,polygon,chiffon,pantheon,hon,han,carillon,non,babylon,denouement,forgone,pion
micro-needle,
micronemous,
micronesia,anaesthesia,tunisia,french-polynesia,polynesia,rhodesia,indonesia,elysia,magnesia,amnesia,anesthesia
micronesian,
micronesians,
micronization,
micronize,
micronometer,
microns,brauns,crayons,tehrans,lat-lons,schons,photons,pecans,konze,marathons,come-ons,brons,positrons,try-ons,fawns,konz,sohns,nylons,pompons,cons,echelons,run-ons,alphonse,hons,pawns,bygones,frons,lubicons,bonnes,teherans,dons,vons,st-johns,johns,liaisons,protons,hogans,walk-ons,fauns,yawns,wanze,khans,mesons,donze,ons,goings-ons,put-ons,swans,axons,lawns,icons,amazons,pons,omans,bonze,coupons,vaughns,lons,salons,helicons,ailerons,saint-saens,batons,korns,spawns,afrikaans,dawns,neutrons,deuterons,pentagons,lexicons,jahns,fons,bronze,conns,fonz,prawns,antiphons,neons,slip-ons,pylons,ions
micronuclear,
micronucleate,
micronuclei,
micronucleus,
micronutrient,
microoperations,
microorganic,
microorganism,ism,chauvinism,naturalism,colonialism,nihilism,paternalism,determinism,magnetism,terrorism,rheumatism,altruism,materialism,fatalism,romanticism,parochialism,pragmatism,hedonism,embolism,favoritism,recidivism,dualism,individualism,elitism,modernism,optimism,imperialism,stoicism,metabolism,humanism,feudalism,liberalism,statism,schism,pessimism,relativism,animism,socialism,collectivism,botulism,atheism,nepotism,antagonism,nativism,evangelism,mysticism,zionism,plagiarism,egoism,judaism,cronyism,chism,mannerism,federalism,chisum,patriotism,anachronism,empiricism,positivism,aphorism,racism,mercantilism,pluralism,narcissism,egotism,alcoholism,feminism,populism,parallelism,catechism,communism,mechanism,autism,despotism,surrealism,legalism,secularism,consumerism,aneurism,professionalism,cynicism,organism,euphemism,symbolism,fascism,absolutism,journalism,nationalism,prism,gnosticism,egalitarianism,tourism,skepticism,criticism,escapism,totalitarianism,astigmatism,activism,dynamism,darwinism,capitalism
microorganismal,
microorganisms,metabolisms,aphorisms,dualisms,isms,schisms,puritanisms,yogiisms,prisms,mannerisms,baptisms,anachronisms,antagonisms,surrealisms,organisms,embolisms,euphemisms,mechanisms,criticisms,methodisms
micropalaeontology,
micropaleontology,mineralogy,topology,opthalmology,criminology,biology,enterology,geology,ornithology,hematology,meteorology,geomorphology,microbiology,pathology,astrology,penology,radiology,ology,rheumatology,toxicology,ethology,histology,mycology,endocrinology,cosmology,cytology,technology,zoology,thanatology,egyptology,sociology,paleontology,bacteriology,anthropology,biotechnology,ecology,entomology,seismology,ethnology,gynecology,necrology,ophthalmology,pomology,cosmetology,apology,etiology,embryology,etymology,gerontology,anthology,urology,rheology,kinesiology,epidemiology,morphology,pharmacology,limnology,serology,scientology,virology,archeology,archaeology,terminology,anesthesiology,dendrochronology,hymnology,ontology,dermatology,deontology,immunology,theology,physiology,otology,ideology,petrology,numerology,cardiology,scatology,psychology,epistemology,neurology,genealogy,doxology,chronology,mythology,graphology,oncology,methodology
micropaleontologic,
micropaleontological,
micropaleontologist,
micropantograph,
microparasite,
microparasitic,
micropathology,
micropathological,
micropathologies,
micropathologist,
micropegmatite,
micropegmatitic,
micropenis,
microperthite,
microperthitic,
micropetalous,
micropetrography,
micropetrology,
micropetrologist,
microphage,
microphagy,
microphagocyte,
microphagous,
microphakia,
microphallus,
microphyll,
microphyllous,
microphysical,
microphysically,
microphysics,
microphysiography,
microphytal,
microphyte,
microphytic,
microphytology,
microphobia,
microphone,drone,anemone,millstone,bone,gladstone,unknown,rhinestone,shone,intone,flown,known,phone,rone,joan,saxophone,moonstone,roan,xylophone,disown,undertone,cobblestone,silicone,sloan,whetstone,stone,own,mon,capone,pheromone,strown,clone,throne,hormone,capstone,hone,limestone,monotone,chaperone,backbone,cone,tone,prone,condone,loan,milestone,telephone,sown,sewn,jawbone,argonne,scone,overthrown,tombstone,groan,allophone,postpone,fone,thrown,zone,crone,homegrown,earphone,lone,trombone,overblown,baritone,grown,cyclone,acetone,keystone,touchstone,atone,mone,moan,brownstone,testosterone,ozone,overtone,simone,sharon,shown,cicerone,homophone,headphone,leone,cologne,megaphone,blown,rhone,gemstone,lodestone,collarbone,cornerstone,headstone,t-bone,francophone,alone,bemoan
microphones,unknowns,condones,keystones,milestones,flintstones,daimones,zones,bones,scones,phones,lohnes,hones,overtones,trombones,hipbones,roans,pheromones,homophones,baritones,airfones,bemoans,cheekbones,cherrystones,allophones,cyclones,rhinestones,knowns,limestones,megaphones,romanones,thrones,postpones,hormones,owns,leones,quinones,intones,rhys-jones,earphones,cornerstones,joens,madstones,saxophones,fones,gemstones,thoennes,crossbones,jones,headstones,moonstones,chaperones,backbones,gallstones,headphones,tombstones,reesjones,silicones,stones,clones,crones,trones,mones,hailstones,soens,loans,halftones,lones,drones,groans,flagstones,telephones,cones,businessphones,moans,undertones,gladstones,gravestones,goans,tones,sones,koans,interacciones,goens,cobblestones
microphonic,
microphonics,
microphoning,
microphonism,
microphonograph,
microphot,
microphotograph,
microphotographed,
microphotographer,
microphotography,
microphotographic,
microphotographing,
microphotographs,
microphotometer,
microphotometry,
microphotometric,
microphotometrically,
microphotoscope,
microphthalmia,
microphthalmic,
microphthalmos,
microphthalmus,
micropia,
micropylar,
micropyle,
micropin,
micropipet,
micropipette,
micropyrometer,
microplakite,
microplankton,
microplastocyte,
microplastometer,
micropodal,
micropodi,
micropodia,
micropodidae,
micropodiformes,
micropodous,
micropoecilitic,
micropoicilitic,
micropoikilitic,
micropolariscope,
micropolarization,
micropopulation,
micropore,
microporosity,
microporous,
microporphyritic,
microprint,
microprobe,
microprocedure,
microprocedures,
microprocessing,
microprocessor,coprocessor
microprocessors,coprocessors
microprocessor's,
microprogram,
microprogrammable,
microprogrammed,
microprogrammer,
microprogramming,
microprograms,
microprogram's,
microprojection,
microprojector,
micropsy,
micropsia,
micropterygid,
micropterygidae,
micropterygious,
micropterygoidea,
micropterism,
micropteryx,
micropterous,
micropterus,
microptic,
micropublisher,
micropublishing,
micropulsation,
micropuncture,
micropus,
microradiograph,
microradiography,
microradiographic,
microradiographical,
microradiographically,
microradiometer,
microreaction,
microreader,
microrefractometer,
microreproduction,
microrhabdus,
microrheometer,
microrheometric,
microrheometrical,
microrhopias,
micros,
microsauria,
microsaurian,
microscale,
microsclere,
microsclerous,
microsclerum,
microscopal,
microscope,stope,tightrope,cope,worldscope,rope,endoscope,pope,koeppe,trope,telescope,tope,grope,dope,bronchoscope,groep,schoepp,marketscope,nope,strope,schoepf,envelope,heliotrope,polariscope,periscope,soap,gastroscope,oscilloscope,kaleidoscope,laryngoscope,antroscope,gyroscope,lope,allotrope,schoepe,shope,stethoscope,cantaloupe,sope,koep,ophthalmoscope,proctoscope,horoscope,isentrope,slope,mope,koepp,misanthrope,kope,antelope,elope,softsoap,swope,epitope,hope,isotope,scope,interscope,partenope,knope
microscopes,soaps,stethoscopes,scopes,periscopes,copes,envelopes,propes,mopes,isotopes,cantaloupes,gyroscopes,dopes,horoscopes,oscilloscopes,lopes,swopes,tropes,telescopes,ropes,hopes,elopes,allotropes,slopes,topes,stopes,gropes
microscope's,
microscopy,
microscopial,
microscopic,geotropic,endoscopic,hopak,isotopic,polytropic,popick,isentropic,hydropic,gyroscopic,myopic,kopeck,laparoscopic,scopic,laryngoscopic,philanthropic,telescopic,coppock,tropic,topic
microscopical,
microscopically,
microscopics,
microscopid,
microscopies,
microscopist,
microscopium,
microscopize,
microscopopy,
microsec,
microsecond,
microseconds,
microsecond's,
microsection,
microsegment,
microseism,
microseismic,
microseismical,
microseismicity,
microseismograph,
microseismology,
microseismometer,
microseismometry,
microseismometrograph,
microseme,
microseptum,
microsiemens,
microsystems,biosystems,subsystems,argosystems,systems,ultrasystems,techsystems,cablesystems,ecosystems
microskirt,
microsmatic,
microsmatism,
microsoftware,
microsoma,
microsomal,
microsomatous,
microsome,
microsomia,
microsomial,
microsomic,
microsommite,
microsorex,
microspace,
microspacing,
microspecies,
microspectrophotometer,
microspectrophotometry,
microspectrophotometric,
microspectrophotometrical,
microspectrophotometrically,
microspectroscope,
microspectroscopy,
microspectroscopic,
microspermae,
microspermous,
microsphaera,
microsphaeric,
microsphere,
microspheric,
microspherical,
microspherulitic,
microsplanchnic,
microsplenia,
microsplenic,
microsporange,
microsporanggia,
microsporangia,
microsporangiate,
microsporangium,
microspore,
microsporiasis,
microsporic,
microsporidia,
microsporidian,
microsporocyte,
microsporogenesis,
,
