iscariotism,
isch,bish,starfish,frisch,knish,dogfish,kish,sailfish,lish,kishke,lungfish,catfish,phish,rish,fish,kisch,glish,swordfish,fisch,disch,quish,risch,crawfish,flatfish,needlefish,goosefish,commish,goldfish,ish,swish,mish,tish,jellyfish,whitefish,misch,cuttlefish,gish,icefish,wish,trish,slish,dish,pipefish,tisch,bisch,dealfish,jewfish,queenfish,redfish,whish,angelfish,blish,shellfish,sunfish
ischaemia,asemia,dysphemia,glycemia
ischaemic,
ischar,
ischchia,
ischemia,aemia,vremya
ischemias,
ischemic,disomic
ischepolis,
ischia,alysia,alicea,licea
ischiac,
ischiadic,
ischiadicus,
ischial,
ischialgia,
ischialgic,
ischiatic,
ischidrosis,
ischio-,
ischioanal,
ischiobulbar,
ischiocapsular,
ischiocaudal,
ischiocavernosus,
ischiocavernous,
ischiocele,
ischiocerite,
ischiococcygeal,
ischyodus,
ischiofemoral,
ischiofibular,
ischioiliac,
ischioneuralgia,
ischioperineal,
ischiopodite,
ischiopubic,
ischiopubis,
ischiorectal,
ischiorrhogic,
ischiosacral,
ischiotibial,
ischiovaginal,
ischiovertebral,
ischys,
ischium,lyceum,lycium
ischocholia,
ischuretic,
ischury,
ischuria,
iscose,
isdn,
isdt,
ise,prise,lies,characterize,synthesize,disenfranchise,capitalize,likewise,revise,franchise,merchandise,optimize,prioritize,otherwise,catalyze,maximize,rise,mobilize,sunrise,revitalize,pulverize,reprise,guise,jeopardize,rationalize,ties,eyes,baptize,emphasize,mesmerize,compromise,authorize,aggrandize,emprise,tantalize,energize,enterprise,belies,materialize,antagonize,supplies,amortize,supervise,memorize,utilize,guys,harmonize,stabilize,galvanize,stigmatize,analyze,crystallize,proselytize,surprise,hypothesize,visualize,flies,plagiarize,epitomize,disguise,devise,arise,apologize,customize,recognize,surmise,improvise,finalize,size,socialize,advise,scrutinize,wise,realize,mize,marginalize,polarize,comprise,despise,prize,demise,ostracize,organize,paralyze,advertise,chastise,allies,familiarize,empathize,sympathize,metastasize,apprise,capsize,exercise,criticize,subsidize,summarize,patronize,fries,synchronize,minimize
iseabal,
ised,
isee,
isegrim,
iselin,
isenergic,
isenland,
isenstein,
isenthalpic,
isentrope,envelope,knope,dope,antelope,misanthrope,isotope,allotrope,bronchoscope,mope,elope,schoepf,polariscope,scope,koepp,kaleidoscope,nope,ophthalmoscope,slope,hope,pope,stope,cantaloupe,interscope,telescope,periscope,stethoscope,grope,soap,oscilloscope,shope,groep,tope,laryngoscope,schoepp,antroscope,proctoscope,rope,softsoap,partenope,koep,trope,strope,swope,lope,endoscope,heliotrope,microscope,gyroscope,epitope,kope,tightrope,sope,horoscope,gastroscope,cope
isentropic,laryngoscopic,polytropic,philanthropic,myopic,geotropic,topic,gyroscopic,isotopic,popick,endoscopic,hydropic,tropic,hopak,microscopic,scopic,telescopic,laparoscopic,kopeck,coppock
isentropically,
isepiptesial,
isepiptesis,
yser,
isere,
iserine,
iserite,
isethionate,
isethionic,
iseult,
yseult,
yseulta,
yseulte,
iseum,
isf,
isfahan,ispahan
isfug,
ish,bish,starfish,frisch,knish,dogfish,kish,sailfish,lish,kishke,lungfish,catfish,phish,rish,fish,kisch,glish,swordfish,fisch,disch,quish,risch,crawfish,flatfish,needlefish,goosefish,commish,goldfish,swish,mish,tish,jellyfish,whitefish,isch,misch,cuttlefish,gish,icefish,wish,trish,slish,dish,pipefish,tisch,bisch,dealfish,jewfish,queenfish,redfish,whish,angelfish,blish,shellfish,sunfish
ishan,
y-shaped,
ish-bosheth,
isherwood,knighthood,should,ravenswood,would,understood,devilwood,blackwood,oakwood,adulthood,allgood,fatherhood,womanhood,wildwood,atwood,childhood,nationhood,hardwood,likelihood,cottonwood,hazelwood,redwood,teakwood,dagwood,brotherhood,softwood,leatherwood,plywood,statehood,girlhood,wedgwood,goode,victimhood,sherwood,wormwood,underwood,heywood,fleetwood,sainthood,babyhood,livelihood,pulpwood,logwood,collingwood,good,deadwood,kenwood,osgood,rosewood,misunderstood,brentwood,silkwood,motherhood,greenwood,schuld,marwood,manhood,hood,inglewood,edgewood,withstood,corkwood,driftwood,rockwood,ironwood,wood,could,dogwood,eastwood,beechwood,littlewood,heartwood,boxwood,westwood,hollywood,greasewood,boyhood,stood,tanglewood,elwood,englewood,neighborhood,falsehood,elmwood,firewood,wedgewood,parenthood,smallwood,haywood
ishii,xlviii,graeae,xliii,xxiii,fujii,striae,keay,xxviii,xxxviii,sheehy,iie,xxxiii,lviii,xviii
ishime,
i-ship,
ishmael,ishmail
ishmaelite,
ishmaelitic,
ishmaelitish,
ishmaelitism,
ishmul,
ishpeming,
ishpingo,
ishshakku,
ishtar,
ishum,
ishvara,
isi,
isy,
isia,
isiac,
isiacal,
isiah,
isiahi,
isicle,mispickel
isidae,
isidia,
isidiiferous,
isidioid,
isidiophorous,
isidiose,
isidium,
isidoid,
isidor,
isidora,
isidore,your,deplore,carnivore,galore,backdoor,uproar,decor,sore,sophomore,hoar,moore,stevedore,explore,abhor,singapore,salvador,drawer,crore,for,four,evermore,floor,furthermore,seashore,ignore,ecuador,tore,mentor,matador,restore,before,implore,core,yore,doar,thor,heretofore,dior,corps,bore,guarantor,oar,soar,whore,herbivore,roar,anymore,swore,boar,orr,pore,folklore,score,war,centaur,pour,sycamore,spore,chore,dinosaur,mor,lor,ashore,ore,troubadour,hardcore,lore,drugstore,more,therefore,boer,offshore,wore,labrador,snore,cor,therefor,rapport,dore,adore,outdoor,shore,underscore,or,tor,onshore,indoor,gore,encore,flor,door,fore,commodore,nor,bookstore,store,eyesore
isidorean,
isidorian,
isidoric,
isidoro,
isidorus,
isidro,
isimud,
isin,
isinai,
isindazole,
ising,
isinglass,
ising-star,
isis,spicous,crisis,lysis
is-it,
isize,
iskenderun,
isl,
isla,delila,koskela,neala,korpela,dellaquila,theophila,lela,nila,maquila,anttila,daquila,gila,leala,abila,opiela,sheila,aguila,sheelah,neelghau,tequila,mattila,pietila,brambila,ila,sheela,biela,piela,lila,cheiloplasty,paella,deavila,vila,leila,lassila,sheilah,bila,philomela
islaen,
islay,
islam,qualm,salam,stromb,shalm,psalm,calm,grom,daum,cdrom,bomb,rhomb,hom,shawm,cocom,prom,surinam,glomb,embalm,traum,guam,balm,strom,bombe,mom,salm,bohme,bohm,glaum,palm,rom,thromb,pomme,qualcomm,salaam,quam,pom,somme,praam,intercom,becalm,nom,som,saddam,fromm,bom,clomb,thom,panmunjom,brom,squam,qom,plomb,palme,yom,aplomb,raum,baum,tom,vietnam,blom,lomb,mam,caricom,com,homme,halm,firebomb,pogrom,dom,chrom,sitcom,malm,flom,scomm
islamabad,
islamic,palmic,dromic,nomic,atomic,commack,romack,hommock,romic,comic,macroeconomic,diatomic,economic,romick,ergonomic,wommack,adamec,technomic,subatomic,bombic,tomich,gastronomic,tragicomic,adamik,bromic,autonomic,monatomic,noneconomic,socioeconomic,microeconomic,ohmic,uneconomic
islamisation,
islamise,
islamised,
islamising,
islamism,
islamist,
islamistic,
islamite,
islamitic,
islamitish,
islamization,correlation,notation,variation,collaboration,trepidation,sensation,preparation,inspiration,situation,expectation,abbreviation,reservation,transportation,medication,designation,conservation,implementation,presentation,salvation,rehabilitation,evaluation,conversation,station,pronunciation,vocation,approbation,appreciation,quotation,determination,revelation,obfuscation,affirmation,connotation,meditation,integration,operation,precipitation,articulation,interpretation,population,obligation,collocation,reconciliation,orientation,litigation,constellation,observation,accommodation,discrimination,cooperation,generation,motivation,proliferation,corporation,dissertation,aberration,implication,association,manifestation,innovation,organization,ramification,reputation,configuration,consternation,abomination,application,administration,remuneration,civilization,indignation,nation,communication,location,foundation,radiation,altercation,creation,representation,anticipation,segregation,gentrification,conflagration,information,adaptation,aspiration,vacation,deviation,citation,transformation,dedication,relation,alliteration,affiliation,compensation,consideration,remediation,education,translation,inclination
islamize,
islamized,
islamizing,
islamorada,
island,hyland,reiland,pyland,nyland,wiland,rhode-island,highland,eiland,weiland,niland,long-island,nylund,wyland,heiland,byland
island-belted,
island-born,
island-contained,
island-dotted,
island-dweller,
islanded,
islander,rhode-islander,wilander,nylander
islanders,rhode-islanders
islandhood,
island-hop,
islandy,
islandic,
islanding,
islandish,
islandless,
islandlike,
islandman,
islandmen,
islandology,
islandologist,
islandress,
islandry,
islands,highlands
island-strewn,
island-studded,
islandton,
isle,dial,crocodile,senile,peristyle,argyle,revile,zile,rile,refile,cheil,pyle,sundial,weill,argyll,guile,scyle,corbeil,juvenile,fertile,exile,weil,crile,niall,nile,freestyle,chyle,heil,immobile,tile,wile,tactile,style,ryle,profile,delisle,hairstyle,phyle,turnstile,mikhail,stile,anglophile,kyle,vile,carlisle,mercantile,awhile,carlyle,hostile,meanwhile,compile,gile,marseille,beguile,hyle,percentile,lyle,file,lifestyle,francophile,restyle,pile,aisle,quintile,idlewild,gentile,while,bile,erstwhile,worthwhile,stockpile,hile,mile,lile,trial,wyle,seil,oenophile,textile,phile,spile,kile,smile,versatile,reconcile
islean,
isleana,
isled,
isleen,
islek,
isleless,
isleman,
isles,skiles,whiles,nilles,rials,iles,trials,juveniles,compiles,turnstiles,ailes,gyles,lyles,sheils,ryles,byles,dials,gentiles,viles,textiles,wiles,kyles,niles,files,illes,aisles,styles,spiles,reconciles,pyles,chiles,liles,percentiles,profiles,seils,tilles,tiles,diles,biles,briles,stockpiles,smiles,hiles,crocodiles,lifestyles,myles,wyles,riles,guiles,miles,skyles,stiles,giles,willes,exiles,piles,jiles
isle's,
islesboro,
islesford,
islesman,
islesmen,
islet,
isleta,
isleted,
isleton,
islets,eyelets,violets,pilots,pilates
islet's,
isleward,
isling,
islington,
islip,haislip,hyslop
islm,
islot,
isls,
islu,
ism,modernism,journalism,feminism,consumerism,nihilism,terrorism,autism,dualism,nepotism,positivism,individualism,botulism,organism,romanticism,capitalism,racism,narcissism,mercantilism,pluralism,relativism,embolism,chisum,populism,aphorism,federalism,parallelism,favoritism,fatalism,altruism,despotism,magnetism,imperialism,zionism,humanism,skepticism,heroism,judaism,prism,aneurism,colonialism,pragmatism,collectivism,liberalism,surrealism,naturalism,escapism,symbolism,atheism,hedonism,animism,darwinism,rheumatism,chauvinism,statism,chism,communism,anachronism,mysticism,criticism,fascism,cronyism,egotism,absolutism,antagonism,stoicism,evangelism,empiricism,mannerism,cynicism,legalism,schism,determinism,tourism,gnosticism,astigmatism,optimism,parochialism,egalitarianism,activism,feudalism,patriotism,professionalism,pessimism,mechanism,euphemism,dynamism,alcoholism,nativism,egoism,recidivism,nationalism,totalitarianism,metabolism,elitism,secularism,plagiarism,paternalism,socialism,materialism,catechism
isma,
ismael,ismail
ismaelian,
ismaelism,
ismaelite,
ismaelitic,
ismaelitical,
ismaelitish,
ismay,
ismaili,
ismailia,
ismailian,
ismailiya,
ismailite,
ismal,
isman,
ismarus,
ismatic,
ismatical,
ismaticalness,
ismdom,
ismene,
ismenus,
ismet,
ismy,
isms,baptisms,anachronisms,embolisms,antagonisms,organisms,metabolisms,surrealisms,puritanisms,prisms,dualisms,schisms,yogiisms,mannerisms,criticisms,methodisms,aphorisms,euphemisms,microorganisms,mechanisms
isn,
isnad,musnud
isnardia,
isnt,
isn't,
iso,
yso,
iso-,
isoabnormal,
isoagglutination,
isoagglutinative,
isoagglutinin,
isoagglutinogen,
isoalantolactone,
isoallyl,
isoalloxazine,
isoamarine,
isoamid,
isoamide,
isoamyl,
isoamylamine,
isoamylene,
isoamylethyl,
isoamylidene,
isoantibody,
isoantigen,
isoantigenic,
isoantigenicity,
isoapiole,
isoasparagine,
isoaurore,
isobar,
isobarbaloin,
isobarbituric,
isobare,
isobares,
isobaric,
isobarism,
isobarometric,
isobars,
isobase,
isobath,
isobathic,
isobathytherm,
isobathythermal,
isobathythermic,
isobaths,
isobel,kissable,missable,scissible
isobenzofuran,
isobilateral,
isobilianic,
isobiogenetic,
isoborneol,
isobornyl,
isobront,
isobronton,
isobutane,
isobutene,
isobutyl,
isobutylene,
isobutyraldehyde,
isobutyrate,
isobutyric,
isobutyryl,
isocamphor,
isocamphoric,
isocaproic,
isocarbostyril,
isocardia,
isocardiidae,
isocarpic,
isocarpous,
isocellular,
isocephaly,
isocephalic,
isocephalism,
isocephalous,
isoceraunic,
isocercal,
isocercy,
isochasm,
isochasmic,
isocheim,
isocheimal,
isocheimenal,
isocheimic,
isocheimonal,
isocheims,
isochela,
isochimal,
isochime,
isochimenal,
isochimes,
isochlor,
isochlorophyll,
isochlorophyllin,
isocholanic,
isocholesterin,
isocholesterol,
isochor,isochore
isochore,isochor
isochores,
isochoric,
isochors,
isochromatic,
isochron,
isochronal,
isochronally,
isochrone,
isochrony,
isochronic,
isochronical,
isochronism,
isochronize,
isochronized,
isochronizing,
isochronon,
isochronous,
isochronously,
isochrons,
isochroous,
isocyanate,evaluate,consummate,trait,spate,cultivate,abate,indicate,dissipate,late,state,accommodate,obfuscate,integrate,elaborate,weight,slate,vacillate,fate,propagate,collate,abrogate,incorporate,designate,arrogate,facilitate,adequate,relate,create,debate,wait,mandate,abdicate,manipulate,gait,rate,predicate,dedicate,communicate,reiterate,precipitate,conflate,mitigate,assimilate,obviate,disseminate,demonstrate,separate,emanate,resonate,collaborate,great,corroborate,articulate,commiserate,repudiate,deliberate,procrastinate,straight,intimate,extrapolate,alleviate,estate,appreciate,denigrate,graduate,alternate,associate,exacerbate,delineate,mate,initiate,desolate,update,anticipate,postulate,contemplate,appropriate,delegate,celebrate,deprecate,compensate,estimate,inculcate,coordinate,plate,ameliorate,advocate,gate,subordinate,rait,elucidate,profligate,stipulate,emulate,innate,moderate,date,surrogate,consolidate,freight
isocyanic,
isocyanid,
isocyanide,
isocyanin,
isocyanine,
isocyano,
isocyanogen,
isocyanurate,
isocyanuric,
isocyclic,
isocymene,
isocinchomeronic,
isocinchonine,
isocytic,
isocitric,
isoclasite,
isoclimatic,
isoclinal,
isoclinally,
isocline,
isoclines,
isoclinic,
isoclinically,
isocodeine,
isocola,
isocolic,
isocolon,
isocoria,
isocorybulbin,
isocorybulbine,
isocorydine,
isocoumarin,
isocracy,
isocracies,
isocrat,
isocrates,
isocratic,
isocreosol,
isocrymal,
isocryme,
isocrymic,
isocrotonic,
isodactylism,
isodactylous,
isode,nosode
isodef,
isodiabatic,
isodialuric,
isodiametric,
isodiametrical,
isodiaphere,
isodiazo,
isodiazotate,
isodimorphic,
isodimorphism,
isodimorphous,
isodynamia,
isodynamic,
isodynamical,
isodynamous,
isodomic,
isodomon,
isodomous,
isodomum,
isodont,
isodontous,
isodose,
isodrin,
isodrome,
isodrosotherm,
isodulcite,
isodurene,
isoelastic,
isoelectric,
isoelectrically,
isoelectronic,fibronic,blahnik,hegemonic,catatonic,ironic,sardonic,miltonic,sonic,avionic,gnomonic,ultrasonic,conic,ovonic,panasonic,nucleonic,canonic,chronic,chthonic,pharaonic,clonic,tronic,plutonic,phonic,mnemonic,ionic,harmonic,connick,flextronic,chronique,microelectronic,medtronic,laconic,tonic,hypersonic,hydroponic,planktonic,propionic,philharmonic,platonic,napoleonic,embryonic,ebonic,hedonic,masonic,pneumonic,telephonic,diasonic,leptonic,kronick,stronach,lexiphonic,allophonic,diatonic,monophonic,varitronic,polyphonic,personic,symphonic,isotonic,respironic,photronic,hyaluronic,hanak,neoplatonic,hypertonic,ganglionic,audiotronic,environic,supersonic,lasersonic,plantronic,synchronic,demonic,yonic,bubonic,teutonic,histrionic,vanik,electronic,tranzonic,tectonic,telectronic
isoelectronically,
isoelemicin,
isoemodin,
isoenergetic,
isoenzymatic,
isoenzyme,
isoenzymic,
isoerucic,
isoetaceae,
isoetales,
isoetes,
isoeugenol,
isoflavone,
isoflor,
isogam,
isogamete,
isogametic,
isogametism,
isogamy,misogamy
isogamic,
isogamies,
isogamous,
isogen,
isogeneic,
isogenesis,
isogenetic,
isogeny,lysogeny
isogenic,bennick,krenik,authentic,cryogenic,fennic,calisthenic,benecke,anthropogenic,brennecke,fenech,eugenic,pennock,rennick,vennick,zenick,krenek,benak,telegenic,splenic,denike,hellenic,fennec,penick,hennick,carcinogenic,pennick,hallucinogenic,henneke,deneke,renick,zenik,jaenicke,transgenic,psychogenic,beneke,pathogenic,photogenic,penock,schizophrenic,orogenic
isogenies,
isogenotype,
isogenotypic,
isogenous,misogynous
isogeotherm,
isogeothermal,
isogeothermic,
isogynous,
isogyre,
isogloss,
isoglossal,
isoglosses,
isognathism,
isognathous,
isogon,isagon
isogonal,
isogonality,
isogonally,
isogonals,
isogone,
isogones,
isogony,
isogonic,
isogonics,
isogonies,
isogoniostat,
isogonism,
isogons,
isogradient,
isograft,
isogram,kissogram
isograms,
isograph,
isography,nosography,chrysography
isographic,
isographical,
isographically,
isographs,
isogriv,
isogrivs,
isohaline,
isohalsine,
isohel,
isohels,
isohemolysis,
isohemopyrrole,
isoheptane,
isohesperidin,
isohexyl,
isohydric,
isohydrocyanic,
isohydrosorbic,
isohyet,
isohyetal,
isohyets,
isohume,
isoimmune,
isoimmunity,
isoimmunization,
isoimmunize,
isoindazole,
isoindigotin,
isoindole,
isoyohimbine,
isoionone,
isokeraunic,
isokeraunographic,
isokeraunophonic,
isokontae,
isokontan,
isokurtic,
isola,guatemala,lasala,savala,lala,domagala,alla,cecala,sabala,meola,rolla,chawla,ojala,seppala,nuala,cicala,mccollough,matala,rajala,begala,corolla,kholah,vadala,amygdala,kubala,marsala,walla,cipolla,ndola,stola,alcala,abdollah,adalah,sigala,zappala,allah,machala,skala,neola,mala,paula,tafolla,bala,zavala,vala,ramallah,haapala,kuala,kerala,depaula,bangala,kampala,mollah,cholla,oglala,cala,impala,arreola,scala,holla,koala,ruhollah,butala,feola,odwalla,rogala,whala,fiala,kabbalah,hakala,ayala,zabala,wallah,bolla,wala,sala,magdala,mancala,golla
isolability,
isolable,
isolapachol,
isolatable,
isolate,evaluate,consummate,trait,spate,cultivate,abate,indicate,dissipate,late,state,accommodate,obfuscate,integrate,elaborate,weight,slate,vacillate,fate,propagate,collate,abrogate,incorporate,designate,arrogate,facilitate,adequate,relate,create,debate,wait,mandate,abdicate,manipulate,gait,rate,predicate,dedicate,communicate,reiterate,precipitate,conflate,mitigate,assimilate,obviate,disseminate,demonstrate,separate,emanate,resonate,collaborate,great,corroborate,articulate,commiserate,repudiate,deliberate,procrastinate,straight,intimate,extrapolate,alleviate,estate,appreciate,denigrate,graduate,alternate,associate,exacerbate,delineate,mate,initiate,desolate,update,anticipate,postulate,contemplate,appropriate,delegate,celebrate,deprecate,compensate,estimate,inculcate,coordinate,plate,ameliorate,advocate,gate,subordinate,rait,elucidate,profligate,stipulate,emulate,innate,moderate,date,surrogate,consolidate,freight
isolated,fascinated,designated,incorporated,opinionated,irritated,unabated,mitigated,bifurcated,indicated,emanated,perforated,annotated,predicated,frustrated,corrugated,contaminated,agitated,slated,truncated,separated,aggravated,integrated,dilapidated,unmitigated,deprecated,orientated,dissipated,consolidated,interrelated,excoriated,concentrated,graduated,exaggerated,nauseated,allocated,related,stated,intoxicated,exonerated,situated,emaciated,delineated,exacerbated,mandated,unadulterated,dated,inundated,inebriated,animated,outdated,attenuated,precipitated,intimidated,bated,relegated,intimated,belated,antiquated,overrated,devastated,sophisticated,encapsulated,affiliated,associated,obligated,prorated,decapitated,reiterated,promulgated,feted,initiated,infatuated,incapacitated,articulated,understated,saturated,substantiated,appreciated,elevated,serrated,exasperated,abated,stipulated,eviscerated,complicated,motivated,created,sated,cultivated,dilated,alienated,elated,located,liberated,automated,aggregated,incarcerated,educated,consecrated,anticipated
isolatedly,
isolates,indicates,evaporates,states,differentiates,predicates,exacerbates,demonstrates,approximates,allocates,permeates,emirates,corroborates,advocates,inmates,teammates,affiliates,estimates,fetes,estates,coates,dictates,separates,waits,emulates,yates,delegates,updates,plates,subordinates,equates,accommodates,deteriorates,awaits,cates,classmates,baits,gates,mitigates,weights,postulates,creates,integrates,associates,intimidates,radiates,dates,resonates,sates,extrapolates,anticipates,necessitates,relates,mates,graduates,mandates,hippocrates,delineates,exaggerates,dissipates,perpetuates,facilitates,rates,traits,predominates,infuriates,ates,expatriates,repudiates,chordates,skates,fates,coordinates,vertebrates,appreciates,illustrates,grates,primates,operates,invertebrates,obviates,nates,annotates,fluctuates,eights,negates,straits,disseminates,slates,deviates,commemorates,translates,accelerates,bates,crates,plaits,yeats,greats,pates
isolating,delegating,vacillating,baiting,annihilating,bating,gaiting,devastating,skating,stating,relating,validating,radiating,culminating,intimidating,exasperating,perpetuating,rotating,nauseating,berating,mating,awaiting,alternating,deteriorating,captivating,facilitating,initiating,exacerbating,denigrating,obviating,percolating,emulating,waiting,suffocating,escalating,stimulating,ingratiating,irritating,excruciating,creating,procrastinating,anticipating,operating,delineating,salivating,humiliating,alienating,indicating,recuperating,intoxicating,infuriating,rating,reciprocating,permeating,cultivating,calculating,dating,subordinating,contemplating,exhilarating,frustrating,weighting,abrogating,aggravating,dominating,gating,self-deprecating,eliminating,accumulating,emanating,discriminating,excoriating,pontificating,extenuating,advocating,abbreviating,accommodating,coordinating,plating,deprecating,fascinating,illuminating,pulsating,articulating,debilitating,communicating,mitigating,instigating,grating,accelerating,abating,titillating,invigorating,implicating,undulating,fluctuating,liberating,activating,oscillating,penetrating,incriminating
isolation,correlation,notation,variation,collaboration,trepidation,sensation,preparation,inspiration,situation,expectation,abbreviation,reservation,transportation,medication,designation,conservation,implementation,presentation,salvation,rehabilitation,evaluation,conversation,station,pronunciation,vocation,approbation,appreciation,quotation,determination,revelation,obfuscation,affirmation,connotation,meditation,integration,operation,precipitation,articulation,interpretation,population,obligation,collocation,reconciliation,orientation,litigation,constellation,observation,accommodation,discrimination,cooperation,generation,motivation,proliferation,corporation,dissertation,aberration,implication,association,manifestation,innovation,organization,ramification,reputation,configuration,consternation,abomination,application,administration,remuneration,civilization,indignation,nation,communication,location,foundation,radiation,altercation,creation,representation,anticipation,segregation,gentrification,conflagration,information,adaptation,aspiration,vacation,deviation,citation,transformation,dedication,relation,alliteration,affiliation,compensation,consideration,remediation,education,translation,inclination
isolationalism,
isolationalist,
isolationalists,
isolationism,modernism,journalism,feminism,consumerism,nihilism,terrorism,autism,dualism,nepotism,positivism,individualism,botulism,organism,romanticism,capitalism,racism,narcissism,mercantilism,pluralism,relativism,ism,embolism,chisum,populism,aphorism,federalism,parallelism,favoritism,fatalism,altruism,despotism,magnetism,imperialism,zionism,humanism,skepticism,judaism,prism,aneurism,colonialism,pragmatism,collectivism,liberalism,surrealism,naturalism,escapism,symbolism,atheism,hedonism,animism,darwinism,rheumatism,chauvinism,statism,chism,communism,anachronism,mysticism,criticism,fascism,cronyism,egotism,absolutism,antagonism,stoicism,evangelism,empiricism,mannerism,cynicism,legalism,schism,determinism,tourism,gnosticism,astigmatism,optimism,parochialism,egalitarianism,activism,feudalism,patriotism,professionalism,pessimism,mechanism,euphemism,dynamism,alcoholism,nativism,egoism,recidivism,nationalism,totalitarianism,metabolism,elitism,secularism,plagiarism,paternalism,socialism,materialism,catechism
isolationist,conservationist,preservationist,segregationist,collaborationist,reservationist
isolationists,preservationists,reservationists,conservationists,segregationists
isolations,
isolative,
isolator,
isolators,
isolda,
isolde,bolda,golda,holda,moldau
ysolde,
isolead,
isoleads,
isolecithal,
isolette,
isoleucine,
isolex,
isolichenin,
isoline,dispoline,mysoline,misalign
isolines,
isolinolenic,
isolysin,
isolysis,
isoln,
isolog,
isology,
isologous,
isologs,
isologue,
isologues,
isoloma,
isolt,
isom,atheism
isomagnetic,
isomaltose,
isomastigate,
isomelamine,
isomenthone,
isomer,
isomera,
isomerase,
isomere,
isomery,
isomeric,
isomerical,
isomerically,
isomeride,
isomerism,
isomerization,
isomerize,
isomerized,
isomerizing,
isomeromorphism,
isomerous,
isomers,
isometry,
isometric,viscometric
isometrical,
isometrically,
isometrics,
isometries,
isometrograph,
isometropia,
isomyaria,
isomyarian,
isomorph,
isomorphic,
isomorphically,
isomorphism,orphism,dwarfism,anthropomorphism,dimorphism,morphism
isomorphisms,
isomorphism's,
isomorphous,
isomorphs,
ison,glisten,iskcon,nissen,frison,brisson,rechristen,dishon,thissen,sison,dison,kissane,bissen,brison,grisson,edmisten,nissin,zisson,divison,bisson,sisson,rison,christen,tison,glisson,listen
isoneph,
isonephelic,
isonergic,
isoniazid,
isonicotinic,
isonym,
isonymy,
isonymic,
isonitramine,
isonitril,
isonitrile,
isonitro,
isonitroso,isonitroso-
isonomy,
isonomic,
isonomies,
isonomous,
isonuclear,
isonville,
isonzo,
isoo,
isooctane,
iso-octane,
isooleic,
isoosmosis,
iso-osmotic,
isop,
isopach,
isopachous,
isopachs,
isopag,
isoparaffin,
isopathy,
isopectic,
isopedin,
isopedine,
isopelletierin,
isopelletierine,
isopentane,
isopentyl,
isoperimeter,
isoperimetry,
isoperimetric,
isoperimetrical,
isopetalous,
isophanal,
isophane,
isophasal,
isophene,
isophenomenal,
isophylly,
isophyllous,
isophone,
isophoria,
isophorone,
isophotal,
isophote,
isophotes,
isophthalic,
isophthalyl,
isopycnal,
isopycnic,
isopicramic,
isopiestic,
isopiestically,
isopilocarpine,
isopyre,
isopyromucic,
isopyrrole,
isoplere,
isopleth,
isoplethic,
isopleths,
isopleura,
isopleural,
isopleuran,
isopleure,
isopleurous,
isopod,physopod,chrysopid
isopoda,physopoda
isopodan,
isopodans,
isopodiform,
isopodimorphous,
isopodous,
isopods,
isopogonous,
isopoly,
isopolite,
isopolity,
isopolitical,
isopor,
isoporic,
isoprenaline,
isoprene,
isoprenes,
isoprenoid,
isoprinosine,mein,wean,amin,teen,lean,preen,vaccine,treen,contravene,tourmaline,umpteen,latrine,sardine,trampoline,routine,wolverine,libertine,amphetamine,philistine,feine,leen,screen,magazine,caffeine,aniline,holstein,scene,limousine,opaline,florentine,selene,between,agin,kerosene,seen,queen,figurine,obscene,serene,machine,tangerine,dean,gelatine,cuisine,reconvene,sistine,irene,mezzanine,mien,gasoline,murine,hygiene,bean,intervene,convene,thirteen,marine,guillotine,byzantine,vien,submarine,ravine,green,clean,aquamarine,baleen,internecine,keen,unforeseen,protein,mean,foreseen,careen,glean,undine,argentine,peregrine,fifteen,evergreen,geraldine,quarantine,nene,casein,bromine,demean,gene,sheen,augustine,labyrinthine,spleen,clementine,sunscreen,sabine,lien,eugene,jean,aberdeen,canteen,halloween,saline
isopropanol,
isopropenyl,
isopropyl,
isopropylacetic,
isopropylamine,
isopropylideneacetone,
isoproterenol,
isopsephic,
isopsephism,
isoptera,
isopterous,
isoptic,
isopulegone,
isopurpurin,
isoquercitrin,
isoquinine,
isoquinoline,
isorcinol,
isorhamnose,
isorhythm,
isorhythmic,
isorhythmically,
isorhodeose,
isorithm,
isorosindone,
isorrhythmic,
isorropic,
isort,
isosaccharic,
isosaccharin,
isoscele,
isosceles,antifreeze,wease,unease,sees,sease,displease,niese,javanese,munchies,these,japanese,tees,agrees,pleas,aziz,seize,testes,hercules,analyses,hyades,parentheses,fees,damocles,siamese,tease,bes,reprise,idiosyncrasies,creaze,reis,skis,seas,maccabees,wheeze,chemise,belize,leas,diocese,degrees,freeze,expertise,sinhalese,jeez,knees,manganese,emphases,journalese,breeze,tweeze,seese,feces,teas,squeeze,oversees,fleas,attendees,balinese,trapeze,ease,pleiades,overseas,frieze,peas,striptease,cheese,mores,pcs,headcheese,maltese,sleaze,rameses,actuaries,hypotheses,chinese,dees,burmese,taiwanese,flees,louise,cadiz,socrates,cantonese,please,appease,trees,portuguese,sneeze,chese,keys,guarantees,indices,geez,pease,lees,feaze,bees,disease
isoscope,
isoseismal,
isoseismic,
isoseismical,
isoseist,
isoserine,
isosmotic,
isosmotically,
isospin,
isospins,
isospondyli,
isospondylous,
isospore,
isospory,
isosporic,
isospories,
isosporous,
isostacy,
isostasy,
isostasies,
isostasist,
isostatic,
isostatical,
isostatically,
isostemony,
isostemonous,
isoster,
isostere,
isosteric,
isosterism,
isostrychnine,
isostructural,
isosuccinic,
isosulphide,
isosulphocyanate,
isosulphocyanic,
isosultam,
isotac,
isotach,
isotachs,
isotactic,
isoteles,
isotely,
isoteniscope,
isotere,
isoteric,
isotheral,
isothere,
isotheres,
isotherm,
isothermal,kurmel,turmel,hydrothermal,dermal,thermal,epidermal,bermel,mesodermal,vermeil,endodermal,wormal,geothermal
isothermally,
isothermic,
isothermical,
isothermobath,
isothermobathic,
isothermobaths,
isothermous,
isotherms,
isotherombrose,
isothiocyanates,
isothiocyanic,
isothiocyano,
isothujone,
isotimal,
isotimic,
isotype,chrysotype
isotypes,
isotypic,
isotypical,
isotome,
isotomous,
isotone,
isotones,
isotony,
isotonia,
isotonic,fibronic,blahnik,hegemonic,catatonic,ironic,sardonic,miltonic,sonic,avionic,gnomonic,ultrasonic,conic,ovonic,panasonic,nucleonic,canonic,chronic,chthonic,pharaonic,clonic,tronic,plutonic,phonic,mnemonic,ionic,harmonic,connick,flextronic,chronique,microelectronic,medtronic,laconic,tonic,hypersonic,hydroponic,planktonic,propionic,philharmonic,platonic,napoleonic,embryonic,ebonic,hedonic,masonic,pneumonic,telephonic,isoelectronic,diasonic,leptonic,kronick,stronach,lexiphonic,allophonic,diatonic,monophonic,varitronic,polyphonic,personic,symphonic,respironic,photronic,hyaluronic,hanak,neoplatonic,hypertonic,ganglionic,audiotronic,environic,supersonic,lasersonic,plantronic,synchronic,demonic,yonic,bubonic,teutonic,histrionic,vanik,electronic,tranzonic,tectonic,telectronic
isotonically,
isotonicity,
isotope,envelope,knope,dope,antelope,misanthrope,allotrope,bronchoscope,mope,elope,schoepf,polariscope,scope,koepp,kaleidoscope,nope,ophthalmoscope,slope,hope,pope,stope,isentrope,cantaloupe,interscope,telescope,periscope,stethoscope,grope,soap,oscilloscope,shope,groep,tope,laryngoscope,schoepp,antroscope,proctoscope,rope,softsoap,partenope,koep,trope,strope,swope,lope,endoscope,heliotrope,microscope,gyroscope,epitope,kope,tightrope,sope,horoscope,gastroscope,cope
isotopes,soaps,ropes,periscopes,allotropes,microscopes,stopes,lopes,scopes,gropes,slopes,gyroscopes,mopes,elopes,swopes,propes,cantaloupes,dopes,telescopes,tropes,oscilloscopes,stethoscopes,hopes,envelopes,horoscopes,topes,copes
isotope's,
isotopy,
isotopic,laryngoscopic,polytropic,philanthropic,myopic,geotropic,topic,isentropic,gyroscopic,popick,endoscopic,hydropic,tropic,hopak,microscopic,scopic,telescopic,laparoscopic,kopeck,coppock
isotopically,
isotopies,
isotopism,
isotrehalose,
isotria,
isotrimorphic,
isotrimorphism,
isotrimorphous,
isotron,
isotronic,
isotrope,
isotropy,
isotropic,
isotropies,
isotropil,
isotropism,
isotropous,
iso-urea,
iso-uretine,
iso-uric,
isovalerate,
isovalerianate,
isovalerianic,
isovaleric,
isovalerone,
isovaline,
isovanillic,
isovoluminal,
isoxanthine,
isoxazine,
isoxazole,
isoxylene,
isoxime,
isozyme,lysozyme
isozymes,
isozymic,
isozooid,
ispaghul,
ispahan,isfahan
i-spy,
ispm,
ispraynik,
ispravnik,
isr,
israel,
israeli,gailey,haley,daily,gayly,daley,ailey,bailly,fraley,reiley,mayle,galei,palely,stalely,whaley,salii,paley,bailey,greyly,frailey,bailie,galie,cayley,baillie,daly,faley,baley,scaley,grayly,aley,aly,kaley,bayley,brailey,galeae,haily,railey,waley,flaily,dailey,maly,bally,galey,bi-daily,baily,taillie,kaylie,hayley,vallely,disraeli,halley,paleae,bailee,qualey,staley,wally,dayley,gaily,quaily,caley,baylee,fraleigh,maley,bayly,reilley,scali,hailey,frailly,ukulele,scaly
israelis,palis,galeas,baileys,dailies
israelite,uptight,twilight,lite,meteorite,alright,expedite,erudite,apatite,sight,frostbite,website,light,indite,foresight,acolyte,graphite,apartheid,night,byte,feit,right,spotlight,recondite,nite,limelight,finite,fahrenheit,luddite,sleight,brite,flight,goodnight,hindsight,twite,kite,dight,midnight,height,wight,polite,white,oversight,underwrite,bight,blight,insight,mite,overwrite,upright,fright,excite,rite,alight,rewrite,indict,tight,tripartite,fight,unite,wright,ignite,slight,quite,lignite,spite,site,delight,downright,highlight,appetite,parasite,satellite,smite,plight,copyright,sprite,smight,cite,incite,bite,fortnight,despite,outright,neophyte,write,invite,recite,contrite,backbite,knight,overnight,forthright,trite,bright,hermaphrodite,extradite,moonlight,plebiscite,might,playwright
israelites,spites,appetites,satellites,heights,uprights,overflights,campsites,insights,floodlights,invites,neophytes,delights,fights,tights,frites,ignites,geitz,parasites,footlights,incites,rites,unites,heitz,slights,mennonites,ammonites,blights,highlights,extradites,skylights,bites,spotlights,sights,backlights,nites,kilobytes,socialites,plights,rights,wrights,whites,daylights,phagocytes,mites,nights,stites,rewrites,dolomites,sprites,dogfights,acolytes,recites,apatites,luddites,suburbanites,flights,headlights,crites,gigabytes,cites,excites,sleights,lights,kites,frights,copyrights,reunites,bytes,reits,smites,wights,shiites,soundbites,knights,lymphocytes,seitz,lites,flashlights,sites,shipwrights,sulfites,jacobites,megabytes,searchlights,urbanites,brights,writes,playwrights,stylites,reitz
israeliteship,
israelitic,
israelitish,
israelitism,
israelitize,
israfil,
isrg,
iss,
issachar,
issacharite,
issayeff,
issanguila,
issaquah,
y-ssed,
issedoi,
issedones,
issei,disci,cissie,crisci,prissie,fissi-,chrissie,gissi,physi-,missey,lyssy,cissy,issy,prissy,missy,iscsi,kissy,lissy,sissie,pisci-,brissey,chrissy,physi,pisci,pissy,issie,byssi,fissi,lissie,hissy,besee,hisey,crissey,missie,bissey,sissy
isseis,
yssel,
issi,
issy,issei,disci,cissie,crisci,prissie,fissi-,chrissie,gissi,physi-,missey,lyssy,cissy,prissy,missy,iscsi,kissy,lissy,sissie,pisci-,brissey,chrissy,physi,pisci,pissy,issie,byssi,fissi,lissie,hissy,besee,hisey,crissey,missie,bissey,sissy
issiah,
issie,issei,disci,cissie,crisci,prissie,fissi-,chrissie,gissi,physi-,missey,lyssy,cissy,issy,prissy,missy,iscsi,kissy,lissy,sissie,pisci-,brissey,chrissy,physi,pisci,pissy,byssi,fissi,lissie,hissy,besee,hisey,crissey,missie,bissey,sissy
issyk-kul,
issy-les-molineux,
issite,
issn,
issuable,
issuably,
issuance,
issuances,
issuant,
issue,pishu,tissue,reissue
issued,reissued
issueless,
issuer,
issuers,
issues,tissues
issuing,reissuing
issus,electrophoresis,narcissus
ist,
yst,
istachatta,
istana,
istanbul,stool,supercool,raoul,kool,fuel,brule,dule,bulle,goole,home-school,pool,rule,raul,blackpool,sproule,ghoul,abdul,minuscule,dual,cool,mule,boulle,poul,school,buhl,misrule,uncool,doole,cruel,tuille,juel,toole,yule,thule,retool,boule,fool,jewel,dreul,tool,saccule,buel,joule,ridicule,bellefeuille,highschool,molecule,cesspool,jule,duell,carpool,whirlpool,liverpool,skool,tulle,tuel,drool,poole,dzhambul,boole,vestibule,preschool,overrule,spool
ister,
isth,
isth.,
isthm,
isthmal,
isthmectomy,
isthmectomies,
isthmi,
isthmia,
isthmial,
isthmian,
isthmians,
isthmiate,
isthmic,
isthmics,
isthmist,
isthmistic,
isthmistical,
isthmistics,
isthmoid,
isthmus,christmas
isthmuses,
istic,pistic,mustac,bestuck,cistic,fistic,fustic,bestick,rustic
istiophorid,
istiophoridae,
istiophorus,
istle,euromissile,fissile,sissel,bisel,antimissile,kissell,dismissal,schissel,wissel,bristle,epistle,bissell,gristle,whistle,missal,fissel,entwistle,missile,thistle,tricil,cissell,hisel,missel,fissell,glycel,kissel
istles,
istoke,
istria,confindustria,industria
istrian,
istvaeones,
istvan,
isup,
isuret,
isuretine,
isuridae,
isuroid,
isurus,
isus,
isv,
iswara,
isz,
it,submit,whitt,dlitt,fit,schmidt,grit,tit,flit,writ,outwit,mlitt,pit,cockpit,sunlit,skit,sit,witte,quit,brit,transmit,whit,shit,schmitt,spit,misfit,counterfeit,emit,litt,outfit,pitt,britt,permit,gillett,befit,armpit,refit,smitt,witt,nit,stitt,dewitt,kit,knit,bullshit,ccitt,legit,messerschmitt,unfit,obit,commit,retrofit,ritt,hypocrite,rootkit,fytte,smit,identikit,split,acquit,kitt,remit,lit,hit,hitt,slit,bit,pritt,omit,mitt,readmit,devitt,tidbit,lafitte,wit,chit,tritt,moonlit,fitt,admit,blitt,resubmit,recommit
yt,
it&t,submit,whitt,dlitt,fit,schmidt,grit,tit,flit,writ,outwit,mlitt,pit,cockpit,sunlit,skit,sit,witte,quit,brit,transmit,whit,shit,schmitt,spit,misfit,counterfeit,emit,litt,outfit,pitt,britt,permit,gillett,befit,armpit,refit,smitt,witt,nit,stitt,dewitt,kit,knit,bullshit,ccitt,legit,messerschmitt,unfit,obit,commit,retrofit,ritt,hypocrite,rootkit,fytte,smit,identikit,split,acquit,kitt,remit,lit,hit,hitt,slit,bit,pritt,omit,mitt,readmit,devitt,tidbit,lafitte,wit,chit,tritt,moonlit,fitt,admit,blitt,resubmit,recommit
ita,vita,zurita,jovita,vitae
itabirite,
itabuna,
itacism,mytacism
itacist,
itacistic,
itacolumite,
itaconate,
itaconic,
itagaki,
itai,
itajai,
ital,
ital.,
itala,bletilla
itali,
italy,wittily
italia,gallia,dahlia,nathalia,valia,athalia,pallia,aeritalia,mahalia,alitalia
italian,battalion,gallion,scallion,mccallion,medallion,stallion
italianate,evaluate,consummate,trait,spate,cultivate,abate,indicate,dissipate,late,state,accommodate,obfuscate,integrate,elaborate,weight,slate,vacillate,fate,propagate,collate,abrogate,incorporate,designate,arrogate,facilitate,adequate,relate,create,debate,wait,mandate,abdicate,manipulate,gait,rate,predicate,dedicate,communicate,reiterate,precipitate,conflate,mitigate,assimilate,obviate,disseminate,demonstrate,separate,emanate,resonate,collaborate,great,corroborate,articulate,commiserate,repudiate,deliberate,procrastinate,straight,intimate,extrapolate,alleviate,estate,appreciate,denigrate,graduate,alternate,associate,exacerbate,delineate,mate,initiate,desolate,update,anticipate,postulate,contemplate,appropriate,delegate,celebrate,deprecate,compensate,estimate,inculcate,coordinate,plate,ameliorate,advocate,gate,subordinate,rait,elucidate,profligate,stipulate,emulate,innate,moderate,date,surrogate,consolidate,freight
,
