imbibition,
imbibitional,
imbibitions,
imbibitory,
imbirussu,
imbitter,
imbittered,
imbitterer,
imbittering,
imbitterment,embitterment
imbitters,
imblaze,emblaze
imblazed,
imblazes,
imblazing,
imbler,
imboden,
imbody,
imbodied,
imbodies,
imbodying,
imbodiment,
imbolden,
imboldened,
imboldening,
imboldens,
imbolish,
imbondo,
imbonity,
imborder,emborder
imbordure,
imborsation,
imboscata,
imbosk,imboss
imbosom,embosom
imbosomed,
imbosoming,
imbosoms,
imbower,embower
imbowered,
imbowering,
imbowers,
imbracery,embracery
imbraceries,
imbranch,
imbrangle,embrangle
imbrangled,
imbrangling,
imbreathe,
imbred,
imbreviate,
imbreviated,
imbreviating,
imbrex,
imbricate,fimbricate
imbricated,
imbricately,
imbricating,
imbrication,
imbrications,embrocations
imbricative,
imbricato-,
imbrices,
imbrier,
imbrium,
imbrius,
imbrocado,
imbroccata,
imbroglio,
imbroglios,
imbroin,
imbros,
imbrown,embrown
imbrowned,
imbrowning,
imbrowns,
imbrue,embrew,embrue
imbrued,
imbruement,
imbrues,
imbruing,
imbrute,embrute
imbruted,
imbrutement,
imbrutes,
imbruting,
imbu,
imbue,you,who,zoo,yahoo,renew,purview,pursue,rue,slew,anew,statue,lulu,poo,queue,eschew,debut,construe,boo,true,rendezvous,goo,accrue,two,spew,barbecue,interview,shoe,ado,shrew,cue,stew,emu,thru,too,loo,few,mew,que,q,woo,tissue,to,residue,brew,dew,flu,flue,vu,tattoo,lieu,crew,pew,through,coup,outdo,ingenue,guru,skew,glue,clue,ewe,strew,hitherto,canoe,vue,roux,blue,screw,retinue,do,xu,subdue,hue,breakthrough,shue,redo,sue,yew,cuckoo,hew,review,askew,view,coo,overdo,overview,due,adieu,undo,gnu,new,avenue,into,revenue,ensue,u,bamboo,taboo,undue,chew
imbued,allude,trude,delude,dude,exude,denude,crude,blued,likud,food,servitude,eschewed,hued,prelude,extrude,seclude,cooed,solicitude,canoed,seafood,glued,debuted,pseud,wooed,collude,amplitude,skewed,rood,flewed,chewed,verisimilitude,rectitude,certitude,tude,altitude,preclude,sued,lewd,tattooed,interlude,hewed,rude,include,fortitude,prude,strude,construed,exactitude,exclude,cued,shrewd,spewed,unglued,longitude,slewed,aptitude,obtrude,mood,latitude,conclude,booed,subdued,gratitude,brood,barbecued,solitude,platitude,ineptitude,ensued,screwed,feud,nude,gude,multitude,shoed,viewed,intrude,reviewed,attitude,turpitude,elude,frankenfood,stewed,endued,accrued,magnitude,shooed,jude,brewed,mooed,renewed,protrude,strewed,queued,pursued,snood,misconstrued
imbuement,
imbues,
imbuia,
imbuing,
imburse,emburse
imbursed,
imbursement,
imbursing,
imbute,
imc,
ymca,
ymcatha,
imcnt,
imco,
imd,
imdtly,
imelda,zelda,kelda,ethelda,felda,marelda,nelda,emelda,grizelda,velda,celda,selda,esmerelda
imelida,
imelle,
imena,
imer,
imerina,
imeritian,
imf,
ymha,
imho,
imi,
imid,
imidazol,
imidazole,
imidazolyl,
imide,thrum-eyed
imides,
imidic,
imido,
imidogen,
imids,
iminazole,
imine,
imines,
imino,
iminohydrin,
iminourea,
imipramine,trimipramine
ymir,
imit,
imit.,
imitability,
imitable,inimitable
imitableness,
imitancy,
imitant,
imitate,initiate,delineate,integrate,estimate,debate,straight,profligate,predicate,propagate,dissipate,denigrate,innate,ameliorate,separate,dedicate,facilitate,collate,subordinate,precipitate,incorporate,elaborate,associate,stipulate,weight,coordinate,gate,resonate,obfuscate,disseminate,adequate,deliberate,conflate,intimate,alternate,vacillate,consolidate,slate,rate,mate,emanate,appropriate,procrastinate,delegate,extrapolate,emulate,surrogate,accommodate,inculcate,corroborate,create,gait,exacerbate,designate,articulate,fate,relate,elucidate,deprecate,evaluate,anticipate,graduate,indicate,late,wait,compensate,estate,mitigate,postulate,moderate,reiterate,update,assimilate,advocate,communicate,state,demonstrate,abrogate,manipulate,trait,date,contemplate,appreciate,arrogate,celebrate,great,freight,desolate,spate,repudiate,obviate,abdicate,abate,cultivate,consummate,commiserate,mandate,collaborate,plate,rait,alleviate
imitated,nauseated,stipulated,affiliated,inundated,consecrated,devastated,complicated,opinionated,exasperated,articulated,exaggerated,integrated,delineated,aggregated,obligated,substantiated,emanated,indicated,decapitated,sophisticated,slated,elevated,encapsulated,eviscerated,mandated,frustrated,bated,educated,abated,contaminated,sated,automated,liberated,belated,motivated,understated,related,predicated,located,orientated,alienated,cultivated,dated,stated,corrugated,intoxicated,precipitated,relegated,annotated,exacerbated,bifurcated,created,incorporated,agitated,consolidated,inebriated,intimidated,isolated,situated,outdated,fascinated,anticipated,serrated,initiated,saturated,reiterated,designated,excoriated,graduated,exonerated,associated,dilapidated,separated,infatuated,unabated,unadulterated,elated,concentrated,aggravated,emaciated,perforated,feted,overrated,antiquated,truncated,dissipated,animated,unmitigated,deprecated,incapacitated,irritated,attenuated,prorated,allocated,incarcerated,mitigated,intimated,appreciated,promulgated,interrelated
imitatee,
imitates,relates,equates,greats,pates,teammates,deteriorates,demonstrates,crates,eights,fluctuates,nates,delegates,coordinates,grates,skates,sates,delineates,mandates,predominates,states,exacerbates,separates,classmates,inmates,radiates,updates,subordinates,coates,straits,estates,obviates,baits,deviates,yeats,approximates,dissipates,primates,evaporates,exaggerates,chordates,annotates,emulates,weights,illustrates,traits,mitigates,mates,negates,allocates,advocates,plates,hippocrates,vertebrates,awaits,fates,rates,fetes,anticipates,integrates,operates,appreciates,resonates,predicates,associates,indicates,commemorates,cates,accommodates,necessitates,expatriates,waits,affiliates,repudiates,facilitates,differentiates,plaits,emirates,infuriates,extrapolates,permeates,invertebrates,ates,postulates,dictates,accelerates,dates,disseminates,gates,graduates,translates,creates,corroborates,estimates,perpetuates,yates,intimidates,bates,slates
imitating,accumulating,subordinating,intimidating,advocating,ingratiating,infuriating,deprecating,mating,waiting,alienating,recuperating,nauseating,pulsating,fluctuating,captivating,reciprocating,incriminating,self-deprecating,debilitating,exhilarating,berating,illuminating,emulating,discriminating,skating,validating,salivating,denigrating,gaiting,extenuating,bating,aggravating,suffocating,awaiting,obviating,vacillating,excoriating,titillating,relating,dating,calculating,abrogating,dominating,invigorating,mitigating,abbreviating,escalating,instigating,operating,cultivating,eliminating,penetrating,deteriorating,accommodating,excruciating,plating,delegating,radiating,percolating,initiating,emanating,creating,culminating,weighting,stating,frustrating,stimulating,fascinating,alternating,coordinating,activating,indicating,pontificating,procrastinating,humiliating,baiting,exasperating,perpetuating,rotating,facilitating,contemplating,articulating,accelerating,oscillating,delineating,intoxicating,grating,rating,anticipating,devastating,annihilating,undulating,abating,implicating,liberating,irritating,gating,communicating,exacerbating,permeating
imitation,station,constellation,consternation,discrimination,aberration,expectation,presentation,situation,dedication,organization,obligation,collocation,litigation,civilization,information,deviation,gentrification,representation,implementation,implication,alliteration,indignation,administration,medication,innovation,designation,nation,remuneration,integration,motivation,sensation,association,compensation,altercation,preparation,education,application,trepidation,approbation,foundation,salvation,consideration,conflagration,appreciation,revelation,collaboration,affirmation,remediation,cooperation,interpretation,generation,accommodation,inclination,evaluation,aspiration,transportation,configuration,vacation,abbreviation,correlation,corporation,pronunciation,population,adaptation,citation,orientation,dissertation,operation,relation,anticipation,observation,affiliation,inspiration,vocation,translation,notation,communication,meditation,manifestation,reservation,precipitation,connotation,quotation,radiation,location,rehabilitation,conversation,transformation,conservation,variation,segregation,creation,determination,reputation,abomination,reconciliation,articulation,ramification,proliferation,obfuscation
imitational,
imitationist,
imitation-proof,
imitations,operations,fluctuations,abbreviations,organizations,specifications,permutations,reservations,variations,lacerations,communications,combinations,indications,ministrations,appropriations,sensations,stations,medications,renovations,revelations,limitations,locations,illustrations,applications,alterations,configurations,adaptations,gyrations,regulations,vibrations,expectations,generations,decorations,affiliations,palpitations,allocations,explanations,celebrations,publications,denunciations,ramifications,telecommunications,appalachians,relations,associations,hallucinations,reparations,connotations,conversations,occupations,carnations,ruminations,depredations,immunizations,aberrations,machinations,crustaceans,corporations,recriminations,citations,representations,affirmations,patients,considerations,animations,manifestations,qualifications,constellations,obligations,cations,accusations,annotations,vacations,preparations,situations,negotiations,recommendations,altercations,nations,creations,impatiens,complications,aspirations,allegations,congratulations,tribulations,classifications,implications,innovations,deliberations,deviations,observations,foundations,denominations,informations,installations,accommodations,calculations,stipulations
imitative,regulative,dative,quantitative,facultative,alliterative,manipulative,nonnative,appreciative,qualitative,iterative,creative,cooperative,dissipative,stimulative,innovative,vegetative,probative,stative,commemorative,elucidative,prognosticative,authoritative,administrative,meditative,investigative,accommodative,rehabilitative,deliberative,native,accumulative,legislative,collaborative
imitatively,
imitativeness,
imitator,cater,calculator,estimator,accumulator,applicator,equator,curator,generator,liquidator,incinerator,investigator,denominator,litigator,radiator,pater,amphitheatre,stater,respirator,originator,defibrillator,skater,rater,aviator,percolator,innovator,alternator,oscillator,mater,procrastinator,facilitator,tater,escalator,traitor,mediator,refrigerator,speculator,coordinator,frater,illuminator,perpetrator,indicator,incubator,demonstrator,carburetor,detonator,legislator,eighter,navigator,fetor,ventilator,arbitrator,hater,locator,integrator,greater,collaborator,moderator,gator,exterminator,agitator,viator,crater,stator,simulator,creator,dictator,negotiator,educator,slater,instigator,regulator,infiltrator,later,mercator,commentator,terminator,animator,amphitheater,administrator,decorator,gaiter,grater,fabricator,elevator,freighter,gladiator,activator,manipulator,waiter,insulator,accelerator,alligator,actuator,baiter,decatur,translator,excavator,communicator,illustrator,operator
imitators,pontificaters,elevators,infiltrators,respirators,curators,gaiters,simulators,estimators,integrators,procrastinators,appropriators,locators,paters,allocators,craters,narrators,irrigators,accumulators,impersonators,detonators,penetrators,innovators,refrigerators,investigators,moderators,illustrators,traitors,natters,gators,percolators,freighters,educators,litigators,cogenerators,translators,agitators,speculators,actuators,navigators,incubators,batres,radiators,instigators,excavators,alligators,exterminators,calculators,platers,raters,amphitheaters,haters,coordinators,decorators,generators,staters,mediators,creators,originators,carburetors,debaters,gladiators,negotiators,defibrillators,liquidators,administrators,fabricators,perpetrators,interrogators,skaters,demonstrators,maters,accelerators,legislators,stimulators,waiters,regulators,equators,collaborators,applicators,consolidators,renovators,oscillators,insulators,escalators,caters,syndicators,indicators,slaters,animators,operators,manipulators,superfreighters,arbitrators,incinerators,facilitators,commentators,dictators
imitatorship,
imitatress,
imitatrix,
imitt,
imlay,bouquet,quay,everyday,obey,dossier,leeway,allay,railway,delay,dismay,valet,they,stray,decay,cafe,weigh,yea,resume,repay,sobriquet,astray,grey,fray,bay,ballet,gainsay,friday,anyway,k,soiree,away,re,portray,asea,gourmet,stay,vertebrae,spray,prey,passe,hey,entree,day,latte,gateway,display,splay,slay,yay,relay,halfway,tray,mainstay,fiance,disarray,pray,hay,inlay,survey,sachet,pay,nay,cache,play,sway,cliche,buffet,lingerie,x-ray,may,holiday,waylay,fey,gray,lei,array,protege,today,lay,underway,betray,sunday,melee,ok,clay,j,convey,overlay,okay,bray,dna,essay,fillet,say,gay,heyday,jay,ray,usa,way
imlaystown,
imler,kimler,himmler,simler
imm,swim,prim,shim,grimme,patronym,primm,pseudonym,lim,gym,dim,pimm,chiarnim,kym,whim,tim,haradim,crimm,kibbutzim,zim,krim,yim,vim,forelimb,synonym,mim,skim,mckim,bihm,sim,simm,klim,timm,brimm,grim,chimb,kim,trim,mihm,jim,slim,brim,im,rim,sym,crim,prelim,timme,him,trimm,pymm,klym,grimm,kimm,limb,hymn,clim,flim
immaculacy,
immaculance,
immaculata,
immaculate,
immaculately,
immaculateness,
immailed,
immalleable,
immanacle,
immanacled,
immanacling,
immanation,crimination
immane,
immanely,
immanence,imminence
immanency,imminency
immaneness,
immanent,imminent
immanental,
immanentism,
immanentist,
immanentistic,
immanently,
immanes,
immanifest,
immanifestness,
immanity,feminity
immantle,emmantle
immantled,
immantling,
immanuel,
immarble,
immarcescible,
immarcescibly,
immarcibleness,
immarginate,
immartial,
immask,bemask
immatchable,
immatchless,
immatereality,
immaterial,biomaterial,arterial,antibacterial,bacterial,cereal,imperial,virial,managerial,venereal,ethereal,material
immaterialise,dematerialise
immaterialised,
immaterialising,
immaterialism,
immaterialist,
immaterialistic,
immateriality,
immaterialities,
immaterialization,
immaterialize,
immaterialized,
immaterializing,
immaterially,
immaterialness,
immaterials,
immateriate,
immatriculate,
immatriculation,
immature,pleur,foor,secure,panmure,fluhr,beladur,orasure,impure,assure,gilmour,badour,dunsmoor,jabbour,moor,amanpour,miniature,ruhr,muir,latour,suhr,damour,neur-,obscure,suire,reinsure,schnoor,buhr,mature,manure,nur,purre,pleur-,rednour,cour,ture,lesure,observateur,shure,pure,schuur,lumpur,reassure,premature,your,epicure,mosur,moore,insure,unsure,bloor,ensure,gochnour,sure,procure,cure,segur,contour,stuhr,muhr,pimplapure,boor,baldur,bonjour,endure,bijur,brochure,lancour,dufour,gloor,demure,lure,tour,spoor,uhr,entrepreneur,luhr,duerr,detour,jure,murre,allure,inure,lacour,fuhr,couture
immatured,
immaturely,
immatureness,
immatures,
immaturity,security,surety,impurity,insecurity,obscurity,durity,purity,maturity
immaturities,
immeability,
immeasurability,
immeasurable,hardscrabble,babel,abhal,rabel,babble,rabaul,flabel,schabel,scrabble,psychobabble,kabel,nabal,habel,crabill,grabel,scabble,dabble,knabble,gabble,rabble,vrabel,fabel,krabill,babul,brabble,gabelle,mabble,drabble,grabble,schnabel
immeasurableness,
immeasurably,indisputably,scrabbly,drably,interminably,stabley,mabley,stably
immeasured,
immechanical,
immechanically,
immediacy,mediacy
immediacies,
immedial,
immediate,intermediate,remediate
immediately,mediately
immediateness,
immediatism,
immediatist,
immediatly,
immedicable,
immedicableness,
immedicably,
immelmann,
immelodious,
immember,
immemorable,commemorable
immemorial,sartorial,lauriol,territorial,prosecutorial,flonorial,raptorial,pictorial,nomenclatorial,correale,floreal,advertorial,extraterritorial,curatorial,arboreal,professorial,directorial,gubernatorial,auriol,senatorial,ambassadorial,janitorial,memorial,oriol,equatorial,conspiratorial,dictatorial,morial,editorial,tutorial,reportorial
immemorially,
immense,pence,defense,condense,tense,offense,hense,cense,commonsense,defence,bence,hence,lense,mense,sense,spence,flense,dispense,nondefense,pense,ferenc,whence,recompense,non-nonsense,suspense,antisense,dense,expense,frankincense,incense,thence,cents,fence,misrepresents,commence,pretense,spens,intense
immensely,tensely,intensely,ensley,densely,densley,bensley
immenseness,
immenser,
immensest,
immensible,
immensity,
immensities,
immensittye,
immensive,
immensurability,
immensurable,
immensurableness,
immensurate,
immerd,
immerge,
immerged,
immergence,
immergent,
immerges,
immerging,
immerit,
immerited,
immeritorious,
immeritoriously,
immeritous,
immerse,reimburse,rehearse,perse,purse,biodiverse,averse,kerce,adverse,emerse,googleverse,vers,nurse,transverse,merce,disperse,coerce,bearce,submerse,kearse,reverse,diverse,perce,pers,perverse,disburse,bearss,intersperse,curse,bearse,pearse,hearse,worse,furse,terse,universe,burse,converse,traverse,inverse,obverse,scearce,verse
immersed,whitehurst,kirst,seafirst,hearst,guaranty-first,versed,nursed,coerced,emersed,merced,unrehearsed,reimbursed,submersed,thirst,medfirst,conversed,disbursed,burst,cloudburst,allenhurst,pursed,hurst,furst,interspersed,interfirst,brookhurst,wurst,berst,headfirst,hirst,reversed,gerst,traversed,werst,durst,unreimbursed,cursed,herst,kerst,worst,outburst,huerst,rehearsed,first,dispersed
immersement,
immerses,
immersible,immersable
immersing,
immersion,submersion,inversion,version,reversion,dispersion,incursion,perversion,subversion,conversion,persian,aspersion,aversion,excursion,diversion
immersionism,
immersionist,
immersions,
immersive,
immesh,
immeshed,
immeshes,
immeshing,
immethodic,
immethodical,
immethodically,
immethodicalness,
immethodize,
immetrical,
immetrically,
immetricalness,
immeubles,
immew,immu,emmew
immi,
immy,
immies,
immigrant,
immigrants,
immigrant's,
immigrate,initiate,delineate,integrate,estimate,debate,straight,profligate,predicate,propagate,dissipate,denigrate,innate,ameliorate,separate,dedicate,facilitate,collate,subordinate,precipitate,incorporate,elaborate,associate,stipulate,weight,coordinate,gate,resonate,obfuscate,disseminate,adequate,deliberate,conflate,intimate,alternate,vacillate,consolidate,slate,rate,mate,emanate,appropriate,procrastinate,delegate,extrapolate,emulate,surrogate,accommodate,inculcate,corroborate,create,gait,exacerbate,designate,articulate,fate,relate,elucidate,deprecate,evaluate,anticipate,graduate,indicate,late,wait,compensate,estate,mitigate,postulate,moderate,reiterate,update,assimilate,advocate,communicate,state,demonstrate,abrogate,manipulate,trait,date,contemplate,appreciate,arrogate,celebrate,great,freight,desolate,spate,repudiate,obviate,abdicate,abate,cultivate,consummate,commiserate,mandate,collaborate,plate,rait,alleviate
immigrated,nauseated,stipulated,affiliated,inundated,consecrated,devastated,complicated,opinionated,exasperated,articulated,exaggerated,integrated,delineated,aggregated,obligated,substantiated,emanated,indicated,decapitated,sophisticated,slated,elevated,encapsulated,eviscerated,mandated,frustrated,bated,educated,abated,contaminated,sated,automated,liberated,belated,motivated,understated,related,predicated,located,orientated,alienated,cultivated,dated,stated,corrugated,intoxicated,precipitated,relegated,annotated,exacerbated,bifurcated,created,incorporated,agitated,consolidated,inebriated,intimidated,isolated,situated,outdated,fascinated,anticipated,serrated,initiated,saturated,reiterated,designated,excoriated,graduated,exonerated,associated,dilapidated,separated,infatuated,unabated,unadulterated,elated,concentrated,aggravated,emaciated,perforated,feted,overrated,antiquated,truncated,dissipated,animated,unmitigated,deprecated,incapacitated,irritated,attenuated,prorated,allocated,incarcerated,mitigated,intimated,appreciated,promulgated,interrelated
immigrates,
immigrating,
immigration,station,constellation,consternation,discrimination,aberration,expectation,presentation,situation,dedication,organization,obligation,collocation,litigation,civilization,information,deviation,gentrification,representation,implementation,implication,alliteration,indignation,administration,medication,innovation,designation,nation,remuneration,integration,motivation,sensation,association,compensation,altercation,preparation,education,application,trepidation,approbation,foundation,salvation,consideration,conflagration,appreciation,revelation,collaboration,affirmation,remediation,cooperation,interpretation,generation,accommodation,inclination,evaluation,aspiration,transportation,configuration,vacation,abbreviation,correlation,corporation,pronunciation,population,adaptation,citation,orientation,dissertation,operation,relation,anticipation,observation,affiliation,inspiration,vocation,translation,notation,communication,meditation,manifestation,reservation,precipitation,connotation,quotation,radiation,location,rehabilitation,conversation,transformation,conservation,variation,segregation,creation,determination,reputation,abomination,reconciliation,articulation,ramification,proliferation,obfuscation
immigrational,
immigrations,
immigrator,
immigratory,
immind,
imminence,immanence
imminences,
imminency,immanency
imminent,immanent
imminently,
imminentness,
immingham,
immingle,bemingle
immingled,
immingles,
immingling,
imminute,
imminution,comminution
immis,
immiscibility,amissibility
immiscible,miscible,permissible,impermissible,inexplicable,indivisible,admissible,inadmissible
immiscibly,
immiss,
immission,amission
immit,
immitigability,
immitigable,
immitigableness,
immitigably,
immittance,remittence
immitted,
immix,lummox,cimex,stomachs,hummocks,demux,wimax,commix,limax
immixable,
immixed,commixed
immixes,
immixing,
immixt,
immixting,
immixture,commixture
immobile,reveal,hostile,file,smeal,steal,juvenile,veal,ennoble,zeal,reel,peal,isle,bile,style,turnstile,appeal,speel,guile,aisle,erstwhile,puerile,tile,heal,anglophile,oenophile,awhile,heel,worthwhile,dial,oatmeal,piecemeal,creal,profile,squeal,fertile,gentile,feel,beal,conceal,pile,real,meanwhile,genteel,ordeal,textile,senile,wheel,lifestyle,kreel,surreal,keal,wile,creel,rile,nile,while,stile,reconcile,versatile,deal,mile,automobile,unreal,compile,anneal,abele,hairstyle,eel,ideal,keel,heil,global,peel,zile,congeal,exile,noble,beguile,stele,spiel,tactile,mobile,steel,repeal,kneel,vile,argyle,revile,pyle,idlewild,smile,stockpile,ignoble,crocodile,trial,mercantile,audiophile,seal,meal,teal
immobiles,
immobilia,
immobilisation,
immobilise,demobilise
immobilised,
immobilising,
immobilism,
immobility,capability,admissibility,volatility,acceptability,inflexibility,deniability,culpability,impossibility,debility,hostility,inevitability,portability,humility,inability,believability,malleability,suitability,ductility,facility,utility,sustainability,infallibility,permeability,flammability,respectability,desirability,profitability,viability,feasibility,eligibility,responsibility,tranquility,collectibility,amiability,possibility,inaccessibility,plausibility,unpredictability,motility,invisibility,probability,invulnerability,applicability,advisability,visibility,instability,adaptability,legibility,durability,predictability,variability,gullibility,readability,susceptibility,agility,stability,nobility,fertility,marketability,ability,credibility,senility,incompatibility,maneuverability,liability,virility,accessibility,irresponsibility,mobility,sensibility,reliability,invincibility,civility,futility,compatibility,sterility,infertility,disability,incivility,irritability,flexibility,versatility,affordability,miscibility,enforceability,dependability,availability,docility,unavailability,comparability,vulnerability,gentility,fragility,fallibility,transferability,comprehensibility,palatability,survivability
immobilities,
immobilization,
immobilize,summarize,energize,subsidize,memorize,improvise,mobilize,prize,rationalize,epitomize,catalyze,maximize,jeopardize,materialize,demise,disguise,apologize,plagiarize,organize,advertise,arise,capitalize,stabilize,emprise,exercise,aggrandize,reprise,galvanize,baptize,compromise,emphasize,likewise,apprise,belies,paralyze,metastasize,guise,synthesize,customize,familiarize,realize,allies,supervise,flies,surmise,revise,patronize,disenfranchise,synchronize,otherwise,socialize,mesmerize,authorize,minimize,mize,comprise,utilize,devise,criticize,advise,visualize,crystallize,finalize,ostracize,tantalize,hypothesize,prioritize,franchise,polarize,sympathize,supplies,rise,optimize,eyes,size,amortize,scrutinize,marginalize,characterize,analyze,ties,merchandise,recognize,harmonize,fries,stigmatize,chastise,enterprise,guys,wise,proselytize,surprise,lies,capsize,pulverize,sunrise,despise,empathize,revitalize,prise,antagonize
immobilized,desensitized,patronized,familiarized,apologized,excised,devised,mesmerized,unrecognized,idealized,underutilized,circumcised,emphasized,scrutinized,authorized,disenfranchised,comprised,harmonized,prised,realized,standardized,prized,improvised,surprised,formalized,stigmatized,oversized,subsidized,annualized,apprised,synchronized,centralized,stabilized,criticized,localized,customized,epitomized,disorganized,outsized,capitalized,compromised,metastasized,galvanized,synthesized,publicized,antagonized,jeopardized,balkanized,canonized,amortized,computerized,urbanized,chastised,capsized,hypnotized,generalized,sized,itemized,paralyzed,undisguised,unorganized,normalized,globalized,unauthorized,demoralized,despised,recognized,revised,pressurized,civilized,penalized,motorized,categorized,decentralized,marginalized,crystallized,caramelized,incised,traumatized,ostracized,polarized,agonized,characterized,exercised,utilized,naturalized,stylized,personalized,finalized,pasteurized,mechanized,specialized,analyzed,advised,surmised,baptized,advertised,energized,organized,disguised,homogenized
immobilizer,
immobilizes,
immobilizing,wising,recognizing,modernizing,memorizing,digitizing,devising,destabilizing,sanitizing,generalizing,appetizing,neutralizing,rising,prioritizing,editorializing,synchronizing,customizing,despising,antagonizing,monopolizing,organizing,mobilizing,alphabetizing,analyzing,revising,utilizing,paralyzing,realizing,ionizing,energizing,aggrandizing,theorizing,criticizing,characterizing,jeopardizing,apologizing,socializing,summarizing,minimizing,tranquilizing,oxidizing,fraternizing,synthesizing,crystallizing,prizing,surprising,uprising,scrutinizing,merchandising,polarizing,improvising,advertising,comprising,revitalizing,maximizing,immunizing,centralizing,chastising,democratizing,patronizing,tantalizing,lysing,emphasizing,rationalizing,satirizing,unsurprising,exercising,galvanizing,finalizing,amortizing,disguising,authorizing,temporizing,arising,specializing,stigmatizing,demoralizing,harmonizing,publicizing,verbalizing,downsizing,advising,subsidizing,compromising,demonizing,visualizing,stabilizing,fantasizing,proselytizing,supervising,enterprising,normalizing,standardizing,self-aggrandizing,sizing,mesmerizing,unappetizing,dehumanizing,moralizing,womanizing,capitalizing
immoderacy,
immoderacies,
immoderate,
immoderately,
immoderateness,
immoderation,
immodest,
immodesty,
immodesties,
immodestly,
immodish,
immodulated,
immokalee,
immolate,initiate,delineate,integrate,estimate,debate,straight,profligate,predicate,propagate,dissipate,denigrate,innate,ameliorate,separate,dedicate,facilitate,collate,subordinate,precipitate,incorporate,elaborate,associate,stipulate,weight,coordinate,gate,resonate,obfuscate,disseminate,adequate,deliberate,conflate,intimate,alternate,vacillate,consolidate,slate,rate,mate,emanate,appropriate,procrastinate,delegate,extrapolate,emulate,surrogate,accommodate,inculcate,corroborate,create,gait,exacerbate,designate,articulate,fate,relate,elucidate,deprecate,evaluate,anticipate,graduate,indicate,late,wait,compensate,estate,mitigate,postulate,moderate,reiterate,update,assimilate,advocate,communicate,state,demonstrate,abrogate,manipulate,trait,date,contemplate,appreciate,arrogate,celebrate,great,freight,desolate,spate,repudiate,obviate,abdicate,abate,cultivate,consummate,commiserate,mandate,collaborate,plate,rait,alleviate
immolated,nauseated,stipulated,affiliated,inundated,consecrated,devastated,complicated,opinionated,exasperated,articulated,exaggerated,integrated,delineated,aggregated,obligated,substantiated,emanated,indicated,decapitated,sophisticated,slated,elevated,encapsulated,eviscerated,mandated,frustrated,bated,educated,abated,contaminated,sated,automated,liberated,belated,motivated,understated,related,predicated,located,orientated,alienated,cultivated,dated,stated,corrugated,intoxicated,precipitated,relegated,annotated,exacerbated,bifurcated,created,incorporated,agitated,consolidated,inebriated,intimidated,isolated,situated,outdated,fascinated,anticipated,serrated,initiated,saturated,reiterated,designated,excoriated,graduated,exonerated,associated,dilapidated,separated,infatuated,unabated,unadulterated,elated,concentrated,aggravated,emaciated,perforated,feted,overrated,antiquated,truncated,dissipated,animated,unmitigated,deprecated,incapacitated,irritated,attenuated,prorated,allocated,incarcerated,mitigated,intimated,appreciated,promulgated,interrelated
immolates,relates,equates,greats,pates,teammates,deteriorates,demonstrates,crates,eights,fluctuates,nates,delegates,coordinates,grates,skates,sates,delineates,mandates,predominates,states,exacerbates,separates,classmates,inmates,radiates,updates,subordinates,coates,straits,estates,obviates,baits,deviates,yeats,approximates,dissipates,primates,evaporates,exaggerates,chordates,annotates,emulates,weights,illustrates,traits,mitigates,mates,negates,allocates,advocates,plates,hippocrates,vertebrates,awaits,fates,rates,fetes,anticipates,integrates,operates,appreciates,resonates,predicates,associates,indicates,commemorates,cates,accommodates,necessitates,expatriates,waits,affiliates,repudiates,facilitates,differentiates,plaits,emirates,infuriates,extrapolates,permeates,invertebrates,ates,postulates,dictates,accelerates,dates,disseminates,gates,graduates,translates,creates,corroborates,estimates,perpetuates,yates,intimidates,bates,slates
immolating,accumulating,subordinating,intimidating,advocating,ingratiating,infuriating,deprecating,mating,waiting,alienating,recuperating,nauseating,pulsating,fluctuating,captivating,reciprocating,incriminating,self-deprecating,debilitating,exhilarating,berating,illuminating,emulating,discriminating,skating,validating,salivating,denigrating,gaiting,extenuating,bating,aggravating,suffocating,awaiting,obviating,vacillating,excoriating,titillating,relating,dating,calculating,abrogating,dominating,invigorating,mitigating,abbreviating,escalating,instigating,operating,cultivating,eliminating,penetrating,deteriorating,accommodating,excruciating,plating,delegating,radiating,percolating,initiating,emanating,creating,culminating,weighting,stating,frustrating,stimulating,fascinating,alternating,coordinating,activating,indicating,pontificating,procrastinating,humiliating,baiting,exasperating,perpetuating,rotating,facilitating,contemplating,articulating,accelerating,oscillating,delineating,intoxicating,grating,rating,anticipating,devastating,annihilating,undulating,abating,implicating,liberating,irritating,gating,communicating,exacerbating,permeating
immolation,station,constellation,consternation,discrimination,aberration,expectation,presentation,situation,dedication,organization,obligation,collocation,litigation,civilization,information,deviation,gentrification,representation,implementation,implication,alliteration,indignation,administration,medication,innovation,designation,nation,remuneration,integration,motivation,sensation,association,compensation,altercation,preparation,education,application,trepidation,approbation,foundation,salvation,consideration,conflagration,appreciation,revelation,collaboration,affirmation,remediation,cooperation,interpretation,generation,accommodation,inclination,evaluation,aspiration,transportation,configuration,vacation,abbreviation,correlation,corporation,pronunciation,population,adaptation,citation,orientation,dissertation,operation,relation,anticipation,observation,affiliation,inspiration,vocation,translation,notation,communication,meditation,manifestation,reservation,precipitation,connotation,quotation,radiation,location,rehabilitation,conversation,transformation,conservation,variation,segregation,creation,determination,reputation,abomination,reconciliation,articulation,ramification,proliferation,obfuscation
immolations,
immolator,
immoment,
immomentous,
immonastered,
immoral,moral,moril,orel,morell,coral,thorell,floral,turrill,phlorol,bawrel,sorrel,turrell,forrill,roral,zorille,burrill,norrell,morelle,boreal,horrell,borel,borell,auroral,boral,laurel,balmoral,murrill,saurel,zoril,oral,horal,loral,corle,aural,chloral,thoral,forel,surrell,tearle,reloral,murrell,torril,hurrell,sorel,curle,choral,lorel,norell,sorrell,sorell,quarrel,goral,durrell,koral,borrel,amoral
immoralise,
immoralised,
immoralising,
immoralism,
immoralist,
immorality,materiality,speciality,personality,liberality,lethality,fatality,collegiality,sexuality,normality,bestiality,seasonality,proportionality,originality,functionality,conditionality,congeniality,locality,mentality,commonality,finality,technicality,neutrality,constitutionality,criminality,bisexuality,instrumentality,vitality,unreality,duality,individuality,totality,heterosexuality,generality,punctuality,modality,legality,dimensionality,irrationality,cyclicality,partiality,brutality,criticality,nationality,extraterritoriality,banality,immortality,rationality,geniality,impersonality,impartiality,mortality,hospitality,eventuality,plurality,principality,universality,triviality,abnormality,morality,confidentiality,municipality,formality,sentimentality,illegality,spirituality,frugality,musicality,tonality,theatricality,centrality,informality,venality,practicality
immoralities,
immoralize,
immoralized,
immoralizing,
immorally,
immorigerous,
immorigerousness,
immortability,
immortable,
immortal,quartile,vortal,sortal,bortle,portal,tortile,chortle,mortal,cortile,shortall,oertel
immortalisable,
immortalisation,
immortalise,
immortalised,
immortaliser,
immortalising,
immortalism,
immortalist,
immortality,materiality,speciality,personality,liberality,lethality,fatality,collegiality,sexuality,normality,bestiality,seasonality,immorality,proportionality,originality,functionality,conditionality,congeniality,locality,mentality,commonality,finality,technicality,neutrality,constitutionality,criminality,bisexuality,instrumentality,vitality,unreality,duality,individuality,totality,heterosexuality,generality,punctuality,modality,legality,dimensionality,irrationality,cyclicality,partiality,brutality,criticality,nationality,extraterritoriality,banality,rationality,geniality,impersonality,impartiality,mortality,hospitality,eventuality,plurality,principality,universality,triviality,abnormality,morality,confidentiality,municipality,formality,sentimentality,illegality,spirituality,frugality,musicality,tonality,theatricality,centrality,informality,venality,practicality
immortalities,
immortalizable,
immortalization,
immortalize,mortalize
immortalized,
immortalizer,
immortalizes,portcullises
immortalizing,
immortally,
immortalness,
immortals,mortals,chortles,portals,quartiles
immortalship,
immortelle,
immortification,
immortified,
immote,
immotile,dotal,goettel,floatel,crotal,motyl,notal,motile,sottile,goettl,rotal,bowtel,schoettle,no-till,anecdotal,boatel,total
immotility,
immotioned,
immotive,
immound,
immov,
immovability,amovability
immovabilities,
immovable,movable,moveable,approvable,removable,provable
immovableness,
immovables,
immovably,
immoveability,
immoveable,amovable
immoveableness,
immoveables,
immoveably,
immoved,
immun,
immund,tummond,summand,drummond,brummond,summoned,grummond
immundicity,
immundity,
immune,boon,hoon,tune,soon,gruen,maroon,shoon,terhune,strewn,koon,harpoon,buffoon,monsoon,laffoon,shewn,witherspoon,tycoon,moon,baboon,magoon,toon,bassoon,croon,boone,rangoon,afternoon,impugn,commune,dune,rune,teaspoon,mattoon,june,swoon,pantaloon,yoon,typhoon,hewn,noon,coon,kuhn,cocoon,cardoon,kroon,suine,platoon,calhoon,festoon,attune,opportune,bethune,brune,goon,balloon,jeune,poon,contrabassoon,sassoon,troon,honeymoon,shoen,saskatoon,inopportune,calhoun,cahoon,pontoon,muldoon,saloon,midafternoon,lampoon,cameroon,noone,clune,suen,galloon,tablespoon,loon,picayune,spoon,cartoon,moone,lagoon,raccoon,prune,cancun
immunes,
immunisation,communisation
immunise,
immunised,
immuniser,
immunises,
immunising,
immunist,
immunity,unity,disunity,community,opportunity,munity,impunity
immunities,unities,communities,opportunities
immunity's,
immunization,station,constellation,consternation,discrimination,aberration,expectation,presentation,situation,dedication,organization,obligation,collocation,litigation,civilization,information,deviation,gentrification,representation,implementation,implication,alliteration,indignation,administration,medication,innovation,designation,nation,remuneration,integration,motivation,sensation,association,compensation,altercation,preparation,education,application,trepidation,approbation,foundation,salvation,consideration,conflagration,appreciation,revelation,collaboration,affirmation,remediation,cooperation,interpretation,generation,accommodation,inclination,evaluation,aspiration,transportation,configuration,vacation,abbreviation,correlation,corporation,pronunciation,population,adaptation,citation,orientation,dissertation,operation,relation,anticipation,observation,affiliation,inspiration,vocation,translation,notation,communication,meditation,manifestation,reservation,precipitation,connotation,quotation,radiation,location,rehabilitation,conversation,transformation,conservation,variation,segregation,creation,determination,reputation,abomination,reconciliation,articulation,ramification,proliferation,obfuscation
immunizations,operations,fluctuations,abbreviations,organizations,specifications,permutations,reservations,variations,lacerations,communications,combinations,indications,ministrations,appropriations,sensations,stations,medications,renovations,revelations,limitations,locations,illustrations,applications,alterations,configurations,adaptations,gyrations,regulations,vibrations,expectations,generations,decorations,affiliations,palpitations,allocations,explanations,celebrations,publications,denunciations,ramifications,telecommunications,appalachians,relations,associations,hallucinations,reparations,connotations,conversations,occupations,carnations,ruminations,depredations,aberrations,congregations,machinations,crustaceans,corporations,recriminations,citations,representations,affirmations,patients,considerations,animations,manifestations,qualifications,constellations,obligations,cations,accusations,annotations,vacations,preparations,situations,negotiations,recommendations,altercations,nations,creations,impatiens,complications,aspirations,allegations,congratulations,tribulations,classifications,implications,innovations,deliberations,deviations,observations,foundations,denominations,informations,installations,accommodations,calculations,stipulations
immunize,summarize,energize,subsidize,memorize,improvise,mobilize,prize,rationalize,epitomize,catalyze,maximize,jeopardize,materialize,demise,disguise,apologize,plagiarize,organize,advertise,arise,capitalize,stabilize,emprise,exercise,aggrandize,reprise,galvanize,baptize,compromise,emphasize,likewise,apprise,belies,paralyze,metastasize,guise,synthesize,customize,familiarize,realize,allies,supervise,flies,surmise,revise,patronize,disenfranchise,synchronize,otherwise,socialize,mesmerize,authorize,minimize,mize,comprise,utilize,devise,criticize,advise,visualize,crystallize,finalize,ostracize,tantalize,hypothesize,prioritize,franchise,polarize,sympathize,supplies,rise,optimize,eyes,size,amortize,scrutinize,marginalize,characterize,analyze,ties,merchandise,recognize,harmonize,fries,stigmatize,chastise,enterprise,guys,wise,proselytize,surprise,lies,capsize,pulverize,sunrise,despise,empathize,revitalize,prise,antagonize
immunized,desensitized,patronized,familiarized,apologized,excised,devised,mesmerized,unrecognized,idealized,underutilized,circumcised,emphasized,scrutinized,authorized,disenfranchised,comprised,harmonized,prised,realized,standardized,prized,improvised,surprised,formalized,stigmatized,oversized,subsidized,annualized,apprised,synchronized,centralized,stabilized,criticized,localized,customized,epitomized,disorganized,outsized,capitalized,compromised,metastasized,galvanized,synthesized,publicized,antagonized,jeopardized,balkanized,canonized,amortized,computerized,urbanized,chastised,capsized,hypnotized,generalized,sized,itemized,paralyzed,undisguised,unorganized,normalized,globalized,unauthorized,demoralized,despised,recognized,revised,pressurized,civilized,penalized,motorized,categorized,decentralized,marginalized,crystallized,caramelized,incised,traumatized,ostracized,polarized,agonized,characterized,exercised,utilized,naturalized,stylized,personalized,finalized,pasteurized,mechanized,specialized,analyzed,advised,surmised,baptized,advertised,energized,organized,disguised,homogenized
immunizer,
immunizes,epitomizes,prizes,satirizes,downsizes,emphasizes,customizes,authorizes,rhapsodizes,exercises,enfranchises,marginalizes,departmentalizes,analyzes,arises,apologizes,hypnotizes,surmises,rises,chastises,memorizes,subsidizes,phizes,advertises,alphabetizes,categorizes,synchronizes,demilitarizes,devises,galvanizes,ironizes,mischaracterizes,polymerizes,revises,wises,itemizes,terrorizes,specializes,depressurizes,guises,polarizes,maximizes,advises,realizes,comprises,stabilizes,materializes,fantasizes,characterizes,overemphasizes,sympathizes,hellenizes,symbolizes,lyses,scrutinizes,prioritizes,mises,minimizes,energizes,neutralizes,idolizes,sensationalizes,tantalizes,pressurizes,fertilizes,dramatizes,humanizes,disguises,formalizes,brutalizes,equalizes,compromises,idealizes,economizes,surprises,dieses,normalizes,summarizes,prises,enterprises,liberalizes,agonizes,recognizes,improvises,harmonizes,demobilizes,franchises,despises,paralyzes,democratizes,jeopardizes,capitalizes,utilizes,excises,crystallizes,monopolizes,organizes,sizes,supervises,criticizes,legitimizes
immunizing,wising,recognizing,modernizing,memorizing,digitizing,devising,destabilizing,sanitizing,generalizing,appetizing,neutralizing,rising,prioritizing,editorializing,synchronizing,customizing,despising,antagonizing,monopolizing,organizing,mobilizing,alphabetizing,analyzing,revising,utilizing,paralyzing,realizing,ionizing,energizing,aggrandizing,theorizing,criticizing,characterizing,jeopardizing,apologizing,socializing,summarizing,minimizing,tranquilizing,oxidizing,fraternizing,synthesizing,crystallizing,prizing,surprising,uprising,scrutinizing,merchandising,polarizing,improvising,advertising,comprising,revitalizing,maximizing,centralizing,chastising,democratizing,patronizing,tantalizing,lysing,emphasizing,rationalizing,satirizing,unsurprising,exercising,galvanizing,finalizing,amortizing,disguising,authorizing,temporizing,arising,specializing,stigmatizing,demoralizing,immobilizing,harmonizing,publicizing,verbalizing,downsizing,advising,subsidizing,compromising,demonizing,visualizing,stabilizing,fantasizing,proselytizing,supervising,enterprising,normalizing,standardizing,self-aggrandizing,sizing,mesmerizing,unappetizing,dehumanizing,moralizing,womanizing,capitalizing
immuno-,
immunoassay,
immunochemical,
immunochemically,
immunochemistry,
immunodiffusion,
immunoelectrophoresis,
immunoelectrophoretic,
immunoelectrophoretically,
immunofluorescence,
immunofluorescent,
immunogen,
immunogenesis,
immunogenetic,
immunogenetical,
immunogenetically,
immunogenetics,
immunogenic,
immunogenically,
immunogenicity,
immunoglobulin,
immunohematology,
immunohematologic,
immunohematological,
immunol,
immunology,archaeology,serology,terminology,seismology,archeology,epidemiology,technology,scatology,petrology,ontology,microbiology,dendrochronology,graphology,enterology,anthology,mineralogy,psychology,gerontology,rheumatology,morphology,epistemology,ornithology,otology,genealogy,cytology,methodology,ophthalmology,deontology,virology,sociology,paleontology,zoology,scientology,ethology,radiology,egyptology,opthalmology,theology,mythology,penology,ideology,dermatology,biology,urology,anesthesiology,meteorology,pomology,neurology,necrology,ecology,doxology,bacteriology,biotechnology,kinesiology,geology,numerology,cardiology,topology,ology,physiology,toxicology,chronology,apology,astrology,mycology,entomology,etymology,hematology,embryology,endocrinology,ethnology,micropaleontology,cosmology,pharmacology,cosmetology,oncology,gynecology,anthropology,etiology,rheology,pathology,thanatology,limnology,hymnology,criminology,geomorphology,histology
immunologic,
immunological,technological,psychological,physiological,gynecological,eschatological,neurological,toxicological,sociological,chronological,anthropological,topological,biological,logical,pedagogical,epidemiological,scatological,mythological,theological,ideological,dermatological,ontological,virological,geological,teleological,biotechnological,radiological,seismological,zoological,archaeological,astrological,pharmacological,serological,archeological,meteorological,etymological,morphological,ecological,phonological,illogical,pathological,methodological,deontological,ornithological
immunologically,
immunologies,
immunologist,ophthalmologist,biologist,physiologist,gynecologist,anthropologist,neurologist,sociologist,scientologist,creatologist,apologist,meteorologist,epidemiologist,kremlinologist,paleontologist,urologist,toxicologist,ologist,necrologist,mineralogist,rheumatologist,oncologist,cardiologist,entomologist,archaeologist,zoologist,endocrinologist,serologist,ethnomusicologist,climatologist,volcanologist,microbiologist,criminologist,technologist,sovietologist,seismologist,anesthesiologist,pathologist,geologist,gerontologist,psychologist,radiologist,pharmacologist,ideologist,opthalmologist,oligist,musicologist,ecologist,dermatologist,virologist
immunologists,
immunopathology,
immunopathologic,
immunopathological,
immunopathologist,
immunoreaction,
immunoreactive,
immunoreactivity,
immunosuppressant,
immunosuppressants,
immunosuppression,
immunosuppressive,
immunotherapy,chemotherapy,therapy,hydrotherapy,psychotherapy
immunotherapies,
immunotoxin,
immuration,
immure,
immured,
immurement,
immures,
immuring,
immusical,
immusically,
immutability,commutability
immutabilities,
immutable,mootable,disputable,indisputable,irrefutable,prosecutable,mutable,suitable,scrutable,unsuitable,bootable,inscrutable
immutableness,commutableness
immutably,
immutate,
immutation,
immute,
immutilate,
immutual,
imnaha,
imo,
imogen,
imogene,marine,figurine,keen,reconvene,sistine,sunscreen,saline,byzantine,protein,irene,peregrine,between,undine,mean,jean,gasoline,leen,selene,fifteen,murine,mezzanine,labyrinthine,dean,argentine,tangerine,amphetamine,contravene,screen,casein,sabine,unforeseen,serene,cuisine,demean,amin,libertine,vaccine,queen,clean,quarantine,preen,obscene,spleen,eugene,guillotine,intervene,lien,tourmaline,aquamarine,canteen,bromine,clementine,gene,feine,green,gelatine,agin,sardine,latrine,baleen,hygiene,treen,internecine,wean,florentine,caffeine,bean,nene,foreseen,machine,teen,wolverine,careen,evergreen,routine,aniline,trampoline,scene,magazine,sheen,submarine,convene,kerosene,glean,halloween,augustine,mien,geraldine,lean,ravine,philistine,vien,mein,opaline,seen,thirteen,umpteen,aberdeen,limousine,holstein
imojean,
imola,
imolinda,
imonium,
imp,crimp,blimp,skimp,primp,scrimp,trimpe,wimp,limp,chimp,shrimp,shimp,slimp,pimp,timpe
imp.,
impacability,
impacable,compassable,impassible
impack,
impackment,
impact,jacked,react,hacked,packed,racked,maced,stacked,hijacked,inexact,diffract,backtracked,subtract,abstract,attacked,act,tract,retract,sacked,protract,contact,bract,clacked,carjacked,unpacked,interact,bracht,lacked,exact,reenact,calked,yakked,artifact,distract,compact,fact,sidetracked,redact,subcontract,slacked,snacked,enact,whacked,thwacked,transact,overreact,wracked,extract,pact,yacked,attract,intact,detract,tacked,schacht,piggybacked,contract,backed,counteract,tracked,ransacked,blacked,shacked,overact,quacked,bushwhacked,fract,cracked,smacked,stacte,tact
impacted,overacted,fracted,distracted,detracted,acted,interacted,redacted,protracted,attracted,counteracted,bracted,exacted,enacted,reacted,reenacted,extracted,compacted,transacted,contacted,retracted,overreacted,abstracted,subtracted
impacter,
impacters,
impactful,
impacting,exacting,counteracting,detracting,subcontracting,redacting,overreacting,subtracting,acting,enacting,distracting,retracting,interacting,attracting,contacting,reacting,extracting
impaction,compaction,pump-action
impactionize,
impactite,
impactive,
impactment,
impactor,compacter
impactors,
impactor's,
impacts,tacks,awacs,artifacts,surtax,climax,attacks,greenbacks,detracts,reacts,snacks,compacts,sax,maniacs,parallax,fosamax,plaques,slacks,hacks,exacts,stacks,ajax,wax,lomax,cataracts,maxx,blacks,lacks,cracks,macs,lax,tracts,drawbacks,kickbacks,cutbacks,maces,lilacs,sacs,backs,saks,sacks,tampax,max,overtax,saxe,racks,attracts,trax,relax,vax,fairfax,flashbacks,pacts,praxes,gunnysacks,plax,pentax,imax,extracts,contracts,setbacks,quacks,packs,ax,flax,galax,tax,rax,facts,jacks,bracts,sachs,pax,pretax,knickknacks,axe,bax,yax,halifax,fax,metathorax,tracks,enacts,jaques,syntax,borax,pacs,contacts,earwax,acts,dax,smacks,filofax
impactual,
impages,
impayable,
impaint,
impainted,
impainting,
impaints,
impair,err,affair,welfare,faire,eyre,nightmare,bear,footwear,hare,delaware,fanfare,hair,medicare,fare,prayer,chair,share,unfair,dispair,lair,rare,swear,beware,there,ere,pear,mohair,where,solitaire,questionnaire,anywhere,aer,nowhere,cookware,stair,thoroughfare,bare,pair,aware,their,flare,blair,forebear,daycare,clair,hardware,repair,debonair,bair,flair,elsewhere,heir,wear,terre,healthcare,dare,threadbare,guerre,mer,armchair,childcare,unaware,prepare,everywhere,earthenware,snare,claire,software,fair,compare,ensnare,extraordinaire,pare,glare,declare,tear,warfare,altair,gare,ware,timeshare,airfare,lare,cher,doctrinaire,forswear,millionaire,air,mare,square,blare,stare,malware,despair,care,scare,underwear,spare
impairable,
impaired,undeclared,hared,ensnared,snared,shared,glared,dared,stared,declared,repaired,scared,haired,bared,unprepared,paired,wared,cared,erred,prepared,fared,zared,compared,spared,chaired,aired,blared,flared,shorthaired,despaired,baird,pared,faired,laird,aird,unimpaired,squared
impairer,comparer
impairers,
impairing,nehring,waring,pairing,maring,sparing,zehring,fehring,snaring,garing,staring,wearing,caring,scaring,preparing,chairing,tearing,manwaring,red-herring,unsparing,wareing,swearing,childbearing,daring,sharing,behring,declaring,squaring,zaring,schering,glaring,overbearing,raring,fairing,mainwaring,zeringue,despairing,serang,mehring,meringue,derring,baring,paring,comparing,blaring,uncaring,bering,repairing,gehring,bearing,herring,flaring,haring
impairment,parement,clairmont
impairments,
impairs,phares,pares,armchairs,faires,multimillionaires,mairs,tears,fiduciares,snares,stairs,jares,glares,forebears,daycares,wheelchairs,wares,ayres,questionnaires,theirs,downstairs,prayers,affairs,cares,ensnares,sayres,theres,americares,legionnaires,repairs,hairs,compares,fares,shares,pears,backstairs,errs,declares,bankshares,khmers,frontieres,billionaires,gerres,unawares,swears,spares,fairs,flares,somewheres,prepares,chairs,freres,nightmares,berres,bares,wears,stares,thoroughfares,pairs,airfares,squares,blares,bures,millionaires,heirs,upstairs,scares,bears,xers,dares,airs,mares,despairs,lairs,hares,gehres,chaires,housewares
impala,isola,cala,chawla,rogala,lala,arreola,alcala,mccollough,kubala,ramallah,amygdala,skala,paula,stola,feola,magdala,walla,zavala,vala,cipolla,kampala,seppala,ojala,sabala,abdollah,machala,kabbalah,ayala,sigala,zabala,haapala,cholla,oglala,kerala,corolla,bolla,kholah,hakala,nuala,meola,rolla,fiala,lasala,wala,koala,cecala,alla,cicala,domagala,ndola,holla,golla,whala,odwalla,allah,savala,rajala,matala,bala,zappala,neola,scala,mancala,kuala,tafolla,adalah,wallah,butala,mala,begala,sala,depaula,guatemala,mollah,vadala,ruhollah,marsala,bangala
impalace,
impalas,
impalatable,
impale,resale,gail,biennale,veil,soleil,dovetail,dwale,yale,unveil,telltale,abigail,exhale,wail,hale,quail,wholesale,female,folktale,sale,gael,scale,trail,stale,tale,rail,cocktail,cale,swale,braille,calle,mail,thumbnail,flail,orrell,gmail,ponytail,retail,kail,assail,quale,sail,fairytale,ail,snail,nail,pail,tail,inhale,prevail,entail,travail,male,bale,greenmail,wale,shale,clydesdale,avail,detail,dail,hail,brail,fail,ale,pale,faille,jail,voicemail,vale,kale,gale,hobnail,horsetail,monorail,fantail,dale,foxtail,blackmail,martingale,airedale,taille,toenail,countervail,handrail,salle,bail,curtail,zale,vail,derail,surveil,frail,email,grail,guardrail,coattail,whale,airmail,upscale
impaled,wailed,exhaled,tailed,trailed,scaled,naled,assailed,inhaled,veiled,unveiled,curtailed,availed,jailed,nailed,blackmailed,entailed,sailed,prevailed,railed,derailed,waled,mailed,dovetailed,retailed,baled,failed,ailed,paled,staled,flailed,vailed,hailed,detailed,haled,bailed,whaled,regaled,emailed
impalement,empalement
impalements,
impaler,
impalers,
impales,hayles,sales,retails,scales,bloomingdales,airedales,trails,guardrails,wailes,wails,dales,flails,brailles,gayles,fales,coattails,abimaels,kayles,chontales,fingernails,assails,veils,swails,ailes,versailles,snails,stales,balles,cales,frails,cat-o-nine-tails,monorails,swailes,entails,thales,rales,sails,horsetails,cocktails,whales,calles,resales,hails,ails,hailes,ayles,telltales,regales,quails,wales,travails,dovetails,emails,handrails,pales,males,sayles,clinkscales,hales,alles,mails,bales,fairytales,tales,females,swales,fails,pails,valles,jails,vales,details,unveils,wholesales,tails,bayles,qualls,gales,curtails,derails,vails,nails,ales,shales,toenails,quayles,prevails,bails,galles,bailes,rails
impaling,vailing,railing,detailing,whaling,entailing,blackmailing,baling,assailing,saling,regaling,failing,tailing,unveiling,flailing,inhaling,trailing,mailing,staling,derailing,curtailing,haling,wailing,countervailing,scaling,waling,nailing,grayling,unfailing,emailing,hailing,wholesaling,jailing,retailing,prevailing,bailing,surveilling,paling,sailing,unavailing,veiling
impall,
impallid,
impalm,
impalmed,
impalpability,
impalpable,
impalpably,
impalsy,
impaludism,
impanate,
impanated,
impanation,
impanator,companator
impane,
impanel,ganil,pannell,manille,pannill,stannel,sportschannel,empanel,annal,transchannel,scrannel,janel,fanal,hanel,annul,fannel,cannell,ranal,dismantle,manul,panel,cannel,kanell,trannel,channel,pannel,crannell,branle,mcdannel,channell,flannel,mcdanel,scannell
impaneled,channelled,dismantled,flannelled,annulled,channeled,panelled,empaneled,flanneled,paneled
impaneling,
impanelled,empanelled
impanelling,empanelling
impanelment,
impanels,
impapase,
impapyrate,
impapyrated,
impar,
imparadise,emparadise
imparadised,
imparadising,
imparalleled,
imparasitic,
impardonable,
impardonably,
imparidigitate,
imparipinnate,
imparisyllabic,
imparity,
imparities,
impark,empark
imparkation,
imparked,
imparking,
imparks,
imparl,
imparlance,emparlance
imparled,
imparling,
imparsonee,
impart,multipart,flowchart,fart,clart,marte,mart,smart,depart,hart,tart,cart,carte,start,stuttgart,sweetheart,upstart,bonaparte,reinhardt,haart,harte,apart,skart,hardt,bart,eckhart,newhart,go-cart,dart,elkhart,capehart,lockhart,kmart,outsmart,mouthpart,descartes,heart,bogart,headstart,restart,walmart,artcc,part,parte,goulart,hobart,urquhart,charte,counterpart,jumpstart,tarte,chart,lionheart,art,scart,oxcart
impartability,
impartable,
impartance,
impartation,
imparted,hearted,bighearted,charted,carted,lighthearted,artaud,wholehearted,smarted,restarted,darted,uncharted,halfhearted,fainthearted,started,outsmarted,departed,parted
imparter,
imparters,
impartial,parshall,barschel,marschall,marshal,partial,marshall,martial
impartialism,
impartialist,
impartiality,materiality,speciality,personality,liberality,lethality,fatality,collegiality,sexuality,normality,bestiality,seasonality,immorality,proportionality,originality,functionality,conditionality,congeniality,locality,mentality,commonality,finality,technicality,neutrality,constitutionality,criminality,bisexuality,instrumentality,vitality,unreality,duality,individuality,totality,heterosexuality,generality,punctuality,modality,legality,dimensionality,irrationality,cyclicality,partiality,brutality,criticality,nationality,extraterritoriality,banality,immortality,rationality,geniality,impersonality,mortality,hospitality,eventuality,plurality,principality,universality,triviality,abnormality,morality,confidentiality,municipality,formality,sentimentality,illegality,spirituality,frugality,musicality,tonality,theatricality,centrality,informality,venality,practicality
impartialities,
impartially,partially
impartialness,
impartibilibly,
impartibility,
impartible,
impartibly,
imparticipable,
imparting,karting,starting,marting,parting,hearting,harting,carting,hartung,charting,restarting,smarting,darting,outsmarting,departing,farting
impartite,
impartive,
impartivity,
impartment,
imparts,barts,castparts,artz,autoparts,farts,sweethearts,smarts,martes,harts,tarts,charts,ramparts,counterparts,marts,parts,spartz,hearts,arts,kartes,mouthparts,hartz,cartes,flowcharts,cuisinarts,starts,jumpstarts,upstarts,martz,schartz,bartz,robarts,headstarts,darts,departs,carts,outsmarts
impassability,
impassable,passible,passable,irascible,pacable,classible,packable,cascabel
impassableness,impassibleness
impassably,impassibly
impasse,plexiglass,bypass,alas,surpass,eyeglass,vass,tass,bras,lass,repass,nass,fiberglass,sassafras,pass,ras,spyglass,fass,lasse,chasse,glas,harass,cas,cass,hourglass,brass,underclass,yass,brasse,sasse,sunglass,basse,amass,frass,kvass,strass,overpass,blass,ass,trespass,alsace,contrasts,gas,trass,masse,sass,jackass,middle-class,casse,landmass,glass,wrasse,plexiglas,smartass,casque,rasse,underpass,grasse,bass,morass,das,eelgrass,class,hass,mass,grass,snodgrass,outclass,last,gras,bluegrass,tasse,plas,sas,crass
impasses,
impassibilibly,
impassibility,
impassible,impacable,compassable
impassibleness,impassableness
impassibly,impassably
impassion,sation,paschen,tashin,ascian,cashin,passion,fashion,ration,ashen,cashon,cashen,compassion,mcglashan,bashan
impassionable,compassionable
impassionate,empassionate
impassionately,
impassioned,oldfashioned,fashioned,rationed
impassionedly,
impassionedness,
impassioning,
impassionment,
impassive,brasov,massive,passive
impassively,passively,massively
impassiveness,
impassivity,
impassivities,
impastation,
impaste,
impasted,
impastes,
impasting,
impasto,
impastoed,
impastos,
impasture,
impaternate,
impatible,
impatience,patience
impatiences,
impatiency,
impatiens,operations,fluctuations,abbreviations,organizations,specifications,permutations,reservations,variations,lacerations,communications,combinations,indications,ministrations,appropriations,sensations,stations,medications,renovations,revelations,limitations,locations,illustrations,applications,alterations,configurations,adaptations,gyrations,regulations,vibrations,expectations,generations,decorations,affiliations,palpitations,allocations,explanations,celebrations,publications,denunciations,ramifications,telecommunications,appalachians,relations,associations,hallucinations,reparations,connotations,conversations,occupations,carnations,ruminations,depredations,immunizations,aberrations,congregations,machinations,crustaceans,corporations,recriminations,citations,representations,affirmations,patients,considerations,animations,manifestations,qualifications,constellations,obligations,cations,accusations,annotations,vacations,preparations,situations,negotiations,recommendations,altercations,nations,creations,complications,aspirations,allegations,congratulations,tribulations,classifications,implications,innovations,deliberations,deviations,observations,foundations,denominations,informations,installations,accommodations,calculations,stipulations
impatient,inpatient,abortifacient,outpatient,patient
impatientaceae,
impatientaceous,
impatiently,patiently
impatientness,
impatronize,
impave,
impavid,
impavidity,
impavidly,
impawn,empawn
impawned,
impawning,
impawns,
impeach,speech,beach,reeche,swiech,overreach,wiech,pleach,seabeach,bleach,queach,beseech,leech,keech,keach,veach,long-beach,pietsch,inspeech,preach,weech,creach,veech,creech,screech,leach,outreach,dietsche,cheech,piech,microfiche,dietsch,peach,meach,leitch,each,beech,breach,broadbeach,reach,leetch,keetch,teach,breech,veatch,dreich,meech
impeachability,
impeachable,unreachable,teachable,unimpeachable,reachable
impeachableness,
impeached,leached,breeched,bleached,breached,beached,screeched,preached,leeched,reached,peached,pleached,beseeched,overreached
impeacher,
impeachers,
impeaches,breaches,teaches,beaches,bleaches,screeches,speeches,peaches,reaches,leaches,leeches,breeches,preaches,beeches,overreaches
impeaching,screeching,speeching,bleaching,leeching,teaching,beaching,preaching,leaching,overreaching,peaching,reaching,breaching,pleaching,breeching,beseeching
impeachment,preachment
impeachments,
impearl,empearl
impearled,
impearling,
impearls,
impeccability,
impeccable,peccable,checkable
impeccableness,
impeccably,
impeccance,
impeccancy,
impeccant,
impeccunious,
impectinate,
impecuniary,
impecuniosity,
impecunious,
impecuniously,
impecuniousness,
impecuniousnesses,
imped,scrimped
impedance,credence
impedances,
impedance's,
impede,rapeseed,succeed,weed,aristide,freed,fried,creed,misdeed,supersede,steed,brede,kneed,gilead,lead,hamid,cede,accede,eade,seaweed,knead,exceed,skeed,flaxseed,centipede,agreed,guaranteed,bead,linseed,nosebleed,deed,feed,recede,appleseed,secede,precede,saeed,need,mislead,overfeed,inbreed,ede,teed,oilseed,degreed,swede,decreed,read,breed,dede,reid,concede,intercede,treed,greed,indeed,ganymede,duckweed,plead,skied,gleed,seed,stampede,pokeweed,bede,prophesied,siegfried,proceed,pitied,mead,misread,beede,proofread,reed,rashid,heed,smead,tweed,milkweed,keyed,bleed,airspeed,ragweed,glead,fireweed,sneed,snead,leed,reread,reseed,speed,aniseed,glede,meade,dreed,screed,nead,peed
impeded,ceded,needed,interceded,speeded,succeeded,kneaded,receded,unheeded,seceded,reeded,pleaded,deeded,unneeded,unimpeded,weeded,conceded,acceded,exceeded,seeded,stampeded,superseded,preceded,beaded,heeded,proceeded
impeder,
impeders,
impedes,reads,oilseeds,exceeds,deeds,tweeds,kneads,pleads,screeds,pedes,medes,edes,feeds,heeds,accedes,preceeds,speeds,redes,recedes,leeds,precedes,needs,misleads,proceeds,beads,concedes,reeds,swedes,seeds,misdeeds,leads,steeds,breeds,weeds,bleeds,creeds,meads,seaweeds,meeds,cedes,eads,supersedes,eades,succeeds
impedibility,
impedible,
impedient,
impediment,sediment
impedimenta,
impedimental,
impedimentary,
impediments,sediments
impediment's,
impeding,acceding,heeding,kneading,seceding,proceeding,interceding,beading,preceeding,proofreading,reading,leading,cheerleading,stampeding,misleading,sheading,deeding,pleading,rereading,cleading,receding,reeding,conceding,speeding,succeeding,seeding,weeding,ceding,bleeding,preceding,exceeding,breeding,reding,feeding,inbreeding,misreading,needing,superseding
impedingly,
impedit,
impedite,
impedition,
impeditive,
impedometer,
impedor,
impeevish,
impeyan,
impel,adele,l,cowbell,nutshell,jell,tel,infidel,quel,decibel,ell,cel,outsell,dwell,citadel,gel,well,compel,belle,shell,knell,retell,befell,bel,isabel,gazelle,mel,excel,clientele,barbell,seashell,nell,repel,materiel,quell,mell,rangel,tell,dispel,groundswell,el,dumbbell,hotel,cartel,caravel,fidel,bethel,parallel,maxwell,intel,zel,dell,yell,oversell,aol,snell,manuel,carmel,michelle,carousel,rebel,chanel,accel,doorbell,resell,expel,foretell,del,sell,personnel,propel,mademoiselle,eggshell,cell,bell,sel,misspell,morel,stairwell,carel,ravel,pell,elle,lapel,noel,motel,raphael,swell,bombshell,bluebell,fell,hell,smell,pastel,marcel,undersell,zinfandel,farewell,spell,nobel
impelled,withheld,belled,wolsfeld,smelled,rehfeld,fjeld,rosenfeld,dwelled,vandervelde,weald,misspelled,paralleled,jelled,schonfeld,hausfeld,meld,felde,expelled,upheld,weld,silbergeld,felled,cornfeld,klynveld,celled,underwithheld,weisfeld,feld,propelled,copperweld,weinfeld,dispelled,grossfeld,unparalleled,gutfeld,zeppenfeld,handheld,gelled,kleinfeld,meierfeld,steinfeld,hassenfeld,vandevelde,westerfeld,neufeld,knelled,obstfeld,held,quelled,spelled,swelled,repelled,seefeld,greenfeld,yelled,koenigsfeld,compelled,brachfeld,schoenfeld,welled,rebelled,stelled,threlkeld,excelled,weidenfeld,shelled,rumsfeld
impellent,
impeller,compeller
impellers,
impelling,
impellor,
impellors,
impels,
impen,
impend,overspend,weekend,yenned,mende,fend,contend,defend,unbend,portend,wend,backend,append,ascend,intend,kenned,distend,condescend,scend,goodfriend,pitchblende,exboyfriend,spend,misspend,abend,arend,transcend,trend,riverbend,bookend,descend,apprehend,end,outspend,yearend,reoffend,attend,lend,downtrend,uptrend,befriend,overextend,godsend,recommend,wende,mend,friend,blende,comprehend,bend,ende,amend,girlfriend,expend,suspend,tend,penned,townshend,hornblende,dividend,landsend,send,denned,boyfriend,wallsend,extend,hende,rende,offend,commend,blend,shend,depend,pretend
impended,
impendence,
impendency,
impendent,
impending,ending,outspending,intending,transcending,ascending,unending,condescending,mending,relending,friending,expending,blending,rending,apprehending,pending,contending,defending,amending,misspending,commending,fending,suspending,sending,tending,offending,bending,befriending,descending,portending,lending,extending,spending,attending,trending,overextending,recommending,pretending,wending,comprehending,vending,unbending,overspending,depending
impendingly,
impends,
impenetrability,
impenetrabilities,
impenetrable,penetrable
impenetrableness,
impenetrably,
impenetrate,
impenetration,
impenetrative,
impenitence,
impenitences,
impenitency,
impenitent,
impenitently,
impenitentness,
impenitible,
impenitibleness,
impennate,
impennes,
impennous,
impent,
impeople,empeople
imper,
imper.,
imperance,
imperant,
imperata,
imperate,
imperation,
imperatival,
imperativally,
imperative,narrative,comparative
imperatively,
imperativeness,
imperatives,narratives
imperator,
imperatory,
imperatorial,
imperatorially,
imperatorian,
imperatorin,
imperatorious,
imperatorship,
imperatrice,
imperatrix,
imperceivable,
imperceivableness,
imperceivably,
imperceived,
imperceiverant,
imperceptibility,
imperceptible,susceptible,perceptible,acceptable,unacceptable
imperceptibleness,
imperceptibly,acceptably,unacceptably
imperception,
imperceptive,
imperceptiveness,
imperceptivity,
impercipience,
impercipient,
imperdible,
imperence,
imperent,
imperf,
imperf.,
imperfect,
imperfectability,
imperfected,
imperfectibility,
imperfectible,
imperfection,rejection,detection,defection,advection,perfection,interjection,recollection,connection,confection,reelection,insurrection,reflection,overprotection,election,predilection,circumspection,direction,erection,interconnection,resurrection,disconnection,preelection,disaffection,correction,ejection,projection,rection,disinfection,transection,section,complexion,injection,convection,protection,midsection,infection,affection,reinspection,dissection,inflection,objection,redirection,introspection,flexion,selection,collection,intersection,inspection
imperfections,dissections,objections,protections,defections,affections,collections,complexions,rejections,reflections,erections,intersections,directions,elections,infections,sections,confections,injections,inflections,corrections,recollections,interjections,projections,interconnections,flexions,connections,inspections,selections,predilections
imperfection's,
imperfectious,
imperfective,
imperfectly,perfectly
imperfectness,
imperfects,
imperforable,
imperforata,
imperforate,
imperforated,
imperforates,
imperforation,
imperformable,
impery,trumpery
imperia,oliveria,aleria,valeria,ceria,tiberia,pieria,gerea
imperial,biomaterial,arterial,antibacterial,bacterial,cereal,virial,immaterial,managerial,venereal,ethereal,material
imperialin,
imperialine,
imperialisation,
imperialise,
imperialised,
imperialising,
imperialism,nihilism,nepotism,astigmatism,atheism,symbolism,alcoholism,paternalism,consumerism,favoritism,narcissism,embolism,absolutism,nativism,euphemism,aneurism,journalism,feminism,parallelism,totalitarianism,parochialism,secularism,judaism,determinism,colonialism,populism,feudalism,rheumatism,terrorism,romanticism,capitalism,statism,evangelism,activism,dynamism,anachronism,ism,organism,positivism,mysticism,mechanism,hedonism,patriotism,criticism,magnetism,antagonism,escapism,racism,darwinism,metabolism,elitism,chisum,recidivism,socialism,materialism,cronyism,skepticism,heroism,professionalism,pragmatism,botulism,cynicism,communism,liberalism,dualism,catechism,altruism,relativism,autism,modernism,egoism,animism,egalitarianism,legalism,prism,fascism,nationalism,collectivism,stoicism,schism,zionism,mannerism,empiricism,chauvinism,federalism,individualism,chism,humanism,aphorism,gnosticism,despotism,surrealism,mercantilism,tourism,egotism,pluralism,naturalism,optimism,plagiarism,fatalism,pessimism
imperialist,materialist
imperialistic,logistic,optimistic,voyeuristic,realistic,capitalistic,supercalifragilistic,legalistic,monopolistic,futuristic,surrealistic,simplistic,opportunistic,autistic,mechanistic,altruistic,militaristic,individualistic,synergistic,ritualistic,idealistic,narcissistic,heuristic,cystic,holistic,pugilistic,mystic,uncharacteristic,pluralistic,humanistic,hellenistic,characteristic,primitivistic,linguistic,stylistic,novelistic,materialistic,relativistic,stalinistic,swistak,ballistic,propagandistic,mistic,expressionistic,nationalistic,deterministic,sensationalistic,atheistic,naturalistic,sistek,anachronistic,jingoistic,pantheistic,dualistic,terroristic,antagonistic,statistic,sadistic,patristic,puristic,oligopolistic,polytheistic,feudalistic,antiballistic,chauvinistic,christic,paternalistic,artistic,unrealistic,impressionistic,moralistic,fatalistic,socialistic,coloristic,euphemistic,journalistic,hedonistic,pessimistic
imperialistically,
imperialists,
imperialist's,
imperiality,
imperialities,
imperialization,
imperialize,
imperialized,
imperializing,
imperially,
imperialness,
imperials,
imperialty,
imperii,
imperil,beryl,terral,herrell,merrill,baril,sherrill,ocarroll,jerel,nerol,farrell,pork-barrel,darrel,herrle,carol,ferrell,burell,karel,therrell,jerrell,terrell,sterile,cheryl,ferrol,darrell,terrel,wehrle,erol,harrell,darryl,caryl,verrall,behrle,verrel,burel,feral,sharyl,carroll,sherrell,jheryl,merrell,ferol,meryll,apparel,berrill,meryl,sheryl,sterol,ferrall,terrill,scleral,ofarrell,barrel,ceryl,errol,deryle,peril,carole,daryl,farrel
imperiled,perilled,jereld,jerald,herald,barreled,jerrold,gerald,herold,periled,gerrald,harold,fitzgerald,harrold
imperiling,barreling,periling,erelong,perilling
imperilled,
imperilling,
imperilment,
imperilments,
imperils,perils,karels,carols,barrels,ferrules,sterols
imperious,nereus,cereus,tereus,nereis,mysterious,delirious,deleterious,serious
imperiously,
imperiousness,
imperish,
imperishability,
imperishable,
imperishableness,
imperishably,
imperite,
imperium,
imperiums,
impermanence,
impermanency,
impermanent,
impermanently,
impermeability,
impermeabilities,
impermeabilization,
impermeabilize,
impermeable,
impermeableness,
impermeably,
impermeated,
impermeator,
impermissibility,
impermissible,miscible,permissible,immiscible,inexplicable,indivisible,admissible,inadmissible
impermissibly,
impermixt,
impermutable,
imperperia,
impers,
impers.,
imperscriptible,
imperscrutable,
imperseverant,
impersonable,
impersonal,interpersonal,personal
impersonalisation,
impersonalise,
impersonalised,
impersonalising,
impersonalism,
impersonality,materiality,speciality,personality,liberality,lethality,fatality,collegiality,sexuality,normality,bestiality,seasonality,immorality,proportionality,originality,functionality,conditionality,congeniality,locality,mentality,commonality,finality,technicality,neutrality,constitutionality,criminality,bisexuality,instrumentality,vitality,unreality,duality,individuality,totality,heterosexuality,generality,punctuality,modality,legality,dimensionality,irrationality,cyclicality,partiality,brutality,criticality,nationality,extraterritoriality,banality,immortality,rationality,geniality,impartiality,mortality,hospitality,eventuality,plurality,principality,universality,triviality,abnormality,morality,confidentiality,municipality,formality,sentimentality,illegality,spirituality,frugality,musicality,tonality,theatricality,centrality,informality,venality,practicality
impersonalities,
impersonalization,
impersonalize,
impersonalized,
impersonalizing,
impersonally,
impersonate,initiate,delineate,integrate,estimate,debate,straight,profligate,predicate,propagate,dissipate,denigrate,innate,ameliorate,separate,dedicate,facilitate,collate,subordinate,precipitate,incorporate,elaborate,associate,stipulate,weight,coordinate,gate,resonate,obfuscate,disseminate,adequate,deliberate,conflate,intimate,alternate,vacillate,consolidate,slate,rate,mate,emanate,appropriate,procrastinate,delegate,extrapolate,emulate,surrogate,accommodate,inculcate,corroborate,create,gait,exacerbate,designate,articulate,fate,relate,elucidate,deprecate,evaluate,anticipate,graduate,indicate,late,wait,compensate,estate,mitigate,postulate,moderate,reiterate,update,assimilate,advocate,communicate,state,demonstrate,abrogate,manipulate,trait,date,contemplate,appreciate,arrogate,celebrate,great,freight,desolate,spate,repudiate,obviate,abdicate,abate,cultivate,consummate,commiserate,mandate,collaborate,plate,rait,alleviate
impersonated,nauseated,stipulated,affiliated,inundated,consecrated,devastated,complicated,opinionated,exasperated,articulated,exaggerated,integrated,delineated,aggregated,obligated,substantiated,emanated,indicated,decapitated,sophisticated,slated,elevated,encapsulated,eviscerated,mandated,frustrated,bated,educated,abated,contaminated,sated,automated,liberated,belated,motivated,understated,related,predicated,located,orientated,alienated,cultivated,dated,stated,corrugated,intoxicated,precipitated,relegated,annotated,exacerbated,bifurcated,created,incorporated,agitated,consolidated,inebriated,intimidated,isolated,situated,outdated,fascinated,anticipated,serrated,initiated,saturated,reiterated,designated,excoriated,graduated,exonerated,associated,dilapidated,separated,infatuated,unabated,unadulterated,elated,concentrated,aggravated,emaciated,perforated,feted,overrated,antiquated,truncated,dissipated,animated,unmitigated,deprecated,incapacitated,irritated,attenuated,prorated,allocated,incarcerated,mitigated,intimated,appreciated,promulgated,interrelated
impersonates,relates,equates,greats,pates,teammates,deteriorates,demonstrates,crates,eights,fluctuates,nates,delegates,coordinates,grates,skates,sates,delineates,mandates,predominates,states,exacerbates,separates,classmates,inmates,radiates,updates,subordinates,coates,straits,estates,obviates,baits,deviates,yeats,approximates,dissipates,primates,evaporates,exaggerates,chordates,annotates,emulates,weights,illustrates,traits,mitigates,mates,negates,allocates,advocates,plates,hippocrates,vertebrates,awaits,fates,rates,fetes,anticipates,integrates,operates,appreciates,resonates,predicates,associates,indicates,commemorates,cates,accommodates,necessitates,expatriates,waits,affiliates,repudiates,facilitates,differentiates,plaits,emirates,infuriates,extrapolates,permeates,invertebrates,ates,postulates,dictates,accelerates,dates,disseminates,gates,graduates,translates,creates,corroborates,estimates,perpetuates,yates,intimidates,bates,slates
impersonating,accumulating,subordinating,intimidating,advocating,ingratiating,infuriating,deprecating,mating,waiting,alienating,recuperating,nauseating,pulsating,fluctuating,captivating,reciprocating,incriminating,self-deprecating,debilitating,exhilarating,berating,illuminating,emulating,discriminating,skating,validating,salivating,denigrating,gaiting,extenuating,bating,aggravating,suffocating,awaiting,obviating,vacillating,excoriating,titillating,relating,dating,calculating,abrogating,dominating,invigorating,mitigating,abbreviating,escalating,instigating,operating,cultivating,eliminating,penetrating,deteriorating,accommodating,excruciating,plating,delegating,radiating,percolating,initiating,emanating,creating,culminating,weighting,stating,frustrating,stimulating,fascinating,alternating,coordinating,activating,indicating,pontificating,procrastinating,humiliating,baiting,exasperating,perpetuating,rotating,facilitating,contemplating,articulating,accelerating,oscillating,delineating,intoxicating,grating,rating,anticipating,devastating,annihilating,undulating,abating,implicating,liberating,irritating,gating,communicating,exacerbating,permeating
impersonation,station,constellation,consternation,discrimination,aberration,expectation,presentation,situation,dedication,organization,obligation,collocation,litigation,civilization,information,deviation,gentrification,representation,implementation,implication,alliteration,indignation,administration,medication,innovation,designation,nation,remuneration,integration,motivation,sensation,association,compensation,altercation,preparation,education,application,trepidation,approbation,foundation,salvation,consideration,conflagration,appreciation,revelation,collaboration,affirmation,remediation,cooperation,interpretation,generation,accommodation,inclination,evaluation,aspiration,transportation,configuration,vacation,abbreviation,correlation,corporation,pronunciation,population,adaptation,citation,orientation,dissertation,operation,relation,anticipation,observation,affiliation,inspiration,vocation,translation,notation,communication,meditation,manifestation,reservation,precipitation,connotation,quotation,radiation,location,rehabilitation,conversation,transformation,conservation,variation,segregation,creation,determination,reputation,abomination,reconciliation,articulation,ramification,proliferation,obfuscation
impersonations,
impersonative,
impersonator,
impersonators,pontificaters,elevators,infiltrators,respirators,curators,gaiters,simulators,estimators,integrators,procrastinators,appropriators,locators,paters,allocators,craters,narrators,irrigators,accumulators,detonators,penetrators,innovators,refrigerators,investigators,moderators,illustrators,traitors,natters,gators,percolators,freighters,educators,litigators,cogenerators,translators,agitators,speculators,actuators,navigators,incubators,batres,radiators,instigators,excavators,alligators,imitators,exterminators,calculators,platers,raters,amphitheaters,haters,coordinators,decorators,generators,staters,mediators,creators,originators,carburetors,debaters,gladiators,negotiators,defibrillators,liquidators,administrators,fabricators,perpetrators,interrogators,skaters,demonstrators,maters,accelerators,legislators,stimulators,waiters,regulators,equators,collaborators,applicators,consolidators,renovators,oscillators,insulators,escalators,caters,syndicators,indicators,slaters,animators,operators,manipulators,superfreighters,arbitrators,incinerators,facilitators,commentators,dictators
impersonatress,
impersonatrix,
impersonify,
impersonification,
impersonization,
impersonize,
imperspicable,
imperspicuity,
imperspicuous,
imperspirability,
imperspirable,
impersuadability,
impersuadable,
impersuadableness,
impersuasibility,
impersuasible,
impersuasibleness,
impersuasibly,
impertinacy,
impertinence,
,
