humit,
humite,domite
humiture,
humlie,
hummable,swimmable,dimmable,crummable,plumbable
hummaul,
hummed,mummed,thumbed,thrummed,slummed,stummed,plumbed,crumbed,summed,gummed,numbed,succumbed,drummed,bummed,scrummed,scummed,dumbed,primmed,chummed,strummed
hummel,hummell,pummill,brummel,pummel,simul,thymol,comal,ummel,glumal,krummel,rummell,rumal,kummel,gimel,fummel,huml,stigmal,gimmal,brummell,rummel
hummeler,
hummelstown,
hummer,brummer,glummer,scrimer,dumber,newcomer,plumber,sommer,dummer,comer,somer,midsummer,strummer,kummer,trimer,nemir,rummer,bummer,plummer,mummer,summar,summer,drummer,gummer,slummer,sumer
hummeri,
hummers,comers,newcomers,drummers,summers,bummers,plumbers,somers,mummers
hummie,
humming,oncoming,succumbing,shimming,overcoming,limning,thrumming,hymning,dumbing,gumming,strumming,becoming,drumming,mumming,slumming,coming,plumming,numbing,rimming,plumbing,unbecoming,bumming,incoming,homecoming,scumming,stumming,summing,primming,forthcoming,crumbing,upcoming,cumming,shortcoming,thumbing,chumming
hummingbird,stirred,songbird,thunderbird,concurred,recurred,heard,gird,preferred,foreword,third,watchword,keyword,gerd,redbird,cowherd,inferred,catchword,word,ladybird,firebird,sunbird,byrd,conferred,uncured,crossword,referred,mockingbird,interred,undeterred,overheard,byword,occurred,blurred,misheard,unheard,purred,deterred,bird,burd,alward,chauffeured,burred,slurred,password,herd,snowbird,incurred,nerd,transferred,curd,furred,hird,absurd,hurd,spurred,reword,bluebird,deferred,kingbird,demurred,shorebird,catbird,kurd,ferd,whirred
humming-bird,
hummingbirds,songbirds,nerds,snowbirds,words,thunderbirds,keywords,curds,herds,sunbirds,firebirds,passwords,gerdes,thirds,birds,bluebirds,twothirds,kingbirds,watchwords,crosswords,kurds,girds
hummingly,
hummock,sphygmic,plumbic,humic,stomach,limbic,hymnic
hummocky,stomachy
hummocks,cimex,lummox,demux,limax,commix,wimax,immix,stomachs
hummum,thummim,himem,summum
hummus,cimices,plumbous,cimiss,gummous,humous,limbous,pumice,remise,pummace,lummus,strumous
hummuses,
humnoke,
humo,
humongous,tsongas
humor,groomer,toomer,rumour,tumor,coomer,fumer,plumer,zoomer,rumer,boomer,shumer,loomer,roomer,okuma,woomer,rumor,brumer,blumer,bruemmer,bloomer,schumer,tumour,humour,consumer
humoral,numeral,tumoral
humoralism,
humoralist,
humoralistic,
humored,rumored,shumard,tumored,humoured
humorer,
humorers,
humoresque,
humoresquely,
humorful,
humorific,
humoring,rumoring,humouring
humorism,
humorist,consumerist,numerist,humourist
humoristic,
humoristical,
humorists,consumerists
humorize,
humorless,humourless
humorlessly,humourlessly
humorlessness,
humorlessnesses,
humorology,
humorous,humourous,tumorous,humerus,rumorous,numerous,humerous
humorously,numerously
humorousness,numerousness
humorousnesses,
humorproof,
humors,bloomers,consumers,tumors,tumours,groomers,rumors,humours,boomers,rumours
humorsome,
humorsomely,
humorsomeness,
humorum,
humour,groomer,toomer,rumour,tumor,coomer,humor,fumer,plumer,zoomer,rumer,boomer,shumer,loomer,roomer,okuma,woomer,rumor,brumer,blumer,bruemmer,bloomer,schumer,tumour,consumer
humoural,
humoured,rumored,shumard,tumored,humored
humourful,
humouring,rumoring,humoring
humourist,consumerist,numerist,humorist
humourize,
humourless,humorless
humourlessness,
humours,humors,bloomers,consumers,tumors,tumours,groomers,rumors,boomers,rumours
humoursome,
humous,cimices,plumbous,cimiss,hummus,gummous,limbous,pumice,remise,pummace,lummus,strumous
hump,jump,skrimp,pump,lump,klumpp,dump,thump,scrump,glump,whump,stumpe,gumpp,slump,kump,trump,bump,plump,stump,crump,gump,klump,lumpp,stumpp,frump,rump,grump,clump,sump,flump,chump
humpage,
humpback,zodiac,hijack,rucksack,mack,jacques,mac,smack,stack,sack,clack,knack,blackjack,lack,rollback,paque,soundtrack,hatchback,almanac,chirac,plack,crack,tarmac,pack,anorak,sac,cadillac,kodak,razorback,track,hack,comeback,frack,nymphomaniac,setback,sidetrack,lilac,lumberjack,flashback,quack,thwack,amnesiac,aback,flapjack,yack,wack,whack,feedback,slack,fallback,cutback,back,ransack,skipjack,jack,counterattack,knapsack,tack,snack,drawback,bushwhack,maniac,flak,claque,payback,wisecrack,outback,kickback,tac,backtrack,shack,pac,racetrack,eniac,flack,brack,fac,backpack,yak,ack,attack,megalomaniac,throwback,unpack,wrack,cardiac,cognac,dak,pontiac,knickknack,insomniac,black,pak,plaque,lac,rack,quarterback,greenback,piggyback
humpbacked,
hump-backed,
humpbacks,
humped,pimped,plumped,trumped,pumped,stumped,bumped,skimped,shrimped,lumped,tumped,jumped,thumped,slumped,clumped,dumped
humperdinck,
humph,rumph,sumph,stumph,bumph
humphed,
humphing,
humphrey,comfrey,umphrey,humphry,humfrey,humphery,cumfrey,pumphrey,mumphrey
humphreys,humpherys
humphs,
humpy,scrumpy,grumpy,lumpy,trumpie,frumpy,plumpy,shrimpy,clumpy,jumpy,scrimpy,bumpy,stumpy,gimpy,crumpy,dumpy,crimpy,glumpy,slumpy
humpier,grumpier,bumpier,dumpier,stumpier,jumpier,lumpier
humpies,
humpiest,dumpiest,bumpiest,jumpiest,lumpiest
humpiness,
humping,comping,plumping,imping,stumping,mumping,tumping,clumping,thumping,lumping,trumping,bumping,pumping,gimping,antidumping,dumping,shrimping,primping,slumping,jumping
humpless,rumpless
humps,jumps,plumps,bumps,rumps,thumps,grumps,shrimps,slumps,stumps,numps,scrimps,sumps,lumps,trumps,mumps,clumps,dumps,pumps,frumps,skimps,gimps,chumps
hump-shaped,
hump-shoulder,
hump-shouldered,
humpty,numpty,dumpty
humpty-dumpty,
humptulips,
hums,dumbs,drums,bums,plumbs,thrums,rums,besoms,sums,crims,slums,somes,succumbs,strums,crumbs,overcomes,scrums,gums,plums,comes,skims,numbs,brims,tzimmes,prims,gumbs,tums,incomes,scums,thumbs,gumz,glims,chums,becomes,mums,outcomes
humstrum,
humuhumunukunukuapuaa,
humulene,
humulon,
humulone,
humulus,tumulus,cumulous,cumulus,tumulous
humus,kumis,loomis,kumiss,plumous,brumous,spumous,grumous,fumous
humuses,
humuslike,
hun,handgun,spun,outgun,shun,homespun,shotgun,sun,stepson,stdin,nun,overrun,dunn,thun,everyone,bun,been,munn,fun,bunn,outrun,begun,c1,done,blowgun,hyun,huhn,chun,outdone,stun,brunn,than,dun,gun,bruhn,ton,anyone,jun,mun,overdone,youn,lun,gunn,none,yun,won,undone,redone,dunne,one,lunn,m1,grun,son,donne,kun,pun,rerun,nunn,tonne,brun,someone,grandson,erven,run,homerun,un
hunan,nunan
hunanese,
hunch,brunch,bunche,punch,glunch,counterpunch,clunch,squinch,munch,lunch,quinch,scrunch,skinch,trunch,bunch,runch,crunch,gunch
hunchakist,
hunchback,zodiac,hijack,rucksack,mack,jacques,mac,smack,stack,sack,clack,knack,blackjack,lack,rollback,paque,soundtrack,hatchback,almanac,chirac,plack,crack,tarmac,pack,anorak,sac,cadillac,kodak,razorback,track,hack,comeback,frack,nymphomaniac,setback,sidetrack,lilac,lumberjack,flashback,quack,thwack,humpback,amnesiac,aback,flapjack,yack,wack,whack,feedback,slack,fallback,cutback,back,ransack,skipjack,jack,counterattack,knapsack,tack,snack,drawback,bushwhack,maniac,flak,claque,payback,wisecrack,outback,kickback,tac,backtrack,shack,pac,eniac,flack,brack,fac,backpack,yak,ack,attack,megalomaniac,throwback,unpack,wrack,cardiac,cognac,dak,pontiac,knickknack,insomniac,black,pak,plaque,lac,rack,quarterback,greenback,piggyback
hunchbacked,bunch-backed,finchbacked
hunchbacks,
hunched,scrunched,lunched,munched,winched,squinched,finched,punched,bunched,crunched
hunches,cinches,pinches,punches,funches,flinches,brunches,munches,lynches,scrunches,lunches,winches,bunches,crunches
hunchet,
hunchy,
hunching,crunching,scrunching,winching,lunching,bunching,munching,cinching,punching,synching
hund,twinned,compufund,und,runde,schlund,dunned,fund,gunned,defund,bund,shunned,almelund,pfund,refund,kunde,and,overfund,sunned,rotund,punned,rund,bunde,underfund,stunned,lunde,lund,sund,grund,wonned,superfund,funned,tunned,sunde,tunde,mund,outgunned
hunder,
hundi,
hundred,plundered,blundered,sundered,thundered,wondered
hundredal,
hundredary,
hundred-dollar,
hundred-eyed,
hundreder,
hundred-feathered,
hundredfold,
hundred-footed,
hundred-handed,
hundred-headed,
hundred-year,
hundred-leaf,
hundred-leaved,
hundred-legged,
hundred-legs,
hundredman,
hundred-mile,
hundredpenny,
hundred-percent,
hundred-percenter,
hundred-pound,
hundred-pounder,
hundreds,
hundredth,
hundredths,
hundredweight,propagate,update,resonate,freight,appropriate,weight,associate,straight,rait,manipulate,contemplate,inculcate,deliberate,trait,gait,mate,demonstrate,gate,profligate,dissipate,incorporate,elaborate,slate,arrogate,communicate,debate,moderate,corroborate,separate,mandate,abate,intimate,vacillate,late,alternate,initiate,consummate,elucidate,emanate,extrapolate,appreciate,abrogate,exacerbate,disseminate,accommodate,ameliorate,estate,procrastinate,relate,obviate,conflate,delineate,denigrate,state,abdicate,delegate,designate,innate,repudiate,dedicate,estimate,advocate,plate,mitigate,wait,reiterate,collaborate,cultivate,precipitate,coordinate,fate,obfuscate,commiserate,integrate,rate,date,surrogate,create,indicate,anticipate,celebrate,subordinate,desolate,graduate,collate,deprecate,articulate,consolidate,spate,adequate,postulate,stipulate,compensate,alleviate,assimilate,evaluate,emulate,facilitate,predicate,great
hundredweights,
hundredwork,
huneker,
hunfysh,
hunfredo,
hung,sprung,zedong,hsiung,mcclung,unsung,tung,swung,clung,lung,stung,slung,gung,overhung,phung,kyung,young,nueyung,junge,tongue,rung,bung,samsung,sung,among,wrung,brung,fung,dung,flung,pung,myung,kung,yung,chung,strung,drepung,ung
hung.,
hungar,
hungary,
hungaria,
hungarian,berrien,utilitarian,centenarian,bulgarian,markarian,unitarian,agrarian,barbarian,authoritarian,nonsectarian,librarian,darien,bavarian,ovarian,merion,varian,seminarian,vegetarian,veterinarian,nazarian,bilzerian,proletarian,planarian,majoritarian,contrarian,libertarian,parliamentarian,wagnerian,aerien,marian,zakarian,egalitarian,clarion,bagdasarian,totalitarian,kazarian,humanitarian,octogenarian,septuagenarian,disciplinarian,carrion,berrian,terrien,marion,carrian,sectarian,kasparian,delawarian
hungarians,totalitarians,disciplinarians,barbarians,bulgarians,librarians,veterinarians,libertarians,delawarians,humanitarians,seminarians,parliamentarians,centenarians,aeriens,contrarians,vegetarians
hungaric,
hungarite,
hunger,unger,ungar,younger,monger
hunger-bit,
hunger-bitten,
hunger-driven,
hungered,bungard,brungard
hungerer,lingerer,fingerer
hungerford,
hungering,mongering
hungeringly,
hungerless,
hungerly,
hunger-mad,
hunger-pressed,
hungerproof,
hungerroot,
hungers,mongers,youngers
hunger-starve,
hunger-stricken,
hunger-stung,
hungerweed,
hunger-worn,
hungnam,
hungry,
hungrier,
hungriest,
hungrify,
hungrily,
hungriness,
hung-up,
hunh,
hunyadi,
hunyady,
hunyak,
hunk,ruhnke,juhnke,punk,xlink,vandunk,twink,bunke,runck,trunk,dunc,brunke,slink,spelunk,monk,bunk,blunk,finunc,skunk,debunk,plunk,funk,chunk,flunk,clunk,skink,runk,stunk,yunk,klunk,schmunk,prink,sunk,crunk,schunk,funke,strunk,blunck,junk,drunk,hunke,spunk,krunk,munk,kuhnke,slunk,dunk,shrunk,brunk,funck,shunk,trink
hunker,junker,stinker,yunker,spelunker,brunker,blinker,plunker,bunker,dunker,clunker,younker,punker,zunker,drunker,clinker,shrinker
hunkered,drunkard,bunkered,blinkered
hunkering,bunkering
hunkerism,junkerism
hunkerous,
hunkerousness,
hunkers,bunkers,clunkers,plunkers,blinkers,spelunkers,munkres,dunkers,sinkers,clinkers,winkers,younkers,junkers
hunky,zinky,punky,chunky,monkey,gunky,spunky,zincky,junkie,flunky,chinky,hinky,linchi,punkie,funky,clunky,junky,flunkey
hunky-dory,
hunkie,
hunkies,
hunkpapa,
hunks,funks,tunks,sphynx,spelunks,junks,slinks,flunks,monks,thunks,plunks,trunks,syncs,dinks,zincs,clinks,bunks,skunks,ginks,chunks,debunks,dunks,punks,lincs,drunks,clunks
hunk's,
hunley,munley,dunley,sonly,nunley
hunlike,
hunner,
hunnewell,
hunnian,
hunnic,
hunnican,
hunnish,nunnish,thinnish,dunnish,kunesh,tonnish,punish
hunnishness,
huns,
hunsinger,
hunt,dillahunt,blunt,forefront,grunt,glunt,hunte,hundt,affront,bunte,lakefront,strunt,witchhunt,cunt,whisenhunt,stunt,sprunt,klundt,manhunt,oceanfront,printf,shunt,brunt,skint,runte,mundt,pundt,munt,battlefront,grint,sundt,jundt,confront,grinte,bunt,upfront,punt,vanbrunt,waterfront,lunt,quinte,riverfront,front,lundt
huntable,
huntaway,
hunted,stinted,bunted,gwynedd,fronted,clinid,affronted,confronted,splinted,glinted,stunted,squinted,punted,shunted,grunted,blunted
huntedly,
hunter,sunter,shunter,headhunter,sinter,bunter,grunter,guntur,blunter,tinter,gunter,hinter,squinter,todhunter,linter,stinter,punter,munter
hunterian,
hunterlike,
hunters,inters,splinters,punters,headhunters
huntersville,
huntertown,
huntilite,
hunting,bunting,grinting,punting,stinting,stunting,tinting,affronting,blunting,dunting,splinting,dinting,shunting,confronting,fronting,grunting
huntingburg,
huntingdon,
huntingdonshire,
hunting-ground,
huntings,
huntington,huntingtin
huntingtown,
huntland,
huntlee,
huntley,bluntly,spruntly,huntly
huntly,bluntly,spruntly,huntley
huntress,untruss
huntresses,
hunts,muntz,confronts,punts,shunts,dints,stuntz,waterfronts,runts,stunts,blintz,affronts,grunts,squints,chintz,gluntz,bunts,blintze,blunts,bruntz,luntz,glints,fronts,kuntz,buntz,cunts
huntsburg,
huntsman,kuntzman
huntsman's-cup,
huntsmanship,
huntsmen,
hunt's-up,
huntsville,
huntswoman,
huoh,
hup,
hupa,
hupaithric,
hupeh,loup,houp,shoup,koop,subgroup,stupe,stoop,loupe,stroupe,guadeloupe,doupe,recoup,swoop,stoup,snoop,oop,newsgroup,hoop,nincompoop,coupe,roop,workgroup,rupe,poop,intergroup,scoop,soup,arup,coop,shoop,dupe,droop,troop,sloop,groupe,hupe,stroop,loop,croup,group,croupe,drupe,troup,whoop,regroup,stroup,boop,paratroop,roope,toupe,guadalupe,cloop,knoop,goop,shupe,bloop,gloop,lupe,wynkoop,troupe
huppah,cuppa,chuppah,kruppa,zuppa
huppahs,
huppert,ruppert,apert
huppot,
huppoth,
hura,
hurcheon,
hurd,stirred,songbird,thunderbird,concurred,recurred,heard,gird,preferred,foreword,third,watchword,keyword,gerd,redbird,cowherd,inferred,catchword,word,ladybird,firebird,sunbird,byrd,conferred,uncured,crossword,referred,mockingbird,interred,undeterred,overheard,byword,occurred,blurred,misheard,unheard,purred,deterred,bird,burd,alward,chauffeured,burred,slurred,password,herd,snowbird,incurred,nerd,transferred,curd,furred,hird,absurd,hummingbird,spurred,reword,bluebird,deferred,kingbird,demurred,shorebird,catbird,kurd,ferd,whirred
hurden,lurdan,bourdon
hurdies,
hurdy-gurdy,
hurdy-gurdies,
hurdy-gurdyist,
hurdy-gurdist,
hurdis,
hurdland,
hurdle,wordell,girdle,curdle,skurdal,spurdle
hurdled,girdled,curdled
hurdleman,
hurdler,girdler
hurdlers,
hurdles,girdles,curdles
hurdlewise,
hurdling,curdling,birdling,zwerdling,girdling
hurds,surds,sirds,byrds,sherds,turds
hurdsfield,
hure,
hureaulite,
hureek,
hurf,
hurff,
hurgila,
hurkaru,
hurkle,
hurl,curl,earll,merl,berle,showgirl,shirl,perl,cowgirl,pearl,earle,sperl,perle,kerl,hearl,twirl,sperle,girl,swirl,merle,whirl,burl,werle,herl,earl,pearle,whorl,birle,searle,wurl,searl,erl,nerl,unfurl
hurlbarrow,
hurlbat,whirlbat
hurl-bone,
hurlbut,hurlbutt
hurled,sunworld,transworld,whorled,waterworld,infoworld,macworld,computerworld,pearled,dreamworld,westworld,curled,world,twirled,underworld,burled,whirled,swirled,eworld,purled,netherworld,furled,neworld,unfurled
hurlee,
hurley,curley,verley,adderley,sherley,kerley,erly,kirley,early,shurley,swirly,akerley,mccurley,worley,birley,burly,hurly,kearley,perley,shirlie,girlie,turley,murley,curly,pearly,gurley,earley,shirley,surly,durley,brearley,werley,cearley,twirly,wherley,earlie,shirlee,whirley,girly,burley
hurleigh,
hurleyhacket,
hurley-hacket,
hurleyhouse,
hurleys,
hurleyville,
hurlement,
hurler,pearler,burler,curler,twirler,erler,whirler
hurlers,
hurless,curless,scherlis,stirless,spurless
hurly,curley,verley,adderley,sherley,kerley,erly,kirley,early,shurley,swirly,akerley,mccurley,worley,birley,burly,kearley,perley,shirlie,girlie,turley,hurley,murley,curly,pearly,gurley,earley,shirley,surly,durley,brearley,werley,cearley,twirly,wherley,earlie,shirlee,whirley,girly,burley
hurly-burly,
hurly-burlies,
hurlies,
hurling,burling,swerling,pearling,twirling,serling,sperling,stirling,spurling,curling,unfurling,whirling,eurosterling,sterling,durling,swirling,herling,werling,purling,merling,yearling,berling,gerling
hurlings,
hurlock,sperlich,scurlock,gerlach,nerlich,gerlich,gerlock,incirlik
hurlow,
hurlpit,
hurls,berles,twirls,cowgirls,burls,earles,earls,perls,girls,merles,swirls,berls,searles,whirls,pearls,sirles,showgirls,searls,curls,whorls,furls
hurlwind,
hurok,rurik,mooruk,yurick,zurich,tchuruk,sulfuric,mercuric,duroc,jurich
huron,han,moron,amadon,upon,yawn,prawn,hogan,aragon,tron,salon,phenomenon,oberon,quan,amazon,hon,automaton,gone,coupon,spawn,crayon,meson,mastodon,carillon,photon,paragon,echelon,pion,neutron,rapprochement,proton,capon,gabon,hexagon,epsilon,braun,yuan,babylon,bygone,con,don,aileron,woebegone,fawn,axon,lawn,forgone,juan,radon,octagon,bon,celadon,chiffon,pylon,foregone,john,marathon,drawn,swan,exon,polygon,iran,agamemnon,pawn,pantheon,withdrawn,pentagon,brawn,on,oregon,avalon,baton,wan,micron,argon,dawn,antiphon,boron,khan,yon,parmesan,emoticon,flawn,oman,ron,pecan,denouement,non,sean,nylon,lexicon,liaison
huronian,turonian,tironian
hurr,
hurrah,awe,blah,law,wah,yah,baccarat,claw,outlaw,hacksaw,da,raw,chihuahua,shaw,draugh,chaw,mackinaw,ja,hoopla,qua,utah,fermata,chutzpah,saw,voila,wa,whipsaw,jaw,ah,grandpa,gnaw,withdraw,chainsaw,draw,spa,schwa,guffaw,ma,seesaw,ona,ra,xio,ga,flaw,slaw,doha,rah,bah,macaw,overdraw,shah,yaw,bra,dumas,squaw,haw,panama,rawe,ottawa,hah,pshaw,gaw,faw,trois,baja,omaha,maw,arkansas,pa,ya,bourgeois,na,pasha,nah,ahh,aha,craw,straw,ka,cha,coleslaw,naw,ta,scrimshaw,dada,bois,gras,jigsaw,paw,esau,aw,daw,sha,bylaw,ha,caw,la,thaw,redraw,moi,sa
hurrahed,
hurrahing,
hurrahs,
hurray,betray,x-ray,portray,buffet,day,k,j,valet,vertebrae,mainstay,astray,pray,today,ray,relay,essay,holiday,prey,grey,melee,ok,waylay,yea,way,tray,dismay,cache,delay,weigh,display,obey,survey,re,stray,may,pay,fillet,gainsay,allay,heyday,soiree,okay,fey,bray,gay,lingerie,gateway,resume,underway,gray,usa,everyday,cliche,lei,quay,hey,fray,latte,dna,disarray,jay,bay,dossier,slay,friday,cafe,ballet,stay,yay,repay,passe,entree,clay,away,sachet,hay,lay,say,array,leeway,fiance,bouquet,inlay,spray,gourmet,sway,they,splay,convey,decay,sunday,protege,play,sobriquet,nay,asea,railway,anyway,halfway,overlay
hurrayed,
hurraying,
hurrays,
hurr-bur,
hurrer,
hurri,macmurray,murrie,slurry,demery,gurry,demory,murry,margory,sirree,currie,murree,beury,mcelmurray,towery,curry,lansbury,vickery,mcmurrey,surry,mccurry,blurry,kebab-n-kurry,uri,churry,burry,urey,ulery,scurry,murrey,urie,hurry,furry,murray,purree,currey,mcmurry,worry,flury,surrey,frie,flurry
hurry,macmurray,murrie,slurry,demery,gurry,demory,murry,hurri,margory,sirree,currie,murree,beury,mcelmurray,towery,curry,lansbury,vickery,mcmurrey,surry,mccurry,blurry,kebab-n-kurry,uri,churry,burry,urey,ulery,scurry,murrey,urie,furry,murray,purree,currey,mcmurry,worry,flury,surrey,frie,flurry
hurrian,
hurry-burry,
hurricane,bain,thane,ordain,veins,reins,germain,urbane,sane,remain,fane,brain,inhumane,moraine,vain,again,detain,deign,bane,germaine,germane,rain,humane,maintain,vein,maine,wain,quain,plane,slain,retain,remains,crane,mundane,trane,vane,partain,ascertain,sprain,grain,stain,mane,inane,lain,crain,strain,domain,pane,airplane,shane,insane,constrain,migraine,dane,drain,fein,plain,main,jane,refrain,terrain,obtain,lane,attain,complain,spain,profane,rein,champagne,abstain,sustain,explain,ane,zane,cain,arcane,disdain,wane,cane,arraign,membrane,pertain,cocaine,swain,campaign,reign,restrain,train,skein,entertain,feign,kane,twain,fain,legerdemain,contain,saine,romaine,pain,gain,chain
hurricane-decked,
hurricane-proof,
hurricanes,fains,migraines,veins,reins,bains,caines,refrains,regains,grains,domains,obtains,drains,fanes,vanes,plains,mainz,terrains,maintains,jains,complains,sustains,monoplanes,danes,champagnes,reines,gaines,entertains,warplanes,remains,maynes,brains,panes,chains,haines,bloodstains,wanes,hanes,pains,reigns,raines,planes,hurricane,membranes,alkanes,ganes,campaigns,keynes,staines,pertains,deigns,jaynes,attains,baines,skeins,yanes,magallanes,restrains,constrains,trains,sainz,strains,ranes,disdains,llanes,thanes,canes,skains,cranes,stains,janes,maines,rains,lanes,baynes,windowpanes,haynes,mains,sprains,explains,gains,hains,raynes,blains,retains,cains,contains,banes,feigns,manes,swains
hurricane's,
hurricanize,
hurricano,
hurridly,
hurried,curried,flurried,unhurried,scurried,unworried,worried
hurriedly,
hurriedness,
hurrier,courier,worrier,scurrier,currier,spurrier,blurrier,furrier,burrier
hurriers,
hurries,worries,curries,myrrhis,slurries,scurries,flurries,currys
hurrygraph,
hurrying,scurrying,worrying,flurrying,currying
hurryingly,worryingly
hurryproof,
hurris,
hurry-scurry,
hurry-scurried,
hurry-scurrying,
hurry-skurry,
hurry-skurried,
hurry-skurrying,
hurrisome,
hurry-up,
hurrock,
hurroo,
hurroosh,
hursinghar,
hurst,durst,emersed,interspersed,guaranty-first,pursed,dispersed,kirst,versed,hearst,interfirst,conversed,immersed,seafirst,huerst,thirst,outburst,herst,reimbursed,nursed,medfirst,cloudburst,unreimbursed,unrehearsed,kerst,hirst,werst,coerced,reversed,rehearsed,burst,brookhurst,headfirst,first,whitehurst,worst,wurst,furst,submersed,allenhurst,disbursed,traversed,berst,cursed,merced,gerst
hurstmonceux,
hursts,
hurt,mcgirt,invert,hert,exert,insert,vert,undershirt,nightshirt,pert,birt,boisvert,avert,herdt,dilbert,hurtt,mcwhirt,reassert,kuhrt,extrovert,burtt,lampert,alert,desert,spurt,miniskirt,inert,humpert,blurt,vanwert,kirt,subvert,evert,dirt,thibert,skirt,girt,burt,schwerdt,shirt,assert,purt,introvert,pervert,erte,wirt,gumpert,squirt,wert,divert,flirt,mcguirt,dessert,hirt,sweatshirt,chert,overt,turret,unhurt,concert,bert,disconcert,peart,curt,gert,berte,kurt,outskirt,quirt,convert,revert
hurtable,
hurted,
hurter,mcwherter,perter,converter,squirter,curter,mcwhirter,huerter,herter,flirter
hurters,
hurtful,
hurtfully,
hurtfulness,
hurty,
hurting,disconcerting,blurting,asserting,flirting,diverting,converting,spurting,skirting,perverting,squirting,shirting,alerting,inserting,reasserting,averting,reverting,herting,subverting,exerting
hurtingest,
hurtle,ertle,birtle,pirtle,turtle,purtle,infertile,mertle,myrtle,purtell,curtal,mirtle,bertil,hirtle,ertl,hertel,ertel,fertile
hurtleberry,
hurtleberries,
hurtled,bertilde,turtled
hurtles,myrtles,turtles,bertels
hurtless,shirtless
hurtlessly,
hurtlessness,
hurtling,bertling
hurtlingly,
hurts,exerts,virts,deserts,gertz,blurts,wurtz,spurts,miniskirts,reverts,shurtz,burts,converts,gerdts,outskirts,gurtz,mirtz,reasserts,hertz,kirts,averts,inserts,sturtz,curts,nightshirts,kertz,ertz,kurtz,desserts,asserts,sweatshirts,hirtz,wirtz,concerts,geurts,cherts,schertz,werts,vertz,skirts,wertz,perverts,diverts,flirts,subverts,undershirts,bertz,mertz,shirts,squirts,alerts,worts,schmertz
hurtsboro,
hurtsome,
hurwit,
hurwitz,herwitz
hus,
husain,fuscine,picine,decine,lycine,sasine,piscine,vicine,glaucine,phocine
husband,
husbandable,
husbandage,
husbanded,
husbander,
husbandfield,
husbandhood,
husbanding,
husbandland,
husbandless,
husbandly,
husbandlike,
husbandliness,
husbandman,
husbandmen,
husbandress,
husbandry,
husbandries,
husbands,
husband's,
husbandship,
husband-to-be,
huscarl,
husch,
huse,revenues,dews,peruse,refuse,flews,trews,pews,cruz,youse,cruse,views,lewes,screws,syracuse,residues,toulouse,accuse,whose,schmooze,tattoos,amuse,booz,abuse,avenues,bruise,canoes,ensues,moos,cruise,druze,hues,crews,tissues,defuse,queues,suffuse,eschews,hughes,statues,kangaroos,goos,chartreuse,boos,chuse,hairdos,news,creuse,luse,druse,andrews,overuse,snooze,roose,fuse,transfuse,ques,excuse,accrues,jews,tewes,woos,recuse,loos,confuse,hindus,cues,ewes,clues,thews,infuse,reuse,reviews,enthuse,taboos,zoos,disabuse,muse,shmooze,misuse,ruse,bemuse,hews,meuse,brews,diffuse,chews,sous,ooze,horseshoes,choose,roos,shoes,blues,lose,booze,cruze,gurus,dues,soyuz,slews
husein,
hush,kusch,shush,underbrush,crush,frush,pusch,plush,thrush,rush,sagebrush,cush,smush,rusche,lush,gush,nusz,slush,blush,grush,squish,brush,dusch,paintbrush,dush,mush,lusch,rusch,flush,musch,busche,qurush
husha,
hushaby,
hushable,
hush-boat,
hushcloth,
hushed,squished,brushed,shushed,flushed,blushed,gushed,mushed,slushed,rushed,crushed
hushedly,
hushed-up,
husheen,
hushel,
husher,slusher,gusher,crusher,usher,brusher,musher,blusher,lusher,luscher,rusher,bonecrusher,plusher,flusher,thrusher
hushes,crushes,mushes,toothbrushes,lushes,ushas,shushes,blushes,rushes,flushes,brushes,gushes,thrushes
hushful,
hushfully,
hush-hush,
hushing,swishing,gushing,crushing,squishing,onrushing,flushing,rushing,shushing,brushing,slushing,blushing,mushing
hushingly,
hushion,
hushllsost,
hush-money,
husho,
hushpuppy,
hushpuppies,
husht,
hush-up,
husk,dusk,musk,kuske,buske,busk,brusque,tusk,muske,rusk,cornhusk,bruske,cusk,lusk
huskamp,
huskanaw,
husked,tusked,disked
huskey,huskie,dusky,suski,mccluskey,sandusky,brusky,tusky,daufuskie,pietruski,muskie,lusky,husky,pruski,bruski,gusky,musky,levendusky
huskened,
husker,busker,risker,puskar,mccusker,tusker
huskers,
huskershredder,
husky,huskie,dusky,suski,mccluskey,sandusky,brusky,tusky,daufuskie,pietruski,muskie,lusky,pruski,bruski,huskey,gusky,musky,levendusky
huskier,duskier
huskies,whiskies
huskiest,duskiest
huskily,duskily,riskily
huskiness,duskiness
huskinesses,
husking,disking,tusking,dusking,whisking,cornhusking,busking
huskings,
huskisson,
husklike,
huskroot,
husks,tusks,dusks,cornhusks
husk-tomato,
huskwort,
huso,
huspel,
huspil,
huss,us,nonpluss,ghattas,tusche,wuss,quice,russe,vanhuss,fuss,bus,bruss,barfuss,thus,schoolbus,careplus,banderas,kuss,suss,shas,wass,fuhs,guss,mistrusts,struss,pruss,brus,rus,muhs,cuss,xus,sus,klus,cus,plus,russ,gruss,sluss,eurailpass,goldfus,muckenfuss,nuss,brusk,truss,puss,tusseh,schuss,discuss,usphs,superfluous,adjusts,busse,minibus,prus,buss,krus,gus,kus,trus,pus,hasenfus,papenfuss
hussar,lusser,musser,busser,fusser,slusser,trusser,nusser,susser,husser
hussars,strisores,buskers
hussey,bussi,copse,russky,fussy,jussi,tussey,busey,drusie,russey,mussy,bussey,musci,hussy,gussy,bussie,ducey,busky,gussie,debussy,russki,deci-,tousey
hussein,bain,thane,ordain,germain,urbane,sane,remain,fane,brain,inhumane,moraine,vain,again,detain,deign,bane,germaine,germane,rain,humane,maintain,vein,maine,wain,quain,plane,slain,retain,crane,aine,mundane,trane,vane,partain,ascertain,sprain,grain,stain,mane,inane,lain,crain,strain,domain,pane,airplane,shane,insane,hurricane,constrain,migraine,dane,drain,fein,plain,main,jane,refrain,terrain,obtain,lane,attain,complain,spain,profane,rein,champagne,abstain,sustain,explain,ane,zane,cain,arcane,disdain,wane,cane,arraign,membrane,pertain,cocaine,swain,campaign,reign,restrain,train,skein,entertain,wayne,feign,kane,twain,fain,legerdemain,contain,saine,romaine,pain,gain,chain
husser,lusser,musser,busser,fusser,slusser,trusser,nusser,hussar,susser
husserl,
husserlian,
hussy,bussi,copse,russky,fussy,jussi,tussey,busey,drusie,russey,mussy,bussey,musci,gussy,bussie,ducey,busky,hussey,gussie,debussy,russki,deci-,tousey
hussydom,
hussies,disseise
hussyness,
hussism,
hussite,spite,fahrenheit,plight,brite,blight,site,backbite,playwright,overnight,bright,contrite,cite,highlight,indict,satellite,twilight,foresight,recondite,forthright,neophyte,knight,oversight,invite,appetite,nite,right,spotlight,smight,acolyte,mite,expedite,hindsight,rewrite,kite,height,flight,overwrite,polite,graphite,tight,goodnight,copyright,upright,parasite,uptight,quite,insight,fright,smite,wright,light,recite,hermaphrodite,dight,indite,lignite,night,underwrite,fortnight,sleight,downright,fight,write,outright,twite,rite,moonlight,ignite,extradite,lite,finite,website,wight,unite,apatite,sight,plebiscite,alright,slight,luddite,excite,alight,frostbite,despite,limelight,white,apartheid,might,bight,erudite,byte,meteorite,feit,delight,sprite,trite,tripartite,bite,incite,midnight
hussitism,mycetism
hust,unjust,readjust,incrust,guste,mistrust,clevetrust,healthtrust,rust,sawdust,centrust,meditrust,thrust,trust,blissed,antitrust,distrust,combust,busked,nonplussed,blust,prudentrust,just,disgust,juste,stardust,ameritrust,dust,pentrust,thrist,adjust,entrust,fussed,gust,yust,citytrust,fust,giftrust,robust,crust,bussed,lust,cussed,encrust,sussed,brust,knust,suntrust,must,discussed,bused,clist,trussed,trist,unadjust,mussed,bust,prust,glist,wanderlust
husting,
hustings,
hustisford,
hustle,bussell,decyl,glycyl,rustle,brussel,friskal,tussle,nustle,scissel,mussel,muscle,scissile,trussell,nussle,ficelle,friskful,disple,sisel,tussal,russell,mussell,thrustle,justle,brustle,russel,decil,bustle,fussell,scissil
hustlecap,
hustle-cap,
hustled,tussled,rustled,muscled,bustled
hustlement,
hustler,russler,wussler,bustler,rustler,gusler,schussler,kusler,busler,trusler
hustlers,rustlers
hustles,tussles,bustles,mussels,muscles,missals,brussels
hustling,rustling,bustling,muscling,tussling
huston,muston,augustyn,tustin,rustin,fuston,guston,bustin,mustin,gustin,justen,duston,dustin,astun,nystan,ruston,justin
hustontown,
hustonville,
husum,
huswife,
huswifes,
huswives,
hut,chesnut,butt,slut,doughnut,rut,netiquette,rebut,scrit,nutt,coconut,shut,fingerhut,tut,jut,hutt,tutt,somewhat,robot,wackenhut,gut,skutt,haute,shortcut,strut,but,nut,cut,taxcut,scuttlebutt,putt,rutt,schutt,uncut,scutt,qubit,groundnut,haircut,chestnut,mutt,gutt,chesnutt,walnut,sprit,smut,undercut,phut,abut,that,donut,what,hazelnut,kut,mcnutt,clearcut,schutte,knut,peanut,turbot,dutt,glut
hutch,butsch,zuche,mutsch,futch,szuch,slutch,duch,scutch,nonesuch,huch,buch,strich,ruch,grutch,how-much,buche,bruch,smutch,sutch,mutch,crutch,scritch,kutch,kutsch,touch,tuch,dusch,schlich,zuch,clutch,cutch,kuch,ruche,such,much,airtouch,dutch
hutched,
hutcher,
hutches,fiches,flitches,fitches,snitches,trichys,crutches,chiches,clutches,touches
hutcheson,huchison,hutchison
hutchet,
hutchie,
hutching,scutching,clutching,ruching,crutching,bitching,touching,wuchang,miching,retouching,kuching
hutchings,
hutchins,junkins,ins,bedouins,might-have-beens,kingpins,djinns,shins,prinz,chemins,tins,lins,puffins,sins,winze,hagins,mullins,buckskins,pigskins,askins,fins,minns,binz,wins,hinz,twins,chins,inns,thins,akins,finns,begins,mcginnes,bins,binns,violins,has-beens,medecins,linz,redskins,prins,thinnes,spins,zins,beens,skins,kamins,wynns,grins,pins,hinze
hutchinson,
hutchinsonian,
hutchinsonianism,
hutchinsonite,
hutchison,huchison,hutcheson
huterian,
hutg,
huther,
huthold,
hutholder,
hutia,
hut-keep,
hutkeeper,
hutlet,
hutlike,
hutment,fitment,butment
hutments,
hutner,
hutre,
huts,snits,cocoanuts,kutz,lutz,clits,schmutz,cuts,klutts,nuts,strutz,clutts,supercuts,smuts,mutz,krutz,abuts,butz,slutz,doughnuts,rutz,juts,cutts,walnuts,peanuts,groundnuts,struts,haircuts,donuts,putz,robots,flits,rutts,putts,klutz,ruts,undercuts,twits,butts,hazelnuts,squits,shutts,shuts,stutz,sprits,qubits,coconuts,kluttz,schutz,switz,spritz,buts,whats,mutts,gluts,lutsk,guts,stutts,clearcuts,shortcuts,utz,knuts,sluts
hut's,
hut-shaped,
hutson,knutsen,butzen,dutson,tutsan,butson,butzin,lutzen,whitsun
hutsonville,
hutsulian,
hutt,chesnut,butt,slut,doughnut,rut,netiquette,rebut,scrit,nutt,coconut,shut,fingerhut,tut,jut,tutt,somewhat,robot,wackenhut,gut,skutt,haute,shortcut,strut,but,nut,cut,taxcut,scuttlebutt,putt,rutt,schutt,uncut,scutt,qubit,groundnut,haircut,chestnut,mutt,gutt,chesnutt,walnut,sprit,smut,undercut,phut,abut,that,donut,what,hazelnut,kut,mcnutt,clearcut,schutte,knut,peanut,turbot,dutt,glut,hut
huttan,
hutted,abutted,gritted,strutted,smutted,spitted,sooted,teated,putted,glutted,rutted,nutted,bitted,quitted,jutted,flitted,gutted,fritted,shitted,slitted,twitted,butted,rebutted,nitid,kitted
hutterites,
huttig,
hutting,butting,strutting,glutting,undercutting,gutting,tutting,jutting,shitting,sooting,witing,betongue,nutting,costcutting,smutting,kitting,putting,clearcutting,twitting,fritting,cutting,shutting,rebutting,rutting,abutting
hutto,rizzuto,buetow,zaffuto,kyokuto,scaduto,maputo,pluto,sperduto,venuto,instituto,souto,caputo,suto,carotenuto,pizzuto,benvenuto,realmuto,nobuto,saputo,istituto,pascutto,pazuto,sciuto,bhutto
hutton,rutten,ruttan,sutton,chiton,beton,tutton,phyton,unbutton,lutton,glutin,cutin,shut-in,niton,mutton,vanputten,sitten,glutton,dutton,tarbutton,chitin,scrutton,strutton,witen,gittin,button,rutin,rhyton,cut-in,mitin,sit-in,twitten
huttonian,catonian,etonian
huttonianism,
huttoning,
huttonsville,
huttonweed,
hutu,cuckoo,xu,shue,statue,due,crew,shoe,view,barbecue,adieu,undue,goo,through,blue,lieu,revenue,clue,canoe,eschew,breakthrough,flu,tattoo,coo,pursue,too,brew,sue,overview,few,vue,renew,imbue,askew,true,outdo,flue,emu,skew,q,purview,mew,ado,ewe,lulu,hew,two,subdue,glue,rendezvous,construe,zoo,boo,who,interview,to,que,u,spew,ingenue,poo,bamboo,taboo,gnu,thru,slew,do,hitherto,vu,pew,guru,cue,roux,anew,avenue,screw,ensue,tissue,coup,hue,into,yew,shrew,residue,you,new,review,stew,retinue,chew,yahoo,dew,strew,accrue,debut,woo,undo,rue,queue,loo,redo
hutukhtu,
hutuktu,
hutung,
hutzpa,britzska,britzka,chutzpa,hutzpah
hutzpah,britzska,britzka,hutzpa,chutzpa
hutzpahs,
hutzpas,
huurder,
huvelyk,
hux,deluxe,tuks,rux,pucks,snicks,spics,cricks,redux,mucks,starbucks,sucks,tucks,chucks,rucks,influx,schmucks,marimbalax,hucks,klux,lux,canucks,yuks,crux,tux,bucs,shucks,szucs,quicks,trucks,lucks,dux,megabucks,strix,bucks,plucks,flux,knucks,luks,dumptrucks,brucks,fucks,ducks,clucks,brics,woodchucks,buchs
huxford,tuxford
huxham,
huxley,
huxleian,
huxleyan,
huxtable,
huxter,
huzoor,
huzvaresh,
huzz,
huzza,briza
huzzaed,
huzzah,
huzzahed,
huzzahing,
huzzahs,
huzzaing,
huzzard,
huzzas,
huzzy,
hv,
hvac,
hvar,
hvasta,
hvy,
hw,
hw-,
hwa,awe,blah,law,wah,yah,baccarat,claw,outlaw,hacksaw,da,raw,chihuahua,shaw,draugh,chaw,ja,hoopla,qua,utah,fermata,chutzpah,saw,voila,wa,whipsaw,jaw,ah,grandpa,gnaw,withdraw,chainsaw,draw,spa,schwa,guffaw,ma,seesaw,ona,ra,xio,ga,flaw,slaw,doha,rah,bah,macaw,overdraw,hurrah,shah,yaw,bra,dumas,squaw,haw,panama,rawe,ottawa,hah,pshaw,gaw,faw,trois,baja,omaha,maw,arkansas,pa,ya,bourgeois,na,pasha,nah,ahh,aha,craw,straw,ka,cha,coleslaw,naw,ta,scrimshaw,dada,bois,gras,jigsaw,paw,esau,aw,daw,sha,bylaw,ha,caw,la,thaw,redraw,moi,sa
hwaiyang,
hwajung,
hwan,han,moron,amadon,upon,yawn,prawn,hogan,aragon,tron,salon,phenomenon,oberon,quan,amazon,hon,automaton,gone,coupon,spawn,crayon,meson,mastodon,carillon,photon,paragon,echelon,pion,neutron,rapprochement,proton,capon,gabon,hexagon,epsilon,braun,yuan,babylon,bygone,con,don,aileron,woebegone,fawn,axon,lawn,forgone,juan,radon,octagon,bon,celadon,chiffon,pylon,foregone,john,marathon,drawn,swan,exon,polygon,iran,agamemnon,pawn,pantheon,withdrawn,pentagon,brawn,on,oregon,avalon,baton,wan,micron,argon,dawn,antiphon,boron,khan,yon,parmesan,emoticon,flawn,oman,ron,pecan,denouement,non,sean,nylon,lexicon,liaison
hwang,weeklong,yearlong,birdsong,flang,mong,clang,furlong,yong,prang,lange,fang,rang,kang,belong,slang,mang,flong,cong,chang,wrong,bong,stang,hang,overhang,huang,thang,gong,headstrong,headlong,wang,along,langue,scuppernong,sprang,bhang,twang,strong,pong,plainsong,kong,sang,thong,pang,drang,dong,tang,prolong,monthlong,chiang,hmong,hourlong,throng,daylong,song,spong,stong,gang,swang,pyongyang,hong,vang,chong,schlong,tong,sarong,yang,gangue,ong,wong,shang,spang,harangue,liang,vietcong,mustang,dang,clong,lang,boomerang,whang,jiang,rong,armstrong,fong,jong,ang,klong,prong,zhang,bang,lifelong,long
hwanghwatsun,
hwangmei,
h-war,
hwd,
hwelon,
hwy,
hwyl,
hwm,
hwt,
hwu,
hz,
i,justify,occupy,sty,signify,my,ly,sigh,hereby,comply,gadfly,clarify,butterfly,nye,fry,reply,nigh,classify,die,satisfy,nullify,bye,tie,belie,cry,quantify,edify,vie,exemplify,try,standby,alumni,sky,dye,lye,pry,hi,mollify,notify,ply,supply,bely,apply,dry,thereby,lanai,y,ossify,spry,high,shy,alibi,lie,guy,alkali,certify,bi,ally,fly,vi,whereby,indemnify,stultify,deny,decry,mortify,testify,defy,sly,nearby,ratify,identify,goodbye,eye,ai,pi,awry,vilify,wry,verify,bae,tai,specify,rely,codify,imply,buy,rye,pie,spy,amplify,by,rectify,psi,why,chi,qualify,modify,magpie,aye,underlie
y,justify,occupy,sty,signify,my,ly,sigh,hereby,comply,gadfly,clarify,i,butterfly,nye,fry,reply,nigh,classify,die,satisfy,nullify,bye,tie,belie,cry,quantify,edify,vie,exemplify,try,standby,alumni,sky,dye,lye,pry,hi,mollify,notify,ply,supply,bely,apply,dry,thereby,lanai,ossify,spry,high,shy,alibi,lie,guy,alkali,certify,bi,ally,fly,vi,whereby,indemnify,stultify,deny,decry,mortify,testify,defy,sly,nearby,ratify,identify,goodbye,eye,ai,pi,awry,vilify,wry,verify,bae,tai,specify,rely,codify,imply,buy,rye,pie,spy,amplify,by,rectify,psi,why,chi,qualify,modify,magpie,aye,underlie
i',
i-,
-i-,
y-,
i.,
y.,
i.c.,
i.c.s.,
i.d.,
i.e.,
i.f.s.,
i.m.,
y.m.c.a.,
y.m.h.a.,
i.n.d.,
i.o.o.f.,
i.q.,
i.r.a.,
y.t.,
i.t.u.,
i.v.,
y.w.c.a.,
y.w.h.a.,
i.w.w.,
i/c,
i/o,
ia,mia,alethea,galatea,gaea,dorothea,gonorrhea,cytherea,sophia,tanzania,theia,leah,korea,onomatopeia,berea,cheoplasty,garcia,shiah,idea,maria,galleria,belyea,dhia,stria,duryea,keziah,aliyah,corea,snia,crimea,diarrhoea,bria,abyssinia,subia,hialeah,sofia,perea,jia,panacea,ria,caesarea,samaria,orea,anamaria,tia,eritrea,nicosia,kania,galeria,rosalia,basophilia,urea,tortilla,zia,judea,shia,freia,pizzeria,chia,rhea,althea,atypia,killilea,diarrhea,pia,pcmcia,brachia,desmoplasia,dyspnea,urrea,neoplasty,dia,thea,cananea,hosea,asea,logophilia,medea,dulcinea,yttria,ikea,lia
ya,awe,blah,law,wah,yah,baccarat,claw,outlaw,hacksaw,da,raw,chihuahua,shaw,draugh,chaw,mackinaw,ja,hoopla,qua,utah,fermata,chutzpah,saw,voila,wa,whipsaw,jaw,ah,grandpa,gnaw,withdraw,chainsaw,draw,spa,schwa,guffaw,ma,seesaw,ona,ra,xio,ga,flaw,slaw,doha,rah,bah,macaw,overdraw,hurrah,shah,yaw,bra,dumas,squaw,haw,panama,rawe,ottawa,hah,pshaw,gaw,faw,trois,baja,omaha,maw,arkansas,pa,bourgeois,na,pasha,nah,ahh,aha,craw,straw,ka,cha,coleslaw,naw,ta,scrimshaw,dada,bois,gras,jigsaw,paw,esau,aw,daw,sha,bylaw,ha,caw,la,thaw,redraw,moi,sa
ia-,
ia.,
iaa,
yaakov,
iab,
yaba,
yabber,tabour,kabir,clabber,aberr,babur,pabir
yabbered,
yabbering,
yabbers,
yabbi,
yabby,gabie,tabby,mabby,cabbie,mabie,abbey,slabby,crabby,abbe,cabby,grabby,gaby,kabi,arabie,flabby,abbie,shabby,abby,scabby,blabby,mabee,mcabee,gabby,abie,babby
yabbie,
yabble,
yablon,sablan,jablon
yablonovoi,
yaboo,
yabu,
yabucoa,
yacal,
yacano,
yacare,backare,yakare,sacchar-,faqir,nacker,jacare,laquear,calker,clacker,flacker,sacchar,fakir,baccare
yacata,
yacc,
yacca,hakka,baca,nakfa,bacau,makah,vacca,makkah,vaca,sacca,dacca,tacca,paca,racca,yaksha,jacka,krakau,chaka,bacca,aca,alpaca,malacca,yakka,dhaka
iacchic,
iacchos,
iacchus,
yachan,
yachats,
iache,
iachimo,
yacht,slingshot,watt,nought,ocelot,apricot,slot,astronaut,lotte,shot,afterthought,bought,scattershot,whatnot,cosmonaut,ot,scot,fought,motte,allot,camelot,naught,thought,not,forgot,hotshot,robot,fraught,begot,mascot,snot,taught,sought,caught,jackpot,ott,earshot,gunshot,got,onslaught,hot,aforethought,scott,juggernaut,wrought,topknot,tot,aught,mott,croat,ought,jot,ascot,upshot,trot,cannot,forethought,swat,lot,argonaut,lat,teapot,sadat,boycott,aquanaut,plot,blot,sot,straught,squat,wat,dot,distraught,alot,brought,crackpot,clot,bott,huguenot,taut,dreadnought,pot,ararat,snapshot,overwrought,rot,knot,pott,lott,spot,longshot,loquat,cot,potshot,baht,haut
yacht-built,
yachtdom,
yachted,
yachter,otter,water,cotter,goter,potter,clearwater,floodwater,straughter,groundwater,jotter,goldwater,cottar,underwater,spotter,knotter,imprimatur,clotter,seawater,stepdaughter,bywater,stillwater,slaughter,deepwater,hotter,granddaughter,rainwater,totter,daughter,manslaughter,trotter,scoter,whitewater,sweetwater,tidewater,mater,rotter,notter,kotter,saltwater,headwater,backwater,meltwater,blotter,dotter,tauter,bridgewater,breakwater,drinkwater,wastewater,squatter,motter,coldwater,lotter,bowater,plotter,freshwater
yachters,dotters,plotters,stepdaughters,waters,totters,slaughters,otters,squatters,blotters,granddaughters,watters,potters,mcwaters,floodwaters,backwaters,daughters,headwaters,scoters,trotters,mcwatters,cotters,spotters
yachty,
yachting,stotting,jotting,blotting,trotting,plotting,rotting,squatting,knotting,hotting,dotting,boycotting,potting,totting,lotting,spotting,lotong,swatting,fraughting,slotting,clotting,gauteng,shotting,swotting,botting,allotting
yachtings,
yachtist,
yachtman,
yachtmanship,
yachtmen,
yachts,plots,krotz,slingshots,megawatts,potts,plotz,hot-shots,boycotts,plautz,potshots,croats,slots,shatz,pautz,trots,robots,stotz,staats,baatz,klotz,lats,allots,rotz,thoughts,raatz,clots,grotz,botts,tots,botz,bautz,blots,dots,aquanauts,spotts,berlottes,lhotse,afterthoughts,ersatz,feedlots,argonauts,scots,gunshots,noughts,naughts,cosmonauts,watts,notz,shotts,motz,lotz,motts,protz,shots,dotts,swats,lotts,mots,braatz,pots,lots,notts,hotz,snapshots,crackpots,gotts,scotts,squats,knotts,kraatz,apricots,knots,snots,rots,aughts,kaatz,huguenots,gotz,jackpots,sunspots,lottes,kotz,kilowatts,crotts,otts,cypriots,twats,mautz,motss,cots,spots,hotshots,nots,mascots,hots,kautz,astronauts,stotts
yachtsman,brotzman,scotsman,protzman,watzman,gottesman
yachtsmanlike,
yachtsmanship,
yachtsmen,scotsmen
yachtswoman,scotswoman
yachtswomen,
yack,zodiac,hijack,rucksack,mack,jacques,mac,smack,stack,sack,clack,knack,blackjack,lack,rollback,paque,soundtrack,hatchback,almanac,chirac,plack,crack,tarmac,pack,anorak,sac,cadillac,kodak,razorback,track,hack,comeback,frack,nymphomaniac,setback,sidetrack,lilac,lumberjack,flashback,quack,thwack,humpback,amnesiac,aback,flapjack,wack,whack,feedback,slack,fallback,cutback,back,ransack,skipjack,jack,counterattack,knapsack,tack,snack,drawback,bushwhack,maniac,flak,claque,payback,wisecrack,outback,kickback,tac,backtrack,shack,pac,racetrack,eniac,flack,brack,fac,backpack,yak,ack,attack,megalomaniac,throwback,unpack,wrack,cardiac,cognac,dak,pontiac,knickknack,insomniac,black,pak,plaque,lac,rack,quarterback,greenback,piggyback
yacked,bracht,tact,stacte,smacked,detract,subtract,tracked,lacked,slacked,clacked,quacked,abstract,racked,fract,shacked,stacked,wracked,counteract,impact,sidetracked,contract,overreact,sacked,whacked,tacked,backtracked,carjacked,schacht,hijacked,overact,intact,hacked,artifact,compact,jacked,enact,yakked,act,blacked,retract,backed,distract,maced,ransacked,extract,reenact,snacked,pact,exact,cracked,diffract,packed,protract,redact,bushwhacked,subcontract,unpacked,tract,attract,react,inexact,interact,thwacked,piggybacked,calked,bract,contact,attacked,fact,transact
yackety-yack,
yackety-yak,
yackety-yakked,
yackety-yakking,
yacking,smacking,snacking,jacking,hijacking,shacking,ransacking,packing,yakking,macing,cracking,whacking,thwacking,attacking,slacking,hacking,wisecracking,counterattacking,pakfong,clacking,lacking,sacking,wracking,backpacking,backing,racking,carjacking,packfong,meatpacking,piggybacking,quarterbacking,stacking,blacking,bushwhacking,kayaking,tracking,unpacking,backtracking,quacking,tacking,calking
yacks,backs,maxx,packs,hacks,metathorax,stacks,equifax,slacks,climax,macs,tampax,saks,facts,shacks,cadillacs,flax,filofax,dax,relax,pretax,greenbacks,lilacs,syntax,praxes,mesothorax,trax,snacks,lomax,cutbacks,drawbacks,sachs,surtax,fairfax,sacs,quacks,maniacs,pacts,tax,fosamax,smacks,earwax,tacks,overtax,fax,attacks,impacts,contacts,bax,vax,plaques,blacks,max,plax,pax,whacks,ax,borax,setbacks,saxe,tracks,sax,axe,lax,wax,knacks,cracks,yax,knickknacks,halifax,pentax,jaques,kickbacks,lacks,awacs,imax,rax,flashbacks,acts,aftertax,ajax,gunnysacks,sacks,maces,pacs,galax,jacks,parallax,racks
yacolt,
yacov,
iad,
yad,
yadayim,
yadava,
iadb,
yade,
yadim,
yadkin,
yadkinville,
iaea,
iaeger,
yaeger,creger,procedure
yael,
iaf,
yafa,
yaff,
yaffed,
yaffil,
yaffing,
yaffingale,
yaffle,gaffle,faffle,kaffle,snaffle,haffle,tafel,raphel,raffel,saffle,maffle,taffel,baffle,affile,saffell,shaffle,hafele,raffle
yaffler,
yaffs,
yafo,
yager,pager,major,gauger,stager,majer,crager,ager,wager,agger,cager,teenager,rampager
yagers,
yagger,
yaghourt,
yagi,dogie,boggy,smoggy,cloggy,foggy,froggy,szilagyi,takagi,moggy,doggie,doggy,scroggy,baragi,groggy,poggy,fogie,sloggy,soggy,nagi
yagis,
yagnob,
iago,lago,rabago,buitrago,crago,jagow,santiago,takasago,roggow,zhivago,desantiago,rago,jago,drago,doggo,farago
yagourundi,
yagua,
yaguarundi,jaguarundi
yaguas,
yaguaza,
iah,
yah,awe,blah,law,wah,baccarat,claw,outlaw,hacksaw,da,raw,chihuahua,shaw,draugh,chaw,mackinaw,ja,hoopla,qua,utah,fermata,chutzpah,saw,voila,wa,whipsaw,jaw,ah,grandpa,gnaw,withdraw,chainsaw,draw,spa,schwa,guffaw,ma,seesaw,ona,ra,xio,ga,flaw,slaw,doha,rah,bah,macaw,overdraw,hurrah,shah,yaw,bra,dumas,squaw,haw,panama,rawe,ottawa,hah,pshaw,gaw,faw,trois,baja,omaha,maw,arkansas,pa,ya,bourgeois,na,pasha,nah,ahh,aha,craw,straw,ka,cha,coleslaw,naw,ta,scrimshaw,dada,bois,gras,jigsaw,paw,esau,aw,daw,sha,bylaw,ha,caw,la,thaw,redraw,moi,sa
yahan,
yahata,
yahgan,
yahganan,
yahgans,
yahiya,
yahoo,cuckoo,xu,shue,statue,due,crew,shoe,view,barbecue,adieu,undue,goo,through,blue,lieu,revenue,clue,canoe,eschew,breakthrough,flu,tattoo,coo,pursue,too,brew,sue,overview,few,vue,renew,imbue,askew,true,outdo,flue,emu,skew,q,purview,mew,ado,ewe,lulu,hew,two,subdue,glue,rendezvous,construe,zoo,boo,who,interview,to,que,u,spew,ingenue,poo,bamboo,taboo,gnu,thru,slew,do,hitherto,vu,pew,guru,cue,roux,anew,avenue,screw,ensue,tissue,coup,hue,into,yew,shrew,residue,you,new,review,stew,retinue,chew,dew,strew,accrue,debut,woo,overdo,undo,rue,queue,loo,redo
yahoodom,
yahooish,
yahooism,
yahooisms,
yahoos,revenues,dews,peruse,refuse,flews,trews,pews,cruz,youse,cruse,views,lewes,screws,syracuse,residues,toulouse,accuse,whose,schmooze,tattoos,amuse,booz,abuse,avenues,bruise,canoes,ensues,moos,cruise,druze,hues,crews,tissues,defuse,queues,suffuse,eschews,hughes,statues,kangaroos,goos,chartreuse,boos,chuse,hairdos,news,creuse,luse,druse,andrews,overuse,snooze,roose,fuse,transfuse,ques,excuse,accrues,jews,tewes,woos,recuse,loos,confuse,hindus,cues,ewes,clues,thews,infuse,reuse,reviews,enthuse,taboos,zoos,disabuse,muse,shmooze,misuse,ruse,bemuse,hews,meuse,brews,diffuse,chews,sous,ooze,horseshoes,choose,roos,shoes,blues,lose,booze,cruze,gurus,dues,soyuz,slews
yahrzeit,
yahrzeits,
yahuna,
yahuskin,
yahve,jahveh,have,flav-,yahveh,halve,amirav,nav,calve
yahveh,jahveh,yahve,have,flav-,halve,amirav,nav,calve
yahvist,
yahvistic,
yahwe,jahweh
yahweh,sadeh,zeh,kittaneh,kreh,skopje,industrielle,pirouette,moshe,aghazadeh,aqazadeh,eh,hsieh,heh,des,sneh,bue,lueh,reh,yeh,zadeh,leh
yahwism,
yahwist,
yahwistic,
yay,betray,x-ray,portray,buffet,day,k,j,valet,vertebrae,mainstay,astray,pray,today,ray,relay,essay,holiday,prey,grey,melee,ok,waylay,yea,way,tray,dismay,cache,delay,weigh,display,obey,survey,re,stray,may,pay,fillet,gainsay,allay,heyday,soiree,okay,fey,bray,gay,lingerie,gateway,resume,underway,gray,usa,everyday,cliche,lei,quay,hey,fray,latte,dna,disarray,jay,bay,dossier,slay,friday,cafe,ballet,stay,repay,passe,entree,clay,away,sachet,hay,lay,say,array,leeway,fiance,bouquet,inlay,spray,gourmet,sway,they,splay,convey,decay,sunday,protege,play,sobriquet,nay,asea,railway,birthday,anyway,halfway,overlay
yaya,
iain,bain,thane,ordain,germain,urbane,sane,remain,fane,brain,inhumane,moraine,vain,again,detain,deign,bane,germaine,germane,rain,humane,maintain,vein,maine,wain,quain,plane,slain,retain,crane,aine,mundane,trane,vane,partain,ascertain,sprain,grain,stain,mane,inane,lain,crain,strain,domain,pane,airplane,shane,insane,hurricane,constrain,migraine,dane,drain,fein,plain,main,jane,refrain,terrain,obtain,lane,attain,complain,spain,profane,rein,champagne,abstain,sustain,explain,ane,zane,cain,arcane,disdain,wane,cane,arraign,membrane,pertain,cocaine,swain,campaign,reign,restrain,train,skein,entertain,wayne,feign,kane,twain,fain,legerdemain,contain,saine,romaine,pain,gain,chain
yair,
yaird,
yairds,
yays,
yaje,
yajein,
yajeine,
yajenin,
yajenine,
yajna,
yajnavalkya,
yajnopavita,
yajur-veda,
yak,zodiac,hijack,rucksack,mack,jacques,mac,smack,stack,sack,clack,knack,blackjack,lack,rollback,paque,soundtrack,hatchback,almanac,chirac,plack,crack,tarmac,pack,anorak,sac,cadillac,kodak,razorback,track,hack,comeback,frack,nymphomaniac,setback,sidetrack,lilac,lumberjack,flashback,quack,thwack,humpback,amnesiac,aback,flapjack,yack,wack,whack,feedback,slack,fallback,cutback,back,ransack,skipjack,jack,counterattack,knapsack,tack,snack,drawback,bushwhack,maniac,flak,claque,payback,wisecrack,outback,kickback,tac,backtrack,shack,pac,racetrack,eniac,flack,brack,fac,backpack,ack,attack,megalomaniac,throwback,unpack,wrack,cardiac,cognac,dak,pontiac,knickknack,insomniac,black,pak,plaque,lac,rack,quarterback,greenback,piggyback
yaka,
yakala,
yakalo,
yakamik,
yakan,
yakattalo,
yaker,
yakety-yak,
yakety-yakked,
yakety-yakking,
yak-yak,
yakima,
yakin,glacken,bracken,mccracken,racon,mcmakin,chacon,slacken,flacon,mccrackin,machen,mackin,blacken,slakin,brackin,macken,mcmackin,brakpan,takin,hakon,makin,chaconne,glackin,lakin,bakken
yakity-yak,
yakitori,
yakitoris,
yakka,hakka,baca,nakfa,bacau,makah,vacca,makkah,vaca,sacca,dacca,tacca,paca,racca,yacca,yaksha,jacka,krakau,chaka,bacca,aca,alpaca,malacca,dhaka
yakked,bracht,tact,stacte,smacked,detract,subtract,tracked,lacked,slacked,clacked,quacked,abstract,racked,fract,shacked,stacked,wracked,yacked,counteract,impact,sidetracked,contract,overreact,sacked,whacked,tacked,backtracked,carjacked,schacht,hijacked,overact,intact,hacked,artifact,compact,jacked,enact,act,blacked,retract,backed,distract,maced,ransacked,extract,reenact,snacked,pact,exact,cracked,diffract,packed,protract,redact,bushwhacked,subcontract,unpacked,tract,attract,react,inexact,interact,thwacked,piggybacked,calked,bract,contact,attacked,fact,transact
yakker,schacher,lacquer,nutcracker,backer,bracker,tracker,aker,wacker,macher,cracker,vanacker,whacker,racker,acker,thacher,hijacker,schabacker,smacker,slacker,blacker,linebacker,tacker,lacker,bakker,packer,kobacker,thakkar,bracher,sacher,meatpacker,weizsaecker,firecracker,lacher,backpacker,zacher,sacker,carjacker,makar,snacker,akre,hacker,jacker,thacker,attacker,stacker,knacker
yakkers,
yakkety-yak,
yakking,smacking,snacking,jacking,hijacking,shacking,ransacking,packing,macing,cracking,whacking,thwacking,attacking,slacking,hacking,wisecracking,counterattacking,pakfong,clacking,lacking,sacking,wracking,backpacking,backing,racking,carjacking,packfong,meatpacking,yacking,piggybacking,quarterbacking,stacking,blacking,bushwhacking,kayaking,tracking,unpacking,backtracking,quacking,tacking,calking
yakmak,
yakman,
yakona,
yakonan,
yaks,
yaksha,hakka,baca,nakfa,bacau,makah,vacca,makkah,vaca,sacca,dacca,tacca,paca,racca,yacca,jacka,krakau,chaka,bacca,aca,alpaca,malacca,yakka,dhaka
yakshi,
yakut,rackett,shackett,brackett,tacket,snacket,blackett,tackett,bacot,snacot,zakat,bracket,racquet,flacket,hackett,jacot,sackett,drackett,jackett,stacket,packet,placket,racket,packett,straitjacket,jacket,tackitt
yakutat,
yakutsk,rackets,achatz,racquets,jackets,brackets,packets
ial,
yalaha,
yalb,
yald,
yale,quail,orrell,sale,detail,wail,faille,stale,swale,folktale,gail,upscale,trail,airmail,pail,rail,fantail,grail,derail,martingale,retail,email,gale,surveil,exhale,prevail,kail,gmail,hail,inhale,jail,shale,wale,snail,guardrail,kale,dale,curtail,dovetail,voicemail,female,bail,frail,vale,greenmail,flail,calle,impale,male,cocktail,veil,avail,ponytail,thumbnail,airedale,clydesdale,tale,unveil,dail,resale,hobnail,horsetail,zale,handrail,entail,dwale,travail,brail,soleil,toenail,vail,monorail,abigail,assail,fairytale,tail,telltale,ail,taille,countervail,wholesale,ale,braille,fail,coattail,salle,sail,mail,foxtail,blackmail,quale,whale,pale,biennale,hale,nail,scale,cale,bale,gael
yalensian,
yali,
ialysos,
ialysus,
yalla,
yallaer,
yallock,
yallow,
ialmenus,
yalonda,
yalta,rakolta,peralta,alta,malta,transalta
yalu,
iam,
yam,centigram,durham,epigram,abram,milligram,programme,program,flam,am,stram,polygram,cram,kam,amsterdam,nam,graham,damm,sram,siam,dam,histogram,wham,alam,stam,kilogram,damn,cunningham,dithyramb,wolfram,hologram,potsdam,fram,beckham,abraham,flambe,telegram,gram,mme,tham,ram,dram,lam,sonogram,scram,flimflam,hamm,anagram,tottenham,bam,jam,slam,tam,rotterdam,engram,damme,bram,sham,goddamn,monogram,tram,dagenham,oxfam,ham,goddam,buckingham,swam,sam,scam,pam,electrocardiogram,mammogram,sdram,lamb,birmingham,gramme,priam,coram,cablegram,diaphragm,clam,logjam,nottingham,logogram,graeme,spam,jamb,diagram,madame,cham,exam,microgram,cam,plam
yama,
yamacraw,
yamagata,zapata,nunziata,fata,renate,scarlata,nata,sakata,yotta-,otoplasty,nakata,hata,tata,cotta,cannata,dagata,quata,cantata,mahabharata,iwata,licata,vanatta,teradata,annunziata,janata,covatta,sonata,carlotta,salata,flota,rotta,ogata,baratta,miata,takata,renata,camarata,cassata,bharata,lopata,mata,autoplasty,cammarata,mendota,plata,stigmata,consolata,lysistrata,nagata,kalata,arcata,grata,granata,elata,arata,desiderata,regatta,shibata,flotta,donata,ata,lata,fatah,marotta,botta,scrota,juniata,annunciata,flauta,algata,murata,zlata,lotta,traviata,lafata,oughta,santagata,vannatta,yotta,inkatha,gotta,hirata
yamaha,awe,blah,law,wah,yah,baccarat,claw,outlaw,hacksaw,da,raw,chihuahua,shaw,draugh,chaw,ja,hoopla,qua,utah,fermata,chutzpah,saw,voila,wa,whipsaw,jaw,ah,grandpa,gnaw,withdraw,chainsaw,draw,spa,schwa,guffaw,ma,seesaw,ona,ra,xio,ga,flaw,slaw,doha,rah,bah,macaw,overdraw,hurrah,shah,yaw,bra,dumas,squaw,haw,panama,rawe,ottawa,hah,pshaw,gaw,faw,trois,baja,omaha,maw,arkansas,pa,ya,bourgeois,na,pasha,nah,ahh,aha,craw,straw,ka,cha,coleslaw,naw,ta,scrimshaw,dada,bois,gras,jigsaw,paw,esau,aw,daw,sha,bylaw,ha,caw,la,thaw,redraw,moi,sa
yamalka,
yamalkas,
yamamadi,
yamamai,
yamanai,
yamani,giovanni,leilani,fabiani,urbani,onni,cristiani,doney,donnie,fulani,dani,afghani,vonnie,advani,loni,scrawny,mohney,magnani,giuliani,kewaunee,barany,tani,sirianni,romani,rafsanjani,castellani,otani,lawny,tehrani,bonny,mariani,jani,connie,bonnie,hemani,azerbaijani,spaziani,lonny,troiani,gianni,graziani,swaney,rani,conny,zani,bonney,tawney,swanny,johny,guiliani,ianni,sclafani,sawney,adjani,celani,germani,ronny,cassani,nonie,satriani,nonne,faunae,mastroianni,yamane,lani,bahraini,armani,modigliani,garmany,villani,mani,johnie,donee,viviani,bongiovanni,guarani,centanni,mauney,trapani,pagani,ahwahnee,tawny,johnnie,pisani,shawnee,johnny,shawny,irani,damiani,milani,nonny,trani,yani,brawny,cipriani,albani,lonnie,ronnie,omani,donny
yamashita,unita,pepita,carita,cheetah,maxzide,fajita,juanita,arrieta,greta,meta-,fertitta,melitta,vernita,charita,narita,mendieta,evita,fujita,renita,anita,devita,solita,amelita,rita,nitta,carlita,meta,palomita,vinita,sedita,maurita,tacita,angelita,akita,alita,blanquita,mita,chita,morita,lolita,lupita,peta,marquita,paulita,carmita,julieta,zita,carmelita,lalita,amezquita,gaeta,melita,kita,velveeta,pita,mikita,lita,murrieta,bonavita,babita,alvita,venita,chipita,chaeta,bonita,prieta,damita,clarita,perdita,fleta,peta-,tita,benita,amorita,nikita,brita,buttitta,tomita,matsushita,lorita,teresita,chiquita,margarita,oshita,nita,sumita,conchita,bernita,nolita,rosita
yamaskite,
yamassee,
yamato,pettinato,tomatoe,parlato,nunziato,ampato,lobato,impastato,lodato,kroto,didonato,decato,naccarato,brucato,salvato,dato,lovato,casciato,blotto,auto,novato,pilato,azzato,indelicato,motto,marzotto,spampinato,auto-,lotto,battiato,brancato,disabato,damato,imperato,stellato,moscato,sposato,serrato,mato,mulatto,satoh,prato,tauto,miyasato,granato,bagnato,vibrato,armato,sainato,scarpinatto,cerrato,asato,muscato,annunziato,lato,donato,flauto,mankato,renato,principato,rosato,fortunato,badolato,barbato,pizzolato,sabato,formato,diodato,trovato,amato,scotto,kotow,moto,sato,potto,mandato,pignato,buccellato,onorato,brocato,liberato,tauto-
yamato-e,
iamatology,
yamauchi,maffucci,bertucci,berarducci,buchi,horiguchi,massucci,pascucci,ragucci,bucci,narducci,fucci,carducci,antenucci,marucci,bertolucci,higuchi,tabuchi,pucci,marcucci,vitucci,horiuchi,mattucci,ciucci,denucci,minicucci,santucci,matteucci,hoochie,salvucci,vertucci,mucci,chattahoochee,fiorucci,reppucci,cellucci,carucci,yamanouchi,allamuchy,paolucci,angelucci,cucci,castellucci,micucci,nucci,tucci,masucci,carlucci,iannucci,vellucci,noguchi,grucci,iacobucci,ikeuchi,taniguchi,balducci,mariucci,castrucci,kikuchi,bonaduce,banducci,coochie,bartolucci,marinucci,martucci,gallucci,melucci,ferrucci,gucci,colucci,adduci,bellucci,kawaguchi,vannucci,baluchi,petrucci,antonucci,sakaguchi,rucci,ucci,takeuchi,yamaguchi,lucci
iamb,
iambe,
iambelegus,
iambi,
iambic,
iambical,
iambically,
iambics,
iambist,
iambize,
iambographer,
iambs,hyams
iambus,
iambuses,
yamel,
yamen,daemon,brayman,zaman,braman,kaman,reyman,wayman,freyman,goemon,draymen,laymon,taman,peyman,eyman,hayman,naiman,lehmann,layman,haman,namen,haymon,damon,cayman,shaman,saimin,heymann,rayman,daimon,neyman,klamon,raman,saman,caiman,drayman,bayman,laman,xiamen,daman,foramen,klayman,heyman,clamen,laymen,shireman,philemon,caman,tayman,stamen,gaymon,weyman,clayman,flamen
yamens,
yameo,
yami,
yamilke,
yamis,
yammadji,
yammer,mammer,spammer,clamour,gammer,namur,amour
yammered,
yammerer,
yammerers,
yammering,
yammerly,
yammers,spammers,pamirs,amirs
yamp,
yampa,campa,grampa,tampa,pampa,nampa,kampa
yampee,
yamph,
yam-root,
iams,guilliams
yams,holograms,gramms,hammes,drams,hams,mesdames,cambs,rams,grammes,brams,logograms,sonograms,logjams,shammes,milligrams,scams,ams,programs,shams,crams,mammograms,electrocardiograms,telegrams,jams,jambs,prams,micrograms,kilograms,ambs,reprograms,mailgrams,grams,tambs,chams,samms,diagrams,histograms,clams,lambs,krammes,grahams,spams,sams,exams,scrams,dams,trams,abrahams,damns,slams
yamshik,
yamstchick,
yamstchik,
yamulka,
yamulkas,
yamun,
yamuns,
iamus,
ian,sofian,rijn,feehan,peon,gleen,vian,crimean,maccabean,eritrean,jian,wheen,fujian,epicurean,jacobean,pheon,eon,creon,achaean,stean,theon,asean,cyclopean,streen,european,aegean,meighan,mycenaean,mckeon,teahan,caribbean,boolean,plebeian,fleen,abyssinian,paean,skreen,tween,galilean,breon,sheehan,indo-european,meehan,korean,sheahan,heon,cleon,tennessean,protean,homosapien
yan,lifespan,scran,saran,cannes,span,loran,batman,rodin,zan,catamaran,man,than,walkman,snowman,quran,superman,tran,ann,skean,deadpan,can,bhutan,kazakhstan,plan,afghan,clan,an,helmsman,ran,madman,mann,rattan,liane,clergyman,sedan,fisherman,bran,ban,quean,minuteman,pan,taliban,handyman,jan,fan,san,gamesman,cyan,caravan,klan,pakistan,chan,businessman,anne,kan,middleman,tristan,ferdinand,tarzan,milan,japan,saucepan,strongman,caftan,hann,moran,divan,journeyman,anchorman,iran,kinsman,afghanistan,doorman,bedpan,began,gan,moulin,lan,sandman,suntan,bogeyman,flan,nan,gran,dan,sideman,cancan,pecan,scan,hitman,caveman,shan,tan,stan,van,sudan,merman
iana,
yana,
yanacona,
yanan,canaan,canan,hainan,beynon,sranan,branan,hanan,kanan,kanon,eynon,canin,tainan
yanaton,
yance,
yancey,clancy,chancey,sansei,clancey,francy,ansae,necromancy,schmancy,mansi,shansi,ganci,pancy,chancy,mancy,yancy,fancy,dansie,dancy,fiancee,dancey,nancy,jhansi,glancy
yanceyville,
yancy,clancy,chancey,sansei,clancey,francy,ansae,necromancy,schmancy,mansi,shansi,ganci,pancy,chancy,mancy,yancey,fancy,dansie,dancy,fiancee,dancey,nancy,jhansi,glancy
yancopin,
iand,
yand,
yander,
yang,liang,flang,crang,chuang,tsiang,wolfgang,strang,clang,wang,mustang,trang,langue,hwang,verdinsgang,sprang,gang,bhang,nang,cangue,prang,dang,kuomintang,lange,fang,baoguang,pyongyang,vang,lang,rang,krang,jang,siang,tangue,kang,nanchang,tsang,schlang,boomerang,xiaogang,slang,mang,whang,durang,sang,ziyang,tunkelang,pang,chang,drang,stang,xinjiang,tang,hang,hangsang,ang,overhang,gangue,chiang,zhang,huang,thang,mangue,ylang-ylang,li-kang,shang,spang,harangue,zang,bang,klang,shenyang
yanggona,
yang-kin,
yangku,
yangs,
yangtao,
yangtze,mi,marquis,ne,dee,debris,gee,apogee,indri,actuary,xi,guarantee,plea,thee,glee,partee,tea,syncope,carefree,e,hawaii,si,precis,snee,pony,kabuki,lee,spree,tree,pea,fee,cree,turnkey,b,machete,emcee,wee,potpourri,agree,nestle,key,quay,sea,me,banshee,lea,pee,v,ac,di,repartee,tv,free,hyperbole,lessee,scree,three,qi,flee,hee,see,ghee,pre,ye,guaranty,idiosyncrasy,bee,de,we,z,flea,trustee,asap,nee,esprit,knee,be,decree,g,p,he,jubilee,ree,tee,sunday,degree,c,foresee,ski,oversee,she,bourgeoisie,marquee,calliope,d,cc,yee,reality,referee,t,payee
yangtze-kiang,
yanina,annona,tanana,manana,mannina
yank,francke,riverbank,drank,bank,shrank,mank,hanke,outflank,franke,plank,jahnke,swank,prank,leblanc,sank,gangplank,skank,janke,banke,cruickshank,cruikshank,blank,ranke,blanc,planck,flank,schrank,banque,slank,crank,tank,hank,burbank,manche,montblanc,frank,franc,dank,chank,franck,blanke,nonbank,planche,zank,clank,bundesbank,thank,crookshank,antitank,lank,spank,banc,shank,stank,trank,schank,rank,brank,interbank,citibank
yanked,clanked,shanked,pranked,thanked,ranked,banked,blanked,cranked,franked,outflanked,flanked,planked,tanked,spanked
yankee,pankki,ranchi,manky,franke,postipankki,francie,branki,panky,hanky,hankey,stankey,hankie,yankey,lanky,frankie,blankie,sankei,skanky,cranky,sankey
yankeedom,
yankee-doodle,
yankee-doodledom,
yankee-doodleism,
yankeefy,
yankeefied,
yankeefying,
yankeeism,
yankeeist,
yankeeize,
yankeeland,
yankeeness,
yankees,hankies
yankeetown,
yanker,canker,pranker,anchor,manker,shanker,anker,rancor,blanker,flanker,lanker,betancur,danker,hanker,banker,tanker,ranker,supertanker,sanker,franker
yanky,
yanking,pranking,ranking,clanking,cranking,shanking,spanking,tanking,franking,outflanking,swanking,thanking,flanking,planking,blanking,nanking,banking,nonbanking
yanks,outflanks,willbanks,spanks,banks,clanks,hanks,pranks,baybanks,cranks,marchbanks,ranks,sanks,shanks,swanks,planks,hankes,francs,lancs,thanks,franks,danks,crookshanks,flanks,blanks,tanks,manx,bankes,branks
yankton,plankton
yanktonai,
yann,
yannam,
yannigan,
yannina,
yanolite,
yanqui,
yanquis,
ianteen,
ianthe,iolanthe
ianthina,martina,selena,sabrina,vaccina,farina,messina,cristina,rosina,seraphina,catalina,davina,patina,argentina,vena,christina,sabena,irina,latina,rowena,jena,medina,bina,neenah,molina,cantina,herzegovina,celina,lina,sabina,alcina,athena,marina,krajina,adina,cartagena,faena,cortina,alina,ballerina,avina,siena,catena,gallina,pyrena,rina,mina,dena,sardina,valentina,regina,jeana,ina,purina,katrina,serafina,pina,florentina,semolina,edina,vina,concertina,sheena,covina,georgina,arena,hercegovina,reina,dina,bettina,lena,domina,subpoena,spina,angelina,albina,mena,zena,verbena,macarena,serena,salina,gardena,cadena,quina,nina,proserpina,xena,gina,hyena,melvina,veena,tina,philomena,erina,fraena,rena,magdalena,galena
ianthine,
ianthinite,
yantic,
yantis,qantas,atlantis,fantis,bantus,cantus,mantis,duplantis,santas
yantra,tantra,antra,mantra
yantras,
ianus,
iao,
yao,bow,mao,chao,prow,hao,scow,dowe,pao,powe,chow,kao,rao,vow,endow,dow,qiao,powwow,plow,sao,dao,frau,strough,tsingtao,now,meow,ciao,brau,blau,highbrow,skow,kowtow,curacao,macau,cow,tsao,lao,rau,sprow,disallow,macao,wow,depauw,thao,grau,allow,somehow,luau,anyhow,lau,zhao,bough,avow,mindanao,howe,blough,shough,brough,snowplow,sow,bao,lough,kau,bilbao,liao,xiao,qingdao,aue,eyebrow,plough,brow,pow,disavow,cao,fao,landau,gow,hau,thou,cau,yow,shao,thau,tao,clough,how
yao-min,
yaoort,
yaounde,
yaourt,
yaourti,
yap,crap,stopgap,papp,map,asap,trappe,frapp,tap,kidnap,trap,strap,flytrap,burlap,gap,recap,bootstrap,wiretap,scrap,pap,frappe,ascap,app,hap,unwrap,schappe,giap,shrap,lap,handicap,slap,kneecap,zapp,trapp,kapp,nappe,wrap,backslap,lapp,jap,mousetrap,madcap,rapp,dimetapp,rap,tapp,frap,mishap,skycap,entrap,stapp,nap,mapp,napp,capp,flap,chap,overlap,catnap,clap,yapp,hubcap,shap,sapp,zap,knapp,dapp,slapp,nsdap,snap,sap,cap,clapp
yapa,
iapetus,
yaphank,
iapyges,
iapigia,
iapygian,
iapygii,
iapyx,
yaply,
yapman,
yapness,
yapock,capoc,yapok,chapek,lappic,kapok,knapik,sapphic,capac,capek
yapocks,
yapok,capoc,chapek,yapock,lappic,kapok,knapik,sapphic,capac,capek
yapoks,
,
