homelander,
homelands,armbands,sands,newsstands,commands,meadowlands,misunderstands,demands,timberlands,wetlands,glands,rands,farmlands,nightstands,grasslands,understands,headbands,lowlands,grands,woodlands,withstands,hands,quicksands,expands,shadowlands,midlands,handstands,glandes,forehands,strands,tambrands,stagehands,brandes,farmhands,lands,landes,spacebands,stands,marshlands,reprimands,ands,hinterlands,badlands,shands,mandes,firebrands,brands,moorlands,bands
homeless,loamless,foamless
homelessly,
homelessness,
homelet,
homely,
homelier,
homeliest,
homelife,
homelike,sharklike,lifelike,swordlike,warlike,pyke,knifelike,gleich,ike,updike,glasslike,klondike,dislike,trike,apelike,eich,fyke,moonlike,psych,dyck,needlelike,hornlike,shrike,catlike,businesslike,bike,carmike,pike,hitchhike,plantlike,lookalike,alike,psych-,saltlike,lyke,fernlike,doglike,statesmanlike,childlike,beaklike,starlike,ladylike,unlike,teich,mike,wormlike,unsportsmanlike,berrylike,tike,weich,hike,wyke,airstrike,netlike,mosslike,vandyke,grasslike,dreamlike,ghostlike,wike,platelike,snakelike,brike,glike,rike,grike,skrike,spike,fanlike,leaflike,eellike,turnpike,bleich,strike,dyke,winglike,stike,motorbike,eyelike,workmanlike,reich,birdlike,dike,fike,starchlike,tyke,like
homelikeness,
homelily,
homelyn,bromelin,gommelin
homeliness,
homelinesses,
homeling,
home-loving,
homelovingness,
homemade,degrade,aide,wade,blade,overlaid,adelaide,motorcade,brocade,paid,located,conveyed,shade,tirade,accolade,arrayed,waylaid,escapade,displayed,played,decade,renegade,raid,nightshade,palisade,upbraid,dismayed,laid,made,buffeted,invade,cliched,pervade,bade,aid,inlaid,spade,weighed,persuade,lade,fusillade,evade,trade,unafraid,relayed,betrayed,forbade,stayed,suede,stade,braid,staid,sauteed,mermaid,frayed,crusade,charade,payed,upgrade,swayed,marinade,cavalcade,nsaid,barricade,fade,quayd,dissuade,serenade,haid,cade,afraid,handmade,manmade,delayed,jade,lemonade,promenade,allayed,brigade,cascade,blockade,maid,slade,centigrade,prepaid,arcade,quaid,ade,colonnade,hade,retrograde,grade,splayed,glade,portrayed,downgrade,clade,grenade,masquerade,marmalade,parade
home-made,degrade,aide,wade,blade,overlaid,adelaide,motorcade,brocade,paid,located,conveyed,shade,tirade,accolade,arrayed,waylaid,escapade,displayed,played,decade,renegade,raid,nightshade,palisade,upbraid,dismayed,laid,made,buffeted,invade,cliched,pervade,bade,aid,spade,weighed,persuade,lade,fusillade,evade,trade,unafraid,relayed,betrayed,forbade,stayed,suede,stade,braid,staid,sauteed,mermaid,frayed,crusade,charade,payed,upgrade,swayed,marinade,cavalcade,nsaid,barricade,fade,quayd,dissuade,serenade,haid,cade,afraid,handmade,manmade,homemade,delayed,jade,lemonade,promenade,allayed,brigade,cascade,blockade,maid,slade,centigrade,prepaid,arcade,quaid,ade,colonnade,hade,retrograde,grade,splayed,glade,portrayed,downgrade,clade,grenade,masquerade,marmalade,parade
homemake,
homemaker,braker,policymaker,kingmaker,laker,toolmaker,wanamaker,haymaker,dressmaker,chipmaker,kraker,taker,raker,studebaker,carmaker,aker,muckraker,boilermaker,moviemaker,undertaker,icebreaker,lawmaker,oddsmaker,shaker,matchmaker,glassmaker,staker,drugmaker,blaker,baker,peacemaker,saker,maker,shoemaker,faker,troublemaker,newsmaker,acre,codebreaker,candlemaker,filmmaker,dealmaker,toymaker,craker,straker,automaker,quaker,fenstermaker,lawbreaker,breaker,moneymaker,achor,rainmaker,pacemaker,waker,strikebreaker,printmaker,bakker,wannamaker,slaymaker,basketmaker,steelmaker,flaker,caretaker,hatmaker
homemakers,makers,toymakers,oddsmakers,acres,filmmakers,lawmakers,carmakers,foodmakers,notetakers,dealmakers,steelmakers,policymakers,caretakers,troublemakers,codebreakers,moviemakers,shakers,chipmakers,lawbreakers,dressmakers,haymakers,drugmakers,strikebreakers,peacemakers,takers,quakers,fakers,printmakers,bakkers,bakers,breakers,moneymakers,marketmakers,akers,automakers,lakers,newsmakers,rakers,kingmakers,matchmakers,shoemakers,toolmakers,pacemakers,icebreakers
homemaker's,
homemaking,taking,basketmaking,groundbreaking,steelmaking,caking,dressmaking,lawbreaking,baking,heartbreaking,filmmaking,raking,decisionmaking,staking,dealmaking,forsaking,remaking,peacemaking,papermaking,policymaking,painstaking,waking,earthshaking,retaking,maikong,shaking,muckraking,breaking,rulemaking,snaking,bookmaking,breathtaking,matchmaking,slaking,undertaking,lawmaking,faking,handshaking,moneymaking,overtaking,glassmaking,profittaking,making,mistaking,quaking,braking,printmaking,moviemaking,flaking
homemakings,
homeo-,tomeo,dibartolomeo,homeo
homeoblastic,
homeochromatic,
homeochromatism,
homeochronous,
homeocrystalline,
homeogenic,
homeogenous,
homeoid,
homeoidal,
homeoidality,
homeokinesis,
homeokinetic,
homeomerous,
homeomorph,
homeomorphy,
homeomorphic,
homeomorphism,
homeomorphisms,
homeomorphism's,
homeomorphous,
homeopath,
homeopathy,kathie,abernathy,lathi,athey,wrathy,kathy,pathy,mathy,cathie,olathe,kathi,mcconathy,lymphadenopathy,fathi,neuropathy,cathy,mathie
homeopathic,psychopathic,idiopathic,telepathic,gathic,pathic,gnathic,osteopathic
homeopathically,
homeopathician,
homeopathicity,
homeopathies,
homeopathist,
homeophony,
homeoplasy,
homeoplasia,
homeoplastic,
homeopolar,
homeosis,
homeostases,
homeostasis,basis,stasis,oasis,caseous,aceous,airbases,glacis
homeostatic,adriatic,thematic,operatic,dogmatic,idiosyncratic,austroasiatic,charismatic,diplomatic,static,aromatic,aerobatic,aquatic,hyperchromatic,climatic,emphatic,programmatic,semiautomatic,asthmatic,autocratic,systematic,democratic,rheumatic,monochromatic,ecstatic,posttraumatic,erratic,bureaucratic,melodramatic,pratic,problematic,symptomatic,patak,cinematic,fanatic,prismatic,informatic,pneumatic,vatic,hippocratic,socratic,acrobatic,enigmatic,phlegmatic,hepatic,schematic,numismatic,electrostatic,automatic,psychosomatic,axiomatic,pratique,klezmatic,asymptomatic,lymphatic,prostatic,shattuck,asiatic,pragmatic,hanseatic,undiplomatic,traumatic,dramatic,sensormatic,undemocratic,idiomatic,phosphatic,phatic,mattock,mattick,mathematic,matic,aristocratic,batak,theocratic,emblematic,snattock,enzymatic,diagrammatic,epigrammatic,technocratic,pancreatic,telematic
homeostatically,
homeostatis,
homeotherapy,
homeotherm,
homeothermal,
homeothermy,
homeothermic,
homeothermism,
homeothermous,
homeotic,
homeotype,
homeotypic,
homeotypical,
homeotransplant,
homeotransplantation,
homeown,
homeowner,donor,shareowner,hoener,landowner,goehner,moaner,loaner,kroner,kronor,lohner,honer,boehner,isotoner,kroener,boner,dohner,bohner,zonar,toner,groner,hohner,rohner,kohner,foner,shipowner,phoner,croner,bonar,owner,loner,mineowner,stoner,schoener,groaner,broner
homeowners,owners,boners,loners,landowners,loaners,stoners,mineowners,donors,toners,shareowners,moaners,shipowners
home-owning,
homeozoic,
homeplace,
homer,roemer,sohmer,roamer,rohmer,gomer,spomer,schomer,bloemer,dromer,misnomer,ohmer,omer,fromer,boehmer,cromer,domer,gromer,beachcomber,komer,mccomber,sarcoma,bomer,kromer,stromer,womer,foamer,romer,schloemer,bowmer,bohmer,comber,tomer,komar,colmer
home-raised,
homere,
home-reared,
homered,
homerian,
homeric,weyrich,burich,tumeric,garrick,lerach,carrick,numeric,esoteric,derick,derrick,gericke,alphanumeric,atmospheric,gerrick,hysteric,daric,sherrick,mesenteric,deroche,cleric,serac,derek,deryck,burek,herrick,ferric,merrick,derik,sherick,kerrick,barrack,barbaric,generic,skerrick,barrick,baric,terek,varick,gerich,ferrick,ionospheric
homerical,
homerically,
homerid,
homeridae,
homeridian,
homering,
homerist,
homerite,
homerology,
homerologist,
homeromastix,
homeroom,
homerooms,
homers,combers,beachcombers
homerus,
homerville,
homes,tomes,rhizomes,holmes,cyclostomes,biomes,chromosomes,catacombs,foams,aerodromes,combes,ohms,roams,fomes,gnomes,combs,liposomes,domes,chromes,thomes,nvhomes,gromes,syndromes
home-sailing,
homeseeker,
home-sent,
homesick,mic,glick,thick,quik,triassic,pick,quick,lipstick,joystick,strick,seasick,frick,uptick,sic,fick,sick,nic,dick,handpick,chopstick,spick,kwik,dic,impolitic,toothpick,slick,bric,picnic,tic,peacenik,dipstick,bick,hick,rick,tick,spic,shtick,prick,snick,schtick,wrick,bic,realpolitik,pickwick,vick,lick,wick,vic,lasik,candlestick,flick,chick,trick,arithmetic,stick,politic,sidekick,mc,firebrick,bailiwick,kubrick,bolshevik,nik,knick,yardstick,nick,thilk,lunatic,rilke,wyk,nightstick,blick,kick,schick,ostpolitik,slapstick,pik,crick,whilk,mick,nonstick,gick,ric,shick,brick,klick,broomstick,pic,click
home-sick,
homesickly,
homesickness,thickness,quickness,sickness
home-sickness,
homesicknesses,
homesite,
homesites,
homesome,
homespun,than,one,yun,donne,nun,tonne,rerun,overrun,spun,been,stun,bruhn,homerun,grandson,undone,grun,thun,shotgun,pun,none,outdone,lunn,chun,outgun,run,jun,erven,shun,dunn,bunn,hyun,lun,brunn,ton,won,munn,gun,handgun,bun,kun,fun,done,dunne,c1,anyone,overdone,nunn,redone,outrun,brun,mun,blowgun,everyone,someone,dun,begun,gunn,son,hun,stepson,m1,huhn,youn,stdin,un,sun
homespuns,
homestay,
home-staying,
homestall,
homestead,bullhead,hotbed,read,pwned,behead,copperhead,flatbed,retread,masthead,bloodshed,deathbed,newlywed,reade,shred,airhead,steelhead,coed,shithead,whitehead,drumhead,head,bedspread,woodshed,egghead,thread,riverbed,bread,ted,trailhead,stead,ned,spearhead,gingerbread,misled,ed,bridgehead,wed,freda,tread,fed,bed,infrared,butthead,fred,fled,dread,skinhead,misread,swed,med,lead,watershed,said,widespread,bled,blockhead,letterhead,figurehead,cornbread,loggerhead,red,deadhead,redhead,bobsled,dead,arrowhead,beachhead,warhead,roundhead,led,purebred,seabed,bulkhead,ahead,pled,overhead,imbed,farmstead,zed,thoroughbred,dred,instead,redd,embed,bred,spread,sled,abed,godhead,inbred,ged,featherbed,aforesaid,wellhead,flathead,shed,unwed,shead,sped
homesteader,
homesteaders,
homesteads,eggheads,bullheads,foreheads,keds,thoroughbreds,woodsheds,retreads,spreads,waterbeds,overheads,flatheads,purebreds,copperheads,skinheads,bulkheads,blockheads,steads,hotbeds,newlyweds,loggerheads,coeds,breads,deads,airheadz,watersheds,shreds,redheads,dreads,sledz,edds,treads,imbeds,deadheads,beachheads,threads,arrowheads,sheds,warheads,sleds,reds,beds,feds,aedes,heads
homester,
homestretch,outstretch,fleche,dretch,letsch,petsch,vetsch,cleche,fletch,quetch,betsch,fetch,sketch,etch,ketch,fetsch,stretch,kvetch,meche,wretch,leche,vetch,retch,kretsch,letch,petsche
homestretches,
home-thrust,
hometown,jamestown,frown,facedown,brown,comedown,georgetown,clampdown,browne,shutdown,slowdown,motown,lowdown,lown,shantytown,meltdown,crosstown,hoedown,rundown,breakdown,sundown,downtown,down,uptown,town,markdown,midtown,putdown,run-down,gown,countdown,boomtown,around,knockdown,showdown,lockdown,renown,playground,shakedown,crackdown,turndown,drown,godown,cooperstown,crown,touchdown,letdown,drawdown,runaround,clown,tinseltown,noun,chinatown
hometowns,clowns,frowns,touchdowns,shutdowns,grounds,sounds,pounds,nouns,drowns,downes,breakdowns,shakedowns,closedowns,playgrounds,towns,downtowns,gowns,markdowns,downs,townes,kouns,drawdowns,showdowns,shantytowns,crackdowns,slowdowns,crowns,browns,putdowns,countdowns,rounds,writedowns
homeward,
homeward-bound,
homeward-bounder,
homewardly,
homewards,
homewood,sherwood,stood,redwood,tanglewood,brentwood,ironwood,schuld,wood,collingwood,victimhood,cottonwood,understood,neighborhood,childhood,motherhood,brotherhood,likelihood,boxwood,parenthood,misunderstood,englewood,leatherwood,could,beechwood,good,kenwood,goode,corkwood,greenwood,wildwood,isherwood,softwood,boyhood,eastwood,marwood,smallwood,edgewood,falsehood,silkwood,rockwood,underwood,knighthood,firewood,dagwood,hood,rosewood,statehood,heartwood,wormwood,teakwood,withstood,elwood,sainthood,littlewood,wedgwood,livelihood,fleetwood,girlhood,wedgewood,fatherhood,pulpwood,heywood,elmwood,should,nationhood,haywood,dogwood,devilwood,logwood,deadwood,osgood,blackwood,atwood,hazelwood,oakwood,babyhood,hollywood,ravenswood,plywood,driftwood,greasewood,manhood,adulthood,westwood,inglewood,would,womanhood,hardwood,allgood
homework,metalwork,artwork,legwork,clerk,needlework,quirk,murk,overwork,spadework,network,fieldwork,roadwork,brushwork,klerk,mcgurk,piecework,burk,groundwork,bourke,patchwork,perk,bjerke,werke,merc,beadwork,merck,paperwork,openwork,clerc,murch,berke,framework,lurk,smirk,firework,guesswork,rework,lerch,housework,schoolwork,werk,plasterwork,handiwork,shirk,earthwork,waterwork,work,jerk,irk,burke,turk,kirch,clockwork,sirk,latticework,berserk,dirk,cirque,birk,casework,quirke,kurk,leclerc,ataturk,merk,erk,berk,footwork,kirk,masterwork,woodwork,derk,perc,teamwork
homeworker,zurcher,kercher,jerker,merkur,dockworker,caseworker,smirker,worker,mineworker,vercher,shirker,coworker,steelworker,erker,kirker,merker,paperworker,metalworker,kircher,farmworker,kerker,lurker,woodworker
homeworks,
homewort,
homeworth,
home-woven,
homy,
homichlophobia,
homicidal,cidal,idle,lydall,bridle,seidel,seidl,spidle,idol,genocidal,idyll,suicidal,reidel,geidel,steidel,scheidel,bridal,freidel,speidel,sidell,seidell,heidel,keidel,tidal,intertidal,weidel,sidle
homicidally,
homicide,cockeyed,eyed,applied,pesticide,broadside,satisfied,occupied,ide,suicide,tied,classified,chide,cyanide,upside,petrified,glide,amplified,peroxide,vide,decried,mortified,oxide,bide,stratified,fortified,beside,hide,yuletide,dioxide,tried,fratricide,stride,bonafide,genocide,fide,curbside,inside,pied,dignified,allied,shied,bromide,plied,coincide,multiplied,reside,landslide,bride,diversified,defied,unified,blindside,dried,apartheid,pride,subside,decide,worldwide,complied,wayside,certified,side,outside,override,nationwide,slide,tide,downside,betide,preoccupied,belied,preside,countryside,justified,abide,backside,confide,hyde,collide,ride,seaside,deride,guide,lied,wide,alongside,implied,divide,pried,terrified,backslide,denied,modified,provide,ratified,snide,aside,astride,qualified
homicides,insides,bromides,slides,prides,silversides,suicides,decides,nides,rides,insecticides,subsides,asides,overrides,chides,downsides,coincides,tides,wides,abides,besides,pesticides,triglycerides,divides,mountainsides,resides,fungicides,sides,oxides,bides,azides,infanticides,fratricides,fides,lapides,presides,whitesides,roadsides,landslides,outsides,tellurides,confides,brides,derides,herbicides,glucosides,strides,polysaccharides,glides,hides,provides,peptides,fluorides,collides,backsides,hillsides,misguides,iodides,guides,ironsides,genocides
homicidious,
homicidium,
homiculture,
homier,foamier,beaumier,homeyer
homiest,
homiform,squamiform,bromoform
homilete,
homiletic,diabetic,diuretic,synergetic,kinetic,anesthetic,peripatetic,genetic,prophetic,helionetic,poetic,electromagnetic,pharmakinetic,ascetic,epigenetic,petak,esthetic,parasympathetic,etaac,pathetic,energetic,geomagnetic,arithmetic,kinesthetic,alphabetic,sympathetic,emetic,magnetic,prosthetic,ferromagnetic,lettic,synthetic,intermagnetic,unapologetic,hettick,unsympathetic,athletic,apologetic,empathetic,dietetic,phonetic,bionetic,cosmetic,apathetic,hyperkinetic,acetic,diamagnetic,aesthetic,parthenogenetic,paramagnetic,frenetic
homiletical,
homiletically,
homiletics,
homily,anomaly
homiliary,
homiliaries,
homiliarium,
homilies,
homilist,
homilists,
homilite,
homilize,
hominal,nominal,abdominal,phenomenal
hominem,
homines,
hominess,
hominesses,
homing,gloaming,roaming,wyoming,foaming,doming,loaming,lycoming,combing,domingue,froemming,chroming
hominy,somoni,rommany,domini,dominie,dominey,romany
hominian,geminian
hominians,
hominid,
hominidae,
hominids,
hominies,
hominify,
hominiform,
hominine,
hominisection,
hominivorous,
hominization,
hominize,
hominized,
hominoid,
hominoids,
homish,gnomish,romish
homishness,
hommack,
hommage,homage,pommage,ohmage
homme,bohm,qom,mam,balm,som,calm,malm,nom,bom,bohme,flom,squam,panmunjom,plomb,bomb,daum,baum,shawm,qualcomm,fromm,lomb,traum,qualm,pogrom,salaam,brom,intercom,halm,raum,pomme,cdrom,sitcom,bombe,salm,surinam,vietnam,somme,embalm,praam,aplomb,cocom,dom,yom,palme,rhomb,thom,chrom,thromb,clomb,hom,saddam,shalm,psalm,com,salam,grom,palm,glaum,pom,quam,mom,rom,firebomb,caricom,prom,tom,becalm,guam,stromb,blom,islam,scomm,strom,glomb
hommel,rommel,stromal,pommel,whammel,gamel,gomel,gomoll,gromill,pomel,trommel,kamel,homel,chromel
hommock,commack,islamic,bromic,atomic,romack,socioeconomic,uneconomic,adamik,comic,noneconomic,romick,wommack,technomic,monatomic,macroeconomic,ergonomic,tragicomic,ohmic,palmic,adamec,subatomic,autonomic,nomic,economic,microeconomic,diatomic,bombic,romic,tomich,dromic,gastronomic
hommocks,
hommos,traumas,commas,mammas,bomas,tamas,llamas,stomas,damas,pajamas,dromos,arzamas,mamas,lamas,melodramas,chromos,dramas,stamas,bahamas
hommoses,
homo,palomo,shomo,majordomo,crisostomo,buonomo,po-mo,poveromo,romo,slo-mo,perdomo,zercomo,mau-mau,bellomo,nomo,homo-,sumitomo,cuomo,sumatomo,bencomo,como
homo-,palomo,shomo,majordomo,crisostomo,buonomo,po-mo,poveromo,romo,slo-mo,homo,perdomo,zercomo,mau-mau,bellomo,nomo,sumitomo,cuomo,sumatomo,bencomo,como
homoanisaldehyde,
homoanisic,
homoarecoline,
homobaric,
homoblasty,
homoblastic,
homobront,
homocarpous,
homocategoric,
homocentric,
homocentrical,
homocentrically,
homocerc,
homocercal,
homocercality,
homocercy,
homocerebrin,
homochiral,
homochlamydeous,
homochromatic,
homochromatism,
homochrome,
homochromy,
homochromic,
homochromosome,
homochromous,
homochronous,
homocycle,
homocyclic,
homoclinal,
homocline,
homocoela,
homocoelous,
homocreosol,
homodermy,
homodermic,
homodynamy,
homodynamic,
homodynamous,
homodyne,
homodont,
homodontism,
homodox,
homodoxian,
homodromal,
homodrome,
homodromy,
homodromous,
homoean,
homoeanism,
homoecious,
homoeo-,homoeo
homoeoarchy,
homoeoblastic,
homoeochromatic,
homoeochronous,
homoeocrystalline,
homoeogenic,
homoeogenous,
homoeography,
homoeoid,
homoeokinesis,
homoeomerae,
homoeomeral,
homoeomeri,
homoeomery,
homoeomeria,
homoeomerian,
homoeomerianism,
homoeomeric,
homoeomerical,
homoeomerous,
homoeomorph,
homoeomorphy,
homoeomorphic,
homoeomorphism,
homoeomorphous,
homoeopath,
homoeopathy,
homoeopathic,
homoeopathically,
homoeopathician,
homoeopathicity,
homoeopathist,
homoeophyllous,
homoeophony,
homoeoplasy,
homoeoplasia,
homoeoplastic,
homoeopolar,
homoeosis,
homoeotel,
homoeoteleutic,
homoeoteleuton,
homoeotic,
homoeotype,
homoeotypic,
homoeotypical,
homoeotopy,
homoeozoic,
homoerotic,
homoeroticism,
homoerotism,
homofermentative,
homogametic,
homogamy,
homogamic,
homogamies,
homogamous,
homogangliate,
homogen,
homogenate,
homogene,
homogeneal,
homogenealness,
homogeneate,
homogeneity,spontaneity,seity,deity,heterogeneity
homogeneities,
homogeneity's,
homogeneization,
homogeneize,
homogeneous,fresenius,peneus,cyrenius,lenius
homogeneously,
homogeneousness,
homogeneousnesses,
homogenesis,
homogenetic,
homogenetical,
homogenetically,
homogeny,ontogeny,androgyny,phylogeny,yogini,progeny
homogenic,
homogenies,
homogenization,dissertation,reputation,compensation,transportation,affiliation,segregation,organization,cooperation,abomination,discrimination,meditation,precipitation,obfuscation,ramification,orientation,conservation,motivation,translation,configuration,constellation,generation,administration,collaboration,alliteration,innovation,aberration,litigation,citation,altercation,anticipation,consideration,relation,reconciliation,information,revelation,civilization,representation,correlation,presentation,obligation,station,transformation,designation,reservation,corporation,deviation,medication,nation,location,population,salvation,remuneration,radiation,conversation,manifestation,integration,adaptation,application,connotation,association,trepidation,pronunciation,implementation,foundation,sensation,abbreviation,appreciation,rehabilitation,indignation,communication,notation,approbation,collocation,accommodation,interpretation,conflagration,inspiration,creation,vocation,education,expectation,variation,quotation,operation,affirmation,aspiration,vacation,inclination,remediation,consternation,articulation,dedication,implication,proliferation,evaluation,gentrification,situation,observation,determination,preparation
homogenize,hypothesize,aggrandize,crystallize,synchronize,characterize,amortize,antagonize,ties,prioritize,comprise,maximize,authorize,prise,rise,baptize,allies,otherwise,advertise,apprise,lies,optimize,disenfranchise,flies,paralyze,demise,rationalize,synthesize,utilize,catalyze,analyze,compromise,ostracize,polarize,familiarize,socialize,improvise,wise,revise,belies,metastasize,sunrise,advise,surmise,guys,marginalize,franchise,chastise,energize,stigmatize,subsidize,mesmerize,size,epitomize,mize,sympathize,supervise,harmonize,proselytize,organize,empathize,memorize,exercise,capitalize,pulverize,criticize,emprise,recognize,despise,realize,supplies,visualize,reprise,apologize,arise,finalize,likewise,enterprise,customize,stabilize,capsize,guise,revitalize,tantalize,plagiarize,summarize,surprise,prize,disguise,patronize,eyes,merchandise,devise,fries,emphasize,mobilize,scrutinize,jeopardize,materialize,minimize,galvanize
homogenized,paralyzed,devised,underutilized,finalized,synchronized,categorized,personalized,demoralized,civilized,surmised,compromised,publicized,advertised,circumcised,stabilized,prised,urbanized,computerized,epitomized,advised,unrecognized,oversized,pasteurized,harmonized,customized,unorganized,decentralized,annualized,balkanized,utilized,naturalized,chastised,motorized,prized,mesmerized,ostracized,outsized,disenfranchised,energized,authorized,recognized,standardized,criticized,characterized,penalized,specialized,organized,apologized,sized,polarized,traumatized,scrutinized,crystallized,formalized,baptized,unauthorized,excised,mechanized,idealized,galvanized,revised,normalized,emphasized,agonized,analyzed,apprised,antagonized,stylized,hypnotized,realized,despised,generalized,capitalized,surprised,amortized,disguised,undisguised,patronized,exercised,familiarized,metastasized,capsized,localized,subsidized,itemized,stigmatized,comprised,jeopardized,incised,synthesized,caramelized,fossilized,canonized,disorganized,centralized,pressurized,globalized,marginalized,improvised,desensitized
homogenizer,
homogenizers,
homogenizes,
homogenizing,
homogenous,androgynous,nitrogenous
homogentisic,
homoglot,
homogone,
homogony,
homogonies,
homogonous,
homogonously,
homograft,
homograph,
homography,
homographic,
homographs,
homohedral,
homo-hetero-analysis,
homoi-,
homoio-,homoio
homoiotherm,
homoiothermal,
homoiothermy,
homoiothermic,
homoiothermism,
homoiothermous,
homoiousia,
homoiousian,
homoiousianism,
homoiousious,
homolateral,
homolecithal,
homolegalis,
homolysin,
homolysis,
homolytic,
homolog,
homologal,
homologate,
homologated,
homologating,
homologation,
homology,gnomology
homologic,
homological,
homologically,
homologies,
homologise,
homologised,
homologiser,
homologising,
homologist,
homologize,
homologized,
homologizer,
homologizing,
homologon,
homologoumena,
homologous,
homolography,
homolographic,homalographic
homologs,
homologue,
homologumena,
homolosine,
homomallous,
homomeral,
homomerous,
homometrical,
homometrically,
homomorph,
homomorpha,
homomorphy,
homomorphic,
homomorphism,
homomorphisms,
homomorphism's,
homomorphosis,
homomorphous,
homoneura,
homonid,
homonym,
homonymy,demonomy,homonomy
homonymic,
homonymies,
homonymity,
homonymous,homonomous
homonymously,
homonyms,
homonomy,demonomy,homonymy
homonomous,homonymous
homonuclear,
homo-organ,
homoousia,
homoousian,
homoousianism,
homoousianist,
homoousiast,
homoousion,
homoousious,
homopathy,
homopause,
homoperiodic,
homopetalous,
homophene,
homophenous,
homophile,
homophiles,
homophyly,nemophily
homophylic,
homophyllous,
homophobia,zenobia,claustrophobia,cobaea,cancerphobia,phobia,cobia,xenophobia,robia,agoraphobia,tobia,obeah
homophobic,dobek,sobek,chrobak,phobic,claustrophobic,kobak,bobek,anaerobic,bobak,robak,aerobic
homophone,hone,zone,trombone,gemstone,own,cornerstone,anemone,thrown,moonstone,limestone,tone,phone,mon,sewn,strown,testosterone,chaperone,scone,lodestone,headphone,whetstone,touchstone,cyclone,drone,flown,saxophone,overtone,joan,keystone,prone,overthrown,homegrown,sloan,bone,mone,shown,intone,megaphone,jawbone,pheromone,blown,baritone,capone,moan,rone,milestone,grown,groan,cicerone,gladstone,monotone,backbone,fone,allophone,millstone,lone,cone,tombstone,headstone,postpone,acetone,condone,loan,alone,ozone,disown,rhone,clone,rhinestone,silicone,simone,capstone,microphone,cobblestone,undertone,atone,brownstone,hormone,earphone,francophone,bemoan,leone,known,shone,throne,argonne,overblown,stone,collarbone,crone,sown,cologne,t-bone,xylophone,telephone,roan,sharon,unknown
homophones,knowns,phones,gemstones,intones,cobblestones,flintstones,rhinestones,milestones,overtones,halftones,gallstones,lohnes,reesjones,hormones,clones,groans,hipbones,crossbones,scones,owns,hones,moans,businessphones,daimones,quinones,fones,goens,limestones,thrones,headstones,joens,interacciones,cherrystones,unknowns,moonstones,roans,zones,chaperones,gladstones,headphones,backbones,loans,earphones,rhys-jones,tones,soens,saxophones,romanones,allophones,crones,baritones,madstones,cyclones,sones,mones,goans,bones,trombones,drones,pheromones,leones,stones,silicones,cheekbones,undertones,postpones,hailstones,telephones,airfones,koans,cornerstones,thoennes,cones,megaphones,gravestones,flagstones,microphones,lones,trones,keystones,tombstones,jones,condones,bemoans
homophony,
homophonic,
homophonically,
homophonous,
homophthalic,
homopiperonyl,
homoplasy,
homoplasis,
homoplasmy,
homoplasmic,
homoplassy,
homoplast,chromoplast
homoplastic,
homoplastically,
homopolar,
homopolarity,
homopolic,
homopolymer,
homopolymerization,
homopolymerize,
homopter,
homoptera,
homopteran,
homopteron,
homopterous,
homorelaps,
homorganic,
homos,economos
homosassa,
homoscedastic,
homoscedasticity,
homoseismal,
homosex,
homosexual,
homosexualism,
homosexualist,
homosexuality,mi,bourgeoisie,me,fee,ne,lessee,guaranty,plea,asap,esprit,carefree,de,trustee,wee,e,be,ski,marquis,tv,partee,cc,ghee,referee,tree,z,sunday,machete,key,nee,pea,kabuki,thee,di,sea,dee,tee,degree,jubilee,ree,tea,flee,lee,idiosyncrasy,foresee,g,turnkey,hyperbole,flea,ye,emcee,knee,si,gee,oversee,marquee,v,scree,payee,indri,c,b,syncope,qi,xi,he,actuary,bee,free,snee,hee,pee,we,see,lea,three,d,glee,pre,guarantee,cree,agree,repartee,pony,precis,spree,p,quay,banshee,yee,reality,decree,ac,hawaii,she,debris,apogee,calliope,t,nestle,potpourri
homosexually,
homosexuals,cruels,duals,fuels,jewels,duels,renewals,accruals
homosystemic,
homosphere,
homospory,
homosporous,burrous,burress,banderas,arcturus,icarus
homosteus,
homostyled,
homostyly,
homostylic,
homostylism,
homostylous,
homotactic,
homotatic,
homotaxeous,
homotaxy,
homotaxia,
homotaxial,
homotaxially,
homotaxic,
homotaxis,
homothallic,
homothallism,
homotherm,
homothermal,
homothermy,
homothermic,
homothermism,
homothermous,
homothety,
homothetic,nomothetic
homotypal,
homotype,
homotypy,
homotypic,
homotypical,
homotony,
homotonic,
homotonous,
homotonously,
homotopy,
homotopic,
homotransplant,
homotransplantation,
homotropal,
homotropous,
homousian,
homovanillic,
homovanillin,
homovec,
homoveratric,
homoveratrole,
homozygosis,
homozygosity,
homozygote,zygote
homozygotes,
homozygotic,
homozygous,heterozygous,lygus,vigus
homozygously,
homozygousness,
homrai,
homs,hommes,roms,pogroms,bombs,diatoms,dahms,brahms,shawms,toms,comms,cablecomms,moms,whams,mccombs,balms,palms,cdroms,proms,coms,alms,qualms,calms,psalms,thoms,firebombs
homuncio,
homuncle,
homuncular,
homuncule,
homunculi,
homunculus,
hon,koran,avalon,paragon,don,chiffon,rapprochement,brawn,john,sean,phenomenon,celadon,pecan,meson,polygon,gabon,denouement,boron,neutron,quan,han,iran,khan,yawn,liaison,spawn,braun,woebegone,con,amadon,marathon,bon,pentagon,aragon,fawn,crayon,amazon,withdrawn,aileron,exon,baton,drawn,prawn,yuan,echelon,flawn,pion,oberon,automaton,hexagon,salon,argon,ron,carillon,on,agamemnon,wan,upon,proton,coupon,radon,octagon,capon,moron,parmesan,forgone,hogan,babylon,oregon,juan,non,antiphon,tron,epsilon,foregone,dawn,swan,nylon,lexicon,pawn,gone,oman,pantheon,emoticon,photon,axon,yon,pylon,lawn,bygone,mastodon,micron
honaker,sloniker,moniker,slonaker
honan,bonin,ronan,bohnen,kronen,koenen,cronen,ahonen,conan,xoanon,cronan,phone-in,kohnen,melatonin,ronen,cronin,seratonin,lonon,arizonan,yonan,onan,serotonin,ronin
honans,
honaunau,
honcho,concho,poncho
honchoed,
honchos,joncas
hond,
hond.,
honda,edmonda,fernanda,anaconda,rolanda,kaunda,fonda,tonda,ferdinanda,veronda,luanda,golconda,raymonda,yolanda,orlanda,wanda,rhonda,giaconda,randa,rhondda,meranda,ramonda,monda,gonda,uganda,tonawanda,swanda,wonda,rwanda,ronda,lewanda
hondas,fondus,jaundice,frondous,wandis,jaundices
hondle,
hondled,
hondles,
hondling,
hondo,raimondo,morando,rolando,durando,condo,elizondo,escuchando,taekwondo,ondo,bondo,accomando,rondo,pando,hernando,redondo,villalpando,armando,londo,rando,relondo,fernando,mondo,vialpando,kondo
honduran,turin,duren,vanvooren,urine,suren,buren,buron,fleuron,burin,murin,pleuron,furan
honduranean,
honduranian,
hondurans,hurons,burins,furans
honduras,kurus,tsuris,murices,juris,alturas,burruss,burrus,puris,arcturus,purus,durous,mooress,assuras,purace
hondurean,
hondurian,
hone,zone,trombone,gemstone,own,cornerstone,anemone,thrown,moonstone,limestone,tone,phone,mon,sewn,strown,testosterone,chaperone,scone,lodestone,headphone,whetstone,touchstone,cyclone,drone,flown,saxophone,overtone,joan,keystone,prone,overthrown,homegrown,sloan,bone,mone,shown,intone,megaphone,jawbone,pheromone,blown,baritone,capone,moan,rone,milestone,grown,groan,cicerone,gladstone,monotone,backbone,fone,allophone,millstone,lone,cone,tombstone,headstone,postpone,acetone,condone,loan,alone,ozone,disown,rhone,clone,rhinestone,silicone,simone,capstone,microphone,cobblestone,undertone,homophone,atone,brownstone,hormone,earphone,francophone,bemoan,leone,known,shone,throne,argonne,overblown,stone,collarbone,crone,sown,cologne,t-bone,xylophone,telephone,roan,sharon,unknown
honeapath,
honebein,
honecker,schoenecker
honed,cloned,dethroned,doand,throned,condoned,phoned,zoned,disowned,postponed,droned,owned,groaned,toned,stoned,coned,moaned,intoned,bemoaned,boned,loaned,telephoned
honegger,
honey,dunny,gunny,aknee,bunny,bunney,tunney,funny,munni,euromoney,blini,squiny,smartmoney,money,spinny,lunny,lunney,runny,sonny,squinny,gunnie,bunnie,sunny,tunny,thunny
honeyballs,
honey-bear,
honey-bearing,
honeybee,mi,bourgeoisie,me,fee,ne,lessee,guaranty,plea,asap,esprit,carefree,de,trustee,wee,e,be,ski,marquis,tv,partee,cc,ghee,referee,tree,z,sunday,machete,key,nee,pea,kabuki,thee,di,sea,dee,tee,degree,jubilee,ree,tea,flee,lee,idiosyncrasy,foresee,g,turnkey,hyperbole,flea,ye,emcee,knee,si,gee,oversee,marquee,v,scree,payee,indri,c,b,syncope,qi,xi,he,actuary,bee,free,snee,hee,pee,we,see,lea,three,d,glee,pre,guarantee,cree,agree,repartee,pony,precis,spree,p,quay,banshee,yee,reality,decree,ac,hawaii,she,debris,apogee,calliope,t,nestle,potpourri
honey-bee,
honeybees,actuaries,skis,bees,bes,indices,degrees,squeeze,seas,headcheese,oversees,niese,agrees,tease,diocese,sinhalese,cheese,rameses,displease,guarantees,trees,keys,knees,wheeze,lees,cantonese,taiwanese,munchies,teas,manganese,fees,portuguese,reis,hercules,aziz,fleas,sease,chemise,pleiades,emphases,feaze,siamese,wease,pease,hypotheses,tees,isosceles,freeze,sneeze,burmese,creaze,attendees,overseas,japanese,cadiz,feces,maltese,disease,seese,expertise,analyses,flees,peas,pcs,chinese,belize,reprise,journalese,unease,appease,striptease,seize,chese,sees,mores,balinese,socrates,leas,jeez,javanese,sleaze,pleas,idiosyncrasies,frieze,breeze,trapeze,louise,testes,damocles,please,parentheses,antifreeze,dees,these,geez,tweeze,maccabees,ease
honeyberry,
honeybind,
honey-bird,
honeyblob,
honey-blond,
honeybloom,
honey-bloom,
honeybrook,
honeybun,
honeybunch,
honeybuns,
honey-buzzard,
honey-color,
honey-colored,honey-coloured
honeycomb,foam,rolm,styrofoam,boehm,rhizome,shalom,strohm,blome,mccomb,rome,brome,crome,proteome,holm,chromosome,stroam,boehme,rohm,comb,home,drome,guillaume,strome,liposome,rhome,cyclostome,cosmodrome,thome,astrodome,vendome,gloam,schaum,genome,dome,biome,monochrome,metrodome,roehm,jerome,polychrome,syndrome,chrome,combe,ohm,glome,loam,aerodrome,frome,gnome,sloam,catacomb,noam,bloem,nome,roam,stome,hippodrome,tome
honeycombed,
honeycombing,
honeycombs,
honeycreeper,
honeycup,
honeydew,debut,undo,askew,lulu,canoe,tattoo,retinue,anew,stew,boo,vu,hitherto,goo,ewe,flue,screw,ado,few,due,subdue,two,skew,revenue,interview,avenue,outdo,ensue,residue,eschew,poo,slew,yahoo,pew,renew,roux,zoo,yew,barbecue,statue,true,spew,vue,through,thru,guru,tissue,taboo,overview,you,queue,construe,crew,ingenue,clue,shrew,gnu,cuckoo,breakthrough,do,shoe,rue,adieu,coo,sue,dew,xu,flu,imbue,who,u,rendezvous,view,que,strew,q,lieu,accrue,purview,hue,glue,bamboo,undue,shue,pursue,to,chew,hew,new,review,blue,redo,brew,loo,mew,coup,emu,cue,woo,too,into
honey-dew,
honeydewed,
honeydews,
honeydrop,
honey-drop,
honey-dropping,
honey-eater,honeyeater
honey-eating,
honeyed,moneyed,monied,eneid,whinnied,shinnied
honeyedly,
honeyedness,
honeyfall,
honeyflower,honey-flower
honey-flower,honeyflower
honey-flowing,
honeyfogle,
honeyfugle,
honeyful,
honey-gathering,
honey-guide,
honeyhearted,
honey-heavy,
honey-yielding,
honeying,shinnying,whinnying
honey-laden,
honeyless,moneyless
honeylike,
honeylipped,
honey-loaded,
honeyman,
honeymonth,
honey-month,
honeymoon,strewn,noone,tycoon,galloon,kuhn,dune,commune,immune,cartoon,cameroon,moon,brune,boone,teaspoon,kroon,cardoon,attune,muldoon,noon,troon,rangoon,balloon,lagoon,contrabassoon,june,spoon,shoon,maroon,impugn,raccoon,swoon,bassoon,midafternoon,gruen,koon,coon,sassoon,witherspoon,monsoon,hewn,magoon,baboon,boon,poon,rune,afternoon,tune,prune,typhoon,shewn,bethune,cocoon,festoon,saloon,inopportune,loon,mattoon,moone,cahoon,suen,lampoon,suine,harpoon,cancun,pantaloon,pontoon,tablespoon,goon,shoen,clune,opportune,platoon,calhoun,terhune,laffoon,croon,jeune,calhoon,soon,yoon,buffoon,saskatoon,picayune,toon,hoon
honeymooned,crooned,attuned,festooned,pruned,mooned,spooned,gamunde,tuned,lampooned,swooned,freund,impugned,wound,marooned,ballooned
honeymooner,spooner,schooner,dooner,lunar,sooner,nooner,tuner,neuner,runer,mooner,bruner,cooner,buehner,kuhner,gruner,krouner,crooner,pruner
honeymooners,pruners,sooners,tuners,schooners,crooners
honeymoony,
honeymooning,
honeymoonlight,
honeymoons,loons,tycoons,toons,lagoons,baboons,cocoons,typhoons,spoons,junes,verboons,moons,prunes,swoons,koons,tablespoons,kuhns,tunes,boons,cartoons,platoons,nunes,pontoons,afternoons,pantaloons,coons,noons,funes,lunes,coones,communes,runes,teaspoons,goons,dunes,saloons,monsoons,croons,balloons,kunes,clunes,impugns,raccoons,harpoons
honeymoonshine,
honeymoonstruck,
honeymouthed,
honey-mouthed,
honeypod,
honeypot,
honey-pot,
honeys,bunnies,monies,moneys,eneas,whinnies,shawnees,gunnies,funis,funnies,ghanese,sunnies,pinnies,dunnies
honey-secreting,
honey-stalks,
honey-steeped,
honeystone,
honey-stone,
honey-stored,
honey-storing,
honeystucker,
honeysuck,
honeysucker,
honeysuckle,truckle,yuckel,deckle,huckle,knuckle,stuchell,buckle,muckle,picul,prickle,cuckoldom,buckel,chuckle,suckle,frickle,ruckel,ruckle,stuckle,strickle
honeysuckled,
honeysuckles,suckles,nuckolls,buckles,nuckles,knuckles,nuckols,buckels,chuckles,prickles
honeysweet,
honey-sweet,
honey-tasting,
honey-tongued,
honeyville,
honey-voiced,
honeyware,
honeywell,hell,accel,rebel,seashell,shell,mell,chanel,del,mel,infidel,oversell,aol,intel,belle,expel,el,bell,citadel,nell,carel,excel,undersell,tel,bombshell,parallel,misspell,motel,groundswell,rangel,manuel,fell,sel,personnel,compel,swell,dwell,elle,carousel,cartel,well,eggshell,mademoiselle,hotel,fidel,bluebell,cel,decibel,gazelle,nutshell,knell,carmel,ravel,dispel,l,jell,doorbell,bethel,clientele,spell,maxwell,barbell,nobel,resell,foretell,stairwell,morel,cell,befell,lapel,yell,dumbbell,retell,smell,pell,propel,cowbell,materiel,outsell,repel,farewell,bel,caravel,zinfandel,quel,gel,marcel,adele,dell,pastel,tell,ell,michelle,sell,noel,snell,isabel,quell,impel,raphael
honeywood,
honeywort,moneywort
honeoye,
honer,donor,shareowner,hoener,landowner,goehner,moaner,loaner,kroner,kronor,lohner,boehner,isotoner,kroener,boner,dohner,bohner,zonar,toner,groner,hohner,rohner,kohner,foner,shipowner,phoner,croner,bonar,owner,loner,mineowner,homeowner,stoner,schoener,groaner,broner
honers,
hones,knowns,phones,gemstones,intones,cobblestones,flintstones,rhinestones,milestones,overtones,halftones,gallstones,lohnes,reesjones,hormones,clones,groans,hipbones,crossbones,scones,owns,homophones,moans,businessphones,daimones,quinones,fones,goens,limestones,thrones,headstones,joens,interacciones,cherrystones,unknowns,moonstones,roans,zones,chaperones,gladstones,headphones,backbones,loans,earphones,rhys-jones,tones,soens,saxophones,romanones,allophones,crones,baritones,madstones,cyclones,sones,mones,goans,bones,trombones,drones,pheromones,leones,stones,silicones,cheekbones,undertones,postpones,hailstones,telephones,airfones,koans,cornerstones,thoennes,cones,megaphones,gravestones,flagstones,microphones,lones,trones,keystones,tombstones,jones,condones,bemoans
honesdale,
honest,dishonest,wannest,faunist,pianist
honester,
honestest,
honestete,
honesty,dishonesty
honesties,
honestly,dishonestly
honestness,
honestone,
honest-to-god,
honewort,stonewort
honeworts,
honfleur,
hong,spong,zedong,birdsong,truong,kang,yong,monthlong,rong,kwang,mong,hwang,gong,prong,pong,guangdong,along,delong,weeklong,zhang,prolong,hmong,stong,ong,strong,schlong,lifelong,kong,wrong,scuppernong,swang,chong,jong,huang,xiong,tang,cong,thong,hourlong,dong,furlong,fong,sarong,dwang,vietcong,zhejiang,vong,twang,daylong,armstrong,chuang,sprong,throng,headlong,klong,wong,phuong,long,clong,jiang,plainsong,pudong,kyong,yearlong,belong,bong,flong,kwong,headstrong,quang,song,tong
hongkong,
hong-kong,spong,zedong,birdsong,truong,kang,yong,monthlong,rong,kwang,mong,hwang,gong,prong,pong,guangdong,along,delong,weeklong,zhang,prolong,hmong,stong,ong,strong,schlong,lifelong,kong,wrong,scuppernong,swang,chong,jong,huang,xiong,tang,cong,thong,hourlong,dong,furlong,fong,sarong,dwang,vietcong,zhejiang,vong,twang,daylong,armstrong,chuang,sprong,throng,headlong,klong,wong,phuong,long,hong,clong,jiang,plainsong,pudong,kyong,yearlong,belong,bong,flong,kwong,headstrong,quang,song,tong
hongleur,
hongs,
honiara,
honied,ponied
honig,monnig,konig
honily,
honing,boehning,koning,jawboning,coning,condoning,rezoning,stoning,loaning,bemoaning,froning,cloning,postponing,zoning,droning,chaperoning,moaning,intoning,toning,phoning,throning,groaning,telephoning,boning
honiton,
honk,yonke,vonk,sponk,kohnke,montblanc,wanke,swanke,fronk,nationsbanc,bronk,wank,tonk,kronk,graunke,ronk,schwanke,clonk,cronk,tronc,conch,bonk,gronk,pronk,conk,plonk,twank,bundesbank,shonk,bronc,monck
honked,bonked,zonked,conked,wanked,plonked
honkey,monkee,wanky,shonky,wonky,honky,mcconkey,donkey,swanky,rhonchi
honkeys,
honker,plonker,stonker,wanker,conker
honkers,
honky,monkee,honkey,wanky,shonky,wonky,rhonchi,mcconkey,donkey,swanky
honkie,
honkies,
honking,plonking,tongking,stonking,bonking
honky-tonk,
honkytonks,
honks,wanks,bonks,conks,yonks,plonks,bronx,tonks
honna,
honniball,
honobia,
honokaa,
honolulu,kwazulu,quazulu,sisulu
honomu,
honor,zauner,wanner,brauner,fonner,fonar,swaner,donar,conner,afrikaner,pawner,connor,oconner,chronar,fawner,hahner,pawnor,brawner,doner,bronner,donner,lawner,bonnor,goner,zahner,dishonor,ahner,swanner,honore,jahner,oconnor,bonner,konner,honour,bahner,yawner,launer,sonner
honora,elnora,delaura,pechora,mora,aurora,carfora,dilaura,korah,eudora,camorra,sykora,adora,torah,laura,zorah,vora,zamora,norah,anora,zippora,borah,bora,sonora,aldora,spadafora,leonora,pastora,aura,maura,hora,plethora,flora,tortora,lorah,dora,pecora,fedora,durrah,contadora,gomorrah,stora,samora,nora,angora,morra,ora,senora,panora,pandora,loera,arora,menorah,gongora,skora,santora,eleanora,lora,medora,eldora,cora,kora,sikora,fora,theodora,delora,psora,cahora,gora,controladora,zora,thora,zadora,andorra
honorability,
honorable,dishonorable,honourable
honorableness,honourableness
honorables,
honorableship,
honorably,honourably
honorance,
honorand,
honorands,
honorararia,
honorary,primary,harry,tertiary,vary,blueberry,prairie,canary,reactionary,veterinary,necessary,sedentary,imaginary,very,cemetery,cautionary,judiciary,estuary,arbitrary,dairy,confectionary,secretary,commentary,corollary,culinary,ancillary,scary,unnecessary,hairy,sanctuary,aerie,literary,mercenary,emissary,missionary,arie,merry,seminary,february,solitary,military,nary,extraordinary,salutary,ferry,barre,library,stationary,mary,visionary,apothecary,fiduciary,discretionary,ary,contemporary,gooseberry,secondary,stationery,strawberry,vocabulary,mulberry,confectionery,legendary,temporary,bury,unitary,huckleberry,epistolary,luminary,cherry,ordinary,subsidiary,proprietary,fairy,customary,adversary,contrary,tarry,berry,beneficiary,lapidary,monastery,marry,sanitary,monetary,raspberry,revolutionary,capillary,pecuniary,airy,parry,tributary,hereditary,pulmonary,dictionary,wary,itinerary,preliminary,obituary,eyrie,carry
honoraria,beria,kerria,santeria,inmobiliaria,bay-area,silveria,malaria,feria,area,pfiesteria,echeverria,renteria,erria,fondiaria,bulgaria,bavaria,peria,finanziaria,hysteria
honoraries,
honorarily,
honorarium,herbarium,planetarium,barium,aquarium,merriam
honorariums,herbariums,aquariums
honoraville,
honor-bound,
honored,conard,dishonored,honoured
honoree,mi,bourgeoisie,me,fee,ne,lessee,guaranty,plea,asap,esprit,carefree,de,trustee,wee,e,be,ski,marquis,tv,partee,cc,ghee,referee,tree,z,sunday,machete,key,nee,pea,kabuki,thee,di,sea,dee,tee,degree,jubilee,ree,tea,flee,lee,idiosyncrasy,foresee,g,turnkey,hyperbole,flea,ye,emcee,knee,si,gee,oversee,marquee,v,scree,payee,indri,c,b,syncope,qi,xi,he,actuary,bee,free,snee,hee,pee,we,see,lea,three,d,glee,pre,guarantee,cree,agree,repartee,pony,precis,spree,p,quay,banshee,yee,reality,decree,ac,hawaii,she,debris,apogee,calliope,t,nestle,potpourri
honorees,actuaries,skis,bees,bes,indices,degrees,squeeze,seas,headcheese,oversees,niese,agrees,tease,diocese,sinhalese,cheese,rameses,displease,guarantees,trees,keys,knees,wheeze,lees,cantonese,taiwanese,munchies,teas,manganese,fees,portuguese,reis,hercules,aziz,fleas,sease,chemise,pleiades,emphases,feaze,siamese,wease,pease,hypotheses,tees,isosceles,freeze,sneeze,burmese,creaze,attendees,overseas,japanese,cadiz,feces,maltese,disease,seese,expertise,analyses,flees,peas,pcs,chinese,belize,reprise,journalese,unease,appease,striptease,seize,chese,sees,mores,balinese,socrates,leas,jeez,javanese,sleaze,pleas,idiosyncrasies,frieze,breeze,trapeze,louise,testes,damocles,please,parentheses,antifreeze,dees,these,geez,tweeze,maccabees,ease
honorer,
honorers,
honoress,
honor-fired,
honor-giving,
honoria,sumeria,gurria,almeria
honorific,autopacific,specific,scientific,intraspecific,horrific,prolific,hieroglyphic,transpacific,pacific,pseudoscientific,unscientific,terrific,nonspecific
honorifical,
honorifically,
honorifics,
honorine,
honoring,honouring
honorius,
honorless,
honorous,
honor-owing,
honors,conners,cahners,goners,afrikaners,honours,connors
honorsman,
honor-thirsty,
honorworthy,
honour,zauner,wanner,honor,brauner,fonner,fonar,swaner,donar,conner,afrikaner,pawner,connor,oconner,chronar,fawner,hahner,pawnor,brawner,doner,bronner,donner,lawner,bonnor,goner,zahner,dishonor,ahner,swanner,honore,jahner,oconnor,bonner,konner,bahner,yawner,launer,sonner
honourable,honorable,dishonorable
honourableness,honorableness
honourably,honorably
honoured,conard,honored,dishonored
honourer,
honourers,
honouring,honoring
honourless,
honours,conners,cahners,goners,afrikaners,connors,honors
hons,bonze,omans,jahns,sohns,lat-lons,axons,fawns,pentagons,deuterons,fauns,echelons,brons,nylons,microns,korns,ons,donze,afrikaans,pompons,saint-saens,wanze,bygones,pons,ailerons,schons,brauns,tehrans,lubicons,swans,run-ons,st-johns,icons,vons,protons,pawns,dawns,come-ons,helicons,bonnes,crayons,slip-ons,amazons,bronze,frons,put-ons,photons,konze,yawns,cons,salons,goings-ons,johns,mesons,fonz,hogans,alphonse,lexicons,dons,ions,coupons,conns,walk-ons,fons,pecans,liaisons,lawns,pylons,batons,konz,spawns,prawns,neons,neutrons,positrons,teherans,antiphons,khans,try-ons,marathons,lons,vaughns
honshu,
hont,
hontish,
hontous,
honus,
honzo,
hoo,debut,undo,askew,lulu,canoe,tattoo,retinue,anew,stew,boo,vu,hitherto,goo,ewe,flue,screw,ado,few,due,subdue,two,skew,revenue,interview,avenue,outdo,ensue,residue,eschew,poo,slew,yahoo,pew,renew,roux,zoo,yew,barbecue,statue,true,spew,vue,through,thru,guru,tissue,taboo,overview,you,queue,construe,crew,ingenue,clue,shrew,gnu,cuckoo,breakthrough,do,shoe,rue,adieu,coo,sue,dew,xu,flu,imbue,who,u,rendezvous,view,que,strew,q,lieu,accrue,purview,hue,glue,bamboo,undue,shue,pursue,to,chew,hew,new,review,blue,redo,brew,loo,mew,coup,emu,cue,woo,too,into
hooch,puche,looch,scrooch,hootch,bueche,gooch,scooch,smooch,pooch,mooch,brooch
hooches,
hoochinoo,
hood,sherwood,stood,redwood,tanglewood,brentwood,ironwood,schuld,wood,collingwood,victimhood,cottonwood,understood,neighborhood,childhood,motherhood,brotherhood,likelihood,boxwood,parenthood,misunderstood,englewood,leatherwood,could,beechwood,good,kenwood,goode,corkwood,greenwood,wildwood,isherwood,softwood,boyhood,eastwood,marwood,smallwood,edgewood,falsehood,silkwood,rockwood,underwood,knighthood,firewood,dagwood,rosewood,statehood,heartwood,wormwood,teakwood,withstood,elwood,sainthood,littlewood,wedgwood,livelihood,fleetwood,girlhood,wedgewood,maplewood,fatherhood,pulpwood,heywood,elmwood,should,nationhood,haywood,dogwood,devilwood,logwood,deadwood,osgood,blackwood,atwood,hazelwood,oakwood,babyhood,hollywood,ravenswood,plywood,driftwood,greasewood,manhood,adulthood,westwood,inglewood,would,womanhood,hardwood,allgood
hoodcap,
hood-crowned,
hooded,wooded
hoodedness,
hoodful,
hoody,hoodie,woody,goodie,dunwoody,goody,woodie
hoodie,woody,goodie,dunwoody,hoody,goody,woodie
hoodies,woodies,goodies
hooding,pudding,woulding,wooding,gooding
hoodle,
hoodless,woodless,goodless
hoodlike,
hoodlum,
hoodlumish,
hoodlumism,
hoodlumize,
hoodlums,
hoodman,
hoodman-blind,
hoodmen,
hoodmold,hoodmould
hood-mould,
hoodoes,
hoodoo,doo-doo,koodoo,to-do
hoodooed,hudood
hoodooing,
hoodooism,voodooism
hoodoos,voodoos
hoods,cottonwoods,attwoods,presswoods,dogwoods,makegoods,neighborhoods,underwoods,falsehoods,backwoods,wildwoods,redwoods,woods,childhoods,goods,foxwoods,hardgoods,hardwoods,livelihoods
hood-shaped,
hoodsheaf,
hoodshy,
hoodshyness,
hoodsport,
hoodwink,lynk,airlink,cinq,blink,vink,plink,finke,pink,cinque,wink,sync,frink,scink,hinck,rink,klink,mink,ink,hink,interlink,rinck,finck,dink,pinche,clink,stink,zink,precinct,rinke,drink,brink,linke,softdrink,rethink,inc,linc,shrink,spink,flink,think,minc,zinck,link,sink,swink,zinc,fink,smink,bink,minke,doublethink,chinche,zinke,klinck,chink
hoodwinkable,
hoodwinked,inked,interlinked,succinct,extinct,blinked,distinct,linked,winked,indistinct,precinct
hoodwinker,
hoodwinking,
hoodwinks,
hoodwise,
hoodwort,
hooey,uy,grenouille,lewy,stewy,louis,thewy,tuohy,lewey,booee,suey,chopsuey,krawccykiewi,hughey,shui,sui,toohey,dewy,shooi,blooey,lewi,fukui,chop-suey,spewy,duey,ewy,gluey,bluey,dewey,chewy,pewee,gooey,shuey,viewy,hewey,buoy,ennui,huie,screwy,kooi,cooee,huey,matsui,fouhy,hughy,tsui,hughie,kooy,phooey,mitsui,sansui
hooeys,
hoof,goof,rustproof,woof,spoof,ouphe,bufe,shatterproof,proof,sunroof,rueff,foolproof,rufe,ooph,ploof,renouf,kloof,maloof,bulletproof,poof,weatherproof,bouffe,ruef,aloof,fireproof,woodroof,roof,waterproof
hoofbeat,
hoofbeats,
hoofbound,
hoof-bound,
hoof-cast,
hoof-cut,
hoofed,proofed,spoofed,goofed,roofed
hoofer,proofer,nufer,roofer,pfeuffer,spoofer,nuhfer,leuffer,rufer
hoofers,
hoofy,
hoofiness,
hoofing,goofing,spoofing,roofing,waterproofing,rustproofing,fireproofing,proofing,woofing
hoofish,
hoofless,roofless,proofless
hooflet,
hooflike,
hoofmark,
hoofmarks,
hoof-plowed,
hoofprint,
hoof-printed,
hoofrot,
hoofs,roofs,proofs,poofs,spoofs,goofs,woofs
hoof's,
hoof-shaped,
hoofworm,
hoogaars,
hooge,subterfuge,juge,luge,noodge,zuege,buege,ruge,microcentrifuge,guige,huge,fruge,fuge,centrifuge,cluj,scrooge,baton-rouge,stooge,spooge,googe,kluge
hoogh,debut,undo,askew,lulu,canoe,tattoo,retinue,anew,stew,boo,vu,hitherto,goo,ewe,flue,screw,ado,few,due,subdue,two,skew,revenue,interview,avenue,outdo,ensue,residue,eschew,poo,slew,yahoo,pew,renew,roux,zoo,yew,barbecue,statue,true,spew,vue,through,thru,guru,tissue,taboo,overview,you,queue,construe,crew,ingenue,clue,shrew,gnu,cuckoo,breakthrough,do,shoe,rue,adieu,coo,sue,dew,xu,flu,imbue,who,u,rendezvous,view,que,strew,q,lieu,accrue,purview,hue,glue,bamboo,undue,shue,pursue,to,chew,hew,new,review,blue,redo,brew,loo,mew,coup,emu,cue,woo,too,into
hooghly,julie,tooley,pooley,coulee,duley,yuli,bianculli,lazuli,bruley,ooley,vitulli,tuley,renzulli,uli,unduly,newley,hooley,tulley,coolie,newly,santulli,duly,cruelly,crisafulli,gooley,schooley,rulli,dooly,wuli,kewley,coolly,stoolie,unruly,gulli,shouli,schoolie,bernoulli,truly,benasuli,booly,ruley,cooley,cooly,buley,hughley,muley,juli,sciulli,bluely,cerulli,dooley,bewley
hoo-ha,hoo-hah
hooye,
hook,chook,chinook,outlook,mccook,forsook,cookbook,mistook,schoolbook,overlook,schnook,nook,brook,logbook,donnybrook,took,guidebook,storybook,sketchbook,rooke,willowbrook,powerbook,quook,saybrook,mook,strook,overtook,kirkuk,blook,undercook,unhook,gobbledygook,schook,shnook,retook,hornbook,undertook,cook,bankbook,snook,scrapbook,pocketbook,tooke,book,checkbook,flook,inglenook,seabrook,sihanouk,precook,rook,notebook,stroock,plook,handbook,zook,overbook,hooke,look,cooke,yearbook,overcook,textbook,sourcebook,westbrook,rulebook,redbook,brooke,rebook,crook,matchbook,passbook,holbrook,gook,shook
hooka,hookah,pooka
hookah,hooka,pooka
hookahs,
hook-and-ladder,
hook-armed,
hookaroon,
hookas,
hook-backed,
hook-beaked,
hook-bill,
hook-billed,
hookcheck,
hooke,chook,chinook,outlook,mccook,forsook,cookbook,mistook,schoolbook,overlook,schnook,nook,brook,logbook,donnybrook,took,guidebook,storybook,sketchbook,rooke,willowbrook,powerbook,quook,mook,strook,overtook,kirkuk,blook,undercook,unhook,gobbledygook,shnook,retook,hornbook,undertook,cook,bankbook,snook,scrapbook,pocketbook,tooke,book,checkbook,flook,inglenook,seabrook,sihanouk,precook,rook,notebook,stroock,hook,plook,handbook,zook,overbook,look,cooke,yearbook,overcook,textbook,sourcebook,westbrook,rulebook,redbook,brooke,rebook,crook,matchbook,passbook,holbrook,gook,shook
hooked,rooked,undercooked,overbooked,overlooked,rebooked,booked,overcooked,brooked,precooked,looked,cooked
hookedness,crookedness
hookedwise,
hookey,booky,rooky,cookie,flooky,bookie,rookie,brookie,nookie,hooky,cooky,nooky,cookee
hookeys,
hookem-snivey,
hooker,crooker,kueker,tooker,booker,rooker,onlooker,uecker,snooker,kooker,kuecker,cooker,looker,brooker
hookera,
hookerman,
hooker-off,
hooker-on,
hooker-out,
hooker-over,
hookers,bookers,onlookers,cookers,lookers
hookerton,
hooker-up,
hook-handed,
hook-headed,
hookheal,
hooky,hookey,booky,rooky,cookie,flooky,bookie,rookie,brookie,nookie,cooky,nooky,cookee
hooky-crooky,
hookier,
hookies,
hookiest,
hooking,overbooking,cooking,crooking,overcooking,overlooking,rooking,brooking,booking,looking
hookish,
hookland,
hookless,bookless
hooklet,brooklet,booklet
hooklets,booklets,brooklets
hooklike,
hookmaker,
hookmaking,
hookman,
hooknose,
hook-nose,
hook-nosed,
hooknoses,
hooks,overlooks,buddenbrooks,rooks,yearbooks,claybrooks,middlebrooks,chooks,handbooks,notebooks,snooks,waldenbooks,jokebooks,shooks,pocketbooks,cookbooks,scrapbooks,guidebooks,storybooks,tookes,books,looks,schoolbooks,overcooks,passbooks,schnooks,gooks,nooks,outlooks,cooks,brookes,fooks,westbrooks,overbooks,crooks,seabrooks,textbooks,chinooks,sketchbooks,brooks,matchbooks,crookes,checkbooks
hook-shaped,
hookshop,
hook-shouldered,
hooksmith,
hook-snouted,
hookstown,
hookswinging,
hooktip,
hook-tipped,
hookum,
hookup,followup,startup,checkup,ygwypf,buttercup,grownup,backup,teacup,buildup,breakup,pup,markup,lockup,krupp,roundup,close-up,pickup,closeup,setup,holdup,push-up,wakeup,cleanup,cup,start-up,yup,sup,warmup,pileup,lineup,standup,pushup,up,coverup,blowup,makeup
hook-up,lookup
hookups,push-ups,hangups,eggcups,pickups,shakeups,scrips,start-ups,grownups,startups,buttercups,pups,buildups,runups,cupps,closeups,cups,linkups,pushups,bupkes,coverups,holdups,cleanups,suppes,backups,lineups,ups,setups,checkups,markups
hookupu,
hookweed,
hookwise,
hookworm,
hookwormer,
hookwormy,
hookworms,bookworms
hool,
hoolakin,
hoolaulea,
hoolee,
hoolehua,
hooley,julie,tooley,pooley,coulee,duley,yuli,bianculli,lazuli,bruley,ooley,vitulli,tuley,renzulli,uli,unduly,newley,tulley,coolie,newly,santulli,duly,cruelly,crisafulli,gooley,schooley,rulli,dooly,wuli,kewley,coolly,stoolie,unruly,gulli,hooghly,shouli,schoolie,bernoulli,truly,benasuli,booly,ruley,cooley,cooly,buley,hughley,muley,juli,sciulli,bluely,cerulli,dooley,bewley
hooly,
hoolie,
hooligan,
hooliganish,
hooliganism,alcoholism,materialism,naturalism,consumerism,patriotism,fatalism,absolutism,feudalism,capitalism,embolism,surrealism,mercantilism,prism,egalitarianism,pluralism,modernism,elitism,totalitarianism,favoritism,dualism,symbolism,schism,despotism,colonialism,liberalism,cronyism,narcissism,parallelism,escapism,nationalism,plagiarism,atheism,magnetism,legalism,mechanism,cynicism,nativism,relativism,journalism,evangelism,recidivism,altruism,gnosticism,aneurism,zionism,aphorism,federalism,racism,socialism,dynamism,humanism,darwinism,pessimism,judaism,hedonism,romanticism,egotism,parochialism,criticism,empiricism,statism,metabolism,chauvinism,ism,optimism,imperialism,professionalism,paternalism,populism,stoicism,organism,autism,mysticism,activism,terrorism,positivism,euphemism,antagonism,anachronism,nihilism,chisum,determinism,chism,egoism,rheumatism,fascism,pragmatism,catechism,botulism,individualism,communism,tourism,animism,mannerism,secularism,nepotism,astigmatism,collectivism,skepticism,feminism
hooliganize,
hooligans,
hoolihan,houlihan
hoolock,mikulec,kulak,gulick,sulak,kulick,dulak,kulich,sulek,hulick,eulich,kulik,mikulak,mikulic,sulik
hoom,
hoon,strewn,noone,tycoon,galloon,kuhn,dune,commune,immune,cartoon,cameroon,moon,brune,boone,teaspoon,kroon,cardoon,attune,muldoon,noon,troon,rangoon,balloon,lagoon,honeymoon,contrabassoon,june,spoon,shoon,maroon,impugn,raccoon,swoon,bassoon,midafternoon,gruen,koon,coon,sassoon,witherspoon,monsoon,hewn,magoon,baboon,boon,poon,rune,afternoon,tune,prune,typhoon,shewn,bethune,cocoon,festoon,saloon,inopportune,loon,mattoon,moone,cahoon,suen,lampoon,suine,harpoon,cancun,pantaloon,pontoon,tablespoon,goon,shoen,clune,opportune,platoon,calhoun,terhune,laffoon,croon,jeune,calhoon,soon,yoon,buffoon,saskatoon,picayune,toon
hoondee,
hoondi,
hoonoomaun,
hoop,guadeloupe,troupe,cloop,stroup,subgroup,houp,whoop,goop,rupe,doupe,coop,troop,stoop,lupe,regroup,dupe,knoop,shoup,intergroup,roope,coupe,poop,roop,stroupe,boop,hupe,stoup,recoup,gloop,sloop,croup,swoop,shupe,droop,troup,newsgroup,stupe,loop,hupeh,group,bloop,oop,snoop,workgroup,scoop,toupe,loup,croupe,drupe,loupe,koop,shoop,groupe,nincompoop,soup,wynkoop,stroop,guadalupe,paratroop,arup
hoopa,
hoop-back,
hooped,pooped,drooped,souped,grouped,swooped,cooped,whooped,trouped,stooped,houpt,snooped,trooped,scooped,regrouped,looped,duped,recouped
hoopen,
hooper,duper,stooper,cooper,looper,luper,grouper,snooper,blooper,stupar,kupor,super-,drooper,stupor,cowper,trouper,kuper,trooper,scooper,super,kuiper,paratrooper,pooper,whooper
hooperating,
hooperman,superman,kuperman
hoopers,
hoopes,sloops,newsgroups,goops,groups,soups,whoops,medisgroups,drupes,toops,coops,koops,snoops,scoops,woops,droops,oops,loups,stupes,troupes,nincompoops,coupes,toups,stoups,loops,stoops,swoops,recoups,paratroops,hoops,poops,dupes,workgroups,troops,subgroups
hoopeston,
hooping,drooping,looping,swooping,duping,recouping,snooping,pooping,cooping,trooping,trouping,stooping,regrouping,grouping,whooping,scooping,shuping
hooping-cough,
hoopla,hurrah,haw,doha,cha,wah,grandpa,la,raw,seesaw,ya,gnaw,na,whipsaw,esau,ka,baccarat,wa,outlaw,arkansas,ah,pasha,shaw,utah,baja,bra,ahh,aw,ona,jaw,pa,yah,dada,chutzpah,qua,awe,rah,daw,ja,gras,bourgeois,jigsaw,chihuahua,gaw,spa,draugh,scrimshaw,moi,ha,flaw,bah,macaw,xio,redraw,slaw,mackinaw,dumas,rawe,law,naw,nah,bois,straw,hah,withdraw,caw,panama,ra,draw,sa,da,chainsaw,ottawa,hacksaw,ma,omaha,fermata,sha,aha,maw,thaw,paw,trois,bylaw,ta,faw,guffaw,pshaw,overdraw,coleslaw,saw,chaw,shah,voila,blah,claw,yaw,squaw,schwa,ga,craw
hoop-la,
hooplas,
hoople,drupal,cupel,ruple,pupil,scruple,n-tuple,quadruple,duple,goupil,drupel,croupal,knueppel,souple,tuple
hoopless,
hooplike,
hoopmaker,
hoopman,
hoopmen,
,
