jadeship,
jadestone,maidstone
jade-stone,
jady,
jading,cascading,spading,kading,pervading,invading,blockading,punctuating,lading,masquerading,grading,persuading,blading,rollerblading,evading,nading,braiding,serenading,crusading,parading,degrading,fading,upgrading,trading,shading,wading,downgrading,raiding
jadish,caddish,gaydosh,kadish
jadishly,
jadishness,
jaditic,
jadotville,
j'adoube,
jadwiga,
jadwin,gladwin,gladwyn,radwan,hadwin
jae,pray,railway,entree,ok,sunday,hey,soiree,obey,display,dossier,re,quay,survey,gray,dna,ray,sobriquet,portray,asea,passe,array,gainsay,lingerie,fey,anyway,bay,cache,decay,bouquet,nay,weigh,tray,leeway,yea,splay,inlay,latte,astray,heyday,way,pay,may,grey,stay,play,okay,underway,lay,prey,slay,disarray,ballet,gateway,delay,k,today,waylay,spray,mainstay,sway,sachet,day,jay,repay,fiance,allay,say,gourmet,fray,yay,essay,betray,hay,usa,stray,fillet,j,resume,holiday,convey,relay,they,cafe,valet,bray,away,gay,lei,x-ray,overlay,clay,buffet,halfway,protege,melee,cliche,vertebrae,dismay,everyday,friday
jaegars,
jaeger,dagger,pagar,kraeger,wagar,stagger,meger,dreger,bagger,wagger,kegger,jagger,sandbagger,nagor,beger,flagger,nagger,mcgregor,tagger,legger,carpetbagger,traeger,bragger,sagger,mager,magar,lagger,pegger,saeger,gagger,saggar,greger,snagger,jaegar,tregre,macgregor,eggar,naeger,draeger,legere,dragger,schreger,shagger,gregor,haggar,haeger,harnischfeger,beggar,egger,bootlegger,swagger,cregger
jaegers,segars,swaggers,bootleggers,flaggers,magers,sandbaggers,baggers,braggers,staggers,eggers,jaggers,laggers,carpetbaggers,snaggers,naggers,beggars,daggers,taggers,leggers
jaehne,
jael,
jaela,
jaella,
jaen,
jaenicke,benecke,bennick,henneke,orogenic,cryogenic,transgenic,pennock,brennecke,carcinogenic,calisthenic,renick,rennick,krenek,hennick,fennic,pathogenic,vennick,authentic,fenech,anthropogenic,zenik,schizophrenic,splenic,penick,deneke,psychogenic,krenik,telegenic,isogenic,hellenic,pennick,penock,eugenic,fennec,denike,beneke,hallucinogenic,zenick,benak,photogenic
jaf,
jaffa,raffa,baffa,scapha
jaffe,mcgaffey,mchaffie,raffi,jaffey,chaffee,chafee,jaffee,rafi,claffey,mehaffey,gaffey,daffy,haffey,laffey,graphy,draffy,caffee,caffey,taffy,raphae,mahaffey,baffy,ghadafi,mulanaphy,chaffy
jaffna,dafna
jaffrey,laughrey,mccaffrey,caffrey,mccaffery
jag,
jaga,
jagamohan,
jaganmati,
jagannath,
jagannatha,
jagat,
jagatai,chagatai
jagataic,
jagath,
jageer,
jagello,
jagellon,
jagellonian,
jagellos,
jager,rager,krager,schrager,dager,hager,fager,tager,slager,wollaeger,brager,drager,plaguer,schlager,mager,zager,sager,prager,meigher,hagar,trager,daigre,vaguer,bontrager,yegor,agar,swager,schwerdtfeger,schwager,gager,schwarzenegger,nager,frager,yeager
jagers,
jagg,
jagganath,
jaggar,
jaggary,hagberry
jaggaries,
jagged,tagged,stagged,shagged,cragged,fragged,reflagged,dragged,magged,lagged,nagged,sandbagged,slagged,dagged,gagged,knagged,fagged,swagged,zagged,wagged,hagged,bragged,snagged,zig-zagged,scragged,flagged,sagged,bagged
jaggeder,
jaggedest,
jaggedly,raggedly
jaggedness,craggedness,raggedness
jagged-toothed,
jagger,dagger,pagar,wagar,stagger,bagger,wagger,sandbagger,nagor,flagger,nagger,tagger,carpetbagger,bragger,sagger,mager,magar,lagger,gagger,saggar,snagger,jaegar,jaeger,dragger,shagger,haggar,swagger
jaggery,agorae,waggery,nagari,staggery
jaggeries,
jaggers,braggers,jaegers,staggers,sandbaggers,flaggers,daggers,taggers,laggers,carpetbaggers,swaggers,magers,snaggers,baggers,naggers
jagghery,figary
jaggheries,
jaggy,braggy,agie,maggie,claggy,kashiwagi,faggy,naggy,baggie,quaggy,shaggy,aggy,swaggy,draggy,craggy,aggie,waggy,slaggy,daggy,raggy,knaggy,waggie,wagy,flaggy,scraggy,snaggy,dragee,saggy,baggy
jaggier,
jaggiest,
jagging,wagging,gagging,snagging,sagging,sandbagging,swagging,shagging,unflagging,fagging,slagging,bragging,tagging,stagging,nagging,bagging,reflagging,fragging,lagging,flagging,blagging,dagging,dragging,ragging,scragging
jaggs,
jaghatai,
jagheer,
jagheerdar,
jaghir,daire,quair,chahar,glair,bahar,lahar,glaire
jaghirdar,
jaghire,
jaghiredar,
jagiello,fiorello,darcangelo,castello,jello,castelo,rebello,tamburello,costello,ciriello,belo,mello,pellow,bonello,coviello,borello,novello,martello,cuello,torello,otello,montello,militello,vitiello,kellow,mellow,botelho,santangelo,canelo,celo,augello,modelo,delo,mauriello,cappiello,aiello,marcelo,tomasello,quello,meloe,manganiello,felloe,coello,telo-,velo,montebello,borrello,morello,anello,cappello,stringfellow,pirandello,deangelo,porcello,agnello,botello,rosello,bedfellow,manganello,cabello,rebelo,capello,monticello,fellow,jell-o,bello,coelho,bellow,marshmallow,cello,pocatello,mastrangelo,goodfellow,carmelo,ravelo,vitello,longfellow,tello,sotelo,arguello,spinello,melo,barcelo,marinello,covello,yellow,marcello,tumminello,othello
jagiellonian,
jagiellos,
jagielon,
jagir,
jagirdar,
jagla,
jagless,
jago,iago,rago,desantiago,lago,rabago,jagow,roggow,doggo,drago,buitrago,crago,takasago,santiago,farago,zhivago
jagong,
jagra,
jagras,
jagrata,
jags,snags,scags,staggs,gags,baggs,flags,craggs,tags,stags,drags,daggs,knaggs,bags,maggs,mags,saddlebags,mailbags,sandbags,lags,crags,frags,wags,nags,zags,swags,sags,scrags,fags,brags,airbags,shags,braggs,blags,dagges,skaggs,scaggs,handbags,rags,slags
jagua,
jaguar,barr,lar,handlebar,par,magyar,bar,qatar,bazar,commissar,boxcar,cigar,avatar,memoir,boyar,subpar,marr,bazaar,ar,revoir,lodestar,saar,registrar,barre,renoir,foobar,lumbar,crowbar,haar,scar,motorcar,dar,csar,caviar,sidebar,repertoire,carr,ajar,gar,sar,mylar,parr,streetcar,voir,feldspar,har,navarre,star,spar,mawr,alar,millibar,nascar,mar,seminar,superstar,adar,char,sandbar,radar,thar,far,babar,cinnabar,dakar,azar,aargh,bizarre,car,jar,starr,akbar,afar,railcar,alcazar,disbar,tar,myanmar,reservoir,czar,amar,guitar,rebar,tsar,amritsar,sitar,r,dinar,zanzibar,are,lamar,hectare
jaguarete,
jaguar-man,
jaguarondi,
jaguars,chars,feldspars,seminars,tokars,ares,stars,sars,starrs,maars,kahrs,marrs,vars,lars,boxcars,registrars,barz,cigars,sidebars,pars,marz,memoirs,spars,aerostars,gars,barrs,handlebars,bars,barres,haars,tsars,radars,sitars,baars,bazaars,superstars,scars,minicars,dinars,cars,hectares,avatars,railcars,ours,mars,reservoirs,nars,guitars,magyars,motorcars,czars,renoirs,jars
jaguarundi,yaguarundi
jaguarundis,
jaguey,
jah,
jahangir,
jahannan,
jahdai,
jahdal,
jahdiel,
jahdol,
jahel,
jahn,bedpan,tristan,plan,san,handyman,clan,flan,cyan,ran,madman,klan,liane,scran,span,pan,gamesman,sideman,minuteman,kan,anchorman,stan,shan,tran,tan,anne,scan,divan,caftan,deadpan,loran,catamaran,fisherman,began,cannes,lan,doorman,gran,tarzan,dan,japan,gan,fan,nan,van,saran,can,sandman,batman,chan,afghan,journeyman,kazakhstan,bhutan,man,moran,hann,quran,milan,pecan,ban,iran,ferdinand,bran,middleman,sedan,zan,yan,jan,saucepan,bogeyman,strongman,moulin,pakistan,mann,ann,caravan,afghanistan,caveman,skean,quean,an,merman,businessman,superman,taliban,snowman,lifespan,rattan,cancan,than,suntan,helmsman,hitman,rodin,kinsman,clergyman,sudan
jahncke,
jahrum,
jahrzeit,
jahve,
jahveh,yahveh,halve,flav-,calve,yahve,have,nav,amirav
jahvism,
jahvist,
jahvistic,
jahwe,
jahweh,yahwe
jahwism,
jahwist,
jahwistic,
jai,bely,ai,fry,belie,die,stultify,chi,alumni,exemplify,buy,spy,certify,sky,nearby,specify,pi,shy,signify,verify,deny,lie,comply,nullify,thereby,aye,why,ratify,my,rectify,mollify,tie,underlie,quantify,gadfly,hi,eye,standby,nigh,defy,indemnify,high,vi,rely,vie,goodbye,sigh,apply,pry,mortify,dye,amplify,cry,justify,nye,by,qualify,ally,hereby,reply,rye,lanai,decry,edify,sly,psi,try,sty,butterfly,ossify,wry,awry,ply,codify,satisfy,y,fly,notify,magpie,guy,i,dry,imply,tai,modify,alibi,bae,bye,identify,bi,classify,lye,vilify,clarify,testify,occupy,whereby,supply,spry,ly,pie
jay,pray,railway,entree,ok,sunday,hey,soiree,obey,display,dossier,re,quay,survey,gray,dna,ray,sobriquet,birthday,portray,asea,passe,array,gainsay,lingerie,fey,anyway,bay,cache,decay,bouquet,nay,weigh,tray,leeway,yea,splay,inlay,latte,astray,heyday,way,pay,may,grey,stay,play,okay,underway,lay,prey,slay,disarray,ballet,gateway,delay,k,today,waylay,spray,mainstay,sway,sachet,day,repay,fiance,allay,say,gourmet,fray,yay,essay,betray,hay,usa,stray,fillet,j,resume,holiday,convey,relay,they,cafe,valet,bray,away,gay,lei,x-ray,overlay,clay,buffet,halfway,protege,melee,cliche,vertebrae,dismay,everyday,friday
jayant,
jayawardena,
jaybird,sabered,maybird,haybird,labored,laboured,neighbored,sabred,belabored
jay-bird,
jaybirds,
jaycee,decree,see,debris,sunday,kabuki,knee,oversee,cree,jubilee,foresee,flee,quay,scree,e,glee,d,calliope,ac,p,idiosyncrasy,repartee,bee,mi,ye,si,b,pony,cc,thee,ne,de,di,nestle,me,apogee,trustee,potpourri,tv,syncope,yee,key,hee,snee,plea,ghee,qi,indri,be,pre,partee,marquee,tee,we,wee,precis,degree,fee,pea,nee,turnkey,tree,gee,actuary,guarantee,g,she,referee,reality,ski,esprit,lea,he,lee,emcee,hawaii,z,xi,lessee,sea,three,v,free,agree,flea,ree,guaranty,marquis,payee,asap,banshee,tea,machete,t,c,spree,bourgeoisie,pee,dee,carefree,hyperbole
jaycees,wheeze,appease,chemise,indices,please,feaze,expertise,reis,feces,cheese,cantonese,geez,maccabees,sleaze,knees,pcs,idiosyncrasies,mores,balinese,guarantees,wease,degrees,seese,pleiades,attendees,striptease,rameses,overseas,displease,chinese,oversees,tees,seas,these,aziz,cadiz,emphases,pease,maltese,diocese,sneeze,seize,agrees,parentheses,sees,keys,niese,damocles,skis,freeze,antifreeze,analyses,peas,burmese,javanese,bes,japanese,fleas,belize,pleas,louise,reprise,squeeze,flees,breeze,unease,sease,tease,isosceles,frieze,munchies,portuguese,hypotheses,siamese,ease,fees,socrates,lees,manganese,leas,teas,trees,sinhalese,dees,taiwanese,headcheese,hercules,testes,jeez,bees,disease,actuaries,trapeze,chese,creaze,tweeze,journalese
jaye,pray,railway,entree,ok,sunday,hey,soiree,obey,display,dossier,re,quay,survey,gray,dna,ray,sobriquet,portray,asea,passe,array,gainsay,lingerie,fey,anyway,bay,cache,decay,bouquet,nay,weigh,tray,leeway,yea,splay,inlay,latte,astray,heyday,way,pay,may,grey,stay,play,okay,underway,lay,prey,slay,disarray,ballet,gateway,delay,k,today,waylay,spray,mainstay,sway,sachet,day,jay,repay,fiance,allay,say,gourmet,fray,yay,essay,betray,hay,usa,stray,fillet,j,resume,holiday,convey,relay,they,cafe,valet,bray,away,gay,lei,x-ray,overlay,clay,buffet,halfway,protege,melee,cliche,vertebrae,dismay,everyday,friday
jayem,
jayesh,
jayess,
jaygee,
jaygees,
jayhawk,
jayhawker,
jay-hawker,
jail,monorail,gael,braille,hail,avail,kail,prevail,dail,handrail,dwale,greenmail,fail,telltale,scale,grail,derail,salle,mail,dale,horsetail,detail,travail,impale,countervail,whale,bail,hale,gail,curtail,pail,cale,ail,surveil,vale,upscale,ponytail,vail,entail,soleil,retail,resale,dovetail,assail,female,pale,foxtail,shale,snail,flail,nail,brail,ale,coattail,calle,folktale,sail,zale,quail,voicemail,gale,unveil,toenail,hobnail,wale,biennale,veil,frail,inhale,trail,abigail,clydesdale,martingale,cocktail,email,taille,blackmail,swale,gmail,tale,quale,tail,fairytale,wholesale,kale,fantail,airmail,rail,bale,yale,orrell,airedale,stale,faille,exhale,male,thumbnail,wail,sale,guardrail
jailage,
jailbait,
jailbird,railbird
jail-bird,
jailbirds,
jailbreak,
jailbreaker,
jailbreaks,
jail-delivery,
jaildom,
jailed,waled,staled,dovetailed,scaled,prevailed,derailed,availed,entailed,impaled,naled,railed,trailed,paled,regaled,retailed,mailed,detailed,failed,baled,exhaled,vailed,nailed,hailed,veiled,blackmailed,bailed,curtailed,whaled,flailed,haled,inhaled,unveiled,sailed,tailed,assailed,ailed,emailed,wailed
jaylene,
jailer,aylor,taylor,caylor,staebler,naylor,baylor,gaylor,roadrailer,staler,taler,wailer,scaler,teetotaler,trailer,ayler,shaler,railer,sayler,seyler,seyller,sailer,semitrailer,sailor,hailer,thaler,galer,tailor,bailer,frailer,scalar,haler,nailor,talar,brailler,traylor,wholesaler,malar,waler,jailor,whaler,paler,bailor,greenmailer,vailer,kaylor,paylor,retailer,kaler,gayler,caler,failor,inhaler,mailer,saylor,faler,tayler,eyler,maler,baler,ailor,nailer
jaileress,
jailering,
jailers,wholesalers,mailers,trailers,taylors,scalars,retailers,inhalers,scalers,balers,hailers,tailors,bailers,saylors,sailors,whalers
jailership,
jail-fever,
jailhouse,longhouse,espouse,clouse,storehouse,sprouse,haus,warehouse,poorhouse,statehouse,coffeehouse,louse,greenhouse,clearinghouse,steakhouse,blockhouse,whorehouse,safehouse,outhouse,woodhouse,schoolhouse,mouse,lighthouse,pousse,doghouse,gauss,bouse,dowse,spouse,straus,farmhouse,whitehouse,slaughterhouse,klaus,boathouse,rouse,souce,alehouse,knouse,strauss,henhouse,charterhouse,roadhouse,guesthouse,roundhouse,dollhouse,couse,crouse,youse,chaus,townhouse,blouse,boardinghouse,dormouse,house,clubhouse,playhouse,courthouse,madhouse,powerhouse,packinghouse,kraus,firehouse,douse,inhouse,laos,penthouse,grouse,prouse,krauss,barnhouse,hothouse,hause
jailhouses,
jailyard,
jailing,grayling,unavailing,hailing,veiling,paling,assailing,countervailing,whaling,scaling,staling,inhaling,nailing,entailing,wailing,impaling,curtailing,mailing,vailing,waling,emailing,flailing,prevailing,sailing,wholesaling,detailing,tailing,blackmailing,baling,bailing,trailing,haling,unfailing,failing,surveilling,saling,unveiling,retailing,railing,derailing,regaling
jailish,
jailkeeper,
jailless,
jaillike,
jailmate,
jailor,aylor,taylor,caylor,staebler,naylor,baylor,gaylor,roadrailer,staler,taler,wailer,scaler,teetotaler,trailer,ayler,shaler,railer,sayler,seyler,seyller,sailer,semitrailer,sailor,hailer,thaler,galer,tailor,bailer,frailer,scalar,haler,nailor,talar,brailler,traylor,wholesaler,malar,waler,whaler,paler,bailor,greenmailer,vailer,kaylor,jailer,paylor,retailer,kaler,gayler,caler,failor,inhaler,mailer,saylor,faler,tayler,eyler,maler,baler,ailor,nailer
jailoring,
jailors,
jails,pales,pails,prevails,sails,fails,abimaels,entails,swails,ayles,cocktails,males,whales,flails,ales,monorails,handrails,wales,retails,hails,scales,bailes,fales,airedales,fingernails,wholesales,gales,telltales,wailes,gayles,travails,bloomingdales,vales,impales,quails,sales,emails,curtails,calles,hales,alles,bayles,unveils,details,brailles,frails,tales,fairytales,stales,hailes,chontales,snails,galles,horsetails,sayles,versailles,dovetails,ails,toenails,balles,swales,assails,rales,swailes,vails,derails,valles,wails,quayles,veils,trails,cat-o-nine-tails,hayles,tails,ailes,qualls,clinkscales,resales,bails,guardrails,bales,nails,rails,females,shales,dales,mails,cales,regales,thales,kayles,coattails
jailsco,
jailward,
jaime,jaimie,grimy,primy,slimy,stimy,stymie,thymy,hymie,stymy,limey
jayme,mamie,jamie,flamy,amy,stamey,gamey,cheimi,cockamamie,lamie,lamy,mamey,amey,jaimie,lamey,samey,hashemi,mccamy,eighmey,jami,mohtashemi
jaymee,
jaimie,jaime,mamie,primy,jamie,jayme,stimy,stymie,flamy,amy,stamey,gamey,slimy,cheimi,thymy,cockamamie,stymy,lamie,lamy,mamey,amey,grimy,lamey,samey,hashemi,hymie,eighmey,jami,limey
jaymie,
jain,fein,deign,refine,remain,online,fain,grain,plane,chain,incline,design,baseline,entertain,domain,resign,byzantine,crain,retain,brine,refrain,legerdemain,maintain,align,hurricane,disdain,line,vane,terrain,bane,stain,constrain,combine,sign,lane,vein,spine,strain,nine,genuine,mine,streamline,shine,supine,germane,reign,brain,confine,skein,mundane,malign,campaign,undermine,membrane,rein,insane,inane,complain,decline,outline,attain,arcane,abstain,obtain,drain,divine,again,sustain,asinine,define,contain,opine,explain,ascertain,whine,pain,main,gain,cane,assign,trane,plain,pertain,vine,feign,pine,benign,vain,bovine,train,profane,fine,crane,wane,deadline,restrain,wine,pipeline,urbane,mane,rain
jayn,
jaina,maina,morena,payna,dana,irena,elaina,raina,stena,guenna,urena,elena,traina,camarena,reyna,marlena,verena,avena,shana,alena,llerena,madalena,daina,eirena
jaine,
jayne,ane,fein,twain,deign,humane,sprain,remain,spain,fain,saine,champagne,grain,plane,chain,slain,wayne,entertain,inhumane,domain,pane,germaine,cain,quain,cocaine,crain,retain,refrain,legerdemain,maintain,wain,hurricane,ordain,migraine,disdain,vane,terrain,shane,bane,stain,constrain,lane,vein,strain,aine,thane,zane,germane,kane,reign,swain,detain,brain,skein,mundane,airplane,arraign,campaign,membrane,rein,insane,inane,complain,sane,attain,arcane,lain,abstain,obtain,maine,moraine,drain,romaine,again,sustain,bain,contain,explain,ascertain,pain,main,gain,cane,trane,plain,pertain,jane,feign,vain,fane,dane,train,profane,crane,wane,partain,restrain,germain,urbane,mane,rain
jaynell,
jaynes,staines,contains,veins,swains,raines,mains,sprains,trains,skeins,champagnes,terrains,sainz,regains,brains,constrains,skains,alkanes,stains,reins,reines,janes,sustains,fains,windowpanes,hurricane,disdains,jains,deigns,haynes,maynes,manes,bains,domains,restrains,membranes,llanes,campaigns,chains,caines,danes,lanes,entertains,vanes,remains,mainz,gains,gaines,haines,keynes,magallanes,wanes,ranes,retains,baines,ganes,attains,monoplanes,planes,yanes,grains,feigns,pertains,cains,hanes,fanes,strains,hurricanes,refrains,baynes,drains,warplanes,thanes,complains,raynes,maines,bloodstains,rains,hains,blains,canes,panes,explains,banes,plains,maintains,obtains,migraines,cranes,pains,reigns
jainism,nanism
jainist,vainest,plainest,sanest
jaynne,
jaypie,
jaypiet,
jaipur,japer,raipur,capre
jaipuri,
jair,
jairia,
jays,leis,paise,ways,blase,polonaise,mase,resumes,plays,ukase,conveys,x-rays,always,phrase,dais,edgeways,weighs,maize,arrays,cayes,cliches,baize,chaise,rays,mores,lays,amaze,craze,gays,leys,lase,raise,essays,rase,dase,prase,crays,braze,nowadays,praise,displays,blaize,entrees,malaise,pays,graze,crase,ablaze,iras,protease,bays,smaze,gaze,paraphrase,hase,raze,strays,maze,days,rephrase,holidays,stays,bayes,haze,braise,faze,relays,sundays,anyways,aways,delays,mays,swayze,phase,fraise,hays,lyonnaise,blaise,folkways,sais,sideways,outlays,portrays,maes,daze,mayonnaise,drays,airways,pathways,baze,appraise,clays,trays,pais,glaze,rnase,hayes,res,blaze
jayson,pasan,basan,greisen,mayson,bazan,blazon,brazen,layson,chazen,kazin,zazen,hazan,chazan,faison,masan,rayson,raisin,hazen,glazen,maison,clayson,hasan,caison,brasen,emblazon,payson,kazan
jayton,
jayuya,
jayvee,gaviae
jay-vee,
jayvees,
jaywalk,gridlock,hancock,shylock,boardwalk,roc,squawk,smock,laughingstock,bokeh,frock,block,walk,airlock,nighthawk,bach,feedstock,falk,rock,iraq,wedlock,wok,brock,woodcock,sock,sherlock,peacock,medoc,knock,jacques,cock,padlock,bloc,clock,bangkok,unlock,havelock,shamrock,poppycock,baulk,roadblock,hollyhock,dock,crosswalk,matlock,ad-hoc,pock,sidewalk,antioch,mach,goshawk,bock,caulk,oarlock,crosstalk,catwalk,hock,bedrock,salk,gawk,hawk,locke,shock,glock,spock,doc,och,loch,nock,croc,balk,manioc,lock,bloch,aftershock,hemlock,toque,gamecock,tomahawk,stalk,deadlock,hoc,livestock,lok,mohawk,mock,chalk,flock,bok,chock,schlock,talk,jock,interlock,stock,tock,crock,calk,floc
jaywalked,
jaywalker,
jaywalkers,
jaywalking,interlocking,rocking,squawking,spacewalking,knocking,talking,smocking,grokking,hawking,sleepwalking,restocking,socking,gawking,cocking,blocking,mocking,nocking,hocking,locking,chocking,caulking,baulking,balking,bocking,clocking,flocking,shocking,stocking,chalking,crocking,walking,stalking,unlocking,frocking,undocking,docking
jaywalks,
jajapura,
jajawijaja,
jajman,
jak,
jakarta,djakarta,smarta,sparta,vallarta,charta,carta,barta,marta,encarta
jake,uptake,remake,bellyache,mistake,hotcake,sake,milkshake,rake,ache,shaik,snowflake,ake,slake,retake,namesake,cake,quake,muckrake,paik,intake,outtake,make,rattlesnake,dake,shake,spake,betake,daybreak,straik,stake,brake,cheesecake,pake,backache,opaque,cupcake,heartbreak,partake,clake,claik,shaikh,keepsake,pancake,fruitcake,strake,beefsteak,earthquake,undertake,yake,caique,bake,wake,awake,shortcake,sweepstake,headache,hake,mandrake,crake,snake,lake,outbreak,take,drake,break,blake,flake,handshake,heartache,forsake,kittiwake,overtake,fake,naik,haik,shaykh,steak
jakey,
jakes,strakes,flakes,remakes,takes,namesakes,aches,brakes,pancakes,blakes,rakes,lakes,sakes,heartbreaks,rattlesnakes,breaks,outbreaks,bakes,snowflakes,shakes,handshakes,hotcakes,slakes,drakes,backaches,quakes,headaches,cakes,undertakes,stakes,earthquakes,overtakes,outtakes,fruitcakes,snakes,fakes,crakes,keepsakes,mistakes,sweepstakes,makes,steaks,cupcakes,raikes,wakes,frakes,hakes
jakfruit,
jakie,bracky,bacchi,hakki,mackie,mackey,macchi,blackie,quacky,iraqi,whacky,tackey,andraki,hackee,wacky,taki,lackey,sochacki,busulaki,cracky,lackie,gracchi,jackie,jacky,condracky,tackie,knacky,bacchae,hackie,tacky,khaki,jacki
jakin,
jako,
jakob,jakab,jacobe,akkub
jakoba,
jakobson,
jakop,
jakos,
jakun,
jal,
jala,
jalalabad,
jalalaean,
jalap,gallop,salep,galop,dallop,scallop,gallup,shallop,salop
jalapa,palapa
jalapeno,agostino,postino,tino,farino,cappuccino,casino,severino,molino,celestino,bovino,hino,martino,palladino,latino,deno,palomino,espino,benigno,moreno,patino,valentino,paulino,sandino,cupertino,polino,pellegrino,galeano,marcelino,neutrino,reno,lino,fino,baldino,gugino,trevino,corvino,cassino,carino,angelino,cimino,torino,spino,faustino,serafino,mino,comino,gino,chino,geno,bernardino,nino,orsino,encino,marino,paolino,cino,morino,guarino,keno,calvino,ladino,delfino,amino,philippino,wino,fiorentino,andantino,dino,gambino,camino,leno,andino,vizcaino,bambino,mandarino,tarantino,constantino,paladino,aquino,pacino,angeleno,giardino,merino,sabino,pino,contino,santino,covino,pieno,maraschino,mendocino,filipino,serino,florentino,arpino
jalapenos,
jalapic,calippic,salopek
jalapin,dalapon,gallopin
jalapins,
jalaps,
jalbert,talbert,calbert,dalbert,halbert,albert
jalee,
jalet,
jalgaon,
jalisco,
jalkar,
jallier,
jalloped,
jalop,
jalopy,poppy,hoppy,groppy,floppy,topkapi,gloppy,moppy,copy,sloppy,kopy,stroppy,soppy,photocopy,kauppi,datacopy,topee,loppy,choppy,shoppy
jalopies,
jaloppy,
jaloppies,
jalops,
jalor,
jalouse,palouse
jaloused,
jalousie,
jalousied,
jalousies,
jalousing,
jalpaite,
jalur,
jam,lam,hologram,slam,telegram,plam,priam,flam,bram,nvram,exam,dam,ham,bam,potsdam,nam,anagram,goddamn,buckingham,madame,cham,spam,sonogram,damme,rotterdam,flambe,centigram,cram,mme,stam,epigram,pam,monogram,logjam,tottenham,oxfam,gram,programme,stram,damn,histogram,jamb,lamb,durham,dram,tam,graham,sam,yam,diagram,flimflam,siam,coram,dithyramb,logogram,scram,diaphragm,scam,goddam,cam,swam,tram,electrocardiogram,dagenham,cunningham,sram,ram,sdram,alam,gramme,hamm,wham,milligram,birmingham,engram,mammogram,clam,am,kilogram,abram,kam,sham,program,graeme,tham,wolfram,cablegram,beckham,nottingham,abraham,fram,polygram,damm,microgram,amsterdam
jam.,
jama,gamma,glama,panorama,pajama,foodarama,trama,khama,brahma,alabama,docudrama,hamah,gramma,mammaplasty,brama,grama,pleasurama,mammoplasty,shama,yamma,dhamma
jamaal,
jamadar,
jamaica,matejka,aicpa,cejka
jamaican,mistaken,waken,fraken,raycon,chaikin,bacon,undertaken,tacan,dakin,take-in,mcmaken,hakan,unshaken,shaken,overtaken,takla-makan,shaiken,shaykin,lacan,awaken,daikin,taken,break-in,daikon,baken,macon,chaiken,forsaken,aken,retaken,reawaken,kraken
jamaicans,akins,bacons,akens,aikens,awakens,wakens
jamal,gall,appall,install,caul,tal,pratfall,protocol,raul,downfall,volleyball,bol,dahl,luminol,paul,pall,oddball,small,nightfall,dol,softball,moll,alcohol,maul,gaul,bawl,blackball,drywall,waterfall,doll,loll,landfall,windfall,wherewithal,butterball,enthral,crawl,snowball,senegal,neanderthal,forestall,eyeball,handball,screwball,cabal,all,recall,befall,mall,squall,scrawl,overhaul,cannonball,pitfall,retinol,baseball,fastball,basketball,sol,hardball,hall,natal,coll,overall,fireball,spall,call,dall,sprawl,brawl,footfall,stonewall,shawl,fall,aerosol,rainfall,ball,catcall,stall,mothball,ethanol,cortisol,pol,trawl,wall,tall,meatball,banal,nepal,atoll,shortfall,haul,catchall,saul,football,drawl,freefall,cholesterol,thrall
jamalpur,
jaman,
jamb,lam,hologram,slam,telegram,plam,priam,flam,bram,exam,dam,ham,bam,potsdam,nam,anagram,goddamn,buckingham,madame,cham,spam,sonogram,damme,rotterdam,flambe,centigram,cram,mme,stam,epigram,pam,monogram,logjam,tottenham,oxfam,gram,programme,jam,stram,damn,histogram,lamb,durham,dram,tam,graham,sam,yam,diagram,flimflam,siam,coram,dithyramb,logogram,scram,diaphragm,scam,goddam,cam,swam,tram,electrocardiogram,dagenham,cunningham,sram,ram,sdram,alam,gramme,hamm,wham,milligram,birmingham,engram,mammogram,clam,am,kilogram,abram,kam,sham,program,graeme,tham,wolfram,cablegram,beckham,nottingham,abraham,fram,polygram,damm,microgram,amsterdam
jambalaya,
jambart,
jambarts,
jambe,lamby,djambi,crambe,ambi-,hamby,jambi,bambi,pamby,nambi,camby,namby-pamby,lambie,jambee
jambeau,rambow,shambo,tambo,sambo,zambo,rambo,crambo
jambeaux,
jambed,
jambee,lamby,djambi,crambe,ambi-,hamby,jambi,bambi,pamby,nambi,jambe,camby,namby-pamby,lambie
jamber,
jambes,
jambi,lamby,djambi,crambe,ambi-,hamby,pamby,bambi,nambi,jambe,camby,namby-pamby,lambie,jambee
jambiya,
jambing,
jambo,
jamboy,
jambolan,
jambolana,
jambon,ambon,rambin,chambon
jambone,
jambonneau,
jambool,
jamboree,
jamborees,
jambos,ambos,gambas
jambosa,
jambs,logjams,kilograms,trams,mailgrams,clams,shammes,chams,hams,milligrams,abrahams,drams,prams,ambs,mesdames,shams,yams,damns,grahams,histograms,grammes,tambs,lambs,slams,rams,scams,spams,diagrams,electrocardiograms,crams,krammes,jams,reprograms,cambs,sonograms,gramms,scrams,sams,logograms,ams,hammes,holograms,samms,micrograms,telegrams,grams,brams,mammograms,exams,dams,programs
jambstone,
jambul,
jamdanee,
jamdani,
jamey,
jamel,
james,counterclaims,aims,acclaims,proclaims,games,rhames,haimes,frames,hames,haymes,exclaims,lames,grames,jas,shames,airframes,kames,tames,nicknames,maims,st-james,boardgames,mainframes,surnames,cames,inflames,sames,claims,adames,ames,fames,crames,flames,aimes,blames,ijames,disclaims,dames,names
jamesburg,
jamesy,
jamesian,
jamesina,
jameson,
jamesonite,
jamesport,
jamesstore,
jamestown,town,letdown,cooperstown,drown,crackdown,lowdown,motown,midtown,boomtown,crown,lown,georgetown,meltdown,around,facedown,sundown,putdown,clampdown,browne,clown,showdown,gown,tinseltown,comedown,shakedown,drawdown,down,uptown,chinatown,lockdown,brown,crosstown,playground,rundown,hoedown,touchdown,run-down,noun,knockdown,slowdown,shantytown,markdown,downtown,godown,runaround,turndown,hometown,countdown,breakdown,shutdown,frown,renown
jamestown-weed,
jamesville,
jam-full,
jami,mamie,jamie,jayme,flamy,amy,stamey,gamey,cheimi,cockamamie,lamie,lamy,mamey,amey,jaimie,lamey,samey,hashemi,mccamy,eighmey,mohtashemi
jamie,mamie,jayme,flamy,amy,stamey,gamey,cheimi,cockamamie,lamie,lamy,mamey,amey,jaimie,lamey,samey,hashemi,mccamy,eighmey,jami,mohtashemi
jamieson,jamison
jamil,
jamila,zillah,avilla,marilla,sylla,francavilla,sybilla,chinchilla,psylla,cotilla,sibilla,avila,milla,ocilla,cancilla,cilla,silla,pillau,nylghau,manila,aldila,gorilla,padilla,anguilla,portilla,davila,sevilla,przybyla,carilla,maxilla,guerilla,pilla,villa,costilla,guerrilla,pilaw,kabila,flotilla,lilah,rilla,manzanilla,churilla,manilla,chotilla,orilla,cyrilla,hilla,scintilla,willa,priscilla,attila,scylla,fontanilla,lilla,escamilla,camilla,arquilla,mancilla,parrilla,quintanilla,mantilla,castilla,bonilla,aguadilla,vanilla,zilla,pilau,godzilla,davilla,bobadilla,filla,kila,antilla,ludmilla,armilla,scilla,drusilla,maravilla,revilla,amarilla
jamill,
jamilla,
jamille,
jamima,
jamin,
jamison,jamieson
jamlike,
jammal,
jammed,hammed,hamed,spammed,ramed,dammed,diagrammed,damned,slammed,rammed,lambed,crammed,flammed,scrammed,programmed,trammed,monogrammed,reprogrammed,gammed,shammed,clammed,lammed,scammed
jammedness,
jammer,dammer,shellhammer,lillehamer,crammer,slammer,kramar,hamor,programmer,grammar,lillehammer,enamor,shammer,dammar,hammar,lamber,jackhammer,klammer,kammer,amor,goldhammer,scammer,muammar,grammer,swackhamer,stammer,hamre,flammer,cammer,hamer,sledgehammer,clamor,gyllenhammar,glamour,rammer,brammer,krammer,hammer,clammer,krauthammer,glamor
jammers,crammers,rammers,grammars,lammers,clamors,hammers,scammers,stammers,enamors,programmers,jackhammers
jammy,tammy,gammy,sammie,cammie,chammy,yanomami,whammy,miami,grammy,sami,lammi,pammy,hammy,sammy,chamois,valmy,rammy,ramey,shammy,mccamey,tamiami,ramie,mammae,tami,lammey,ramee,mckamey,tammie,cammy,mammy,brahmi,clammy,amie,mi-vami,kamei
jammie,
jammin,
jamming,ramming,scamming,diagraming,slamming,damming,cramming,lamming,tramming,scramming,programming,flammang,dramming,reprogramming,zamang,shamming,clamming,damning,spamming,hamming,gamming,programing,lambing,flamming
jammu,breakthrough,coo,clue,do,gnu,lieu,yahoo,mew,canoe,bamboo,imbue,few,yew,emu,rendezvous,too,woo,dew,accrue,debut,new,crew,lulu,view,subdue,zoo,pursue,cuckoo,to,construe,undo,undue,vu,interview,true,queue,screw,skew,tissue,renew,outdo,blue,slew,rue,thru,guru,overview,shoe,brew,statue,shrew,residue,avenue,loo,two,anew,sue,que,hue,cue,ingenue,retinue,purview,tattoo,who,eschew,hew,ewe,through,taboo,stew,due,coup,glue,redo,strew,ado,boo,spew,into,askew,q,hitherto,roux,u,vue,adieu,barbecue,shue,revenue,poo,you,ensue,xu,flu,goo,flue,review,pew,chew
jamnagar,
jamnes,
jamnia,
jamnis,
jamnut,
jamoke,
jam-pack,
jampacked,
jam-packed,
jampan,sampan
jampanee,
jampani,
jamrosade,
jams,logjams,kilograms,trams,jambs,mailgrams,clams,shammes,chams,hams,milligrams,abrahams,drams,prams,ambs,mesdames,shams,yams,damns,grahams,histograms,grammes,tambs,lambs,slams,rams,scams,spams,diagrams,electrocardiograms,crams,krammes,reprograms,cambs,sonograms,gramms,scrams,sams,logograms,ams,hammes,holograms,samms,micrograms,telegrams,grams,brams,mammograms,exams,dams,programs
jamshedpur,edper
jamshid,
jamshyd,
jamtland,
jamul,
jam-up,
jamwood,
jan,bedpan,tristan,plan,san,handyman,walkman,clan,flan,cyan,ran,madman,klan,liane,scran,span,pan,gamesman,sideman,minuteman,kan,anchorman,stan,shan,tran,tan,anne,scan,divan,caftan,deadpan,loran,catamaran,fisherman,began,cannes,lan,doorman,gran,tarzan,dan,japan,gan,fan,nan,van,saran,can,sandman,batman,chan,afghan,journeyman,kazakhstan,bhutan,man,moran,hann,quran,milan,pecan,ban,iran,ferdinand,bran,middleman,sedan,zan,yan,saucepan,bogeyman,strongman,moulin,pakistan,mann,ann,caravan,afghanistan,caveman,skean,quean,an,merman,businessman,superman,taliban,snowman,lifespan,rattan,cancan,than,suntan,helmsman,hitman,rodin,kinsman,clergyman,sudan
jan.,
jana,dulciana,levana,indiana,dannah,atlanta,americana,tropicana,arcana,edana,humana,arana,hanna,thana,nana,pollyanna,mexicana,khanna,joanna,prana,georgiana,danna,urbana,tanna,grana,banana,copacabana,savannah,solana,luana,hana,texarkana,italiana,nanna,tramontana,tatiana,bandana,sanna,lanna,hannah,fontana,chana,alana,lana,shana,susannah,christiana,ghana,hanau,gitana,havana,rosanna,juliana,susanna,panna,viviana,campana,oceana,dianna,anna,pestana,susquehanna,santana,quintana,cana,savanna,montana,orellana,rana,canna,diana,lantana,saldana,arianna,adriana,ariana,oriana,roxana,manna,morgana,vanna,louisiana,amana,kana,cabana,liliana,dahna,johanna,santa,mariana,fianna,deanna,jnana,viana,piano,gloriana,brianna,vana,sangha
janacek,janicek,janecek
janaya,
janaye,
janapa,
janapan,
janapum,
janata,otoplasty,ogata,botta,hirata,kalata,hata,elata,takata,mata,inkatha,stigmata,dagata,baratta,tata,lysistrata,covatta,cannata,annunziata,consolata,salata,annunciata,zapata,flota,oughta,scrota,carlotta,teradata,ata,cotta,yotta-,cantata,miata,flotta,murata,nagata,nunziata,juniata,marotta,zlata,quata,sakata,lopata,iwata,cassata,donata,sonata,cammarata,yamagata,rotta,flauta,grata,nata,lafata,vannatta,lata,traviata,mahabharata,camarata,santagata,arata,bharata,vanatta,desiderata,regatta,arcata,renate,algata,fatah,shibata,granata,yotta,lotta,nakata,mendota,licata,renata,fata,gotta,scarlata,autoplasty,plata
jandel,
janders,
jandy,
jane,ane,fein,twain,deign,humane,sprain,remain,spain,fain,saine,champagne,grain,plane,chain,slain,wayne,entertain,inhumane,domain,pane,germaine,cain,quain,cocaine,crain,retain,refrain,legerdemain,maintain,wain,hurricane,ordain,migraine,disdain,vane,terrain,shane,bane,stain,constrain,lane,vein,strain,aine,thane,zane,germane,kane,reign,swain,detain,brain,skein,mundane,airplane,arraign,campaign,membrane,rein,insane,inane,complain,sane,attain,arcane,lain,abstain,obtain,maine,moraine,drain,romaine,again,sustain,bain,contain,explain,ascertain,pain,main,gain,cane,trane,plain,pertain,feign,regain,vain,fane,dane,train,profane,crane,wane,partain,restrain,germain,urbane,mane,rain
janean,
janeczka,
janeen,
janey,rainy,daini,trainy,cheney,manie,taney,mcenaney,haney,mcelheney,allegheny,delaney,laney,mulvaney,ganey,mccranie,mckanie,slaney,gagne,chaney,janie,baney,grainy,brainy,franey,mahaney,rainie,blayney,khomeini,erany,mcenany,veiny,rainey,craney,cheyney,raney,hany,blaney,alleghany,miscellany,chany,haynie,malaney,mcelhany,mulvany,waney,daney,maney,gainey,seine,husseini,kaney,hainey,draney,graney,zany,mcelhaney,bahraini
janeiro,cameo,glow,archipelago,whoa,radio,hoe,grow,bio,plough,quo,foe,woe,ratio,aficionado,beau,rhino,tomorrow,veto,virago,throw,flow,crow,joe,no,o,doe,vertigo,undergo,winnow,torpedo,lo,fallow,tornado,dough,although,buffalo,portico,indigo,studio,tempo,forego,patio,know,mow,though,dado,willow,rainbow,overthrow,so,blow,below,apropos,co,shadow,yoe,bestow,grotto,ho,escrow,sew,aglow,toe,borrow,row,plateau,audio,micro,coco,otto,bowe,forgo,calypso,tomato,photo,meadow,hydro,snow,mo,pro,gusto,adagio,show,tableau,hello,roe,portfolio,owe,potato,glo,slow,torso,manifesto,tow,low,espresso,go,rococo
janek,havranek,urbanek
janel,stannel,impanel,annul,branle,kanell,pannel,manille,empanel,mcdanel,flannel,cannell,cannel,pannell,pannill,scrannel,fanal,transchannel,sportschannel,scannell,trannel,channel,manul,annal,panel,fannel,channell,crannell,ganil,ranal,hanel,mcdannel,dismantle
janela,
janelew,
janella,vela,selah,citronella,muscarella,ardella,gazella,rubella,abela,mirella,cappella,marella,fela,sella,chela,umbrella,cannella,daniella,mirabella,isabella,ela,gabriela,meloplasty,prunella,gabriella,della,annabella,petronella,villella,donella,tele,patella,minella,fellah,sela,fabela,arabella,marvella,avella,bellah,dibella,stella,rosella,novella,fenella,carmela,daniela,rotella,kinsella,vella,marbella,mandela,ariella,vendela,kwela,barela,nella,casella,estella,mandella,salmonella,leola,cella,mella,cinderella,goodfella,louella,adela,corella,petrella,pella,labella,zanella,luella,cela,nela,fella,rella,abella,ella,bela,marcella,bella,estrella,candela,dela,favela,stela,marcela,flagella,michaela,sabella,campanella,parella,viyella,capella
janelle,gel,stairwell,lapel,infidel,raphael,elle,chanel,sel,expel,groundswell,bell,belle,bel,bethel,morel,parallel,sell,seashell,personnel,cell,l,carel,oversell,well,impel,befell,compel,el,dell,tell,quell,fell,pell,propel,bluebell,misspell,noel,fidel,caravel,cel,doorbell,barbell,dwell,excel,cartel,nell,mademoiselle,marcel,quel,aol,eggshell,citadel,clientele,resell,undersell,hotel,swell,yell,motel,pastel,rebel,cowbell,materiel,carousel,tel,nutshell,dispel,foretell,rangel,shell,ell,ravel,jell,intel,knell,carmel,adele,decibel,farewell,maxwell,isabel,mell,zinfandel,gazelle,smell,michelle,outsell,nobel,hell,del,snell,retell,accel,bombshell,dumbbell,mel,manuel,repel,spell
janene,
janenna,
jane-of-apes,
janerich,
janes,staines,contains,veins,swains,raines,mains,sprains,trains,skeins,champagnes,terrains,sainz,regains,brains,constrains,skains,alkanes,stains,reins,reines,sustains,fains,windowpanes,hurricane,disdains,jains,deigns,haynes,maynes,manes,bains,domains,restrains,membranes,llanes,campaigns,chains,jaynes,caines,danes,lanes,entertains,vanes,remains,mainz,gains,gaines,haines,keynes,magallanes,wanes,ranes,retains,baines,ganes,attains,monoplanes,planes,yanes,grains,feigns,pertains,cains,hanes,fanes,strains,hurricanes,refrains,baynes,drains,warplanes,thanes,complains,raynes,maines,bloodstains,rains,hains,blains,canes,panes,explains,banes,plains,maintains,obtains,migraines,cranes,pains,reigns
janessa,
janesville,il,mandeville,quill,till,refill,handbill,bil,zill,nill,chill,still,schill,foothill,brazil,krill,mil,distill,sill,gil,fil,wil,distil,rille,bill,overfill,drill,shill,fille,zil,shrill,grille,downhill,mille,swill,fulfill,will,goodwill,molehill,overkill,brill,ghyll,kill,jill,crill,windmill,hill,landfill,twill,tamil,until,fill,demille,sawmill,spill,bastille,nil,grill,trill,dill,phil,lille,bougainville,thill,lil,rill,deville,abril,prill,belleville,til,treadmill,sil,seville,thrill,ill,dphil,instill,frill,standstill,stil,pill,albertville,gill,pil,ville,mill,skill,hornbill,uphill,daffodil,anthill,advil,cowgill
janet,thanet,tanate,annat,annot,banet,manat,manatt,tannate,banat,pomegranate,granat,granit,gannett,planet,gannet,granite,djanet
janeta,
janetta,
janette,ret,let,colette,minaret,baronet,pet,met,inlet,net,beget,typeset,sobriquet,bayonet,corvette,silhouette,pipette,cigarette,forget,soviet,tet,pret,offset,quartet,vette,ethernet,sublet,regret,asset,alphabet,wet,lorgnette,yet,sweat,fret,preset,cornet,lafayette,rosette,sunset,set,vet,suffragette,abet,whet,reset,cadet,flageolet,inset,roulette,vedette,gimlet,anisette,clarinet,outlet,get,jet,nett,sextet,tibet,quintet,smet,subset,minuet,marmoset,stet,heavyset,avocet,headset,internet,brunette,debt,cassette,vignette,baguette,octet,parapet,brett,barrette,beset,duet,chet,charrette,onset,dragnet,threat,piet,outset,cabriolet,et,antoinette,mindset,coronet,gazette,epithet,upset,calumet,bet,joliet,tete
janeva,
jangada,
jangar,
janghey,
jangkar,
jangle,mangle,spangle,gangl,stangle,angle,stangl,nangle,pangle,newfangle,wangle,fangle,triangle,entangle,wrangle,untangle,langill,tangle,bangle,dangle,strangle,disentangle,wrangell
jangled,wangled,wrangled,angled,dangled,tangled,spangled,entangled,strangled,fangled,mangled,newfangled
jangler,spangler,stangler,dangler,mangler,wrangler
janglery,
janglers,
jangles,bangles,triangles,wangles,angles,spangles,tangles,rectangles,mangles,wrangles,strangles,dangles
jangly,dangly,spangly
jangling,mangling,dangling,spangling,strangling,wangling,wrangling
jangro,
jany,
jania,
janice,pannus,vannice,manis,mcmannis,anise,hannis,johannes,mcmanis,hyannis,anas,mcmanus,vaness,marianas,manasseh,hovhaness,atlantis,banis,pianists,maraniss,janis,yanis,ganis,tanis,kanis,grannis,vanous,stannous,mannis,stanis
janiceps,
janicki,hickie,karanicki,rudnicki,nitpicky,hickey,mickey,vickie,ricky,ricki,skibicki,tricky,trickey,nickey,sticky,picchi,nicki,niki,nikki,micki,rikki,frikkie,karnicki,rickey,dickie,zwicky,vicki,chicky,frickey,dickey,micky,rudnicky,dicky,vicky,rokicki,rickie,sickie,chickee,vickey,quickie,zywicki,kicky,malicki,balicki,ikie,walicki,wickey,gimmicky,mickie,skalicky,ikey,nicky,picky,brickey
janiculan,
janiculum,
janie,rainy,daini,trainy,cheney,manie,taney,mcenaney,haney,mcelheney,allegheny,delaney,laney,mulvaney,ganey,mccranie,mckanie,slaney,gagne,chaney,baney,grainy,brainy,franey,mahaney,rainie,blayney,khomeini,erany,mcenany,veiny,rainey,craney,cheyney,raney,hany,blaney,alleghany,miscellany,chany,haynie,malaney,mcelhany,mulvany,waney,daney,maney,gainey,janey,seine,husseini,kaney,hainey,draney,graney,zany,mcelhaney,bahraini
janye,
janifer,
janiform,planiform,maniform,graniform
janik,yanick,atlantic,hovanec,banach,organic,botanic,telemecanique,urbanik,transatlantic,brannick,panic,cannock,inorganic,koranic,magellanic,franek,titanic,fanuc,gananoque,manik,janak,kanak,mazanec,tannic,hispanic,janicke,manak,bannick,midlantic,janick,subvolcanic,szczepanik,chovanec,hannoch,gigantic,tanakh,galvanic,nanak,panik,brannock,banik,tympanic,panek,ganic,mechanic,bannock,zanuck,stefanik,banick,yannick,satanic,jannock,transoceanic,stefanic,romanik,volcanic,stanek,manic,stannic,oceanic,rappahannock,yanik,messianic,danek,germanic
janina,pyrena,serafina,jena,nina,catena,sabena,gina,zena,avina,xena,semolina,athena,gallina,mina,georgina,reina,gardena,bina,dena,marina,cortina,edina,subpoena,christina,spina,ianthina,neenah,arena,magdalena,purina,martina,jeana,serena,dina,alina,patina,argentina,sardina,adina,cantina,messina,lena,krajina,philomena,covina,sabina,concertina,tina,melvina,davina,macarena,catalina,florentina,erina,cartagena,seraphina,rosina,rena,celina,proserpina,siena,hercegovina,veena,farina,regina,medina,galena,hyena,fraena,valentina,ballerina,vena,cristina,herzegovina,albina,latina,vina,ina,cadena,rowena,pina,domina,faena,quina,angelina,alcina,molina,sabrina,verbena,lina,selena,vaccina,bettina,salina,irina,katrina,sheena,rina,mena
janine,ravine,sistine,between,holstein,unforeseen,eugene,magazine,feine,seen,tourmaline,submarine,protein,cuisine,contravene,nene,screen,wean,augustine,vaccine,hygiene,kerosene,murine,sabine,byzantine,demean,casein,aberdeen,obscene,amphetamine,florentine,trampoline,vien,clementine,serene,lien,canteen,sheen,machine,caffeine,aniline,argentine,jean,guillotine,careen,intervene,internecine,marine,agin,selene,keen,mezzanine,queen,gene,teen,bean,leen,aquamarine,saline,mein,evergreen,halloween,clean,latrine,treen,irene,lean,libertine,dean,scene,convene,tangerine,geraldine,umpteen,foreseen,bromine,amin,undine,gelatine,peregrine,mien,sardine,fifteen,labyrinthine,green,thirteen,opaline,mean,baleen,figurine,sunscreen,limousine,wolverine,gasoline,philistine,reconvene,glean,spleen,preen,quarantine,routine
janis,pannus,vannice,manis,mcmannis,anise,hannis,johannes,mcmanis,hyannis,anas,mcmanus,vaness,marianas,manasseh,hovhaness,atlantis,banis,pianists,maraniss,yanis,ganis,tanis,kanis,grannis,vanous,stannous,mannis,stanis,janice
janys,
janisary,
janisaries,
janissary,
janissarian,
janissaries,
janyte,
janith,
janitor,
janitorial,curatorial,conspiratorial,auriol,dictatorial,tutorial,prosecutorial,advertorial,senatorial,professorial,equatorial,floreal,pictorial,oriol,lauriol,extraterritorial,ambassadorial,raptorial,arboreal,gubernatorial,nomenclatorial,sartorial,memorial,directorial,correale,territorial,editorial,immemorial,morial,reportorial,flonorial
janitors,
janitor's,
janitorship,
janitress,monitrice,monitress
janitresses,
janitrix,
janiuszck,
janizary,
janizarian,
janizaries,
jank,stank,frank,zank,crookshank,blanc,shrank,riverbank,rank,manche,nonbank,banc,gangplank,franke,yank,blanke,cruikshank,brank,interbank,crank,schank,franc,spank,drank,tank,planck,shank,montblanc,banke,thank,sank,burbank,francke,cruickshank,ranke,blank,skank,outflank,schrank,flank,clank,leblanc,slank,prank,janke,dank,chank,mank,planche,trank,hanke,franck,plank,bank,jahnke,hank,antitank,swank,citibank,lank,bundesbank,banque
janka,branca,banca,tanka,salamanca,kanka,maslanka,mediobanca,zanca,lanka,sanka,villafranca,franca,manka,janca,manca,casablanca,sri-lanka,banka
jankey,
jankell,
janker,rancour,spanker,chancre
jankers,
jann,bedpan,tristan,plan,san,handyman,clan,flan,cyan,ran,madman,klan,liane,scran,span,pan,gamesman,sideman,minuteman,kan,anchorman,stan,shan,tran,tan,anne,scan,divan,caftan,deadpan,loran,catamaran,fisherman,began,cannes,lan,doorman,gran,tarzan,dan,japan,gan,fan,nan,van,saran,can,sandman,batman,chan,afghan,journeyman,kazakhstan,bhutan,man,moran,hann,quran,milan,pecan,ban,iran,ferdinand,bran,middleman,sedan,zan,yan,jan,saucepan,bogeyman,strongman,moulin,pakistan,mann,ann,caravan,afghanistan,caveman,skean,quean,an,merman,businessman,superman,taliban,snowman,lifespan,rattan,cancan,than,suntan,helmsman,hitman,rodin,kinsman,clergyman,sudan
janna,dulciana,levana,indiana,dannah,atlanta,americana,tropicana,arcana,edana,humana,arana,hanna,thana,nana,pollyanna,mexicana,khanna,joanna,prana,georgiana,danna,urbana,tanna,grana,banana,copacabana,savannah,solana,luana,hana,texarkana,italiana,nanna,tramontana,tatiana,bandana,sanna,jana,hannah,fontana,chana,alana,lana,shana,susannah,christiana,ghana,hanau,gitana,havana,rosanna,juliana,susanna,panna,viviana,campana,oceana,dianna,anna,pestana,susquehanna,santana,quintana,cana,savanna,montana,orellana,rana,canna,diana,lantana,saldana,arianna,adriana,ariana,oriana,roxana,manna,morgana,vanna,louisiana,amana,kana,cabana,liliana,dahna,johanna,santa,mariana,fianna,deanna,jnana,viana,piano,gloriana,brianna,vana,sangha
jannel,
jannelle,
janner,
jannery,
jannock,yanick,atlantic,hovanec,banach,organic,botanic,telemecanique,urbanik,transatlantic,brannick,panic,cannock,inorganic,koranic,magellanic,franek,titanic,fanuc,gananoque,manik,janak,kanak,mazanec,janik,tannic,hispanic,janicke,manak,bannick,midlantic,janick,subvolcanic,szczepanik,chovanec,hannoch,gigantic,tanakh,galvanic,nanak,panik,brannock,banik,tympanic,panek,ganic,mechanic,bannock,zanuck,stefanik,banick,yannick,satanic,transoceanic,stefanic,romanik,volcanic,stanek,manic,stannic,oceanic,rappahannock,yanik,messianic,danek,germanic
janok,
janos,
janot,
jansen,johanson,hanson,hanssen,sansone,ranson,franssen,johannsen,janssen,anson,ganson,gansen,hansson,manson,fransen,hansen,canson,sanson,janson,johansen,branson,ansin,ransone,ansohn,jansson,franson,danson
jansenism,egotism,darwinism,consumerism,totalitarianism,antagonism,fascism,legalism,pessimism,parochialism,terrorism,journalism,elitism,secularism,humanism,astigmatism,rheumatism,pluralism,feudalism,recidivism,feminism,nativism,favoritism,altruism,chisum,materialism,gnosticism,egalitarianism,mechanism,socialism,tourism,naturalism,stoicism,dualism,empiricism,zionism,nihilism,despotism,plagiarism,patriotism,anachronism,embolism,autism,relativism,euphemism,hedonism,dynamism,schism,ism,colonialism,alcoholism,professionalism,escapism,optimism,collectivism,metabolism,surrealism,cynicism,activism,symbolism,egoism,determinism,populism,nationalism,romanticism,individualism,nepotism,organism,liberalism,positivism,narcissism,communism,aphorism,magnetism,animism,evangelism,prism,federalism,paternalism,chism,mysticism,pragmatism,atheism,absolutism,mercantilism,racism,skepticism,fatalism,criticism,chauvinism,cronyism,capitalism,judaism,mannerism,modernism,parallelism,aneurism,botulism,statism,catechism,imperialism
jansenist,
jansenistic,
jansenistical,
jansenize,
janson,johanson,hanson,hanssen,sansone,ranson,franssen,johannsen,janssen,anson,ganson,gansen,hansson,fransen,manson,jansen,hansen,canson,sanson,johansen,branson,ansin,ransone,ansohn,jansson,franson,danson
janssen,johanson,hanson,hanssen,sansone,ranson,franssen,johannsen,anson,ganson,gansen,hansson,fransen,manson,jansen,hansen,canson,sanson,janson,johansen,branson,ansin,ransone,ansohn,jansson,franson,danson
jansson,johanson,hanson,hanssen,sansone,ranson,franssen,johannsen,janssen,anson,ganson,gansen,hansson,fransen,manson,jansen,hansen,canson,sanson,janson,johansen,branson,ansin,ransone,ansohn,franson,danson
jant,
jantee,
janthina,pyrena,serafina,jena,nina,catena,sabena,gina,zena,avina,xena,semolina,athena,gallina,mina,georgina,reina,gardena,bina,dena,marina,cortina,edina,subpoena,christina,spina,ianthina,neenah,arena,magdalena,purina,martina,jeana,serena,dina,alina,patina,argentina,sardina,adina,cantina,messina,lena,krajina,philomena,covina,sabina,concertina,tina,melvina,davina,macarena,catalina,florentina,erina,cartagena,seraphina,rosina,rena,celina,proserpina,siena,hercegovina,veena,farina,regina,medina,galena,hyena,fraena,valentina,ballerina,vena,cristina,herzegovina,albina,latina,vina,ina,cadena,rowena,pina,domina,faena,quina,angelina,alcina,molina,sabrina,verbena,lina,selena,vaccina,bettina,salina,irina,katrina,sheena,rina,mena
janthinidae,
janty,grantee,khanty,ranty,ferranti,chianti,auntie,santi,vacanti,mantey,pantie,antae,plantae,scanty,crisanti,aunty,fanti,tettamanti,chanty,ante,shanti,shanty,cantey,galanti,vigilante,canty,panty,briganti,grisanti,ante-,santy,arcosanti,disanti,anti-,chantey,lisanti,anti,shantey,ypsilanti,colasanti
jantu,
janua,
january,emissary,raspberry,unnecessary,scary,unitary,ferry,dairy,pecuniary,hereditary,barre,necessary,aerie,customary,blueberry,sanctuary,very,salutary,literary,solitary,ancillary,berry,cherry,pulmonary,obituary,extraordinary,contrary,arbitrary,merry,cautionary,fairy,culinary,proprietary,missionary,fiduciary,secretary,canary,ary,judiciary,gooseberry,mary,vary,ordinary,monastery,sedentary,subsidiary,marry,contemporary,adversary,primary,mercenary,lapidary,hairy,corollary,stationery,carry,sanitary,monetary,prairie,commentary,cemetery,airy,dictionary,stationary,nary,seminary,preliminary,revolutionary,library,february,itinerary,harry,veterinary,imaginary,reactionary,parry,eyrie,arie,visionary,epistolary,military,confectionary,bury,tertiary,tarry,mulberry,legendary,secondary,temporary,huckleberry,confectionery,wary,strawberry,capillary,discretionary,tributary,estuary,beneficiary,vocabulary,apothecary,luminary
januaries,
january's,
januarius,
januisz,
janus,ganus,deignous,veinous,gainous,planeness,hanus,louganis,greyness,nanus,vainness,feyness,pandanus,plainness,gayness,saneness,manus,heinous,buenos,canus,grayness,anus,ainus
janus-face,
janus-faced,
janus-headed,
januslike,
janus-like,
jaob,
jap,entrap,app,madcap,map,papp,recap,nappe,mapp,skycap,burlap,trap,trappe,strap,sap,pap,hubcap,napp,rap,catnap,handicap,dapp,wiretap,frap,flap,knapp,tapp,chap,clap,unwrap,rapp,capp,gap,giap,dimetapp,schappe,slapp,tap,kidnap,nap,zap,frappe,kapp,yap,bootstrap,stopgap,lapp,nsdap,frapp,asap,hap,zapp,trapp,backslap,overlap,wrap,crap,yapp,lap,shap,ascap,kneecap,scrap,flytrap,stapp,mishap,clapp,snap,cap,shrap,sapp,mousetrap,slap
jap.,
japaconin,
japaconine,
japaconitin,
japaconitine,
japan,bedpan,tristan,plan,san,handyman,walkman,clan,flan,cyan,ran,madman,klan,liane,scran,span,pan,gamesman,sideman,minuteman,kan,anchorman,stan,shan,tran,tan,anne,scan,divan,caftan,deadpan,loran,catamaran,fisherman,began,cannes,lan,doorman,gran,tarzan,dan,gan,fan,nan,van,saran,can,sandman,batman,chan,afghan,journeyman,kazakhstan,bhutan,man,moran,hann,quran,milan,pecan,ban,iran,ferdinand,bran,middleman,sedan,zan,yan,jan,saucepan,bogeyman,strongman,moulin,pakistan,mann,ann,caravan,afghanistan,caveman,skean,quean,an,merman,businessman,superman,taliban,snowman,lifespan,rattan,cancan,than,suntan,helmsman,hitman,rodin,kinsman,clergyman,sudan
japanee,
japanese,wheeze,appease,chemise,indices,please,feaze,expertise,reis,feces,cheese,cantonese,geez,maccabees,sleaze,knees,pcs,idiosyncrasies,mores,balinese,guarantees,wease,degrees,seese,pleiades,attendees,striptease,rameses,hyades,overseas,displease,chinese,oversees,tees,seas,these,aziz,cadiz,emphases,pease,maltese,diocese,sneeze,seize,agrees,parentheses,sees,keys,niese,damocles,skis,freeze,antifreeze,analyses,peas,burmese,javanese,bes,fleas,belize,pleas,louise,reprise,squeeze,flees,breeze,unease,sease,tease,isosceles,frieze,munchies,portuguese,hypotheses,siamese,ease,fees,socrates,lees,manganese,leas,teas,trees,sinhalese,dees,taiwanese,headcheese,hercules,testes,jeez,bees,disease,actuaries,trapeze,chese,creaze,tweeze,journalese
japanesery,
japanesy,
japanesque,
japanesquely,
japanesquery,
japanicize,
japanism,
japanization,
japanize,
japanized,
japanizes,
japanizing,
japanned,repand
japanner,
japannery,
japanners,
japanning,trepanning
japannish,
japanolatry,
japanology,
japanologist,
japanophile,
japanophobe,
japanophobia,
japans,gans,flans,stans,ranz,shans,spans,trans,banns,talibans,minivans,pans,trans-,vans,hans,bedpans,caftans,lifespans,branz,klans,glans,krans,rosecrans,sans,cans,magnes,sannes,grans,kanz,scans,vannes,tans,crans,mans,mannes,benz,franze,rosenkrans,hands,hannes,sanz,plans,afghanistans,caravans,kranz,cannes,franz,meehans,frans,glanz,pecans,janz,fans,bans,lanz,ganz,manns,rans,intertrans,manz,jans,caltrans,afghans,danz,clans,sedans
jape,
japed,
japer,jaipur,raipur,capre
japery,apery,grapery
japeries,
japers,
japes,landscapes,trapes,napes,gapes,drapes,swapes,shapes,traipse,stapes,crepes,crapes,rapes,escapes,videotapes,tapes,audiotapes,apes,mapes,capes,grapes,scrapes
japeth,
japetus,
japha,
japheth,
japhetic,aphetic,aphotic
japhetide,
japhetite,
japygid,
japygidae,
japygoid,
japing,
japingly,
japish,
japishly,
japishness,
japyx,
japn,
japonaiserie,
japonic,
japonica,veronica,hanukkah,monica,donica,bonica,chanukah,microelettronica,konica,harmonica,telefonica
japonically,
japonicas,
japonicize,
japonism,
japonize,
japonizer,
japur,
japura,
jaqitsch,
jaquelee,
jaquelin,
jaquelyn,
jaqueline,
jaquenetta,
jaquenette,
jaques,bax,wax,trax,maxx,fax,metathorax,cracks,sacs,plaques,fosamax,smacks,snacks,filofax,pretax,overtax,macs,axe,tampax,lax,equifax,tax,imax,contacts,backs,maces,pacts,quacks,cutbacks,pentax,syntax,attacks,ajax,earwax,plax,dax,pax,whacks,parallax,aftertax,stacks,flax,maniacs,drawbacks,kickbacks,relax,impacts,fairfax,cadillacs,galax,sachs,surtax,pacs,acts,racks,awacs,ax,lacks,lilacs,lomax,jacks,facts,slacks,mesothorax,tracks,borax,vax,praxes,sacks,blacks,gunnysacks,max,packs,hacks,halifax,saxe,sax,flashbacks,knacks,shacks,saks,setbacks,climax,rax,knickknacks,tacks,greenbacks,yax,wisecracks
jaques-dalcroze,
jaquesian,
jaquette,
jaquima,
jaquiss,
jaquith,
jar,barr,lar,handlebar,par,magyar,bar,qatar,bazar,commissar,boxcar,cigar,avatar,memoir,boyar,subpar,marr,bazaar,ar,revoir,lodestar,saar,registrar,barre,renoir,foobar,lumbar,crowbar,haar,scar,motorcar,dar,csar,caviar,sidebar,repertoire,carr,ajar,gar,sar,mylar,parr,streetcar,voir,feldspar,har,navarre,star,spar,mawr,alar,millibar,nascar,mar,seminar,superstar,adar,char,sandbar,radar,thar,far,babar,cinnabar,dakar,azar,aargh,bizarre,car,starr,akbar,afar,railcar,alcazar,disbar,tar,myanmar,reservoir,czar,amar,guitar,jaguar,rebar,tsar,amritsar,sitar,r,dinar,zanzibar,are,lamar,hectare
jara,zangara,delara,chiara,caracara,ferrara,beshara,aarau,amara,uyehara,lara,cucchiara,navarra,guadalajara,ficarra,barra,lazzara,tara,parra,makara,kurihara,omeara,dichiara,kawahara,kotara,tiara,marra,malara,brizzolara,fanara,rara,vizcarra,cynara,matsubara,chara,ishihara,fiumara,farra,tamara,asmara,segarra,bara,ybarra,alcantara,sciara,sciarra,carrara,sarra,carbonara,fujiwara,samsara,cassara,nara,shara,komara,gandara,mara,uehara,yoshihara,timisoara,cantara,madara,vergara,miyahara,guevara,carra,harra,ogara,mortara,takara,vara,kuwahara,mazzara,marmara,sankara,omara,ibarra,negara,camara,azzara
jara-assu,
jarabe,
jarabub,
jarad,
jaragua,
jarales,
jarana,
jararaca,
jararacussu,
jarash,marash,czarish,jarosz
jarbidge,
jarbird,
jar-bird,
jarble,barble,garbel,sparble,varble,arbil,garble,marbil,marble,arbel
jarbot,
jar-burial,
jard,
jarde,
jardena,
jardin,darden,dardan,harden,arden,teegarden,hardin,marden,varden,barden,gelardin,parden,garden,sardan,pardon,cardin,carden,bardin,teagarden,rardon,janardhan,mardon,guardin,gardin,lustgarten,ardin,gardon,ardon,chardin
jardini,
jardiniere,
jardinieres,
jardon,
jareb,
jared,clerid,sherod,alarid,sparid,sherrod,herrod,arid,herod,heraud,jerid,jerod,harrod
jareed,
jarek,
jaret,
jarfly,
jarful,farfel,carful,barful,farfalle
jarfuls,
jarg,
jargle,gargol,gargle,argol,argall,argal
jargogle,
jargon,sargen,largen,argun,sargon,dargan,vonbargen,bargain,gargan,hargan
jargonal,
jargoned,argand,bargained
jargoneer,
jargonel,
jargonelle,
jargonels,
jargoner,
jargonesque,
jargonic,
jargoning,bargaining
jargonisation,
jargonise,
jargonised,
jargonish,
jargonising,
jargonist,
jargonistic,
jargonium,
jargonization,
jargonize,
jargonized,
jargonizer,
jargonizing,
jargonnelle,
jargons,hargens,bargains
jargoon,
jargoons,
jarhead,
jari,
jary,
jariah,
jarib,
jarid,
jarietta,
jarina,
jarinas,
jarita,
jark,
jarkman,
jarl,
jarlath,
jarlathus,
jarldom,
jarldoms,
jarlen,
jarless,
jarlite,
jarls,
jarlship,
jarmo,
jarnagin,
jarnut,garnet,arnot,incarnate,barnet,carnot,harnett,carnett,yarnut,carnate,garnett,dejarnett
jaromir,
jarool,
jarosite,
jarosites,
jaroslav,
jaroso,
jarovization,
jarovize,
jarovized,
jarovizes,
jarovizing,
jar-owl,
jarp,
jarra,
jarrad,
jarrah,jarrod,asahara,schara,harrah,zara,ara,tarah,darrah,zarah,arrha,tzara,dara,mcgarrah,garra,gara,clara,arrah,arrau,marah
jarrahs,
jarratt,barret,garrott,garett,bharat,parrett,barrett,claret,garrett,arraught,marut,garritt,starrett,sharrett,marat,carot,caret,marett,carrot,garrot,garotte,garrotte,sarrett,arret,carotte,barratt,jarret
jarreau,cameo,glow,archipelago,whoa,radio,hoe,grow,bio,plough,quo,foe,woe,ratio,aficionado,beau,rhino,tomorrow,veto,virago,throw,flow,crow,joe,no,o,doe,vertigo,undergo,winnow,torpedo,lo,fallow,tornado,dough,although,buffalo,portico,indigo,studio,tempo,forego,patio,know,mow,though,dado,willow,rainbow,overthrow,so,blow,below,apropos,co,shadow,yoe,bestow,grotto,ho,escrow,sew,aglow,toe,borrow,row,plateau,audio,micro,coco,otto,bowe,forgo,calypso,tomato,photo,meadow,hydro,snow,mo,pro,gusto,adagio,show,tableau,hello,roe,portfolio,owe,potato,glo,slow,torso,manifesto,tow,low,espresso,go,rococo
jarred,gard,marred,discard,safeguard,carde,canard,disregard,knarred,gaspard,pickard,scard,lifeguard,lard,barnard,dillard,leotard,bernard,farmyard,bodyguard,chouinard,dockyard,broussard,postcard,churchyard,parred,godard,backyard,boulevard,brickyard,barnyard,retard,scarred,nard,billard,ard,blvd,garde,junkyard,scorecard,regard,barred,graveyard,hard,mastercard,courtyard,starred,beauregard,diehard,bouchard,vcard,bongard,sparred,blowhard,shard,shipyard,tared,belgard,schoolyard,flashcard,avant-garde,bombard,gnarred,stockyard,bard,menard,barde,picard,gerard,chard,wildcard,lumberyard,fugard,yard,tarred,vanguard,charred,boatyard,lazard,bankcard,guard,disbarred,card,renard
jarrell,monorail,gael,braille,hail,avail,kail,jail,prevail,dail,handrail,dwale,greenmail,fail,telltale,scale,grail,derail,mail,dale,horsetail,detail,travail,impale,countervail,whale,bail,hale,gail,curtail,pail,cale,ail,surveil,vale,upscale,ponytail,vail,entail,soleil,retail,resale,dovetail,assail,female,pale,foxtail,shale,snail,flail,nail,brail,ale,coattail,calle,folktale,sail,zale,quail,voicemail,gale,unveil,toenail,hobnail,wale,biennale,veil,frail,inhale,trail,abigail,clydesdale,martingale,cocktail,email,taille,blackmail,swale,gmail,tale,quale,tail,fairytale,wholesale,kale,fantail,airmail,rail,bale,yale,orrell,airedale,stale,faille,exhale,male,thumbnail,wail,sale,guardrail
jarret,barret,garrott,garett,bharat,parrett,barrett,claret,garrett,arraught,marut,garritt,starrett,sharrett,marat,carot,caret,marett,carrot,garrot,garotte,garrotte,sarrett,arret,carotte,barratt,jarratt
jarrett,disparate,sherrit,berrett,wherret,garret,gehret,barrett,merrett,cerat,demerit,verit,gerrit,karat,merrit,meritt,garrett,kerat,verrett,parrott,merit,garratt,sterett,carrot,inherit,ferret,karet,kerat-,sterrett,sherritt,parrot,terret,herat,lerot,cerat-,carat,merritt,marrett,teret
jarrettsville,
jarry,licari,ari,zangari,lazzari,vari,massari,starry,kuranari,callegari,lamarre,knarry,montanari,butare,centauri,altomare,gharry,dimare,gari,decesare,bihari,halbutogullari,lipari,macari,calamari,funari,hari,gortari,vicari,sari,colombari,safari,abare,baldassari,popolare,dibari,imari,amakudari,ulibarri,mari,baldassare,callari,gaspari,scolari,lauri,chary,shari,atari,laurie,ferrari,saari,baldassarre,degutare,mascari,frory,lohrey,harare,villari,zary,amari,cribari,cundari,correi,canevari,furnari,solari,dicesare,bottari,anbari,cagliari,albukhari,legare,molinari,ansari,pary,sorry,sparry,baccari,bari,laari
jarrid,
jarring,starring,taring,parring,barring,sparring,tarring,gnarring,charring,scarring,marring
jarringly,
jarringness,
jarrod,asahara,schara,harrah,zara,ara,tarah,jarrah,darrah,zarah,arrha,tzara,dara,mcgarrah,garra,gara,clara,arrah,arrau,marah
jarrow,pharo,cannistraro,arcaro,cavallaro,porcaro,calderaro,bucaro,chaparro,zuccaro,zingaro,bordonaro,morrow,campanaro,maro,montanaro,corsaro,tammaro,gennaro,scolaro,sarro,fusaro,nazzaro,lazaro,finocchiaro,capraro,alfaro,alvaro,aro,notaro,paro,carbonaro,panaro,shintaro,pignataro,pecoraro,marinaro,conigliaro,cestaro,cafaro,bavaro,baro-,karow,coffaro,denaro,farro,degennaro,spadaro,amaro,cassaro,garro,sbarro,cavagnaro,catanzaro,armaro,barro,cannizzaro,pagliaro,utamaro,cuccaro,naro,zarro,caro,azzaro,molinaro,yarrow,coccaro,massaro,cesaro,ungaro,ferraro,cordaro,marro,chiaro,pizarro,bizzaro,claro,navarro,sorrow,varo,kilimanjaro,carro,todaro,manganaro,haro,baro,asaro,barbaro,furfaro,funaro,spataro,lazzaro,vaccaro
jars,chars,feldspars,seminars,tokars,ares,stars,sars,starrs,maars,kahrs,marrs,vars,lars,boxcars,jaguars,registrars,barz,cigars,sidebars,pars,marz,memoirs,spars,aerostars,gars,barrs,handlebars,bars,barres,haars,tsars,radars,sitars,baars,bazaars,superstars,scars,minicars,dinars,cars,hectares,avatars,railcars,ours,mars,reservoirs,nars,guitars,magyars,motorcars,czars,renoirs
jar's,
jarsful,
jarv,
jarvey,harvie,harvey,corve,larvae,corvi,arvey,garvey,carvey,jarvi,jarvie,garvie
jarveys,
jarvy,
jarvie,harvie,harvey,corve,larvae,arvey,garvey,carvey,jarvi,corvi,jarvey,garvie
jarvies,
jarvin,
jarvis,parvis,sarvis
jarvisburg,
jas,counterclaims,aims,acclaims,proclaims,games,rhames,haimes,frames,hames,haymes,exclaims,lames,grames,shames,airframes,kames,tames,nicknames,maims,st-james,boardgames,mainframes,surnames,cames,inflames,sames,claims,adames,ames,fames,crames,flames,aimes,blames,ijames,james,disclaims,dames,names
jas.,
jascha,
jase,
jasey,chianese,blasi,franzese,bolognese,cicalese,lanese,butulesi,pavese,palese,savarese,danese,colaizzi,lazy,abruzzese,glazy,catanese,leccese,abbruzzese,pugliese,maisie,cassese,francese,crazy,scorsese,albanese,cortese,daisy,matarese,swayze,basie,mazie,hazy,dazey,slazy,farese,annese,lucchese,coglianese,buthelezi,calabrese,bruzzese,razee,plasy
jaseyed,
jaseys,
jasen,
jasy,
jasies,
jasik,
jasione,
jasisa,
jasmin,rasmin,jazzmen,jasmine,yasmin,tasman,yasmine,jazmin
jasmina,vagina,kalina,erwina,dinah,myna,angina,medina,krajina,rukavina,lynna,jacobina,alvina,willamina,indochina,karolina,fina,china,carolina,josephina
jasminaceae,
jasmine,rasmin,jasmin,jazzmen,yasmin,tasman,yasmine,jazmin
jasmined,
jasminelike,
jasmines,
jasminewood,
jasmins,
jasminum,
jasmone,
jason,chasen,grayson,chaisson,hasten,chasten,capsaicin,cayson,gustaveson,freemason,clasen,washbasin,caisson,chacin,mason,grandmaison,klasen,leysen,basin
jasonville,
jasp,
jaspachate,phassachate
jaspagate,
jaspe,
jasper,casper,asper,grasper,rasper,clasper,kasper,gasper,glasper,gaspar,caspar,kaspar
jasperated,
jaspered,
jaspery,
jasperite,
jasperize,
jasperized,
jasperizing,
jasperoid,
jaspers,caspers,claspers
jasperware,
jaspidean,assidean
jaspideous,
jaspilite,
jaspilyte,
jaspis,
jaspoid,
jasponyx,
jaspopal,
jass,overpass,harass,surpass,masse,gras,sunglass,amass,grasse,snodgrass,alas,plexiglass,plas,morass,jackass,outclass,wrasse,ras,lasse,chasse,contrasts,grass,cass,smartass,middle-class,ass,landmass,vass,das,basse,rasse,impasse,brasse,mass,glas,frass,plexiglas,alsace,sass,trass,class,pass,bass,crass,sas,kvass,brass,gas,strass,tasse,bras,cas,last,fiberglass,eelgrass,underclass,nass,eyeglass,hass,tass,sassafras,sasse,trespass,lass,casque,glass,yass,fass,spyglass,blass,hourglass,bypass,repass,bluegrass,casse,underpass
jassy,cassie,massy,tallahassee,selassie,glassey,stassi,thlaspi,classy,sassy,chassis,sassi,paspy,vassey,cassi,hassey,profligacy,kasey,glassy,tassi,massey,passey,malagasy,blassie,lassie,rasey,massi,grassi,assay,passy,brassy,efficacy,brassie,passee,plassey,lassi,gassy,grassy,fasci,bassi,uliassi,masci,massie,vasey
jassid,casad,placid,miracid,prasad,basad,chassid,massad,acid,antacid,fracid
jassidae,acidy,cassidy,cassedy,cracidae,cassady
jassids,
jassoid,
jastrzebie,
jasun,
jasz,
jat,
jataco,
jataka,attica,pataca,democratica,natica
jatamansi,
jateorhiza,
jateorhizin,
jateorhizine,
jatha,
jati,
jatki,
jatni,
jato,
jatoba,
jatos,
jatropha,
jatrophic,
jatrorrhizine,
jatulian,
jauch,creditwatch,deathwatch,potch,quach,laatsch,yauch,loche,watch,rorschach,blauch,soche,rauch,stauch,cloche,knoche,racz,currencywatch,quatch,moche,corporatewatch,tkacz,bauch,scotch,botch,splotch,lauch,crotch,koch,boche,moneywatch,tracz,notch,broch,brauch,bihac,gotsch,auch,gottsch,colorwatch,hotch,broche,wach,gauch,tchotchke,nautch,swatch,mauch,hauch,gotch,sauch,hopscotch,troche,plauche,kotch,stopwatch,poche,rotche,butterscotch,wristwatch,croche,nauch
jaudie,
jauk,
jauked,
jauking,
jauks,
jaun,
jaunce,aix-en-provence,schwanz,renaissance,ponce,yonce,ensconce,launce,honse,hans,nonchalance,reponse,lesperance,gonce,scronce,schronce,gaunce,paunce,nonce,faunce,sconce,cronce,chaunce,skonce,bonce,vaunce,sconc,haunce,response
jaunced,
jaunces,
jauncing,
jaunder,
jaunders,
jaundice,frondous,jaundices,fondus,wandis,hondas
jaundiced,fondest,blondest
jaundice-eyed,
jaundiceroot,
jaundices,frondous,fondus,wandis,jaundice,hondas
jaundicing,
jauner,
jaunita,
jaunt,crestmont,pierpont,inmont,traunt,font,dronte,vipont,daunt,lemont,confidant,pylant,poussaint,gronte,haunt,prashant,ausimont,ponte,fonte,bankvermont,taunt,claremont,mont,newmont,erbamont,poissant,clermont,kvant,stont,nonchalant,aunt,enfant,flaunt,pont,storefront,gauntt,avant,larchmont,shant,debutante,guimont,cheuvront,want,chaunt,detente,rosemont,lafont,commandant,dumont,piedmont,freemont,gaunt,claymont,lamonte,jeumont,toutant,valmont,graunt,vermont,longmont,bondt,shrikant,schwandt,lamont,altamont,bromont,oakmont,laplant,conte,bonte,helmont,belmont,croissant,enimont,whitemont,richemont,fairmont,coutant,dhondt,labonte,vaunt,savant,restaurant
jaunted,wanted,flaunted,vaunted,taunted,unwanted,undaunted,haunted,daunted
jaunty,violante,bronte,montee,amante,belafonte,monte,auntie,laplante,desanti,interrante,barsanti,brigante,gigante,ferrante,montie,escalante,aponte,ponty,passante,flaunty,durante,avanti,traficante,ponti,galante,bustamante,tonti,assante,bellante,biamonte,diamante,delmonte,morganti,centofanti,belmonte,wanty,amarante,monty,demonte,mazzanti,mercadante,bonfanti,fioravanti,pallante,labonte,monti,bracamonte,conti,elefante,benanty,morante,musante,montante,morgante
jauntie,
jauntier,
jauntiest,
jauntily,horizontally
jauntiness,
jauntinesses,
jaunting,quantong,haunting,taunting,vaunting,daunting,wanting,flaunting
jaunting-car,
jauntingly,
jaunts,shrontz,wants,aunts,avants,frontz,clonts,schwantes,ponts,montz,wantz,quants,croissants,clontz,storefronts,fonts,frontes,daunts,shontz,hontz,krontz,yonts,flaunts,etablissements,restaurants,taunts,debutantes,klontz,haunts,yontz,monts
jaunt's,
jaup,
jauped,
jauping,
jaups,
jaur,
jaures,
jav,
jav.,
java,slava,cava,scozzafava,nava,rubalcava,actava,penkava,sava,ryava,srivastava,guava,lava,brattaslava,votava,fava,gustava,lacava,bava
javahai,
javakishvili,
javali,
javan,carillon,gone,yuan,coupon,liaison,baton,rapprochement,polygon,oregon,aileron,withdrawn,neutron,pantheon,crayon,argon,con,upon,foregone,bon,swan,khan,lawn,drawn,epsilon,paragon,woebegone,oman,hogan,axon,yon,pawn,mastodon,aragon,pion,john,pentagon,moron,yawn,forgone,gabon,pylon,flawn,micron,echelon,prawn,antiphon,marathon,emoticon,han,agamemnon,braun,exon,spawn,capon,nylon,juan,pecan,iran,hon,fawn,on,phenomenon,amadon,parmesan,automaton,octagon,avalon,brawn,lexicon,hexagon,celadon,tron,non,radon,don,denouement,proton,photon,amazon,dawn,babylon,salon,wan,ron,meson,sean,oberon,quan,boron,bygone,chiffon
javanee,
javanese,wheeze,appease,chemise,indices,please,feaze,expertise,reis,feces,cheese,cantonese,geez,maccabees,sleaze,knees,pcs,idiosyncrasies,mores,balinese,guarantees,wease,degrees,seese,pleiades,attendees,striptease,rameses,hyades,overseas,displease,chinese,oversees,tees,seas,these,aziz,cadiz,emphases,pease,maltese,diocese,sneeze,seize,agrees,parentheses,sees,keys,niese,damocles,skis,freeze,antifreeze,analyses,peas,burmese,bes,japanese,fleas,belize,pleas,louise,reprise,squeeze,flees,breeze,unease,sease,tease,isosceles,frieze,munchies,portuguese,hypotheses,siamese,ease,fees,socrates,lees,manganese,leas,teas,trees,sinhalese,dees,taiwanese,headcheese,hercules,testes,jeez,bees,disease,actuaries,trapeze,chese,creaze,tweeze,journalese
javanine,
javari,
javary,
javas,
javed,
javel,flavol,flavell,havel,cavil,pavel,gravell,clavel,travel,gravol,unravel,gavel,ravel,fravel,favel,gravel
javelin,davlin,gravlin,havlin,ravelin,tavlin
javelina,
javelinas,
javeline,
javelined,
javelineer,
javelining,
javelin-man,
javelins,
javelin's,
javelot,
javer,
javier,hardware,clair,earthenware,chair,compare,footwear,ensnare,there,fair,pare,unfair,fare,healthcare,dare,faire,spare,snare,threadbare,nowhere,mer,debonair,terre,scare,dispair,rare,blair,extraordinaire,care,airfare,wear,swear,unaware,square,beware,pair,despair,err,affair,stare,lare,eyre,stair,where,ere,warfare,solitaire,altair,questionnaire,their,anywhere,underwear,guerre,glare,bair,timeshare,childcare,bare,thoroughfare,impair,bear,elsewhere,forebear,millionaire,malware,forswear,everywhere,gare,medicare,daycare,software,fanfare,cookware,repair,pear,armchair,flare,tear,nightmare,mare,prepare,prayer,declare,mohair,claire,doctrinaire,share,aware,blare,lair,air,heir,hare,ware,cher,flair,hair,aer,welfare
javitero,
javler,
jaw,xio,hurrah,baccarat,faw,ka,mackinaw,wa,ahh,macaw,bois,withdraw,ah,squaw,yah,draugh,overdraw,ha,straw,craw,blah,saw,baja,redraw,coleslaw,doha,chainsaw,rawe,aha,outlaw,ottawa,haw,thaw,ja,shah,sha,awe,ta,ona,scrimshaw,bylaw,jigsaw,bah,maw,cha,yaw,da,dumas,pasha,pshaw,ma,chihuahua,pa,slaw,gaw,ra,guffaw,bra,gnaw,seesaw,raw,la,schwa,chutzpah,arkansas,whipsaw,panama,rah,naw,dada,fermata,claw,utah,qua,spa,hoopla,esau,paw,gras,flaw,ga,grandpa,hah,draw,caw,chaw,nah,ya,aw,na,bourgeois,law,daw,moi,shaw,wah,sa,omaha,hacksaw,voila,trois
jawab,
jawaharlal,
jawan,gawen,baughan,lauan,straughan,draughon,plauen,lohan,tauon,sawan,gaughan,frauen
jawans,
jawara,
jawbation,
jawbone,chaperone,drone,lone,collarbone,undertone,brownstone,megaphone,phone,condone,sewn,acetone,grown,cornerstone,overtone,moan,joan,saxophone,hormone,cyclone,overthrown,roan,microphone,ozone,keystone,strown,touchstone,cone,backbone,homegrown,postpone,atone,testosterone,tombstone,moonstone,mone,stone,known,bemoan,argonne,rhinestone,simone,baritone,pheromone,hone,trombone,whetstone,shone,cicerone,gladstone,earphone,prone,sloan,allophone,flown,cologne,bone,homophone,francophone,shown,throne,monotone,gemstone,intone,thrown,anemone,scone,telephone,capone,milestone,overblown,xylophone,millstone,disown,rone,silicone,cobblestone,blown,loan,zone,unknown,headphone,limestone,sown,leone,crone,lodestone,mon,fone,capstone,headstone,alone,groan,tone,t-bone,clone,sharon,own,rhone
jaw-bone,
jawboned,rawboned
jawboner,
jawbones,sawbones
jawboning,groaning,chaperoning,bemoaning,throning,stoning,rezoning,droning,honing,intoning,froning,loaning,zoning,moaning,phoning,cloning,koning,telephoning,toning,condoning,postponing,coning,boehning,boning
jawbreak,
jawbreaker,law-breaker
jawbreakers,
jawbreaking,
jawbreakingly,
jaw-cracking,
jawcrusher,
jawed,ramrod,hawed,rashad,squad,awed,backboard,braud,laude,strawed,prod,baud,fraud,petard,cephalopod,bawd,todd,sprod,penrod,saud,riyad,sod,plaud,abad,slipshod,gnawed,seesawed,maude,pawed,assad,claud,codd,defraud,scrod,claude,broad,novgorod,nod,raad,brachiopod,ballade,saad,rod,riyadh,glod,maud,flawed,quad,tod,cod,belgrade,mod,peapod,natividad,trod,facade,pod,chaud,abroad,applaud,cawed,seedpod,arthropod,tightwad,elrod,laud,shod,wad,tawed,esplanade,chawed,chmod,aud,antifraud,goldenrod,clawed,riad,tripod,odd,yawed,pernod,baaed,maraud,schrod,escalade,sawed,thawed,outlawed,fahd,god,plod,roughshod,mossad,brod,ipod,dodd
jawfall,
jaw-fall,
jawfallen,
jaw-fallen,
jawfeet,
jawfish,squawfish,spoffish,sawfish
jawfishes,
jawfoot,clawfoot
jawfooted,
jawhole,
jawy,
jawing,pawing,thawing,lawing,taing,sawing,gnawing,yawing,hawing,laing,cawing,chawing
jawlensky,
jawless,naftalis,collis,wallis,lalas,salis,wallace,gunsalus,awless,hollis,mollusc,scolices,lawlis,gallous,molasse,aweless,bialas,molluscs,paulus,savalas,solace,lawless,gonzales,clawless,follis,flawless,cornwallis,squalus
jawlike,
jawline,
jawlines,
jaw-locked,
jawn,
jaworski,jeziorski,nagorski,sikorski,borski,gorski,pokorski,szymborski,javorsky,dvorsky,gorsky,zagorski,podgorski,kanjorski,samborski,sikorsky,norske
jawp,
jawrope,
jaws,dnaase,chainsaws,gnaws,vase,straws,baas,chickasaws,chaws,daws,roz,haws,gaus,daus,outlaws,diaz,maz,schnozz,baus,thaws,flaws,laws,shaws,chazz,maus,ijaz,guffaws,waas,francoise,pas,mroz,applause,clause,gaz,inlaws,grandmas,faus,glaus,dawes,quass,oz,draws,broz,brause,vichyssoise,cha-chas,claus,droz,maas,cause,tawes,laas,spas,kaus,mas,pause,scofflaws,saws,paws,shahs,squaws,hawes,sause,claws,handsaws,because,naus,sias,tropopause,paz,schnoz,bylaws,knaus,withdraws,ahs,macaws,coz,saus,naas,cars,craws,gauze,lawes,chas,faas,was,gause
jaw's,
jaw's-harp,
jawsmith,
jaw-tied,
jawtwister,
jaw-twister,
jaxartes,
jazey,
jazeys,
jazeran,
jazerant,
jazy,
jazies,
jazyges,
jazmin,rasmin,jasmin,jasmine,jazzmen,yasmin,tasman,yasmine
jazz,blahs,avtovaz,pizazz,chaz,mraz,as,razzmatazz,faz,inaez,baz,topaz,braz,diaz,vaz,raz,has,chazz,pizzazz,alcatraz,whereas,depaz
jazzbow,
jazzed,
jazzer,lazur,mazur
jazzers,
jazzes,
jazzy,yazzie,snazzy,brazee,mazzie,anasazi,ghazi
jazzier,snazzier
jazziest,snazziest
jazzily,
jazziness,
jazzing,razzing
jazzist,
jazzlike,
jazzman,bedpan,tristan,plan,san,handyman,clan,flan,cyan,ran,madman,klan,liane,scran,span,pan,gamesman,sideman,minuteman,kan,anchorman,stan,shan,tran,tan,anne,scan,divan,caftan,deadpan,loran,catamaran,fisherman,began,cannes,lan,doorman,gran,tarzan,dan,japan,gan,fan,nan,van,saran,can,sandman,batman,chan,afghan,journeyman,kazakhstan,bhutan,man,moran,hann,quran,milan,pecan,ban,iran,ferdinand,bran,middleman,sedan,zan,yan,jan,saucepan,bogeyman,strongman,moulin,pakistan,mann,ann,caravan,afghanistan,caveman,skean,quean,an,merman,businessman,superman,taliban,snowman,lifespan,rattan,cancan,than,suntan,helmsman,hitman,rodin,kinsman,clergyman,sudan
jazzmen,rasmin,jasmin,jasmine,yasmin,tasman,yasmine,jazmin
jbeil,
jbs,
jc,
jca,
jcac,
jcae,
jcanette,
jcb,
jcd,
jcee,
jcet,
jcl,
jcr,
jcs,
jct,
jct.,
jctn,
jd,
jdavie,
jds,
je,decree,see,debris,sunday,kabuki,knee,oversee,cree,jubilee,foresee,flee,quay,scree,e,glee,d,calliope,ac,p,idiosyncrasy,repartee,bee,mi,ye,si,b,pony,cc,thee,ne,de,di,nestle,me,apogee,trustee,potpourri,tv,syncope,yee,key,hee,snee,plea,ghee,qi,indri,be,pre,partee,marquee,tee,we,wee,precis,degree,fee,pea,nee,turnkey,tree,gee,actuary,guarantee,g,she,referee,reality,ski,esprit,lea,he,lee,emcee,hawaii,z,xi,lessee,sea,three,v,free,agree,flea,ree,guaranty,marquis,payee,asap,banshee,tea,machete,t,c,spree,bourgeoisie,pee,dee,carefree,hyperbole
jea,
jealous,michaelis,antonellis,vellus,delellis,defelice,mcnellis,kellis,pinellas,fellas,mellis,trellis,felis,difelice,bellis,zealous,tellis,marcellus,melisse,nellis,belous,overzealous,selas,novellus,dellis,chellis,iacobellis,celis,tellus,gellis,bruxelles,mcnelis,pelisse,helice
jealouse,
jealous-hood,
jealousy,spellacy
jealousies,
jealousy-proof,
jealously,overzealously,zealously
jealousness,zealousness
jealous-pated,
jeames,siems,steams,reams,joachims,eames,daydreams,weems,racemes,moonbeams,beams,hiems,teems,breams,streams,seems,redeems,demes,teams,seams,dreams,reames,screams,jetstreams,extremes,memes,creams,biremes,supremes,gleams,nemes,reims,triremes,rheims,themes,schemes,deems,regimes
jean,ravine,sistine,between,holstein,unforeseen,eugene,magazine,feine,seen,tourmaline,submarine,protein,cuisine,contravene,nene,screen,wean,augustine,vaccine,hygiene,kerosene,murine,sabine,byzantine,demean,casein,aberdeen,obscene,amphetamine,florentine,trampoline,preteen,vien,clementine,serene,lien,canteen,sheen,machine,caffeine,aniline,argentine,guillotine,careen,intervene,internecine,marine,agin,selene,keen,mezzanine,queen,gene,teen,bean,leen,aquamarine,saline,mein,evergreen,halloween,clean,latrine,treen,irene,lean,libertine,dean,scene,convene,tangerine,geraldine,umpteen,foreseen,bromine,amin,undine,gelatine,peregrine,mien,sardine,fifteen,labyrinthine,green,thirteen,opaline,mean,baleen,figurine,sunscreen,limousine,wolverine,gasoline,philistine,reconvene,glean,spleen,preen,quarantine,routine
jeana,pyrena,serafina,jena,nina,catena,sabena,gina,zena,avina,xena,semolina,athena,gallina,mina,georgina,reina,gardena,bina,dena,marina,cortina,edina,subpoena,christina,spina,ianthina,neenah,arena,magdalena,purina,martina,serena,dina,alina,patina,argentina,sardina,adina,cantina,messina,lena,krajina,philomena,covina,sabina,concertina,tina,melvina,davina,macarena,catalina,florentina,erina,cartagena,seraphina,rosina,rena,celina,proserpina,siena,hercegovina,veena,farina,regina,medina,galena,hyena,fraena,valentina,ballerina,vena,cristina,herzegovina,albina,latina,vina,ina,cadena,rowena,pina,domina,faena,quina,angelina,alcina,molina,sabrina,verbena,lina,selena,vaccina,bettina,salina,irina,katrina,sheena,rina,mena
jean-christophe,
jean-claude,
jeane,ravine,sistine,between,holstein,unforeseen,eugene,magazine,feine,seen,tourmaline,submarine,protein,cuisine,contravene,nene,screen,wean,augustine,vaccine,hygiene,kerosene,murine,sabine,byzantine,demean,casein,aberdeen,obscene,amphetamine,florentine,trampoline,vien,clementine,serene,lien,canteen,sheen,machine,caffeine,aniline,argentine,jean,guillotine,careen,intervene,internecine,marine,agin,selene,keen,mezzanine,queen,gene,teen,bean,leen,aquamarine,saline,mein,evergreen,halloween,clean,latrine,treen,irene,lean,libertine,dean,scene,convene,tangerine,geraldine,umpteen,foreseen,bromine,amin,undine,gelatine,peregrine,mien,sardine,fifteen,labyrinthine,green,thirteen,opaline,mean,baleen,figurine,sunscreen,limousine,wolverine,gasoline,philistine,reconvene,glean,spleen,preen,quarantine,routine
jeanelle,
jeanerette,ret,let,colette,minaret,baronet,pet,met,inlet,net,beget,typeset,sobriquet,bayonet,corvette,silhouette,pipette,cigarette,forget,soviet,tet,pret,offset,quartet,vette,ethernet,sublet,regret,asset,alphabet,wet,lorgnette,yet,sweat,fret,preset,cornet,lafayette,rosette,sunset,set,vet,suffragette,abet,whet,reset,cadet,flageolet,inset,roulette,vedette,gimlet,anisette,clarinet,outlet,get,jet,nett,sextet,tibet,quintet,smet,subset,minuet,marmoset,stet,heavyset,avocet,headset,internet,brunette,debt,cassette,vignette,baguette,octet,parapet,brett,barrette,beset,duet,chet,charrette,onset,dragnet,threat,piet,outset,cabriolet,et,antoinette,mindset,coronet,gazette,epithet,upset,calumet,bet,joliet,tete
jeanette,ret,let,colette,minaret,baronet,pet,met,inlet,net,beget,typeset,sobriquet,bayonet,corvette,silhouette,pipette,cigarette,forget,soviet,tet,pret,offset,quartet,vette,ethernet,sublet,regret,asset,alphabet,wet,lorgnette,yet,sweat,fret,preset,cornet,lafayette,rosette,sunset,set,vet,suffragette,abet,whet,reset,cadet,flageolet,inset,roulette,vedette,gimlet,anisette,clarinet,outlet,get,jet,nett,sextet,tibet,quintet,smet,subset,minuet,marmoset,stet,heavyset,avocet,headset,internet,brunette,debt,cassette,vignette,baguette,octet,parapet,brett,barrette,beset,duet,chet,charrette,onset,dragnet,threat,piet,outset,cabriolet,et,antoinette,mindset,coronet,gazette,epithet,upset,calumet,bet,joliet,tete
jeany,
jeanie,lepine,bikini,puccini,agostini,bellini,teeny,pellegrini,verine,cabrini,sweeney,cherubini,victorine,delphine,yemeni,lamborghini,bimini,lienee,reny,tweeny,ballentine,greeny,zucchini,carine,vini,cellini,guarini,fettuccine,larine,giannini,heaney,ardine,dorine,marini,beanie,perrine,rossini,feeny,provine,genii,florine,houdini,sweeny,deline,seraphine,albertini,leany,celestine,weeny,baldini,bartolini,mancini,santini,teenie,balentine,spleeny,eugenie,meany,meiny,cassini,wahine,latini,sabatini,toscanini,rosine,pacini,bonine,orsini,paganini,genie,rini,domine,angelini,leontine,feeney,maline,lapine,pini,maurine,meanie,dini,fellini,bodine,morini,greenie,lentini,martini,mcsweeney,mussolini,fini,aveline,sheeny,piccinini,dildine,linguine,beany,gilbertine,jeannie,castine,queenie
jeanine,ravine,sistine,between,holstein,unforeseen,eugene,magazine,feine,seen,tourmaline,submarine,protein,cuisine,contravene,nene,screen,wean,augustine,vaccine,hygiene,kerosene,murine,sabine,byzantine,demean,casein,aberdeen,obscene,amphetamine,florentine,trampoline,vien,clementine,serene,lien,canteen,sheen,machine,caffeine,aniline,argentine,jean,guillotine,careen,intervene,internecine,marine,agin,selene,keen,mezzanine,queen,gene,teen,bean,leen,aquamarine,saline,mein,evergreen,halloween,clean,latrine,treen,irene,lean,libertine,dean,scene,convene,tangerine,geraldine,umpteen,foreseen,bromine,amin,undine,gelatine,peregrine,mien,sardine,fifteen,labyrinthine,green,thirteen,opaline,mean,baleen,figurine,sunscreen,limousine,wolverine,gasoline,philistine,reconvene,glean,spleen,preen,quarantine,routine
jeanna,
jeanne,ravine,sistine,between,holstein,unforeseen,eugene,magazine,feine,seen,tourmaline,submarine,protein,cuisine,contravene,nene,screen,wean,augustine,vaccine,hygiene,kerosene,murine,sabine,byzantine,demean,casein,aberdeen,obscene,amphetamine,florentine,trampoline,vien,clementine,serene,lien,canteen,sheen,machine,caffeine,aniline,argentine,jean,guillotine,careen,intervene,internecine,marine,agin,selene,keen,mezzanine,queen,gene,teen,bean,leen,aquamarine,saline,mein,evergreen,halloween,clean,latrine,treen,irene,lean,libertine,dean,scene,convene,tangerine,geraldine,umpteen,foreseen,bromine,amin,undine,gelatine,peregrine,mien,sardine,fifteen,labyrinthine,green,thirteen,opaline,mean,baleen,figurine,sunscreen,limousine,wolverine,gasoline,philistine,reconvene,glean,spleen,preen,quarantine,routine
jeannetta,
jeannette,ret,let,colette,minaret,baronet,pet,met,inlet,net,beget,typeset,sobriquet,bayonet,corvette,silhouette,pipette,cigarette,forget,soviet,tet,pret,offset,quartet,vette,ethernet,sublet,regret,asset,alphabet,wet,lorgnette,yet,sweat,fret,preset,cornet,lafayette,rosette,sunset,set,vet,suffragette,abet,whet,reset,cadet,flageolet,inset,roulette,vedette,gimlet,anisette,clarinet,outlet,get,jet,nett,sextet,tibet,quintet,smet,subset,minuet,marmoset,stet,heavyset,avocet,headset,internet,brunette,debt,cassette,vignette,baguette,octet,parapet,brett,barrette,beset,duet,chet,charrette,onset,dragnet,threat,piet,outset,cabriolet,et,antoinette,mindset,coronet,gazette,epithet,upset,calumet,bet,joliet,tete
jeannie,lepine,bikini,puccini,agostini,bellini,teeny,pellegrini,jeanie,verine,cabrini,sweeney,cherubini,victorine,delphine,yemeni,lamborghini,bimini,lienee,reny,tweeny,ballentine,greeny,zucchini,carine,vini,cellini,guarini,fettuccine,larine,giannini,heaney,ardine,dorine,marini,beanie,perrine,rossini,feeny,provine,genii,florine,houdini,sweeny,deline,seraphine,albertini,leany,celestine,weeny,baldini,bartolini,mancini,santini,teenie,balentine,spleeny,eugenie,meany,meiny,cassini,wahine,latini,sabatini,toscanini,rosine,pacini,bonine,orsini,paganini,genie,rini,domine,angelini,leontine,feeney,maline,lapine,pini,maurine,meanie,dini,fellini,bodine,morini,greenie,lentini,martini,mcsweeney,mussolini,fini,aveline,sheeny,piccinini,dildine,linguine,beany,gilbertine,castine,queenie
jeannye,
jeannine,
jeanpaulia,
jean-pierre,
jeans,philistines,amphetamines,libertines,keens,smithereens,deans,argentines,spleens,geans,wiens,latrines,weans,genes,demeans,cleans,leans,phillipines,eighteens,alkenes,philippines,sixteens,figurines,quarantines,proteins,limousines,gabardines,sheens,betweens,slovenes,gleans,magazines,preteens,saenz,viens,miens,peens,deines,nitrosamines,peregrines,scenes,soybeans,fifteens,gasolines,careens,routines,liens,mangosteens,ravines,greens,screens,martines,means,reconvenes,convenes,weins,menes,eritreans,cuisines,brenes,teens,vaccines,marines,opalines,submarines,canteens,bylines,tangerines,queens,beans,machines,denes,evergreens,jeanes,sunscreens,fourteens,carotenes,intervenes,queans,eanes,appleans,psenes,sardines,penes,caesareans,newsmagazines,skeens
jean's,
jeapordize,
jeapordized,
jeapordizes,
jeapordizing,
jeapordous,
jear,
jeavons,
jeaz,
jeb,hebb,bebb,ebb,dinoseb,celeb,webb,phleb-,tebbe,manweb,greb,eb,streb,deb,phleb,zagreb,fiberweb,norweb,cobweb,web
jebat,
jebb,
jebel,eble,hebel,nebel,gebel,hebbel,rebel,gaebel,treble,keble,lebel,schwebel,prebble,leble,knebel,djebel,preble,ebel,pebble,strebel
jebels,
jebus,
jebusi,
jebusite,
jebusitic,
jebusitical,
jebusitish,
jecc,
jecho,
,
