gate-legged,
gateless,bateless,mateless,dateless,weightless,freightless,sateless,stateless
gatelike,
gatemaker,
gateman,
gatemen,
gate-netting,
gatepost,
gate-post,
gateposts,
gater,commentator,coordinator,litigator,accelerator,innovator,regulator,percolator,manipulator,agitator,creator,locator,applicator,originator,grater,denominator,arbitrator,incubator,greater,illuminator,estimator,educator,fabricator,curator,eighter,indicator,infiltrator,integrator,waiter,crater,calculator,exterminator,respirator,moderator,perpetrator,aviator,animator,imitator,administrator,carburetor,traitor,freighter,negotiator,decorator,insulator,fetor,activator,cater,alligator,speculator,communicator,refrigerator,slater,gladiator,gator,translator,escalator,accumulator,viator,excavator,navigator,illustrator,alternator,facilitator,amphitheater,liquidator,incinerator,oscillator,mercator,later,hater,stator,mediator,mater,stater,pater,equator,gaiter,detonator,operator,radiator,instigator,investigator,rater,terminator,skater,amphitheatre,legislator,decatur,defibrillator,simulator,elevator,dictator,generator,procrastinator,collaborator,ventilator,baiter,actuator,demonstrator,tater
gates,relates,obviates,dissipates,anticipates,emirates,evaporates,rates,graduates,associates,cates,appreciates,dates,commemorates,corroborates,mitigates,yeats,translates,bates,estimates,awaits,sates,vacillates,accommodates,subordinates,traits,allocates,chordates,equates,vertebrates,affiliates,exaggerates,permeates,repudiates,inmates,greats,straits,ates,dictates,annotates,slates,eights,coordinates,nates,disseminates,deteriorates,operates,fates,crates,demonstrates,fetes,coates,states,predicates,plaits,extrapolates,intimidates,accelerates,plates,postulates,illustrates,mates,updates,waits,resonates,delegates,expatriates,exacerbates,estates,negates,skates,creates,weights,advocates,perpetuates,yates,approximates,teammates,pates,hippocrates,primates,emulates,grates,baits,predominates,mandates,indicates,differentiates,necessitates,classmates,deviates,integrates,fluctuates,radiates,infuriates,facilitates,separates,invertebrates,delineates
gateshead,
gatesville,
gatetender,
gateway,hay,stay,clay,soiree,yay,okay,tray,heyday,underway,play,passe,sunday,lay,weigh,quay,j,cache,portray,railway,sobriquet,fiance,valet,re,asea,convey,bouquet,nay,melee,ballet,betray,disarray,say,protege,pray,halfway,grey,bray,fillet,cliche,vertebrae,they,k,lingerie,survey,repay,fey,sachet,stray,entree,ray,allay,mainstay,everyday,dossier,holiday,buffet,array,jay,delay,relay,may,display,waylay,hey,day,gainsay,today,way,latte,lei,essay,gay,spray,pay,away,birthday,bay,friday,splay,dna,ok,decay,gourmet,slay,anyway,cafe,x-ray,prey,gray,leeway,obey,sway,overlay,fray,inlay,resume,yea,usa,dismay,astray
gatewaying,
gatewayman,
gatewaymen,
gateways,strays,graze,faze,bays,baze,days,gays,pays,blase,braze,folkways,cayes,pathways,polonaise,edgeways,x-rays,phrase,chaise,craze,raise,sundays,braise,relays,lyonnaise,mores,gaze,res,mays,nowadays,blaze,blaize,maes,ukase,smaze,iras,holidays,mayonnaise,daze,drays,ablaze,weighs,sideways,mase,lase,dase,plays,portrays,appraise,swayze,hays,paise,protease,leys,sais,displays,hase,maze,delays,baize,rase,phase,rnase,lays,airways,praise,fraise,resumes,bayes,crase,pais,ways,maize,hayes,anyways,rephrase,outlays,leis,blaise,essays,dais,amaze,prase,always,conveys,trays,glaze,rays,haze,entrees,cliches,paraphrase,stays,malaise,aways,arrays,crays,raze,clays
gateway's,
gateward,
gatewards,
gatewise,
gatewoman,
gatewood,pulpwood,littlewood,leatherwood,statehood,wedgwood,allgood,boxwood,englewood,redwood,wedgewood,wood,goode,rockwood,oakwood,wormwood,victimhood,osgood,boyhood,fatherhood,eastwood,silkwood,logwood,good,firewood,hood,misunderstood,girlhood,hollywood,motherhood,could,underwood,devilwood,corkwood,edgewood,smallwood,parenthood,isherwood,wildwood,marwood,collingwood,inglewood,tanglewood,childhood,softwood,driftwood,sherwood,dagwood,blackwood,sainthood,hazelwood,manhood,teakwood,beechwood,westwood,neighborhood,elwood,fleetwood,atwood,ironwood,knighthood,schuld,plywood,adulthood,dogwood,babyhood,womanhood,rosewood,stood,deadwood,falsehood,would,likelihood,cottonwood,heywood,should,greasewood,greenwood,livelihood,nationhood,hardwood,kenwood,brentwood,heartwood,brotherhood,haywood,withstood,understood,ravenswood,elmwood
gateworks,
gatewright,
gath,mcmath,ridpath,fath,vath,math,telepath,nath,mcgath,rath,bath,strath,warpath,idiopath,aftermath,corath,plath,pathe,sunbath,flath,wrath,hath,hedgepath,magrath,path,kath,mcgrath,lath,empath,mcelreath,scath,cath-,footpath,bloodbath,mcilrath,metpath,mcelrath,sociopath,spath,psychopath,redpath,snath,wolrath
gatha,atha,catha,inkatha,spatha,katha
gathard,
gather,slather,rather,sather,blather,bather,wrather,smather,cather,mather,lather,prather
gatherable,
gathered,lathered,slathered
gatherer,
gatherers,
gathering,lathering,slathering
gatherings,
gathers,lathers,flathers,smathers,slathers,mathers,cathers,bathers
gatherum,
gathic,pathic,idiopathic,homeopathic,psychopathic,telepathic,gnathic,osteopathic
gathings,
gati,
gatian,
gatias,
gating,contemplating,liberating,mating,recuperating,abbreviating,subordinating,mitigating,fascinating,penetrating,salivating,extenuating,abrogating,intoxicating,incriminating,debilitating,excoriating,nauseating,delineating,vacillating,infuriating,anticipating,ingratiating,weighting,radiating,indicating,creating,articulating,gaiting,culminating,excruciating,calculating,denigrating,rotating,alternating,exacerbating,annihilating,procrastinating,alienating,eliminating,fluctuating,instigating,stimulating,rating,relating,emulating,delegating,deprecating,irritating,reciprocating,cultivating,dating,waiting,exhilarating,validating,accommodating,abating,undulating,percolating,frustrating,communicating,initiating,placating,grating,accumulating,exasperating,humiliating,emanating,intimidating,plating,facilitating,operating,escalating,pulsating,advocating,aggravating,coordinating,dominating,skating,stating,discriminating,bating,pontificating,invigorating,obviating,baiting,accelerating,activating,suffocating,devastating,captivating,awaiting,perpetuating,oscillating,self-deprecating,titillating,berating,illuminating,deteriorating,permeating,implicating
gatlinburg,
gatling,fatling,battling,prattling,flatling,catling,tattling,rattling,spratling
gator,commentator,coordinator,litigator,accelerator,innovator,regulator,percolator,manipulator,agitator,creator,locator,applicator,originator,grater,denominator,arbitrator,incubator,greater,illuminator,estimator,educator,fabricator,curator,eighter,indicator,infiltrator,integrator,waiter,crater,calculator,exterminator,respirator,moderator,perpetrator,aviator,animator,imitator,administrator,carburetor,traitor,freighter,negotiator,decorator,insulator,fetor,activator,cater,alligator,speculator,communicator,refrigerator,slater,gladiator,translator,escalator,accumulator,viator,excavator,navigator,illustrator,alternator,facilitator,amphitheater,liquidator,incinerator,oscillator,mercator,later,hater,stator,mediator,mater,stater,pater,equator,gaiter,detonator,operator,radiator,instigator,investigator,rater,frater,terminator,skater,amphitheatre,legislator,decatur,defibrillator,simulator,elevator,dictator,generator,procrastinator,collaborator,ventilator,baiter,actuator,demonstrator,tater
gators,detonators,allocators,manipulators,craters,stimulators,regulators,haters,natters,simulators,radiators,operators,decorators,negotiators,skaters,amphitheaters,incinerators,caters,defibrillators,liquidators,oscillators,innovators,insulators,perpetrators,incubators,estimators,animators,navigators,consolidators,freighters,batres,equators,excavators,platers,irrigators,debaters,integrators,gaiters,facilitators,instigators,appropriators,curators,calculators,escalators,percolators,imitators,accumulators,elevators,penetrators,impersonators,syndicators,actuators,pontificaters,superfreighters,raters,waiters,maters,creators,interrogators,paters,administrators,speculators,staters,slaters,agitators,cogenerators,renovators,respirators,refrigerators,coordinators,illustrators,investigators,exterminators,generators,translators,commentators,traitors,alligators,infiltrators,gladiators,dictators,arbitrators,originators,demonstrators,moderators,mediators,legislators,indicators,locators,applicators,litigators,procrastinators,collaborators,educators,narrators,fabricators,carburetors,accelerators
gatow,
gats,
gatsby,
gatt,placemat,autocrat,fat,glatt,aristocrat,vat,babysat,pussycat,inmarsat,stat,gat,tomcat,thundercat,dat,nonfat,blatt,that,technocrat,caveat,elat,chitchat,muskrat,flat,scrat,plutocrat,patt,latke,gnat,brat,doormat,thermostat,kat,gujarat,democrat,wildcat,strat,sadat,aerostat,scat,slat,spat,copycat,combat,rat,polecat,nat,pratt,chat,mat,splat,patte,sprat,bat,begat,at,kitcat,schmatte,butterfat,cat,tit-for-tat,scatt,ziggurat,bratt,tat,matte,hatte,laundromat,habitat,hat,platt,brickbat,diplomat,acrobat,format,batt,bureaucrat,wombat,pat,platte,catt,sat,bobcat,matt
gattamelata,
gatten,mchatton,chattin,baton,caton,hattan,grattan,patten,platen,patane,statton,platin,manhattan,ratten,brattin,craton,battin,patton,pattin,batten,gatton,slaton,slatton,batton,bratten,lattin,staton,satin,paton,stratton,platten,braton,laton,patin,fatten,slatten,matin,staten,gratin,flaten,matton,catain,hatten,flatten,catton,gratton,latin,bratton,hatton
gatter,
gatteridge,
gattine,
gattman,
gat-toothed,
gatun,
gatv,
gatzke,fratzke,patzke,kratzke,matzke,natzke,burlatsky,klatsky
gau,tornado,espresso,hello,foe,below,borrow,bestow,fallow,apropos,overthrow,calypso,flow,shadow,torso,snow,mow,crow,adagio,plough,grow,ratio,manifesto,o,throw,torpedo,bowe,lo,photo,tomato,row,dough,plateau,bio,buffalo,joe,virago,winnow,tempo,show,though,glow,co,ho,rococo,portico,micro,tow,glo,doe,although,aficionado,tomorrow,dado,roe,low,grotto,patio,escrow,potato,meadow,audio,slow,whoa,otto,rhino,tableau,yoe,undergo,hoe,studio,mo,go,veto,owe,radio,forego,cameo,forgo,vertigo,willow,no,rainbow,know,aglow,portfolio,hydro,coco,beau,woe,pro,so,sew,quo,blow,indigo,archipelago,gusto,toe
gaub,taube,gob,haub,slob,glob,raab,schaab,mcjob,cob,robb,raub,thingamabob,knob,prob,baab,punjab,daube,cobb,glaab,glaub,raabe,mob,schwabe,corncob,bob,squab,schwab,blob,hobnob,heartthrob,lobb,bobb,knobbe,laube,aube,saab,throb,snob,wobbe,nobbe,krob,staab,hob,haab,lob,daub,dob,naab,job,stobbe,grob,dobb,miserables,fob,staub,sob,traub,knaub,rob,laub,schaub,swab,robbe,shaub
gauby,
gauche,shosh,brioche,laroche,roche,boesch,joash,loesch,loesche,moesch,hoesch,roesch,oesch,labrioche
gauchely,
gaucheness,
gaucher,bowsher,kosher,rocher,loescher,doescher
gaucherie,
gaucheries,
gauchest,
gaucho,groucho
gauchos,
gaucy,
gaucie,
gaud,
gaudeamus,
gaudeamuses,
gaudery,doddery
gauderies,
gaudet,sextet,pret,internet,sweat,yet,sunset,outset,soviet,flageolet,heavyset,vette,get,sublet,subset,beset,net,lorgnette,debt,pipette,quartet,sobriquet,et,cornet,coronet,nett,abet,minaret,marmoset,lafayette,corvette,ret,octet,parapet,gazette,rosette,ethernet,charrette,brett,vedette,vet,antoinette,cadet,bayonet,regret,tete,baronet,dragnet,whet,typeset,gimlet,roulette,asset,met,alphabet,wet,avocet,quintet,suffragette,stet,barrette,beget,jet,silhouette,headset,cabriolet,bet,preset,inlet,duet,offset,forget,epithet,clarinet,joliet,anisette,calumet,set,reset,smet,cassette,inset,colette,upset,baguette,outlet,fret,onset,tibet,vignette,mindset,minuet,cigarette,chet,tet,brunette,piet,threat,let,pet
gaudete,
gaudette,sextet,pret,internet,sweat,yet,sunset,outset,soviet,flageolet,heavyset,vette,get,sublet,subset,beset,net,lorgnette,debt,pipette,quartet,sobriquet,et,cornet,coronet,nett,abet,minaret,marmoset,lafayette,corvette,ret,octet,parapet,gazette,rosette,ethernet,charrette,brett,vedette,vet,antoinette,cadet,bayonet,regret,tete,baronet,dragnet,whet,typeset,gimlet,roulette,asset,met,alphabet,wet,avocet,quintet,suffragette,stet,barrette,beget,jet,silhouette,headset,cabriolet,bet,preset,inlet,duet,offset,forget,epithet,clarinet,joliet,anisette,calumet,set,reset,smet,cassette,inset,colette,upset,baguette,outlet,fret,onset,tibet,vignette,mindset,minuet,cigarette,chet,tet,brunette,piet,threat,let,pet
gaudful,fraudful
gaudy,antibody,hoddy,varady,andreotti,conrady,audi,disembody,poddy,corradi,soddy,cloddy,everybody,deandrade,dawdy,peabody,snoddy,somebody,laprade,waddy,radi,saadi,claudie,saudi,gennadi,casady,mahdi,boddy,gennady,embody,toddy,squaddie,oddi,waddie,irrawaddy,drawdy,conradi,broady,roddy,canady,patnaude,oddy,gaudi,alodie,droddy,bawdy,broadie,shoddy,noddy,widebody,boddie,body,ahmadi
gaudibert,
gaudy-day,
gaudier,bawdier,shoddier
gaudier-brzeska,
gaudies,riadys,waddies,antibodies,saudis,bodies,noddies,embodies
gaudiest,bawdiest,shoddiest
gaudy-green,
gaudily,shoddily,bawdily
gaudiness,shoddiness,bawdiness
gaudinesses,
gaudish,kaddish,broadish,cloddish
gaudless,rodless,irregardless,fraudless,godless
gauds,
gaudsman,
gaufer,
gauffer,troffer,gauffre,chauffer,goffer,ophir,joffre,shophar,quaffer,zophar
gauffered,
gaufferer,
gauffering,goffering
gauffers,
gauffre,troffer,chauffer,goffer,ophir,joffre,shophar,gauffer,quaffer,zophar
gauffred,
gaufre,
gaufrette,
gaufrettes,
gaugamela,
gauge,macrophage,brage,bethpage,gaige,restage,page,swage,teenage,kage,under-age,enrage,paige,stage,downstage,rage,assuage,phage,offstage,outrage,engage,greige,upstage,wage,cage,age,rampage,drage,disengage,sage,schrage,lage,littlepage,backstage,plage,osage,gage,onstage,hage
gaugeable,agible,stageable
gaugeably,
gauged,upstaged,assuaged,staged,raged,gaged,teenaged,restaged,aged,waged,caged,paged,outraged,swaged,enraged,disengaged,rampaged,engaged
gauger,agger,rampager,cager,major,ager,stager,pager,crager,wager,majer,teenager,yager
gaugers,agers,aggers,teenagers,gagers,pagers,majors,wagers
gaugership,
gauges,gages,wages,pages,engages,rampages,stages,ages,rages,macrophages,osages,outrages,cages,mages,enrages,phages,sages,klages
gaughan,lauan,plauen,frauen,jawan,lohan,straughan,sawan,baughan,draughon,tauon,gawen
gauging,outraging,rampaging,paging,disengaging,waging,staging,enraging,swaging,caging,engaging,raging,gaging
gauguin,flan,skean,zan,clan,pan,bhutan,afghan,businessman,jan,hitman,superman,ann,deadpan,saucepan,scan,bogeyman,cancan,tristan,middleman,iran,tran,gamesman,sedan,fan,japan,ran,stan,sudan,doorman,ferdinand,strongman,caravan,pakistan,clergyman,hann,catamaran,chan,span,kinsman,cyan,moran,san,merman,anne,gran,lan,yan,anchorman,snowman,rodin,can,lifespan,milan,gan,caftan,quran,tarzan,liane,than,nan,tan,caveman,minuteman,sandman,taliban,ban,cannes,man,divan,madman,afghanistan,kazakhstan,klan,suntan,journeyman,fisherman,loran,saran,moulin,batman,an,rattan,helmsman,van,mann,bran,sideman,scran,shan,bedpan,began,plan,quean,kan,handyman,pecan,dan
gauhati,
gauily,
gauk,
gaul,wherewithal,handball,nepal,pitfall,crawl,trawl,football,shawl,pol,dahl,waterfall,pratfall,caul,fall,alcohol,mall,catcall,scrawl,natal,stall,enthral,hall,rainfall,aerosol,raul,butterball,baseball,landfall,tall,overhaul,shortfall,volleyball,wall,cholesterol,tal,spall,retinol,atoll,dall,catchall,fireball,ethanol,appall,befall,moll,install,freefall,luminol,eyeball,windfall,maul,softball,forestall,downfall,blackball,drywall,mothball,cannonball,snowball,drawl,squall,basketball,coll,pall,hardball,fastball,nightfall,banal,doll,small,overall,dol,recall,sprawl,all,call,stonewall,screwball,mol,cabal,footfall,senegal,thrall,meatball,brawl,haul,ball,oddball,bol,protocol,gall,bawl,saul,loll,neanderthal,paul,cortisol,sol
gauldin,
gaulding,spalding,paulding,spaulding,maulding,faulding,walding,balding,scalding
gauleiter,
gaulic,
gaulin,flan,skean,zan,clan,pan,bhutan,afghan,businessman,jan,hitman,superman,ann,deadpan,saucepan,scan,bogeyman,cancan,tristan,middleman,iran,tran,gamesman,sedan,fan,japan,ran,stan,sudan,doorman,ferdinand,strongman,caravan,pakistan,clergyman,hann,catamaran,chan,span,kinsman,cyan,moran,san,merman,anne,gran,lan,yan,anchorman,snowman,rodin,can,lifespan,milan,gan,caftan,quran,tarzan,liane,than,nan,tan,caveman,minuteman,sandman,taliban,ban,cannes,man,divan,madman,afghanistan,kazakhstan,klan,suntan,journeyman,fisherman,loran,saran,moulin,batman,an,rattan,helmsman,van,mann,bran,sideman,scran,shan,bedpan,began,plan,quean,kan,handyman,pecan,dan
gaulish,
gaulle,wherewithal,handball,nepal,pitfall,crawl,trawl,football,shawl,pol,dahl,waterfall,gaul,pratfall,caul,fall,alcohol,mall,catcall,scrawl,natal,stall,enthral,hall,rainfall,aerosol,raul,butterball,baseball,landfall,tall,overhaul,shortfall,volleyball,wall,cholesterol,tal,spall,retinol,atoll,dall,catchall,fireball,ethanol,appall,befall,moll,install,freefall,luminol,eyeball,windfall,maul,softball,forestall,downfall,blackball,drywall,mothball,cannonball,snowball,drawl,squall,basketball,coll,pall,hardball,fastball,nightfall,banal,doll,small,overall,dol,recall,sprawl,all,call,stonewall,screwball,cabal,footfall,senegal,thrall,meatball,brawl,haul,ball,oddball,bol,protocol,gall,bawl,saul,loll,neanderthal,paul,cortisol,sol
gaullism,ballism
gaullist,baalist,solaced,smallest,drollist,volost,drollest,tallest
gauloiserie,
gauls,halls,lolls,pauls,fastballs,forestalls,walls,befalls,softballs,palls,paules,neanderthals,stalls,snowballs,salls,pratfalls,balls,handballs,idaho-falls,footballs,catcalls,hauls,appalls,bahls,recalls,rawles,overalls,malls,spaceballs,smalls,mauls,reinstalls,mcfalls,bawls,aerosols,calls,shawls,falls,dalles,mothballs,coveralls,qualls,pitfalls,colles,butterballs,installs,rainfalls,crawls,eyeballs,ralls,windfalls,galls,balz,brawls,drawls,rawls,dols,meatballs,riyals,walz,basketballs,alls,dolls,valls,waterfalls,schmalz,overhauls,salz,ingalls,sprawls,baseballs,protocols,squalls,casals,mcgols,oddballs,nalls,trawls,beachballs,fireballs,marshalls,scrawls,ryals,shortfalls,sauls,trackballs
gaulsh,
gault,creditanstalt,galt,sault,asphalt,fault,assault,pinsoneault,vault,pinault,somersault,dault,salt,stirewalt,covault,halt,renault,hault,alt,malt,perrault,ehrenhalt,treuhandanstalt,mault,default,basalt,galipault,hanawalt,exalt,walt,brault,anawalt,kuralt,thunderbolt,kalt,pennwalt,ault,cobalt,greenawalt,rachelvolt,kreditanstalt,nault,faribault
gaulter,
gaultherase,
gaultheria,
gaultherin,
gaultherine,
gaultiero,
gaults,
gaum,
gaumed,
gaumy,
gauming,
gaumish,
gaumless,
gaumlike,
gaums,
gaun,
gaunch,
gaunt,gauntt,ponte,larchmont,cheuvront,jaunt,stont,commandant,gronte,confidant,toutant,lafont,claymont,haunt,laplant,want,dhondt,bondt,vipont,pierpont,guimont,pylant,inmont,erbamont,valmont,whitemont,aunt,prashant,poussaint,lamonte,mont,bromont,claremont,dronte,vaunt,ausimont,lamont,storefront,dumont,kvant,debutante,schwandt,croissant,belmont,poissant,enimont,labonte,freemont,nonchalant,bonte,jeumont,fonte,avant,longmont,clermont,piedmont,conte,flaunt,graunt,helmont,detente,richemont,lemont,shrikant,restaurant,savant,chaunt,vermont,traunt,crestmont,enfant,daunt,coutant,font,newmont,oakmont,bankvermont,pont,fairmont,taunt,altamont,rosemont,shant
gaunt-bellied,
gaunted,
gaunter,daunter,vermonter,monter,haunter,saunter,taunter,wanter
gauntest,contused,orthodontist
gaunty,
gauntlet,gantlet
gauntleted,gauntletted
gauntleting,
gauntlets,
gauntlett,
gauntly,nonchalantly
gauntness,
gauntnesses,
gauntree,
gauntry,
gauntries,
gaup,
gauping,
gaupus,
gaur,
gaura,
gaure,
gauri,celebratory,laudatory,discriminatory,lorry,oscillatory,anticipatory,lory,inventory,torrey,desultory,gorey,repertory,dilatory,corey,ory,derogatory,kauri,gory,storey,statutory,tori,dory,compensatory,lori,corrie,hoary,purgatory,exploratory,preparatory,inflammatory,territory,incantatory,story,circulatory,defamatory,cory,inhibitory,aleatory,tauri,aurae,laurie,recore,pylori,boree,contributory,laboratory,tory,aurei,ambulatory,jory,obligatory,transitory,excretory,auditory,participatory,mandatory,exculpatory,promissory,retaliatory,cacciatore,tempore,outlawry,migratory,observatory,understory,category,mori,torii,confirmatory,dormitory,horae,morey,quarry,reformatory,conciliatory,lavatory,regulatory,predatory,declaratory,accusatory,montessori,ori,rory,explanatory,depilatory,maury,saury,interrogatory,repository,lorrie,glory,revelatory,congratulatory,respiratory,allegory,oratory,depository,signatory
gaurian,
gauric,
gauricus,
gaurie,
gaurs,
gaus,gaz,pas,daws,laws,maas,shaws,sause,draws,gauze,thaws,kaus,outlaws,was,daus,naus,mroz,broz,gnaws,squaws,claws,paz,saws,tropopause,shahs,sias,cha-chas,chaws,chickasaws,saus,waas,bylaws,cars,macaws,clause,vichyssoise,roz,coz,ahs,laas,gause,glaus,grandmas,faas,haws,quass,applause,schnoz,tawes,dawes,oz,claus,hawes,chazz,maz,flaws,chas,francoise,knaus,jaws,diaz,ijaz,schnozz,guffaws,brause,inlaws,dnaase,chainsaws,pause,maus,craws,naas,paws,mas,because,cause,vase,droz,baas,spas,withdraws,faus,straws,baus,lawes,handsaws,scofflaws
gause,gaz,pas,daws,laws,maas,shaws,sause,draws,gauze,thaws,kaus,outlaws,was,daus,naus,mroz,broz,gnaws,squaws,claws,paz,saws,tropopause,shahs,sias,cha-chas,chaws,chickasaws,saus,waas,bylaws,cars,macaws,clause,vichyssoise,roz,coz,ahs,laas,glaus,grandmas,faas,haws,quass,applause,schnoz,tawes,dawes,oz,claus,hawes,chazz,maz,flaws,chas,francoise,knaus,jaws,diaz,ijaz,schnozz,guffaws,brause,inlaws,dnaase,chainsaws,pause,maus,craws,naas,paws,mas,because,cause,vase,droz,baas,spas,withdraws,faus,gaus,straws,baus,lawes,handsaws,scofflaws
gausman,housman,houseman,haussmann,bausman,groussman,hausman,hausmann,ausman
gauss,poorhouse,spouse,dowse,prouse,hause,pousse,house,woodhouse,jailhouse,clubhouse,kraus,dormouse,youse,boardinghouse,haus,storehouse,whorehouse,hothouse,lighthouse,barnhouse,crouse,laos,dollhouse,knouse,espouse,inhouse,playhouse,courthouse,outhouse,roadhouse,whitehouse,blouse,grouse,souce,straus,slaughterhouse,couse,powerhouse,clearinghouse,townhouse,warehouse,penthouse,greenhouse,firehouse,blockhouse,schoolhouse,safehouse,longhouse,chaus,packinghouse,alehouse,rouse,steakhouse,madhouse,bouse,klaus,louse,coffeehouse,boathouse,krauss,strauss,henhouse,mouse,douse,farmhouse,roundhouse,charterhouse,sprouse,doghouse,guesthouse,clouse,statehouse
gaussage,
gaussbergite,
gausses,
gaussian,
gaussmeter,
gauster,
gausterer,
gaut,lott,pott,haut,longshot,ott,yacht,baht,scattershot,ocelot,sought,wrought,ought,aforethought,lat,aught,jot,knot,swat,mott,hotshot,nought,not,watt,plot,slot,thought,robot,camelot,begot,dreadnought,loquat,shot,blot,potshot,sot,rot,alot,onslaught,astronaut,croat,sadat,afterthought,aquanaut,allot,cosmonaut,lot,forethought,forgot,pot,jackpot,trot,whatnot,got,snapshot,overwrought,straught,spot,bott,taught,mascot,scott,cannot,teapot,taut,ascot,crackpot,earshot,slingshot,lotte,ot,hot,naught,boycott,ararat,motte,fraught,tot,scot,upshot,apricot,fought,snot,juggernaut,argonaut,distraught,wat,gunshot,cot,dot,clot,caught,squat,brought,huguenot,bought,topknot
gautama,gotama,scotoma
gautea,
gauteite,
gauthier,authier,clouthier,routhier
gautier,cloutier
gautious,
gauze,gaz,pas,daws,laws,maas,shaws,sause,draws,thaws,kaus,outlaws,was,daus,naus,mroz,broz,gnaws,squaws,claws,paz,saws,tropopause,shahs,sias,cha-chas,chaws,chickasaws,saus,waas,bylaws,cars,macaws,clause,vichyssoise,roz,coz,ahs,laas,gause,glaus,grandmas,faas,haws,quass,applause,schnoz,tawes,dawes,oz,claus,hawes,chazz,maz,flaws,chas,francoise,knaus,jaws,diaz,ijaz,schnozz,guffaws,brause,inlaws,dnaase,chainsaws,pause,maus,craws,naas,paws,mas,because,cause,vase,droz,baas,spas,withdraws,faus,gaus,straws,baus,lawes,handsaws,scofflaws
gauzelike,
gauzes,pauses,causes,clauses,lases,vosges,plazas,vases
gauzewing,
gauze-winged,
gauzy,shirazi,kasi,mauzey,pirozzi,tozzi,rozzi,mozee,mallozzi,capozzi,bozzi,ozzie,lacaze,ashkenazi,groszy,swasey,eskenazi,anasazi,mauzy,causey,paparazzi,swazi,kamikaze,kazee,pozzi
gauzier,
gauziest,
gauzily,
gauziness,
gav,
gavage,pavage,scavage,lavage
gavages,
gavall,
gavan,brookhaven,daven,paven,cave-in,navan,cravin,gaven,fairhaven,lavan,caven,sarajevan,chavin,flavin,kavan,graven,pavan,slaven,shaven,glavan,maven,craven,cavan,haven,walraven,ravan,laven,hillhaven,raven,unshaven
gave,behave,fave,hardgrave,misbehave,shave,clave,brave,kunaev,slave,aftershave,thave,rave,starwave,drave,margrave,enslave,dave,autoclave,concave,skywave,mcclave,engrave,nave,thrave,landgrave,glave,grave,microwave,shockwave,cave,save,conclave,airwave,mave,deprave,trave,lave,seagrave,theyve,shortwave,schave,wave,pave,knave,architrave,unfav,waive,newwave,redgrave,belgrave,lefave,hargrave,stave,lafave,enclave,kazikaev,sulgrave,crave,forgave,quave
gavel,havel,gravel,unravel,flavell,javel,clavel,fravel,travel,ravel,pavel,cavil,flavol,favel,gravell,gravol
gavelage,
gaveled,
gaveler,
gavelet,wavelet
gaveling,
gavelkind,
gavelkinder,
gavelled,
gaveller,
gavelling,drivelling
gavelman,
gavelmen,
gavelock,
gavelocks,
gavels,unravels,ravels,travels,gravels
gaven,brookhaven,daven,paven,cave-in,navan,cravin,fairhaven,lavan,caven,sarajevan,chavin,gavan,flavin,kavan,graven,pavan,slaven,shaven,glavan,maven,craven,cavan,haven,walraven,ravan,laven,hillhaven,raven,unshaven
gaverick,laverock
gavette,
gavia,moldavia,batavia,pavia,scandinavia,bonavia,saravia,cavia,hevia,octavia
gaviae,jayvee
gavial,aviall
gavialis,
gavialoid,
gavials,
gaviiformes,
gavin,lavin,pavin,ravin,spavin,slavin,clavin,davin,bavin,cavin,glavin,mcgavin,mavin,savin
gavini,
gavyuti,
gavle,
gavot,javett,navet,cavett,mcdavitt,cravat,gavitt,cavitt,gravatt,gravitt,gravett
gavots,
gavotte,
gavotted,
gavottes,
gavotting,
gavra,
gavrah,
gavriella,
gavrielle,
gavrila,
gavrilla,
gaw,jaw,scrimshaw,daw,grandpa,gras,ra,dada,paw,arkansas,squaw,bourgeois,yah,schwa,ha,moi,ahh,bois,shaw,guffaw,rah,bah,utah,outlaw,naw,sha,ta,macaw,xio,aha,faw,pshaw,law,baccarat,seesaw,chaw,hah,slaw,trois,hurrah,ga,caw,claw,straw,gnaw,sa,ma,awe,bra,panama,ja,ka,coleslaw,ottawa,saw,ah,redraw,draugh,qua,da,hoopla,whipsaw,spa,pasha,dumas,nah,ona,withdraw,omaha,ya,overdraw,raw,flaw,blah,esau,baja,thaw,chutzpah,draw,la,voila,craw,bylaw,shah,na,maw,wa,chainsaw,wah,jigsaw,yaw,haw,fermata,chihuahua,mackinaw,pa,doha,hacksaw,cha,rawe,aw
gawain,
gawby,dobby,bobbi,hobbie,robby,gobbi,robbie,stobie,scobby,dhabi,globi,dobey,dobbie,cobby,gobby,dauby,knobby,snobby,scobie,chalabi,scobee,hobby,bobby,kabi,nabi,blobby,rabi,dobie,kohlrabi,dhobi,bobbie,nobby,lobby,slobby,swaby,squabby
gawcey,
gawcie,
gawen,lauan,plauen,frauen,gaughan,jawan,lohan,straughan,sawan,baughan,draughon,tauon
gawgaw,
gawish,
gawk,roc,havelock,clock,talk,stock,bangkok,block,oarlock,hancock,smock,brock,jock,floc,ad-hoc,bloc,laughingstock,doc,shock,antioch,squawk,sherlock,bock,medoc,wok,nighthawk,crock,jacques,hemlock,och,dock,chock,lok,poppycock,knock,nock,unlock,salk,locke,shylock,gamecock,jaywalk,stalk,loch,toque,lock,gridlock,croc,boardwalk,calk,crosstalk,goshawk,mach,glock,deadlock,wedlock,hoc,bokeh,frock,airlock,matlock,bloch,baulk,tock,falk,peacock,roadblock,tomahawk,chalk,spock,feedstock,iraq,flock,manioc,catwalk,mohawk,walk,cock,hawk,shamrock,rock,livestock,aftershock,padlock,bach,hollyhock,sidewalk,pock,bedrock,woodcock,crosswalk,sock,bok,schlock,interlock,balk,caulk,hock,mock
gawked,restocked,overstocked,balked,blocked,hocked,baulked,noct-,crocked,landlocked,caulked,grokked,rocked,stocked,pocked,talked,socked,hawked,cocked,chocked,concoct,docked,knocked,focht,oct,frocked,unlocked,flocked,shellshocked,kristallnacht,shocked,stalked,chalked,squawked,clocked,nocked,deadlocked,walked,mocked,padlocked,locked,gridlocked
gawker,stalker,gritzmacher,locher,chocker,hawker,auker,stonehocker,aaker,ansbacher,ocker,kaltenbacher,plocher,bachar,vandewalker,blocker,rocker,docker,chalker,maucher,hammacher,blocher,soccer,balker,shakur,gruetzmacher,schumacker,mocker,sleepwalker,guttmacher,weilbacher,hocker,knickerbocker,schanbacher,stocker,steinbacher,wombacher,squawker,walker,sochor,talker,dambacher,knocker,schumacher,locker,laubacher,fokker,brocker,clocker,crocker,laugher,hagenlocker,shocker,ylvisaker,cocker,bacher
gawkers,fokkers,knickerbockers,walkers,sleepwalkers,rockers,stalkers,shockers,lockers,blockers,dockers,cockers,clockers,hawkers,talkers,mockers,knockers
gawkhammer,
gawky,arakaki,sukiyaki,cocky,docie,ibaraki,cichocki,squawky,ozaki,hiroaki,iwasaki,flocky,chalky,yamazaki,masaaki,sasaki,jockey,lockie,bockey,cawky,talkie,shockey,walkie,osake,takaki,busalacchi,rockey,cockey,maki,yamasaki,miyasaki,saki,pocky,osaki,balky,pataki,talky,nobuaki,okazaki,aki,schlocky,teriyaki,inaki,hyakutake,miyazaki,haughey,milwaukee,machi,brockie,narazaki,mawky,stocky,hideaki,socky,kownacki,okasaki,kawasaki,yockey,iwaki,zaki,pawky,nagasaki,adachi,masaki,lockey,iwosaki,crocky,stalky,hamasaki,blocky,hockey,khaki,rocky,araki
gawkier,stalkier,cockier,blockier,rockier,stockier,balkier
gawkies,
gawkiest,stalkiest,stockiest,blockiest,balkiest,cockiest,rockiest
gawkihood,
gawkily,cockily,stockily,talkily
gawkiness,rockiness,stockiness,balkiness,chalkiness,cockiness
gawking,flocking,grokking,cocking,frocking,spacewalking,unlocking,caulking,blocking,shocking,smocking,undocking,stalking,locking,hawking,crocking,docking,nocking,balking,interlocking,bocking,hocking,knocking,walking,squawking,socking,chalking,chocking,sleepwalking,clocking,talking,rocking,stocking,mocking,restocking,jaywalking,baulking
gawkish,
gawkishly,
gawkishness,
gawks,hollyhocks,boombox,ox,talks,jocks,paradox,skybox,hydrox,stocks,fox,knox,sox,rocks,boondocks,phlox,docks,icebox,cox,palafox,foxx,flocks,saltbox,sachs,clocks,vox,tarbox,mailbox,knocks,rox,frocks,lawks,toolbox,box,feedstocks,gearbox,faux,ochs,shocks,blocks,cocks,glaux,outfox,peacocks,pox,tinderbox,detox,nocks,vaux,mocks,flummox,hocks,walks,blocs,smallpox,breadbox,lox,crocs,balks,matchbox,locks,socks,roadblocks,aftershocks,unorthodox,equinox,soapbox,botox,fawkes,goldilocks,hawks,jukebox,stalks,sandbox,orthodox,heterodox
gawlas,
gawm,
gawn,
gawney,
gawp,
gawped,toped,flopped,lopped,whopped,propped,topped,stopped,swapped,plopped,mopped,cropped,popped,clopped,bopped,chopped,haupt,dropt,shopped,slopped,opt,dropped,stropped,sopped,hopped,co-opt,stoped,whapped,adopt,swopped,copped,knopped
gawping,whapping,dropping,shopping,hopping,toping,topping,sopping,eavesdropping,copping,swopping,mopping,slopping,stopping,popping,clopping,chopping,lopping,plopping,whopping,swapping,wapping,yawping,propping,bopping,stoping,flopping,cropping,stropping
gawps,
gawra,
gawsy,
gawsie,
gaz,pas,daws,laws,maas,shaws,sause,draws,gauze,thaws,kaus,outlaws,was,daus,naus,mroz,broz,gnaws,squaws,claws,paz,saws,tropopause,shahs,sias,cha-chas,chaws,chickasaws,saus,waas,bylaws,cars,macaws,clause,vichyssoise,roz,coz,ahs,laas,gause,glaus,grandmas,faas,haws,quass,applause,schnoz,tawes,dawes,oz,claus,hawes,chazz,maz,flaws,chas,francoise,knaus,jaws,diaz,ijaz,schnozz,guffaws,brause,inlaws,dnaase,chainsaws,pause,maus,craws,naas,paws,mas,because,cause,vase,droz,baas,spas,withdraws,faus,gaus,straws,baus,lawes,handsaws,scofflaws
gaz.,
gaza,glaza,scocozza,maza,pedraza,adaza,plaza,bozza,peraza,zentralsparkasse,barraza,podraza,carozza
gazabo,
gazaboes,
gazabos,
gazangabin,
gazania,azania,zizania
gazankulu,
gaze,strays,graze,faze,bays,baze,days,gays,pays,blase,braze,folkways,cayes,pathways,polonaise,edgeways,x-rays,phrase,chaise,craze,raise,sundays,braise,relays,lyonnaise,mores,res,mays,nowadays,blaze,blaize,maes,ukase,smaze,iras,holidays,mayonnaise,daze,drays,ablaze,weighs,sideways,mase,lase,dase,plays,portrays,appraise,swayze,hays,paise,protease,leys,dismutase,sais,displays,hase,maze,delays,baize,rase,phase,rnase,lays,airways,praise,fraise,resumes,bayes,crase,pais,ways,maize,hayes,anyways,rephrase,outlays,leis,blaise,essays,dais,amaze,prase,always,conveys,trays,glaze,rays,haze,entrees,cliches,paraphrase,stays,malaise,aways,arrays,crays,raze,clays
gazebo,
gazeboes,
gazebos,
gazed,dazed,razed,phrased,reappraised,fraised,lazed,fazed,amazed,braised,brazed,crazed,mazed,appraised,raised,praised,hazed,grazed,blazed,glazed,phased,rased,unfazed
gazee,
gazeful,mazeful,praiseful
gazehound,
gaze-hound,
gazel,bazzle,brazell,brazzell,brazel,brazzel,dazzle,tazel,basil,hazell,brazill,frazzle,frazil,bazzell,lazzell,drazel,razzle,jazel
gazeless,
gazella,cela,nela,mandella,muscarella,marbella,kwela,gabriella,flagella,labella,petrella,bella,minella,campanella,kinsella,parella,dela,ariella,candela,della,mandela,carmela,zanella,rella,pella,louella,meloplasty,annabella,gabriela,marella,casella,leola,rosella,estrella,cella,mirella,cannella,novella,sella,cinderella,bellah,patella,abela,salmonella,arabella,avella,fabela,estella,vella,barela,ela,tele,daniela,fella,portela,selah,bela,goodfella,favela,marcella,prunella,fellah,morella,isabella,dibella,fela,petronella,marcela,villella,luella,chela,stella,corella,abella,capella,vela,nella,mirabella,donella,mella,rotella,sela,sabella,citronella,daniella,viyella,lelah,ella,rubella,fenella,cappella,stela,marvella,adela,vendela,umbrella,ardella,michaela
gazelle,oversell,retell,manuel,zel,cel,citadel,raphael,barbell,zinfandel,mell,repel,clientele,foretell,chanel,isabel,well,propel,intel,dell,el,morel,noel,undersell,bluebell,hotel,ravel,bombshell,belle,fidel,stairwell,sel,bell,knell,compel,nell,rebel,bethel,groundswell,expel,dwell,dispel,quell,lapel,parallel,pastel,gel,hell,farewell,rangel,seashell,impel,maxwell,accel,smell,befell,snell,personnel,cowbell,l,resell,doorbell,tell,del,michelle,tel,ell,motel,pell,nobel,sell,cell,fell,shell,excel,marcel,mel,yell,spell,materiel,adele,nutshell,carousel,bel,elle,dumbbell,mademoiselle,misspell,carmel,jell,carel,quel,decibel,aol,infidel,cartel,swell,caravel,eggshell,outsell
gazelle-boy,
gazelle-eyed,
gazellelike,
gazelles,dispels,cels,bels,snackwells,seashells,elles,dells,cells,tells,bombshells,rothwells,frels,barbells,nutshells,propels,organelles,bluebells,rintels,resells,helles,outsells,shells,belz,pangels,gels,swells,excels,dumbbells,welz,motels,parallels,misspells,compels,pels,eggshells,pastels,hells,smells,hotels,repels,spells,lapels,quells,schmelz,nelles,welles,knells,ells,rebels,nels,sells,els,belles,kells,jells,nehls,yells,stairwells,farewells,wells,pelz,novotels,fels,cartels,selz,dwells,cowbells,michels,gelles,materiels,telles,bells,fells
gazelline,
gazement,amazement
gazer,grazer,qasr,fraser,nazer,mazer,blaser,graeser,razer,phaser,glaser,peyser,graser,phasor,hellraiser,laser,praiser,braiser,gaiser,trailblazer,glaeser,razor,taser,raiser,stargazer,raser,gazar,blazar,lazar,hazer,maser,hazor,kaeser,raisor,blaiser,blazer,kaser,rukeyser,thaser,frazer,rasor,naser,kayser,heyser,glazer,lazer,appraiser,fundraiser
gazer-on,
gazers,blazers,fundraisers,masers,raisers,stargazers,razors,lasers,appraisers,trailblazers,grazers
gazes,crases,braises,cabezas,phrases,praises,raises,fazes,razes,hazes,blazes,mazes,grazes,phases,brazes,crazes,amazes,appraises,glazes,dazes
gazet,
gazettal,
gazette,sextet,pret,internet,sweat,lett,yet,sunset,outset,soviet,flageolet,heavyset,vette,get,sublet,subset,beset,net,lorgnette,debt,pipette,quartet,sobriquet,et,cornet,coronet,nett,abet,minaret,marmoset,lafayette,corvette,ret,octet,parapet,rosette,ethernet,charrette,brett,vedette,vet,antoinette,cadet,bayonet,regret,tete,baronet,dragnet,whet,typeset,gimlet,roulette,asset,met,alphabet,wet,avocet,quintet,suffragette,stet,barrette,beget,jet,silhouette,headset,cabriolet,bet,preset,inlet,duet,offset,forget,epithet,clarinet,joliet,anisette,calumet,set,reset,smet,cassette,inset,colette,upset,baguette,outlet,fret,onset,tibet,vignette,mindset,minuet,cigarette,chet,tet,brunette,piet,threat,let,pet
gazetted,
gazetteer,
gazetteerage,
gazetteerish,
gazetteers,
gazetteership,
gazettes,
gazetting,
gazi,
gazy,
gaziantep,
gazing,glazing,raising,phrasing,phasing,paraphrasing,dazing,houseraising,blazing,blasing,overgrazing,mazing,braising,fazing,appraising,crazing,amazing,lazing,hazing,praising,childraising,grazing,razing,brazing,rasing
gazingly,
gazingstock,
gazing-stock,
gazo,
gazogene,
gazogenes,
gazolyte,
gazometer,
gazon,qazvin,hazzan,kazen,bazhan,scazon
gazook,
gazophylacium,
gazoz,
gazpacho,
gazpachos,
gazump,
gazumped,
gazumper,
gazumps,
gazzetta,
gazzo,
gb,
gba,
gbari,
gbaris,
gbe,
gbg,
gbh,
gbip,
gbj,
gbm,
gbs,
gbt,
gbz,
gc,
gc/s,
gca,
g-cal,
gcb,
gcc,
gcd,
gce,
gcf,
gci,
gcl,
gcm,
gcmg,
gconv,
gconvert,
gcr,
gcs,
gct,
gcvo,
gcvs,
gd,
gda,
gdansk,danske,manske,ganske
gdb,
gde,
gdel,
gdinfo,
gdynia,rhynia,prinia,quinia
gdns,
gdp,
gdr,
gds,
gds.,
ge,
ge-,
gea,
geadephaga,
geadephagous,
geaghan,
geal,
gean,libertine,irene,intervene,feine,vaccine,sistine,machine,mien,canteen,peregrine,scene,screen,amphetamine,caffeine,internecine,gene,convene,lien,leen,lean,byzantine,umpteen,hygiene,between,argentine,guillotine,foreseen,clean,trampoline,bean,ravine,obscene,mean,keen,demean,latrine,dean,quarantine,vien,queen,aberdeen,careen,limousine,kerosene,nene,green,wolverine,eugene,geraldine,magazine,halloween,labyrinthine,opaline,selene,mezzanine,tourmaline,augustine,protein,fifteen,sabine,gelatine,gasoline,undine,unforeseen,murine,agin,seen,philistine,aquamarine,jean,sardine,casein,holstein,baleen,spleen,evergreen,cuisine,wean,submarine,reconvene,florentine,treen,bromine,amin,mein,tangerine,glean,contravene,serene,sheen,preen,routine,saline,aniline,figurine,thirteen,clementine,marine,sunscreen,teen
geanine,
geanticlinal,
geanticline,
gear,kier,stratosphere,fier,bere,atmosphere,rear,sere,adhere,auctioneer,premiere,meir,marketeer,souvenir,lear,mear,teer,smear,pioneer,near,veneer,deer,spere,tear,bombardier,jeer,sphere,cashier,emir,austere,financier,interfere,unclear,shere,frere,cheer,cohere,spear,fleer,cavalier,chevalier,deere,racketeer,disappear,zaire,reappear,neer,sheer,beer,stear,brigadier,sincere,sneer,vere,brere,engineer,queer,career,yesteryear,mir,belvedere,kir,chandelier,domineer,speer,veer,dear,profiteer,rainier,midyear,biosphere,volunteer,revere,amir,gere,persevere,severe,hemisphere,insincere,bandolier,commandeer,wier,headgear,mountaineer,premier,steer,fear,appear,peer,year,pier,mere,greer,reindeer,clear,frontier,stere,shear,sear
gearalt,
gearard,
gearbox,hollyhocks,boombox,ox,talks,jocks,paradox,skybox,hydrox,stocks,fox,knox,sox,rocks,boondocks,phlox,docks,icebox,cox,palafox,foxx,flocks,saltbox,sachs,clocks,vox,tarbox,mailbox,knocks,rox,frocks,lawks,toolbox,box,feedstocks,faux,ochs,shocks,blocks,cocks,glaux,outfox,peacocks,pox,tinderbox,detox,nocks,vaux,mocks,flummox,hocks,walks,blocs,smallpox,breadbox,lox,crocs,balks,matchbox,locks,socks,roadblocks,aftershocks,unorthodox,equinox,soapbox,botox,fawkes,gawks,goldilocks,hawks,jukebox,stalks,sandbox,orthodox,heterodox
gearboxes,
gearcase,
gearcases,
gear-cutting,
gear-driven,
geared,interfered,disappeared,seared,sheared,beaird,weird,eared,beard,cleared,pioneered,jeered,revered,cohered,persevered,cashiered,feared,neared,sheard,premiered,steered,reappeared,smeared,adhered,commandeered,reared,bioengineered,sneered,cheered,volunteered,appeared,peered,veered
gearhart,gierhart,earhart,gearheart
geary,mccreery,cheery,deery,neary,bessire,biery,guarnieri,kiri,theory,bleary,siri,erie,lettieri,guerrieri,cavaliere,ruggieri,facemire,spizzirri,diery,gualtieri,caligiuri,altieri,buccieri,cleary,deary,jiri,pirie,leary,beary,mccleary,mccleery,mcelderry,carriere,weary,bieri,barbieri,beery,hara-kiri,eerie,leery,eary,thiery,mccreary,derre,alfieri,mcleary,barriere,martire,laverdiere,wiry,thiry,oleary,arcieri,pirry,amiri,cavalieri,keary,argentieri,hariri,yeary,balestrieri,carpentieri,caliri,camire,teary,dehere,dreary,olivieri
gearing,searing,persevering,imagineering,rearing,disappearing,racketeering,volunteering,pioneering,sneering,domineering,nearing,shearing,tearing,veering,dearing,careering,profiteering,gering,deering,reengineering,auctioneering,cheering,spearing,bioengineering,revering,engineering,fearing,oceaneering,appearing,smearing,dering,mountaineering,steering,premiering,adhering,electioneering,clearing,interfering,schwering
gearings,
gearksutite,
gearless,
gearman,
gear-operated,
gears,bandoliers,sears,wagoneers,smears,algiers,biospheres,conventioneers,gondoliers,cavaliers,perseveres,clears,mears,fears,pioneers,premiers,reappears,arrears,beers,berkshires,coheres,pamphleteers,tears,cheers,budgeteers,sweers,auctioneers,nears,reveres,queers,schweers,disappears,financiers,desrosiers,viers,years,piers,mutineers,sneers,adheres,steers,mountaineers,premieres,volunteers,veers,racketeers,spheres,careers,veneers,marketeers,rears,tangiers,miears,engineers,frontiers,profiteers,electioneers,appears,cashiers,spears,summiteers,speirs,bombardiers,debeers,souvenirs,peers,ears,interferes
gearset,
gearshift,
gearshifts,
gearwheel,
gearwheels,
gease,
geason,nessen,niesen,thiessen,neeson,friesen,giesen,gleason,leeson,driessen,dreessen,riesen,andriessen,liesin,andreason,greeson,andresen,meissen,greason,leason,thiesen,creason,wiesen
geast,
geaster,
geat,
geatas,
geb,
gebang,
gebanga,
gebaur,
gebbie,sebi,webby,ebey,blebby,bebee,debby,sebby,debbie,ebby,debi,entebbe
gebelein,
geber,gheber
gebhardt,gebhart
gebler,rebeller,hebeler
gebrauchsmusik,
gebur,
gecarcinian,
gecarcinidae,
gecarcinus,
geck,czech,wreck,dreck,feck,steinbeck,seck,pech,vasotec,symantec,bleck,lech,keck,rec,ameritech,parsec,deck,spelk,weck,rech,kotek,schneck,neck,sec,teck,brubeck,nec,frech,streck,drecche,dec,exec,peck,henpeck,sematech,chek,opec,biotech,heck,bottleneck,tech,sneck,aztec,discotheque,yecch,mech,check,ek,eck,recheck,turtleneck,reck,ringneck,tec,fleck,breck,steck,teaneck,antec,freck,breakneck,stech,blech,meck,trek,whelk,schreck,sheck,spec,apec,redneck,roughneck,paycheck,dubcek,cheque,leck,beck,treck,bedeck,shek,lubeck,speck,tek,grecque,lek,hightech,bec,quarterdeck,quebec
gecked,
gecking,
gecko,noreco,echo,eko,grecko,dececco,secco,ekco,greco,reco,gekko,enseco,mlecko,pekoe,el-greco,greco-,krecko,creko,breco,cogeco,hecco,pecco,checo,alleco,grecco,coleco,dicecco,canseco,delgreco,minpeco,seko,pacheco,seco,buteco,deco
geckoes,echos,geckos,echoes
geckoid,
geckos,geckoes,echos,echoes
geckotian,
geckotid,
geckotidae,
geckotoid,
gecks,
gecos,pecos,meccas
gecr,
ged,reade,featherbed,dred,wellhead,bled,coed,bullhead,butthead,med,roundhead,unwed,read,newlywed,spearhead,woodshed,loggerhead,zed,wed,airhead,shithead,imbed,dead,bobsled,shred,ahead,bridgehead,dread,misled,bred,copperhead,seabed,bedspread,deadhead,redhead,letterhead,whitehead,fled,bed,thoroughbred,sled,ted,inbred,shed,stead,flatbed,freda,drumhead,masthead,head,deathbed,purebred,arrowhead,warhead,godhead,bread,infrared,watershed,figurehead,hotbed,misread,cornbread,aforesaid,shead,retread,overhead,skinhead,farmstead,ed,behead,lead,egghead,instead,gingerbread,steelhead,fed,tread,redd,said,fred,bloodshed,riverbed,blockhead,thread,homestead,led,swed,embed,spread,flathead,pwned,abed,beachhead,sped,red,pled,widespread,bulkhead,trailhead,ned
gedackt,
gedact,
gedaliah,
gedanite,
gedanken,
gedankenexperiment,
gedd,
gedder,
geddes,vedas,eddas,geddis,weddahs
gedds,
gedeckt,
gedecktwork,
gederathite,
gederite,
gedrite,
geds,
gedunk,
gee,payee,we,tea,asap,z,scree,ski,apogee,hee,d,jubilee,banshee,v,sunday,partee,cree,snee,quay,marquis,g,c,degree,b,pre,key,machete,ne,hyperbole,emcee,pea,reality,plea,foresee,lea,dee,yee,cc,wee,trustee,guarantee,lessee,mi,sea,manatee,ye,flee,referee,esprit,lee,decree,pee,t,repartee,debris,bee,he,idiosyncrasy,thee,marquee,guaranty,ac,me,di,glee,agree,tree,see,tee,be,she,syncope,calliope,kabuki,flea,bourgeoisie,three,free,nee,turnkey,oversee,e,spree,de,pony,hawaii,p,xi,si,carefree,ree,qi,indri,fee,ghee,precis,knee,actuary,nestle,tv,potpourri
geebong,
geebung,
geechee,leechee
geed,
geegaw,suniga,arteaga,cossiga,riga,higa,grega,zuniga,sega,ciga,arciniega,rega,seaga,barriga,iniga,amiga,ziega,arechiga
geegaws,
gee-gee,keiji,keagy,squeegee,gigi,heagy,luigi,fiji
geehan,
gee-haw,
geeing,being,peeing,kneeing,seeing,feeing,teeing,weeing,keying
geejee,
geek,fenugreek,doublespeak,seek,monique,midweek,physique,belgique,unique,weick,workweek,fleek,beak,clique,steek,teac,meek,cacique,sheikhdom,henrique,misspeak,martinique,weak,peek,peak,sheikh,squeak,tweak,chesapeake,beek,deak,week,sikh,steik,geekdom,technique,gleek,boutique,manrique,reek,chic,phreak,leak,creak,mozambique,screak,tariq,pique,veronique,rieck,skreak,shriek,grosbeak,critique,zeek,creek,cheek,greek,streek,clinique,speak,leek,sneak,speke,mystique,respeak,dominique,geac,batik,speake,eke,cleek,peake,streak,oblique,kweek,sheik,wreak,bleak,antique,bespeak,freak,sleek,leake,zeke,newspeak,fleak,teak
geeky,screaky,squeaky,micciche,yeakey,streaky,kiki,rekey,reeky,leaky,sneaky,freaky,cheeky,creeky,siddiqi,iniki,creaky,cliquey,dashiki,sleeky,toshiki,bleaky,peaky,leakey,koninklijke
geekier,
geekiest,
geeks,sneaks,sheeks,weaks,eakes,sikhs,wreaks,speaks,peakes,sheikhs,greeks,batiks,streaks,seix,critiques,breeks,creaks,telephoniques,boutiques,antiques,leeks,peaks,leaks,creeks,beeks,seeks,peeks,techniques,weekes,shrieks,weeks,tweaks,freaks,piques,squeaks,reeks,grosbeaks,bespeaks,workweeks,vieques,speakes,meeks,cheeks,sheiks
geelbec,
geelbeck,
geelbek,
geeldikkop,
geelhout,
geelong,healing,appealing,steeling,sheeling,shealing,feeling,shieling,annealing,freewheeling,kneeling,keelung,wheeling,repealing,unappealing,keeling,heilong,pealing,squealing,concealing,reeling,cieling,revealing,peeling,unfeeling,heling,darjeeling,mealing,seeling,stealing,frieling,sealing,sieling,dealing,ceiling,teeling,freehling,heeling
geepound,
geepounds,
geer,kier,stratosphere,fier,bere,atmosphere,rear,sere,adhere,auctioneer,premiere,meir,marketeer,souvenir,lear,mear,teer,smear,gear,pioneer,near,veneer,deer,tear,bombardier,jeer,sphere,cashier,emir,austere,financier,interfere,unclear,shere,frere,cheer,cohere,spear,fleer,cavalier,chevalier,deere,racketeer,disappear,zaire,reappear,neer,sheer,beer,stear,brigadier,sincere,sneer,vere,brere,engineer,queer,career,yesteryear,mir,belvedere,kir,chandelier,domineer,speer,veer,dear,profiteer,rainier,midyear,biosphere,volunteer,revere,amir,gere,persevere,severe,hemisphere,insincere,bandolier,commandeer,wier,headgear,mountaineer,premier,steer,fear,appear,peer,year,pier,mere,greer,reindeer,clear,frontier,stere,shear,sear
geerah,
geerts,weerts
gees,viennese,cece,decease,yeas,apiece,suisse,meese,leese,neisse,timepiece,piece,sangiovese,mouthpiece,clarisse,nice,police,speiss,greenpeace,tunis,meece,spece,sublease,tese,brocious,geese,giese,crease,preece,felice,devries,riess,reese,reise,aris,maurice,pease,centerpiece,greece,rhys,maryse,lollis,bernice,denice,cerise,masterpiece,buice,neece,weise,patrice,release,eyepiece,legalese,syntheses,neace,decrease,neice,leise,reece,cleese,vietnamese,denise,niece,increase,obese,showpiece,magness,dease,cease,altarpiece,treece,clarice,peace,caprice,peece,elise,crosspiece,seis,lease,luis,grease,fleece
geese,viennese,cece,decease,yeas,apiece,suisse,meese,leese,neisse,timepiece,piece,sangiovese,mouthpiece,clarisse,nice,police,speiss,greenpeace,tunis,meece,spece,sublease,tese,brocious,giese,crease,preece,felice,devries,riess,reese,reise,aris,maurice,pease,centerpiece,greece,rhys,maryse,lollis,bernice,denice,cerise,masterpiece,gees,buice,neece,weise,patrice,release,eyepiece,legalese,syntheses,neace,decrease,neice,leise,reece,cleese,vietnamese,denise,niece,increase,obese,showpiece,magness,dease,cease,altarpiece,treece,clarice,peace,caprice,peece,elise,crosspiece,seis,lease,luis,grease,fleece
geesey,sese,creasy,giesey,delisi,creasey,greasy,theaceae,campisi,leisey,crecy,parisi,keesey,puglisi,reccy,lecy,gisi,tbilisi,carlisi,medici,risi,fleecy,leisy,lisi,deasy,leasy,scalisi,assisi,creecy
geest,zeist,leist,liveliest,weist,seised,weest,deist,queest,fiest,teest,reist,theist,reest,freest
geests,
geet,
gee-throw,
gee-up,
geez,sease,javanese,portuguese,balinese,sees,socrates,louise,frieze,striptease,niese,burmese,japanese,squeeze,headcheese,mores,lees,oversees,chinese,maltese,seize,tees,journalese,seese,munchies,hyades,cantonese,cadiz,tweeze,reis,testes,pleas,reprise,diocese,aziz,dees,isosceles,unease,disease,damocles,creaze,emphases,pease,maccabees,parentheses,seas,actuaries,expertise,freeze,attendees,taiwanese,sleaze,peas,idiosyncrasies,antifreeze,ease,guarantees,chese,leas,rameses,wease,wheeze,keys,knees,pcs,sneeze,pleiades,degrees,fees,trapeze,breeze,chemise,analyses,feaze,displease,belize,trees,agrees,fleas,cheese,siamese,appease,indices,flees,hercules,hypotheses,bees,teas,skis,tease,bes,these,please,overseas,sinhalese,manganese,jeez,feces
ge'ez,
geezer,weaser,tresor,gezer,teazer
geezers,
gefell,
gefen,
geff,
geffner,haefner,haeffner,hefner,kleffner,heffner,reffner
gefilte,
gefulltefish,
gegenion,
gegen-ion,
gegenschein,
gegg,kreg,tegge,greg,hegg,cregg,clegg,imreg,segue,kegg,leg,neg,begg,egg,legg,bootleg,peg,pegg,nutmeg,legge,hegge,keg,egge,longleg,reg,mpeg,gregg,vegh,meg,beg
geggee,
gegger,
geggery,
gehey,
geheimrat,
gehenna,
gehlbach,
gehlenite,melenite,melinite,gmelinite,melanite
gehman,behmen,ehmann,kleman,rehman,tegmen,hehman,flehmen,solemin,bremen,klemann,wehman,yemen,cremin,lemon,demmon,lemman,fremin,lemmon,semon,hemmen,hemin,hemann,ehman,rehmann,stemen,clemen,stehman
gehrig,gerig,derrig,herrig,varig,rehrig,gherig
gey,
geyan,
geibel,leibel,intertribal,scheible,tribal,libel,heibel,scribal,pibal,ruybal,wyble,reibel,deibel,seibel,bible,zweibel,scheibel,sible,zeibel,waibel,dible,weibel,wible,thible,wrybill
geic,
geier,shyer,flyer,acquire,dwyer,meier,flier,hier,require,choir,pyre,multiplier,friar,mire,misfire,hotwire,dire,attire,bonfire,wildfire,trior,fortifier,sigher,pryer,spier,transpire,prior,umpire,ceasefire,humidifier,supplier,meyer,pacifier,plier,guyer,eyer,trier,tire,wryer,briar,higher,enquire,identifier,rewire,buyer,mier,fryer,occupier,tyer,retire,qualifier,schier,emulsifier,entire,pryor,magnifier,amplifier,squier,wrier,prier,desire,shier,ayer,hire,rectifier,stier,fire,gunfire,homebuyer,drier,quagmire,crier,wire,nigher,highflier,sire,brier,liar,foxfire,purifier,cryer,conspire,frier,plyer,dyer,dryer,campfire,cease-fire,satire
geyerite,
geiger,kyger,kiger,staiger,giger,gyger,tiger,tyger,neiger,kryger,seiger,iger,swiger,kriger,kreiger,schweiger,steiger,sliger,tigar,zeiger,reiger,stiger,feiger,schwaiger,schleiger,viger
geigertown,
geigy,
geikia,
geikie,
geikielite,
geilich,
geylies,
gein,
geir,
geira,
geis,devise,fries,analyze,emphasize,revise,amortize,arise,allies,pulverize,visualize,wise,ties,supervise,belies,energize,aggrandize,stabilize,apologize,rationalize,subsidize,prise,exercise,likewise,prioritize,plagiarize,epitomize,galvanize,revitalize,materialize,summarize,scrutinize,surmise,familiarize,baptize,polarize,synthesize,antagonize,guise,otherwise,finalize,mize,demise,guys,maximize,reprise,merchandise,eyes,enterprise,characterize,paralyze,marginalize,compromise,lies,despise,metastasize,hypothesize,emprise,capsize,apprise,chastise,advertise,ostracize,authorize,harmonize,synchronize,tantalize,franchise,optimize,surprise,proselytize,organize,jeopardize,comprise,criticize,sympathize,socialize,supplies,memorize,mobilize,recognize,improvise,rise,catalyze,capitalize,realize,size,crystallize,stigmatize,prize,patronize,mesmerize,disenfranchise,utilize,sunrise,advise,empathize,disguise,customize,minimize,flies
geisa,
geisco,
geisel,maisel,beissel,eisele,beisel,kneisel,kreisel,weisel,hysell,eisel,meisel,heisel
geisenheimer,
geyser,popularizer,oxidizer,rizer,kaiser,energizer,sizar,adviser,visor,synthesizer,riser,fertilizer,mobilizer,priser,hiser,mizer,kyzer,appetizer,tranquilizer,wiser,fizer,merchandiser,franchiser,analyzer,iser,plasticizer,speiser,colonizer,schweizer,kiser,atomizer,kizer,hulsizer,sizer,divisor,anheuser,guiser,ionizer,equalizer,exerciser,itemizer,polarizer,biser,sympathizer,compromiser,nebulizer,heizer,advisor,pizer,stabilizer,sterilizer,prizer,incisor,miser,supervisor,keizer,fiser,keyser,womanizer,advertiser,hizer,pfizer,organizer,moisturizer,agrivisor,cafetizer
geyseral,
geyseric,
geyserine,
geyserish,
geyserite,
geysers,ionizers,risers,franchisers,colonizers,advisors,kaisers,supervisors,fertilizers,misers,sympathizers,organizers,mobilizers,sizers,merchandisers,exercisers,tranquilizers,appetizers,advertisers,analyzers,incisors,visors,synthesizers,itemizers,sterilizers,advisers,stabilizers
geyserville,
geisha,croatia,depopulation,modernization,cratia,kaisha,aisha,acacia
geishas,leashes,pastiches,unleashes
geismar,
geison,
geisotherm,
geisothermal,
geiss,spice,devise,rice,theiss,imprecise,heise,bryce,brice,pryce,allspice,stice,dise,splice,entice,mice,edelweiss,overprice,reiss,gneiss,geise,paradise,vice,lice,dyce,guice,weis,wice,preiss,trice,vice-,nice,reprice,dice,price,hice,deiss,device,ice,slice,twice,precise,vise,tice,heiss,concise,grice,weiss,underprice,kies,excise,sacrifice,weisse,suffice,feis,zeiss,thrice,advice,bice
geissoloma,
geissolomataceae,
geissolomataceous,
geissorhiza,
geissospermin,
geissospermine,
geist,sufficed,feist,repriced,enticed,iced,heist,spliced,viced,midpriced,triced,kleist,spiced,overpriced,niste,piste,mispriced,triste,underpriced,weist,zeitgeist,priced,riced,diced,sliced,sacrificed,poltergeist,tryst,christ
geistesgeschichte,
geistlich,
geistown,
geithner,
geitjie,
geitonogamy,
geitonogamous,
gekko,noreco,echo,eko,grecko,dececco,secco,ekco,greco,reco,enseco,mlecko,pekoe,el-greco,greco-,krecko,creko,breco,cogeco,hecco,pecco,checo,alleco,grecco,coleco,dicecco,canseco,delgreco,minpeco,seko,gecko,seco,pacheco,buteco,deco
gekkones,
gekkonid,
gekkonidae,
gekkonoid,
gekkota,
gel,oversell,retell,manuel,zel,cel,citadel,raphael,barbell,zinfandel,mell,repel,clientele,foretell,chanel,isabel,well,propel,intel,dell,el,morel,noel,undersell,bluebell,hotel,ravel,bombshell,belle,fidel,stairwell,sel,bell,knell,compel,nell,rebel,bethel,groundswell,gazelle,expel,dwell,dispel,quell,lapel,parallel,pastel,hell,farewell,rangel,seashell,impel,maxwell,accel,smell,befell,snell,personnel,cowbell,l,resell,doorbell,tell,del,michelle,tel,ell,motel,pell,nobel,sell,cell,fell,shell,excel,marcel,mel,yell,spell,materiel,adele,nutshell,carousel,bel,elle,dumbbell,mademoiselle,misspell,carmel,jell,carel,quel,decibel,aol,infidel,cartel,swell,caravel,eggshell,outsell
gela,
gelable,fellable,spellable,indelible,tellable,sellable,smellable
gelada,elida
geladas,
gelandejump,
gelandelaufer,
gelandesprung,
gelanor,
gelant,
gelants,
gelasia,haastia,rasia,grassia,horacia,blasia,rossiya
gelasian,
gelasias,
gelasimus,
gelasius,
gelastic,
gelastocoridae,
gelate,helot,vellet,pelot,mellott,pellet,zealot,fellate,kellett,pellett,appellate,mellett,wellat,gelett,prelate,belet
gelated,
gelates,
gelati,infidelity,fidelity
gelatia,
gelatification,
gelatigenous,
gelatin,meletin,peloton,exoskeleton,skeleton
gelatinate,
gelatinated,
gelatinating,
gelatination,
gelatin-coated,
gelatine,libertine,irene,intervene,feine,vaccine,sistine,machine,mien,canteen,peregrine,scene,screen,amphetamine,caffeine,internecine,gene,convene,lien,leen,lean,byzantine,umpteen,preteen,hygiene,between,argentine,guillotine,foreseen,clean,trampoline,bean,ravine,obscene,mean,keen,demean,latrine,dean,quarantine,vien,queen,aberdeen,careen,limousine,kerosene,nene,green,wolverine,eugene,geraldine,magazine,halloween,labyrinthine,opaline,selene,mezzanine,tourmaline,augustine,protein,fifteen,sabine,gasoline,undine,unforeseen,murine,agin,seen,philistine,aquamarine,jean,sardine,casein,holstein,baleen,spleen,evergreen,cuisine,wean,submarine,reconvene,florentine,treen,bromine,amin,mein,tangerine,glean,contravene,serene,sheen,preen,routine,saline,aniline,figurine,thirteen,clementine,marine,sunscreen,teen
gelatined,
gelatines,
gelating,
gelatiniferous,
gelatinify,
gelatiniform,
gelatinigerous,
gelatinisation,
gelatinise,
gelatinised,
gelatiniser,
gelatinising,
gelatinity,
gelatinizability,
gelatinizable,
gelatinization,
gelatinize,
gelatinized,
gelatinizer,
gelatinizing,
gelatino-,
gelatinobromide,
gelatinochloride,
gelatinoid,
gelatinotype,
gelatinous,platanus,platinous
gelatinously,
gelatinousness,
gelatins,skeletons
gelation,fellation,stellation
gelations,
gelato,
gelatos,
gelatose,
gelb,selbe,elbe
geld,
geldability,
geldable,weldable
geldant,
gelded,welded,melded
geldens,
gelder,helder,welder,kelder,heldor,felder,eckenfelder,blackwelder,melder,batchelder,elder,swartzwelder
gelderland,
gelders,
geldesprung,
gelding,melding,spelding,welding,belding,elding
geldings,
gelds,melds,welds,helds
gelechia,
gelechiid,
gelechiidae,
gelee,
geleem,
gelees,
gelene,
gelett,helot,vellet,pelot,mellott,pellet,zealot,fellate,kellett,pellett,appellate,gelate,mellett,wellat,prelate,belet
gelfomino,
gelhar,
gelya,
gelibolu,
gelid,felid
gelidiaceae,
gelidity,
gelidities,
gelidium,
gelidly,
gelidness,
gelignite,
gelilah,
gelinotte,
gell,oversell,retell,manuel,cel,citadel,raphael,barbell,zinfandel,mell,repel,clientele,foretell,chanel,isabel,well,propel,intel,dell,el,morel,noel,undersell,bluebell,hotel,ravel,bombshell,belle,fidel,stairwell,sel,bell,knell,compel,nell,rebel,bethel,groundswell,gazelle,expel,dwell,dispel,quell,lapel,parallel,pastel,gel,hell,farewell,rangel,seashell,impel,maxwell,accel,smell,befell,snell,personnel,cowbell,l,resell,doorbell,tell,del,michelle,tel,ell,motel,pell,nobel,sell,cell,fell,shell,excel,marcel,mel,yell,spell,materiel,adele,nutshell,carousel,bel,elle,dumbbell,mademoiselle,misspell,carmel,jell,carel,quel,decibel,aol,infidel,cartel,swell,caravel,eggshell,outsell
gellant,
gellants,
gelled,gutfeld,spelled,copperweld,feld,swelled,weisfeld,rebelled,misspelled,weald,dispelled,stelled,belled,schonfeld,felled,dwelled,zeppenfeld,yelled,weidenfeld,compelled,silbergeld,grossfeld,rehfeld,rumsfeld,repelled,knelled,brachfeld,underwithheld,paralleled,threlkeld,klynveld,handheld,kleinfeld,excelled,meierfeld,obstfeld,unparalleled,celled,cornfeld,upheld,jelled,held,shelled,steinfeld,greenfeld,vandevelde,westerfeld,impelled,neufeld,fjeld,meld,schoenfeld,expelled,koenigsfeld,weld,withheld,propelled,smelled,hassenfeld,weinfeld,seefeld,hausfeld,vandervelde,welled,rosenfeld,wolsfeld,quelled,felde
geller,sheller,mckeller,bookcellar,cellar,peller,behler,marsteller,sneller,keller,rathskeller,kellar,seller,steller,gfeller,mackellar,langella,kneller,bookseller,teffeteller,mckellar,heller,sellar,lamellar,larzelere,smeller,zeller,meller,dehler,melear,bestseller,rockefeller,beller,propeller,dweller,feller,queller,teller,schneller,weller,sweller,drumheller,mellor,scheller,bellar,wehler,storyteller,crassweller,kaehler,reseller,speller,mehler,shelor,reller,neller,eller,interstellar,stellar,deller,ehler,yeller,kehler
gellert,ellert,ehlert,dellaert
gelly,welly,capelli,vitelli,smelly,wellie,shelley,mancinelli,belly,delee,marinelli,signorelli,santarelli,romanelli,torelli,fanelli,cassinelli,altobelli,cinelli,borelli,pacelli,reli,chelae,elly,minelli,kelli,covelli,brunelli,puccinelli,meli,telly,castelli,melli,novelli,spinelli,donatelli,belli,shelly,melly,allele,stelae,kellie,fiorelli,minnelli,cappelli,deli,petrocelli,schelly,okelly,elie,ellie,celie,tele-,locatelli,torricelli,miceli,tele,delhi,celli,stelly,santelli,pasquarelli,agnelli,jelly,riopelle,morelli,gabrielli,beli,helly,cheli,nelly,felly,underbelly,angeli,saltarelli,skelly,piscitelli,kelley,martelli,cellae,nellie,mellie,machiavelli,roselli,antonelli,nelli,bonelli,zeffirelli,campanelli,helie,kelly
gelligaer,
gelling,delling,excelling,foretelling,misspelling,welling,quelling,compelling,yelling,melling,spelling,flewelling,dwelling,schelling,smelling,celling,elong,paralleling,rebelling,underselling,stelling,retelling,telling,shelling,lewelling,kelling,felling,outselling,meling,bestselling,behling,snelling,helling,propelling,repelling,gehling,fehling,quellung,expelling,wehling,storytelling,schmeling,dispelling,knelling,belling,overselling,selling,stehling,rappelling,jelling,mehling,swelling,reselling,rehling
gellman,bellman,helman,felman,shelman,selmon,stellman,hellman,melman,pellman,spellman,zellman,shellman,belman,ellman,zelman,ellmann,fehlman,ehlmann,elman,fellman,delman,selman,mellman,gelman,relman,hellmann,kellman,mehlman,spelman,elmen,sellman,bellmon,wellman,kelman
gelman,bellman,helman,felman,shelman,selmon,stellman,hellman,melman,pellman,spellman,zellman,shellman,belman,ellman,zelman,ellmann,fehlman,ehlmann,gellman,elman,fellman,delman,selman,mellman,relman,hellmann,kellman,mehlman,spelman,elmen,sellman,bellmon,wellman,kelman
gelndesprung,
gelofer,
gelofre,
gelogenic,
gelong,
gelonus,
geloscopy,
gelose,tullos,pilose,filose,kyloes,xylose,villose
gelosie,
gelosin,
gelosine,
gelotherapy,
gelotometer,
gelotoscopy,
gelototherapy,
gels,dispels,cels,bels,snackwells,seashells,elles,dells,cells,tells,bombshells,rothwells,frels,barbells,nutshells,propels,organelles,bluebells,rintels,resells,helles,outsells,shells,belz,pangels,welz,swells,excels,dumbbells,motels,gazelles,parallels,misspells,compels,pels,eggshells,pastels,hells,smells,hotels,repels,spells,lapels,quells,schmelz,nelles,welles,knells,ells,rebels,nels,sells,els,belles,kells,jells,nehls,yells,stairwells,farewells,wells,pelz,novotels,fels,cartels,selz,dwells,cowbells,michels,gelles,materiels,telles,bells,fells
gel's,
gelsemia,
gelsemic,
gelsemin,
gelsemine,
gelseminic,
gelseminine,
gelsemium,
gelsemiumia,
gelsemiums,
gelsenkirchen,
gelt,
gelts,
gelugpa,
gem,klem,djembe,cardizem,prem,m,brehm,brem,stemm,demme,temme,them,compuchem,chem-,gemme,hemm,emme,raychem,chem,bethlehem,pm,klemm,klemme,schemm,gehm,diltiazem,jem,remme,condemn,hemme,fm,hem,lem,clem,femme,bem,medchem,rem,lemm,kehm,ppm,temne,rehm,swem,mayhem,difm,khem,em,kem,blehm,schwemm,pgm,diadem,phlegm,rpm,rhem,behm,alem,stem,mgm,dehm
gemara,femora,femara
gemaric,emerich,hemmerich,emmerich,emerick
gemarist,demerist,memorist
gematria,
gematrical,
gematriot,
gemauve,
gem-bearing,
gem-bedewed,
gem-bedizened,
gem-bespangled,
gem-bright,
gem-cutting,
gem-decked,
gemeinde,
gemeinschaft,
gemeinschaften,
gemel,demel,tsemel,emel,tremmel,remmel,memel,tremel,gemmill,emmel,schemel,schemmel,hemmel,hemal,semel,gemul,zemel,treml,semmel,gemmell,hemel
gemeled,
gemelled,
gemellion,
gemellione,
gemellus,
gemels,
gem-engraving,
gem-faced,
gem-fruit,
gem-grinding,
gemina,proserpina,medina,purina,fraena,jena,sabina,selena,serafina,magdalena,zena,gardena,irina,krajina,mena,faena,valentina,ballerina,serena,georgina,martina,macarena,lena,concertina,rina,melvina,quina,salina,ianthina,pyrena,herzegovina,xena,marina,cortina,sabena,nina,avina,messina,jeana,florentina,seraphina,rowena,tina,sardina,dina,sheena,domina,athena,covina,edina,ina,cantina,vaccina,cadena,katrina,spina,neenah,dena,christina,vina,erina,gina,rena,angelina,siena,pina,vena,philomena,hercegovina,alcina,semolina,argentina,adina,mina,hyena,arena,rosina,patina,lina,albina,catena,subpoena,sabrina,alina,celina,verbena,bina,davina,catalina,farina,regina,latina,cristina,gallina,reina,molina,bettina,galena,veena,cartagena
geminal,feminal,seminal,gemonil
geminally,
geminate,conflate,accommodate,weight,trait,disseminate,gait,appreciate,rate,fate,graduate,profligate,ameliorate,dedicate,date,consummate,spate,obviate,inculcate,advocate,emulate,surrogate,associate,procrastinate,cultivate,relate,subordinate,consolidate,intimate,innate,gate,corroborate,initiate,arrogate,abdicate,vacillate,straight,alternate,designate,articulate,integrate,adequate,debate,dissipate,extrapolate,incorporate,facilitate,propagate,emanate,mate,slate,elucidate,mitigate,great,estate,abate,delegate,update,separate,denigrate,resonate,indicate,evaluate,repudiate,anticipate,rait,late,plate,communicate,wait,abrogate,contemplate,deliberate,coordinate,assimilate,elaborate,appropriate,commiserate,exacerbate,mandate,precipitate,freight,reiterate,collate,stipulate,obfuscate,estimate,predicate,celebrate,collaborate,manipulate,state,delineate,moderate,compensate,desolate,postulate,create,demonstrate,deprecate,alleviate
geminated,
geminately,
geminates,
geminating,
gemination,semination
geminations,
geminative,
gemini,reply,we,tea,guy,z,ski,tie,apogee,verify,y,rely,d,v,deny,snee,quay,apply,g,alibi,c,degree,b,key,hyperbole,wry,decry,pea,reality,plea,nigh,foresee,ply,eye,exemplify,wee,guarantee,lie,dye,sea,goodbye,flee,by,hi,fry,belie,lee,decree,t,debris,rectify,bee,idiosyncrasy,indemnify,fly,why,supply,try,marquee,me,glee,my,ratify,sky,agree,tree,imply,see,tee,shy,be,syncope,three,ally,buy,butterfly,free,high,alumni,nee,oversee,defy,i,e,sly,de,justify,ai,p,clarify,pie,fee,cry,thereby,dry,awry,identify,die,comply,tv,vie
geminian,hominian
geminiani,
geminid,
geminiflorous,
geminiform,
geminis,
geminius,
geminorum,
geminous,jemminess
geminus,
gemitores,
gemitorial,
gemless,
gemlich,
gemlike,
gemma,crema,klema,zuidema,stemma,bultema,dilemma,miedema,rhema,lemma,postema,trema,hema-,cbema,aardema,lodema,karema,mellema,medema,emma,lemme
gemmaceous,
gemmae,semi-,cangemi,jemmy,demi,mckemie,semi,chillemi,hemy,microsemi,jemie,salemi,remi,stemmy,emmy,gangemi,remy,remmy,gemmy,buscemi,rovaniemi,hemi-,jemmie,chemie,demi-,phlegmy,clemmy,emmie,chemi,emmi,clemmie,chemi-,lemmie
gemman,
gemmary,demary
gemmate,nemat-,memmott,emmott,nemat,gemot,jemmott,hemet,hemat,mehmet,hemat-
gemmated,
gemmates,
gemmating,
gemmation,
gemmative,
gemmed,emde,condemned,fremd,chemed,hemmed,clemmed,stemmed
gemmel,
gemmell,demel,gemel,tsemel,emel,tremmel,remmel,memel,tremel,gemmill,emmel,schemel,schemmel,hemmel,hemal,semel,gemul,zemel,treml,semmel,hemel
gemmeous,
gemmer,schwemmer,behmer,kemmer,lemere,kraemer,clemmer,demmer,wemmer,dehmer,stemmer,lemmer,mclemore,klemmer,lehmer,slemmer,bremmer,hemmer,schlemmer,brehmer,tremor,lemarr,memmer,flemmer,rehmer,emmer
gemmery,
gemmy,semi-,cangemi,gemmae,jemmy,demi,mckemie,semi,chillemi,hemy,microsemi,jemie,salemi,remi,stemmy,emmy,gangemi,remy,remmy,buscemi,rovaniemi,hemi-,jemmie,chemie,demi-,phlegmy,clemmy,emmie,chemi,emmi,clemmie,chemi-,lemmie
gemmier,
gemmiest,
gemmiferous,
gemmiferousness,
gemmification,
gemmiform,
gemmily,
gemminess,
gemming,deming,lemming,leming,stemming,heming,condemning,fleming,flemming,hemming,demming
gemmingia,
gemmipara,
gemmipares,
gemmiparity,
gemmiparous,
gemmiparously,
gemmoid,
gemmology,gemology
gemmological,
gemmologist,
gemmologists,
gemmula,
gemmulation,
gemmule,emule
gemmules,
gemmuliferous,
gemoets,
gemology,gemmology
gemological,zymological,gnomological,pomological,nomological
gemologies,
gemologist,
gemologists,
gemonies,
gemot,nemat-,memmott,emmott,nemat,jemmott,gemmate,hemet,hemat,mehmet,hemat-
gemote,camote,commote
gemotes,
gemots,
gemperle,
gempylid,
gems,semmes,krems,stems,temse,thames,condemns,hems,crems,klemz,brems
gem's,
gemsbok,
gemsboks,
gemsbuck,
gemsbucks,
gemse,
gemses,
gem-set,
gemshorn,
gem-spangled,
gemstone,touchstone,whetstone,known,cone,flown,moan,throne,earphone,simone,sloan,stone,moonstone,shone,cobblestone,silicone,condone,roan,headphone,hone,atone,groan,limestone,sown,collarbone,tone,loan,anemone,saxophone,lone,mon,strown,leone,drone,argonne,keystone,monotone,cyclone,gladstone,cornerstone,overtone,mone,homophone,brownstone,megaphone,zone,disown,prone,blown,sewn,jawbone,own,scone,milestone,cologne,xylophone,telephone,fone,cicerone,alone,unknown,allophone,backbone,phone,capstone,testosterone,crone,sharon,shown,t-bone,postpone,rone,overblown,rhinestone,bone,acetone,rhone,microphone,headstone,francophone,joan,baritone,overthrown,thrown,grown,tombstone,ozone,bemoan,undertone,pheromone,clone,trombone,hormone,homegrown,millstone,capone,lodestone,chaperone,intone
gemstones,tombstones,groans,homophones,halftones,madstones,pheromones,joens,lones,earphones,microphones,businessphones,undertones,phones,trombones,chaperones,cobblestones,cheekbones,airfones,bemoans,condones,flintstones,hipbones,roans,overtones,clones,rhinestones,goens,scones,cyclones,koans,backbones,hailstones,limestones,headphones,baritones,quinones,knowns,saxophones,bones,zones,intones,owns,thoennes,crossbones,telephones,fones,daimones,cherrystones,megaphones,flagstones,jones,gravestones,sones,mones,stones,lohnes,interacciones,milestones,hormones,rhys-jones,cones,goans,loans,gallstones,cornerstones,crones,silicones,trones,hones,allophones,moans,leones,unknowns,thrones,moonstones,postpones,soens,drones,romanones,headstones,tones,gladstones,reesjones,keystones
gemuetlich,
gemuetlichkeit,
gemul,demel,gemel,tsemel,emel,tremmel,remmel,memel,tremel,gemmill,emmel,schemel,schemmel,hemmel,hemal,semel,zemel,treml,semmel,gemmell,hemel
gemuti,
gemutlich,
gemutlichkeit,
gemwork,
gen,benne,minutemen,comedienne,kren,adrienne,henne,duchenne,hen,bren,ben,venn,tenne,glenn,antenne,benn,cnn,clergymen,jen,airmen,madeleine,sven,nexgen,cheyenne,sen,yen,playpen,men,handymen,henn,sten,renne,again,cayenne,tien,wen,parisienne,then,en,middlemen,sdn,behn,tenn,chretien,turkmen,penh,glen,ken,biogen,ten,shen,den,fenn,len,lpn,plzen,penn,phen,when,n,penne,shenzhen,gren,zen,almaden,pen,asean,ren,denn,chen,bullpen,gunmen,businessmen,yuen,fen,nguyen,chien,thegn,amen,wren,gwen,splen,senn
gen-,
gen.,
gena,lapenna,gerena,scatena,desena,maddalena,genna,larena,renna,ellena,fermenta,sena,jenna,laurena,antenna,plena,kenna,ena,delapena,alzena,bena,dellapenna,duena,penna,bene,crena,mckenna,ravenna,lorena,ognibene,sienna,henna,celena,quena,modena,camarena,brenna,senna,vienna,tena,menna,glenna,cesena,hegenna,erena,scena,frena,stena,madelena,sirena,pena
genae,behney,mckenney,antennae,seney,henney,leny,benney,denny,mckenny,sweney,moneypenny,pennae,glennie,steny,neni,mcclenny,renny,any,benny,venae,pennie,denney,kenney,penni,many,ankeney,henne,gwennie,penny,lenny,rennie,polimeni,henie,how-many,bennie,twenty,veney,plenty,gisenyi,leonie,jenni,jenney,beni,tenpenny,penney,yevgeny,aveni,dennie,clenney,fenny,lennie,heney,kenny,allegheny,jennie,tenney,glenny,tenny,saraceni,wenny,mcilhenny,freni,jenny,blenny,fenney
genal,lienal,thenal,venal,duodenal,weanel,penal,adrenal,kienle,espinal,renal,plenal
genapp,
genappe,menippe,genip
genapped,
genapper,
genapping,
genarch,
genarcha,
genarchaship,
genarchship,
genaro,
gendarme,harm,genpharm,charme,forearm,sharm,carme,ducharme,nonfarm,unarm,alarm,bpharm,farm,disarm,arm,novopharm,rearm,firearm,underarm,pharm,charm,smarm
gendarmery,
gendarmerie,
gendarmes,
gender,bittenbender,vender,zehnder,defender,tender,ender,trender,fasbender,kender,extender,zender,yender,schlender,einbender,wender,brendor,render,spender,allender,engender,eastender,bartender,pretender,fender,vendor,skender,challender,offender,stender,brender,lender,suspender,pender,contender,cavender,bender,blender,fassbender,splendor,transgender,surrender,slender,mender,sender,weekender,vandevender,endor,callender
gendered,tendered,untendered,engendered,rendered,surrendered
genderer,
gendering,surrendering,rendering,tendering
genderless,
genders,contenders,enders,fenders,offenders,defenders,tenders,renders,eastenders,spenders,lenders,endres,suspenders,vendors,pretenders,blenders,penders,senders,surrenders,venders,wenders,benders,bartenders,extenders
gender's,
gene,libertine,irene,intervene,feine,vaccine,sistine,machine,mien,canteen,peregrine,scene,screen,amphetamine,caffeine,internecine,convene,lien,leen,lean,byzantine,umpteen,preteen,hygiene,between,argentine,guillotine,foreseen,clean,trampoline,bean,ravine,obscene,mean,keen,demean,latrine,dean,quarantine,vien,queen,aberdeen,careen,limousine,kerosene,nene,green,wolverine,eugene,geraldine,magazine,halloween,labyrinthine,opaline,selene,mezzanine,tourmaline,augustine,protein,fifteen,sabine,gelatine,gasoline,undine,unforeseen,murine,agin,seen,philistine,aquamarine,jean,sardine,casein,holstein,baleen,spleen,evergreen,cuisine,wean,submarine,reconvene,florentine,treen,bromine,amin,mein,tangerine,glean,contravene,serene,sheen,preen,routine,saline,aniline,figurine,thirteen,clementine,marine,sunscreen,teen
geneal,
geneal.,
genealogy,geomorphology,mythology,gynecology,ontology,neurology,anthology,urology,ethology,dendrochronology,morphology,cosmetology,etiology,archeology,immunology,scientology,anthropology,microbiology,epistemology,cardiology,necrology,pomology,histology,numerology,deontology,sociology,virology,ology,geology,doxology,anesthesiology,chronology,criminology,mineralogy,serology,seismology,psychology,bacteriology,thanatology,enterology,zoology,limnology,penology,petrology,technology,pathology,oncology,otology,terminology,micropaleontology,scatology,toxicology,ideology,epidemiology,hymnology,apology,endocrinology,ornithology,rheology,entomology,topology,hematology,physiology,biotechnology,pharmacology,gerontology,cytology,paleontology,dermatology,graphology,archaeology,etymology,radiology,rheumatology,egyptology,meteorology,ethnology,theology,ophthalmology,cosmology,opthalmology,biology,ecology,mycology,embryology,astrology,kinesiology,methodology
genealogic,
genealogical,
genealogically,
genealogies,
genealogist,
genealogists,
genealogize,
genealogizer,
genear,
genearch,
geneat,
geneautry,
genecology,
genecologic,
genecological,
genecologically,
genecologist,
genecor,
geneen,libertine,irene,intervene,feine,vaccine,sistine,machine,mien,canteen,peregrine,scene,screen,amphetamine,caffeine,internecine,gene,convene,lien,leen,lean,byzantine,umpteen,hygiene,between,argentine,guillotine,foreseen,clean,trampoline,bean,ravine,obscene,mean,keen,demean,latrine,dean,quarantine,vien,queen,aberdeen,careen,limousine,kerosene,nene,green,wolverine,eugene,geraldine,magazine,halloween,labyrinthine,opaline,selene,mezzanine,tourmaline,augustine,protein,fifteen,sabine,gelatine,gasoline,undine,unforeseen,murine,agin,seen,philistine,aquamarine,jean,sardine,casein,holstein,baleen,spleen,evergreen,cuisine,wean,submarine,reconvene,florentine,treen,bromine,amin,mein,tangerine,glean,contravene,serene,sheen,preen,routine,saline,aniline,figurine,thirteen,clementine,marine,sunscreen,teen
geneina,
geneki,
geneology,
geneological,
geneologically,
geneologist,
geneologists,
genep,
genepi,
genera,lenora
generability,venerability
generable,venerable
generableness,
general,penril,snydergeneral,teneral
generalate,
generalcy,
generalcies,
generale,pal,sal,internacional,coufal,locale,mal,chagall,kal,doral,quesal,kral,shall,chaparral,pascale,amaral,institucional,thal,carbajal,royale,gal,schmal,roubal,lal,yigal,vidal,el-al,ralegh,perceval,chorale,huval,thraldom,bal,scall,guadalcanal,skall,hal,duval,lasalle,halle,pascal,commerciale,dolezal,cargal,unocal,maneval,reale,prchal,al,morale,malle,edival,vitale,corral,dal,val,wintershall,carvajal,nasional,devalle,cal,nadal,rationale,thralldom,canal
generalia,
generalidad,
generalific,
generalisable,
generalisation,
generalise,
generalised,
generalising,
generalism,
generalissima,
generalissimo,tornado,espresso,hello,foe,below,borrow,bestow,fallow,apropos,overthrow,calypso,flow,shadow,torso,snow,mow,crow,adagio,plough,grow,ratio,manifesto,o,throw,torpedo,bowe,lo,photo,tomato,row,dough,plateau,bio,buffalo,joe,virago,winnow,tempo,show,though,glow,co,ho,rococo,portico,micro,tow,glo,doe,although,aficionado,tomorrow,dado,roe,low,grotto,patio,escrow,potato,meadow,audio,slow,whoa,otto,rhino,tableau,yoe,undergo,hoe,studio,mo,go,veto,owe,radio,forego,cameo,forgo,vertigo,willow,no,rainbow,know,aglow,portfolio,hydro,coco,beau,woe,pro,so,sew,quo,blow,indigo,archipelago,gusto,toe
generalissimos,
generalist,
generalistic,
generalists,
generalist's,
generaliter,
generality,totality,impartiality,musicality,locality,fatality,instrumentality,triviality,materiality,collegiality,practicality,immortality,lethality,bisexuality,modality,confidentiality,personality,spirituality,universality,informality,geniality,functionality,tonality,hospitality,dimensionality,frugality,congeniality,commonality,finality,speciality,mortality,seasonality,abnormality,theatricality,nationality,vitality,banality,eventuality,bestiality,criticality,neutrality,centrality,constitutionality,illegality,liberality,principality,partiality,cyclicality,morality,mentality,impersonality,extraterritoriality,individuality,duality,conditionality,venality,legality,normality,municipality,punctuality,criminality,sexuality,proportionality,heterosexuality,immorality,originality,technicality,irrationality,brutality,plurality,rationality,sentimentality,unreality,formality
generalities,principalities,illegalities,personalities,technicalities,tonalities,abnormalities,nationalities,banalities,causalities,municipalities,fatalities,modalities,brutalities,legalities,localities,commonalities,formalities
generalizability,
generalizable,
generalization,reputation,configuration,preparation,remuneration,obligation,reconciliation,correlation,altercation,abbreviation,notation,quotation,motivation,remediation,pronunciation,affirmation,revelation,inclination,citation,conflagration,deviation,population,consternation,nation,discrimination,constellation,indignation,adaptation,station,proliferation,observation,determination,cooperation,litigation,transformation,sensation,relation,communication,dedication,translation,aspiration,manifestation,collocation,education,consideration,representation,rehabilitation,presentation,meditation,orientation,evaluation,gentrification,segregation,location,obfuscation,association,integration,affiliation,implication,innovation,ramification,medication,interpretation,variation,accommodation,connotation,transportation,administration,foundation,corporation,precipitation,conservation,aberration,articulation,salvation,inspiration,conversation,approbation,collaboration,abomination,dissertation,civilization,radiation,information,implementation,vacation,application,trepidation,compensation,expectation,generation,reservation,creation,organization,operation,situation,alliteration,designation,anticipation,appreciation,vocation
generalizations,regulations,creations,affirmations,applications,permutations,accusations,allocations,annotations,renovations,generations,carnations,associations,foundations,impatiens,corporations,congratulations,constellations,complications,fluctuations,appalachians,medications,illustrations,palpitations,variations,ministrations,alterations,nations,negotiations,specifications,immunizations,manifestations,ruminations,informations,adaptations,depredations,gyrations,aberrations,occupations,stations,patients,vibrations,connotations,expectations,combinations,allegations,appropriations,explanations,configurations,preparations,sensations,affiliations,celebrations,publications,observations,animations,abbreviations,implications,operations,ramifications,aspirations,stipulations,qualifications,recommendations,hallucinations,deviations,reparations,citations,relations,organizations,representations,denunciations,decorations,locations,accommodations,considerations,conversations,calculations,situations,revelations,deliberations,communications,cations,crustaceans,innovations,reservations,installations,tribulations,obligations,classifications,machinations,limitations,recriminations,telecommunications,indications,vacations,lacerations,altercations,denominations
generalization's,
generalize,devise,fries,analyze,emphasize,revise,amortize,arise,allies,pulverize,visualize,wise,ties,supervise,belies,energize,aggrandize,stabilize,apologize,rationalize,subsidize,prise,exercise,likewise,prioritize,plagiarize,epitomize,galvanize,revitalize,materialize,summarize,scrutinize,surmise,familiarize,baptize,polarize,synthesize,antagonize,guise,otherwise,finalize,mize,demise,guys,maximize,reprise,merchandise,eyes,enterprise,characterize,paralyze,marginalize,compromise,lies,despise,metastasize,hypothesize,emprise,capsize,apprise,chastise,advertise,ostracize,authorize,harmonize,synchronize,tantalize,franchise,optimize,surprise,proselytize,organize,jeopardize,comprise,criticize,sympathize,socialize,supplies,memorize,mobilize,recognize,improvise,rise,catalyze,capitalize,realize,size,crystallize,stigmatize,prize,patronize,mesmerize,disenfranchise,utilize,sunrise,advise,empathize,disguise,customize,minimize,flies
generalizeable,
generalized,scrutinized,circumcised,pressurized,metastasized,motorized,organized,criticized,standardized,excised,mechanized,surprised,exercised,analyzed,chastised,epitomized,improvised,hypnotized,urbanized,crystallized,specialized,naturalized,idealized,penalized,energized,jeopardized,characterized,underutilized,outsized,surmised,familiarized,apprised,authorized,pasteurized,disguised,synchronized,annualized,prised,marginalized,computerized,advertised,balkanized,antagonized,stabilized,desensitized,fossilized,personalized,emphasized,prized,utilized,disenfranchised,demoralized,normalized,patronized,subsidized,publicized,canonized,unrecognized,formalized,localized,stigmatized,comprised,categorized,homogenized,harmonized,polarized,civilized,unorganized,mesmerized,despised,recognized,unauthorized,stylized,ostracized,devised,caramelized,decentralized,itemized,finalized,disorganized,advised,globalized,sized,revised,apologized,compromised,realized,amortized,incised,capitalized,traumatized,customized,baptized,agonized,galvanized,undisguised,synthesized,capsized,centralized,paralyzed,oversized
generalizer,
generalizers,
generalizes,
generalizing,improvising,surprising,digitizing,antagonizing,characterizing,rationalizing,maximizing,standardizing,recognizing,moralizing,oxidizing,specializing,utilizing,stabilizing,verbalizing,devising,uprising,editorializing,temporizing,authorizing,neutralizing,sizing,unsurprising,despising,advertising,disguising,compromising,memorizing,harmonizing,polarizing,summarizing,unappetizing,lysing,aggrandizing,paralyzing,self-aggrandizing,synthesizing,revising,merchandising,destabilizing,wising,prioritizing,publicizing,capitalizing,revitalizing,womanizing,modernizing,fantasizing,apologizing,analyzing,jeopardizing,dehumanizing,demoralizing,galvanizing,crystallizing,realizing,monopolizing,chastising,socializing,subsidizing,comprising,alphabetizing,minimizing,supervising,finalizing,advising,enterprising,organizing,theorizing,immunizing,exercising,proselytizing,prizing,energizing,scrutinizing,mobilizing,visualizing,centralizing,normalizing,tranquilizing,appetizing,sanitizing,patronizing,ionizing,satirizing,mesmerizing,immobilizing,arising,criticizing,demonizing,customizing,downsizing,rising,emphasizing,stigmatizing,synchronizing,democratizing,amortizing,tantalizing,fraternizing
generall,
generally,
generalness,
general-purpose,
generals,
generalship,championship,equip,bip,nip,warship,governorship,chip,chairmanship,drip,thrip,dip,battleship,pip,brinkmanship,flagship,outstrip,kip,gunship,rip,companionship,censorship,steamship,sip,snip,distributorship,headship,dealership,apprenticeship,quip,gyp,bipartisanship,brinksmanship,microchip,tip,trusteeship,hip,dictatorship,proprietorship,slip,zip,ownership,professorship,lip,clip,upmanship,unzip,membership,skip,lightship,receivership,sponsorship,authorship,crip,spaceship,craftsmanship,stewardship,scrip,fellowship,flip,ip,grip,workmanship,airstrip,courtship,consulship,grippe,blip,whip,one-upmanship,sportsmanship,partisanship,leadership,relationship,citizenship,showmanship,fingertip,roundtrip,starship,scholarship,strip,homeownership,ship,gamesmanship,directorship,partnership,internship,yip,readership,conservatorship,kinship,airship,trip
generalships,
generalty,
,
