germinogony,
germiparity,
germiparous,
germiston,khan,moron,forgone,phenomenon,neutron,pecan,chiffon,han,ron,agamemnon,upon,con,lawn,epsilon,swan,radon,braun,liaison,marathon,baton,yon,pylon,parmesan,sean,paragon,gone,carillon,oberon,capon,don,lexicon,aragon,juan,denouement,crayon,tron,coupon,pantheon,brawn,pentagon,wan,echelon,salon,drawn,automaton,meson,flawn,axon,spawn,yawn,john,antiphon,bygone,octagon,yuan,foregone,iran,hogan,on,emoticon,oman,babylon,oregon,mastodon,nylon,argon,dawn,woebegone,polygon,amadon,gabon,micron,aileron,non,rapprochement,withdrawn,prawn,fawn,pawn,pion,hon,bon,proton,quan,photon,hexagon,avalon,exon,amazon,celadon,boron
germless,firmless,termless
germlike,
germling,
germon,
germproof,
germs,silkworms,worms,terms,squirms,sperms,confirms,therms,reaffirms,affirms,cutworms,berms,midterms,firms,earthworms,herms
germ's,
germule,spermule
gernative,
gernhard,
gernitz,
gerocomy,
gerocomia,
gerocomical,neurochemical,pyrochemical
geroderma,
gerodermia,
gerodontia,
gerodontic,
gerodontics,
gerodontology,
gerome,tarom,harem,lerum,arum,ceram,ferrum,geserum
geromorphism,
gerona,
geronimo,forgo,hydro,dough,shadow,patio,rainbow,o,audio,calypso,dado,tomato,throw,adagio,espresso,so,borrow,bestow,flow,plough,tempo,mow,tow,mo,ratio,overthrow,indigo,crow,know,micro,radio,sew,escrow,glo,portico,quo,co,undergo,roe,tableau,willow,snow,beau,grotto,winnow,tornado,yoe,coco,no,though,lo,portfolio,doe,hoe,rococo,glow,slow,bio,apropos,ho,meadow,whoa,aficionado,below,woe,potato,manifesto,cameo,joe,blow,virago,photo,pro,go,rhino,archipelago,gusto,grow,bowe,torso,studio,aglow,buffalo,vertigo,veto,row,although,forego,torpedo,toe,plateau,show,fallow,owe,otto,tomorrow,hello,low,foe
geronomite,
geront,
geront-,
gerontal,
gerontes,parents,barents,grandparents
gerontic,marantic
gerontine,
gerontism,
geronto,geronto-
geronto-,geronto
gerontocracy,
gerontocracies,
gerontocrat,
gerontocratic,
gerontogeous,
gerontology,anthology,toxicology,terminology,histology,anesthesiology,cosmology,deontology,thanatology,micropaleontology,mythology,biotechnology,ology,ideology,physiology,endocrinology,serology,microbiology,entomology,immunology,topology,hematology,seismology,numerology,pomology,limnology,dermatology,geology,radiology,ornithology,oncology,cytology,necrology,doxology,rheumatology,paleontology,psychology,cardiology,methodology,graphology,epistemology,opthalmology,anthropology,chronology,archaeology,ophthalmology,ethnology,urology,etiology,embryology,scatology,cosmetology,sociology,zoology,technology,virology,genealogy,ecology,epidemiology,otology,ethology,criminology,pathology,scientology,petrology,etymology,meteorology,archeology,pharmacology,morphology,enterology,hymnology,gynecology,egyptology,kinesiology,apology,ontology,geomorphology,rheology,dendrochronology,mineralogy,astrology,mycology,theology,neurology,bacteriology,penology,biology
gerontologic,
gerontological,
gerontologies,
gerontologist,opthalmologist,serologist,immunologist,oncologist,physiologist,necrologist,zoologist,paleontologist,ethnomusicologist,anthropologist,microbiologist,endocrinologist,criminologist,apologist,oligist,pharmacologist,pathologist,sociologist,virologist,anesthesiologist,radiologist,creatologist,entomologist,technologist,sovietologist,scientologist,geologist,dermatologist,psychologist,gynecologist,epidemiologist,seismologist,archaeologist,volcanologist,meteorologist,ecologist,ologist,urologist,ideologist,musicologist,ophthalmologist,mineralogist,neurologist,cardiologist,biologist,climatologist,toxicologist,rheumatologist,kremlinologist
gerontologists,
gerontomorphosis,
gerontophilia,
gerontotherapy,
gerontotherapies,
gerontoxon,
geropiga,
gerous,peris,ferous,pteris,merus,cerous,serous
gerousia,
gerrald,periled,jerrold,harold,jereld,imperiled,gerald,jerald,fitzgerald,barreled,harrold,perilled,herold,herald
gerrard,
gerrardstown,
gerres,wares,theres,hares,impairs,millionaires,backstairs,downstairs,armchairs,sayres,mares,ensnares,bankshares,pares,nightmares,fiduciares,shares,theirs,cares,snares,scares,fairs,flares,phares,legionnaires,chairs,lairs,stairs,daycares,questionnaires,berres,chaires,frontieres,americares,wheelchairs,bares,khmers,hairs,gehres,somewheres,unawares,blares,airs,bears,errs,billionaires,forebears,multimillionaires,ayres,freres,airfares,tears,heirs,squares,mairs,affairs,fares,stares,pears,declares,compares,prepares,glares,dares,upstairs,pairs,housewares,spares,bures,xers,repairs,faires,despairs,swears,jares,prayers,wears,thoroughfares
gerrhosaurid,
gerrhosauridae,
gerri,lapidary,extraordinary,culinary,arie,luminary,vary,visionary,blueberry,stationery,temporary,aerie,monetary,ordinary,judiciary,discretionary,parry,monastery,carry,nary,ferry,subsidiary,necessary,sedentary,cautionary,sanitary,hairy,very,pulmonary,huckleberry,berry,proprietary,fiduciary,primary,airy,apothecary,harry,imaginary,strawberry,ary,veterinary,unitary,arbitrary,bury,cemetery,beneficiary,literary,prairie,fairy,barre,vocabulary,mercenary,scary,raspberry,library,hereditary,secondary,revolutionary,dictionary,itinerary,tertiary,wary,tributary,epistolary,stationary,preliminary,marry,pecuniary,solitary,mulberry,ancillary,commentary,military,reactionary,mary,gooseberry,salutary,emissary,obituary,adversary,sanctuary,merry,tarry,unnecessary,february,secretary,confectionary,legendary,cherry,eyrie,customary,estuary,confectionery,missionary,contrary,contemporary,corollary,seminary,capillary,canary,dairy
gerry,lapidary,extraordinary,culinary,arie,luminary,vary,visionary,blueberry,stationery,temporary,aerie,monetary,ordinary,judiciary,discretionary,parry,monastery,carry,nary,ferry,subsidiary,necessary,sedentary,cautionary,sanitary,hairy,very,pulmonary,huckleberry,berry,proprietary,fiduciary,primary,airy,apothecary,harry,imaginary,strawberry,ary,veterinary,unitary,arbitrary,bury,cemetery,beneficiary,literary,prairie,fairy,barre,vocabulary,mercenary,scary,raspberry,library,hereditary,secondary,revolutionary,dictionary,itinerary,tertiary,wary,tributary,epistolary,stationary,preliminary,marry,pecuniary,solitary,mulberry,ancillary,commentary,military,reactionary,mary,gooseberry,salutary,emissary,obituary,adversary,sanctuary,merry,tarry,unnecessary,february,secretary,confectionary,legendary,cherry,eyrie,customary,estuary,confectionery,missionary,contrary,contemporary,corollary,seminary,capillary,canary,dairy
gerridae,cleridae,paradee,gerreidae,parody
gerrie,lapidary,extraordinary,culinary,arie,luminary,vary,visionary,blueberry,stationery,temporary,aerie,monetary,ordinary,judiciary,discretionary,parry,monastery,carry,nary,ferry,subsidiary,necessary,sedentary,cautionary,sanitary,hairy,very,pulmonary,huckleberry,berry,proprietary,fiduciary,primary,airy,apothecary,harry,imaginary,strawberry,ary,veterinary,unitary,arbitrary,bury,cemetery,beneficiary,literary,prairie,fairy,barre,vocabulary,mercenary,scary,raspberry,library,hereditary,secondary,revolutionary,dictionary,itinerary,tertiary,wary,tributary,epistolary,stationary,preliminary,marry,pecuniary,solitary,mulberry,ancillary,commentary,military,reactionary,mary,gooseberry,salutary,emissary,obituary,adversary,sanctuary,merry,tarry,unnecessary,february,secretary,confectionary,legendary,cherry,eyrie,customary,estuary,confectionery,missionary,contrary,contemporary,corollary,seminary,capillary,canary,dairy
gerrilee,
gerrymander,mcalexander,coriander,candor,aleksander,sjolander,rosander,skenandore,leander,stander,standre,mainlander,lander,bander,oleander,alexander,lysander,commander,mander,nederlander,vander,highlander,brander,scalamandre,subcommander,gander,grander,zander,rander,landor,evander,glander,aleksandr,calamander,blander,meander,bystander,sander,hander,sandor,candour,swartzlander,pander,salamander,stadtlander,ander,santander,slander
gerrymandered,nonstandard,slandered,standard,meandered,pandered,glandered,substandard
gerrymanderer,
gerrymandering,meandering,slandering,philandering,pandering
gerrymanders,standers,meanders,alexanders,bystanders,glanders,mainlanders,highlanders,ganders,zanders,handers,flanders,salamanders,sanders,manders,slanders,anders,subcommanders,branders,landers,commanders,panders
gerrit,marrett,barrett,lerot,terret,sherritt,cerat-,kerat,gehret,sherrit,kerat-,garret,sterrett,karet,demerit,parrot,berrett,karat,merrit,teret,jarrett,wherret,carrot,disparate,garrett,merit,merrett,verit,sterett,inherit,herat,merritt,parrott,garratt,cerat,meritt,ferret,carat,verrett
gers,
gersam,
gersdorffite,
gersham,
gershom,
gershon,exertion,reassertion,assertion,mershon,coercion,tertian,desertion,cistercian,insertion
gershonite,
gershwin,
gerson,macpherson,herson,iversen,chairperson,layperson,mcpherson,pherson,congressperson,urson,salesperson,berson,merson,person,worsen,persson,weatherperson,businessperson
gerstein,berstein,burstein,kerstein,derstine,kirstein
gerstner,
gersum,
gert,turret,undershirt,skirt,divert,quirt,girt,purt,evert,concert,wirt,extrovert,alert,exert,sweatshirt,dessert,kuhrt,disconcert,unhurt,lampert,birt,hurt,overt,mcguirt,schwerdt,blurt,kurt,spurt,peart,chert,hirt,berte,inert,erte,convert,boisvert,herdt,subvert,reassert,mcwhirt,invert,squirt,burtt,shirt,revert,avert,outskirt,assert,curt,bert,dilbert,miniskirt,desert,introvert,hert,mcgirt,humpert,insert,gumpert,thibert,hurtt,vert,pervert,kirt,burt,flirt,vanwert,wert,nightshirt,pert,dirt
gerta,
gerti,
gerty,roberti,bertie,berty,shirty,gertie,mirti,purtee,alberty,flirty,dirty,murty
gertie,roberti,bertie,berty,shirty,mirti,gerty,purtee,alberty,flirty,dirty,murty
gerton,
gertrud,gertrude
gertruda,
gertrude,gertrud
gertrudis,
gerund,errand,ferrand
gerundial,
gerundially,
gerundival,
gerundive,
gerundively,
gerunds,errands
gerusia,
gervais,okay,stray,gray,dismay,gay,sobriquet,quay,lingerie,gourmet,essay,ok,relay,bouquet,pray,play,way,survey,slay,mainstay,delay,anyway,fiance,dna,disarray,spray,astray,friday,grey,array,x-ray,cafe,fray,fillet,sway,inlay,dossier,repay,vertebrae,away,yea,pay,everyday,leeway,valet,soiree,sunday,decay,railway,yay,underway,holiday,betray,clay,nay,halfway,obey,usa,bay,re,cache,fey,hay,allay,buffet,convey,protege,waylay,asea,stay,tray,gateway,display,weigh,ray,ballet,jay,overlay,melee,bray,hey,portray,lei,k,say,sachet,latte,splay,cliche,heyday,resume,may,gainsay,lay,they,today,prey,entree,passe,j,day
gervao,
gervas,
gervase,mervis,serviss,disservice,purvis,foodservice,jervis,service,nervous,servis
gerzean,
ges,
gesan,
gesell,vessel,vessell,cresyl,dressel,chessil,hessel,fessel,chessel,kessel,graessle,tressel,chesil,vesel,cresol,kessle,sessile,estle,gessel,cresselle,trestle,wrestle,wessel,mesel,nessel,kessell,nestle,ressel,mescal,pressel,lescol,messel,kesel,wessell,wesil
gesellschaft,
gesellschaften,
geshurites,
gesith,
gesithcund,
gesithcundman,
gesling,embezzling
gesner,wesner,lesner,lessner,flessner,mesner,messner,besner,flesner,kessner,essner,resner,wessner,kesner,glessner,gessner
gesnera,
gesneraceae,
gesneraceous,
gesnerad,
gesneria,
gesneriaceae,
gesneriaceous,
gesnerian,
gesning,
gess,ts,abscess,ques,excess,oas,tess,presse,hesse,compress,aggress,repossess,egress,inverness,dss,wes,esse,finesse,requests,dress,uss,watercress,cress,ccs,outguess,reassess,address,ls,lcs,success,progress,jess,ess,press,bess,fesse,fluoresce,les,less,nevertheless,process,depress,attests,chess,es,cmos,s,nonetheless,express,largesse,profess,overdress,redress,regress,transgress,recess,convalesce,abs,possess,gress,yes,suppress,undress,hess,gesse,coalesce,access,digress,distress,ws,guess,ness,dispossess,fess,headdress,impress,noblesse,repress,acquiesce,bless,stress,mess,obsess,letterpress,confess,assess,cbs,caress,tress,fress,unless,nes,oppress,ines
gessamine,
gessen,
gesseron,
gessner,wesner,lesner,lessner,flessner,mesner,messner,gesner,besner,flesner,essner,resner,wessner,kesner,glessner,kessner
gesso,moreso,meso-,queso,enqueso,sassounguesso,expresso,besso,espresso,esso,proceso,bresseau
gessoed,
gessoes,
gest,depressed,compressed,accessed,rest,chest,best,infest,headrest,teste,dressed,acquiesced,slugfest,retest,guest,impressed,wrest,coalesced,congest,vest,messed,reinvest,brest,unimpressed,arrest,bequest,attest,northwest,stressed,drest,dest,west,invest,behest,backrest,blest,incest,guessed,feste,suggest,alkahest,caressed,digressed,transgressed,zest,molest,southwest,dispossessed,unrest,goldcrest,midwest,recessed,pest,fest,progressed,digest,detest,addressed,bucharest,repressed,lest,possessed,distressed,pressed,divest,jest,undressed,armrest,professed,breast,suppressed,confessed,prest,contest,test,geste,inquest,celeste,blessed,budapest,este,self-professed,abreast,assessed,obsessed,crest,protest,oppressed,nest,yest,expressed,ingest,finessed,manifest,request,quest,mest
gestae,
gestalt,
gestalten,
gestalter,
gestaltist,
gestalts,
gestant,restant,decongestant,contestant,questant
gestapo,swapo,troppo,hoppo,capo,tropo,taupo
gestapos,
gestate,collate,delegate,weight,anticipate,inculcate,appropriate,repudiate,evaluate,debate,slate,disseminate,celebrate,straight,gate,moderate,associate,indicate,mandate,denigrate,estimate,stipulate,predicate,freight,trait,delineate,separate,fate,emanate,update,articulate,arrogate,abdicate,gait,late,commiserate,abrogate,emulate,designate,elucidate,alleviate,demonstrate,communicate,integrate,mate,reiterate,resonate,initiate,create,intimate,date,coordinate,subordinate,contemplate,elaborate,procrastinate,conflate,adequate,spate,assimilate,state,surrogate,accommodate,alternate,advocate,collaborate,compensate,obfuscate,deliberate,vacillate,corroborate,wait,obviate,rate,consolidate,graduate,appreciate,facilitate,cultivate,estate,mitigate,propagate,desolate,ameliorate,dissipate,extrapolate,relate,postulate,exacerbate,manipulate,innate,abate,consummate,deprecate,profligate,incorporate,great,plate,dedicate,precipitate,rait
gestated,
gestates,
gestating,
gestation,affiliation,civilization,litigation,observation,conflagration,translation,corporation,situation,cooperation,alliteration,creation,generation,proliferation,accommodation,altercation,inspiration,notation,medication,appreciation,configuration,information,revelation,correlation,approbation,expectation,conservation,abbreviation,discrimination,station,quotation,meditation,obligation,remuneration,abomination,constellation,radiation,trepidation,vacation,location,relation,pronunciation,obfuscation,operation,manifestation,transformation,population,compensation,inclination,integration,collocation,gentrification,vocation,designation,affirmation,dissertation,rehabilitation,segregation,foundation,ramification,organization,aberration,adaptation,dedication,preparation,variation,motivation,conversation,implication,aspiration,reconciliation,anticipation,innovation,collaboration,connotation,education,citation,reputation,representation,salvation,remediation,precipitation,communication,association,evaluation,determination,nation,consideration,sensation,presentation,implementation,consternation,application,orientation,administration,articulation,reservation,interpretation,indignation,deviation,transportation
gestational,
gestations,
gestative,
gestatory,
gestatorial,
gestatorium,
geste,depressed,compressed,accessed,rest,chest,best,infest,headrest,teste,dressed,acquiesced,slugfest,retest,guest,impressed,wrest,coalesced,congest,vest,messed,reinvest,brest,unimpressed,arrest,bequest,attest,northwest,stressed,drest,dest,west,invest,behest,backrest,blest,incest,guessed,feste,suggest,alkahest,caressed,digressed,transgressed,zest,molest,southwest,dispossessed,unrest,goldcrest,midwest,recessed,pest,fest,progressed,digest,detest,addressed,bucharest,repressed,lest,possessed,distressed,pressed,divest,jest,gest,undressed,armrest,professed,breast,suppressed,confessed,prest,contest,test,inquest,celeste,blessed,budapest,este,self-professed,abreast,assessed,obsessed,crest,protest,oppressed,nest,yest,expressed,ingest,finessed,manifest,request,quest,mest
gested,
gesten,
gestening,
gester,
gestes,
gestic,domestic,majestic,sestak,estoc
gestical,
gesticulacious,
gesticulant,
gesticular,
gesticularious,
gesticulate,
gesticulated,
gesticulates,
gesticulating,
gesticulation,
gesticulations,
gesticulative,
gesticulatively,
gesticulator,
gesticulatory,
gestio,
gestion,
gestning,
gestonie,
gestor,
gests,
gestura,
gestural,
gesture,vesture
gestured,vestured
gestureless,
gesturer,
gesturers,
gestures,
gesturing,
gesturist,
gesualdo,
gesundheit,
geswarp,
ges-warp,
get,octet,baguette,piet,inlet,fret,coronet,sobriquet,outset,pret,parapet,minaret,asset,sunset,barrette,pet,set,inset,joliet,beset,pipette,quintet,silhouette,antoinette,soviet,suffragette,vedette,gazette,heavyset,flageolet,lafayette,roulette,brett,abet,let,outlet,upset,charrette,gimlet,yet,brunette,anisette,vet,jet,alphabet,tete,tet,reset,onset,quartet,debt,vette,sublet,net,et,stet,headset,corvette,duet,rosette,cassette,nett,regret,met,avocet,cigarette,forget,minuet,mindset,cornet,sweat,cabriolet,wet,bayonet,lorgnette,cadet,smet,vignette,offset,preset,baronet,ret,lett,colette,epithet,internet,subset,clarinet,ethernet,calumet,whet,marmoset,dragnet,typeset,sextet,tibet,chet,threat,beget,bet
geta,
getable,gettable,resettable,regrettable,unforgettable,forgettable,wettable,mehetabel
getae,
getah,
getas,poinsettias,zetas,thetas,operettas,vendettas
getatability,
get-at-ability,
getatable,
get-at-able,
getatableness,
get-at-ableness,
getaway,okay,stray,gray,dismay,gay,sobriquet,quay,lingerie,gourmet,essay,ok,relay,bouquet,pray,play,way,survey,slay,mainstay,delay,anyway,fiance,dna,disarray,spray,astray,friday,grey,array,x-ray,cafe,fray,fillet,sway,inlay,dossier,repay,vertebrae,away,yea,pay,everyday,leeway,valet,soiree,sunday,decay,railway,yay,underway,holiday,betray,clay,nay,halfway,obey,usa,bay,re,cache,fey,hay,allay,buffet,convey,protege,waylay,asea,stay,tray,gateway,display,weigh,ray,ballet,jay,overlay,melee,bray,hey,portray,lei,k,say,sachet,latte,splay,cliche,heyday,resume,may,gainsay,lay,they,today,prey,entree,passe,j,day
get-away,
getaways,iras,essays,paise,crays,graze,lase,delays,phrase,protease,braze,sais,sundays,anyways,strays,blaize,dase,chaise,displays,pathways,lyonnaise,blaze,baize,lays,phase,rays,glaze,mays,crase,rase,resumes,praise,daze,ukase,cliches,ablaze,clays,maze,polonaise,mase,blase,appraise,swayze,braise,aways,gaze,edgeways,x-rays,fraise,dais,bayes,trays,drays,holidays,relays,malaise,maize,amaze,arrays,mores,prase,airways,pais,faze,ways,blaise,entrees,craze,raze,baze,smaze,nowadays,cayes,mayonnaise,leis,hayes,weighs,maes,rnase,days,stays,gays,haze,sideways,pays,portrays,res,rephrase,plays,paraphrase,leys,folkways,bays,hase,always,outlays,raise,hays,conveys
getfd,
geth,
gether,
gethsemane,
gethsemanic,
getic,
getid,
getling,
getmesost,
getmjlkost,
get-off,
get-out,setout
getpenny,
getraer,
gets,rosettes,its,whets,litz,bits,nitz,glitz,splits,gretz,befits,fitz,cadets,lets,sweats,setts,silhouettes,pits,vignettes,minarets,fritz,offsets,sets,bitts,petz,getz,ritz,mitts,duets,grits,cigarettes,spits,handsets,assets,epithets,brits,resets,cassettes,hypocrites,letts,smits,sits,stets,schlitz,metz,transmits,skits,commits,fetz,chits,debts,upsets,mindsets,outfits,vets,shits,threats,schmitz,lits,pets,pritz,hetz,tzetze,writs,begets,critz,kits,lorgnettes,frits,soviets,quits,kitts,regrets,sitz,emits,knits,outlets,obits,bayonets,moritz,hits,frets,blitz,jets,mets,slits,statuettes,nets,armpits,fits,bets,acquits,wits,permits,admits,spitz,misfits,omits,betz
getspa,
getspace,
getsul,
gettable,getable,resettable,regrettable,unforgettable,forgettable,wettable,mehetabel
gettableness,
getter,retter,metter,stetter,wohlstetter,etter,pacesetter,better,tretter,rosentreter,debtor,trendsetter,wetter,yetter,sweater,geter,linkletter,jetter,shetter,setter,pipetter,vetere,petter,mettur,petre,fretter,tschetter,schetter,netter,letter,whetter,petar,petr,newsletter,vetter,bettor,ketter,detter,petr-,fetter,softletter
gettered,
gettering,kettering,bettering,fettering,lettering
getters,debtors,bettors,netters,sweaters,fetters,setters,newsletters,letters,etters,petters,betters,pipetters
getter's,
getty,binetti,fetty,tetty,petti,sweaty,bette,setty,perfetti,bonetti,simonetti,stretti,righetti,letty,betty,peretti,pettie,bassetti,benetti,confetti,galletti,aimetti,ferretti,fretty,hettie,brunetti,fischetti,spaghetti,andretti,rossetti,micheletti,cappelletti,reti,mazzetti,jettee,dalgety,vietti,marchetti,petit,detty,netty,benedetti,donizetti,paoletti,setae,salvetti,ettie,coletti,pretti,giacometti,etty,vendetti,debtee,olivetti,giannetti,angeletti,teti,antonetti,moretti,lettie,civiletti,fioretti,leonetti,briccetti,yeti,corsetti,serengeti,petty,pettey,allegretti,lorenzetti,jetty,betti,bartoletti,colletti,nettie,doretti,settee,nicoletti,pedretti,aletti,hetty,rosetti,poletti
getting,bletting,thermosetting,besetting,submitting,bloodletting,petting,wetting,transmitting,counterfeiting,pitting,outwitting,fetting,quitting,befitting,jetting,betting,flitting,reseting,abetting,omitting,permitting,slitting,whitting,resubmitting,begetting,admitting,refitting,letting,bitting,witting,typesetting,threating,outfitting,babysitting,retrofitting,fitting,setting,knitting,whetting,vetting,sweating,unremitting,regretting,hitting,interpreting,gritting,petong,emitting,retting,stetting,fretting,spitting,forgetting,committing,splitting,acquitting,netting,sitting,offsetting,upsetting,unwitting
gettings,settings
gettysburg,
get-together,birdfeather,mayweather,heather,sether,altogether,merriweather,meriweather,raether,fairweather,bellwether,wether,meriwether,grether,leather,together,tether,whether,feather,weather,nether,starkweather
get-tough,
getup,set-up,get-up,let-up
get-up,set-up,getup,let-up
get-up-and-get,
get-up-and-go,
getups,
getzville,
geulah,
geulincx,
geullah,
geum,
geumatophobia,
geums,
gev,
gevaert,gaubert,bekaert,gehrt,notebaert
gewgaw,
gewgawed,
gewgawy,
gewgawish,
gewgawry,
gewgaws,
gewirtz,stuarts,rewerts
gewrztraminer,
gex,
gez,
gezer,teazer,weaser,tresor,geezer
gezerah,
gezira,
gfci,
g-flat,
gftu,
gg,
ggp,
ggr,
gh,
gha,
ghaffir,
ghafir,
ghain,
ghaist,
ghalva,
ghan,
ghana,hanna,joanna,lana,morgana,thana,fontana,susannah,nanna,liliana,copacabana,saldana,gitana,cabana,hanau,susquehanna,sanna,italiana,humana,indiana,georgiana,jana,hannah,roxana,dannah,dahna,vanna,tanna,pestana,arcana,jnana,manna,bandana,panna,fianna,luana,rosanna,montana,sangha,louisiana,hana,levana,ariana,oceana,canna,savannah,susanna,chana,oriana,alana,orellana,piano,lanna,juliana,prana,tatiana,viana,quintana,texarkana,vana,tramontana,dianna,solana,campana,americana,mexicana,arianna,brianna,savanna,rana,arana,adriana,edana,nana,johanna,cana,tropicana,santa,danna,christiana,atlanta,havana,amana,santana,mariana,banana,urbana,pollyanna,gloriana,kana,anna,lantana,diana,grana,viviana,khanna,deanna,shana,dulciana
ghanaian,bryon,obrian,paraguayan,guyon,mayan,hawaiian,orion,obrien,fionn,ixion,cryan,ryan,lyon,himalayan,wian,prion,hsien,brian,fly-in,dion,xtian,tryon,hyun,lion,dian,ryen,uruguayan,ion,zion,stian,skien,ryon,mion,bryen,bryan,hsian,rion,prian,wion,dandelion,scion,chian,pryan,obryan,brion,brien
ghanaians,bryans,tie-ins,mayans,zions,lions,dandelions,lyons,hawaiians,ryans,prions,pions,ions,scions,triens
ghanian,pomeranian,pennsylvanian,mediterranean,arslanian,iranian,tasmanian,stepanian,vartanian,bahrainian,rumanian,hovnanian,albanian,lithuanian,franion,aslanian,ohanian,banian,tanzanian,romanian,panamanian,subterranean,ukrainian,jordanian
ghardaia,
gharial,narial
gharnao,
gharri,
gharry,montanari,laurie,sparry,furnari,altomare,colombari,zary,abare,lamarre,dimare,jarry,scolari,licari,lipari,degutare,gortari,shari,pary,safari,bottari,solari,callari,starry,sorry,calamari,macari,dibari,albukhari,cagliari,atari,amari,butare,callegari,bari,cundari,harare,ferrari,baldassari,legare,kuranari,vari,mascari,ansari,ulibarri,villari,canevari,ari,baldassarre,knarry,imari,zangari,vicari,popolare,anbari,mari,gari,baccari,frory,halbutogullari,hari,correi,lauri,saari,centauri,cribari,dicesare,bihari,baldassare,gaspari,massari,lohrey,funari,amakudari,molinari,sari,laari,decesare,chary,lazzari
gharries,
gharris,
gharry-wallah,
ghassan,
ghassanid,
ghast,chast,telecast,overcast,outlast,kast,glassed,downcast,fast,bypassed,comcast,bast,harassed,newscast,tillinghast,amcast,belfast,broadcast,brast,grassed,sassed,contrast,colorfast,classed,massed,typecast,polycast,plast,qualcast,clast,lambaste,nast,caste,simulcast,lightfast,blast-,ast,outcast,sandblast,rebroadcast,surpassed,past,last,enthusiast,flabbergast,prendergast,iconoclast,assed,blast,vast,aghast,passed,snast,steadfast,podcast,recast,miscast,precast,asked,mast,chloroplast,holdfast,amassed,mast-,gast,cast,pendergast,forecast,rast,unsurpassed,everlast,triplecast,gassed,hast,superfast,lymphoblast,outclassed
ghastful,mastful
ghastfully,
ghastfulness,
ghastily,
ghastly,steadfastly,lastly,fastly,astley,vastly
ghastlier,
ghastliest,
ghastlily,
ghastliness,
ghat,
ghats,mats,prats,spatz,at-bats,badavatz,laundromats,pussycats,atz,brickbats,pats,ratz,gnats,shatz,statz,blatz,bratsche,chatz,bratz,blats,lats,dats,splats,katz,habitats,brats,aristocrats,batz,rats,bahts,plutocrats,copycats,oshatz,frats,democrats,gatz,combats,doormats,rosenblatts,thermostats,coseratz,cats,patz,plats,platz,batts,thundercats,bureaucrats,bats,spats,matz,matts,sprats,acrobats,fats,ziggurats,lattes,gratz,satz,vats,bratsk,caveats,hats,diplomats,hatz,slats,stats,latz,formats,wombats,flats,tsatske,klatsch,scats,platts,chats,kratz,aerostats,kats,datz,schatz,technocrats,glatz,wildcats,nats,ratts,mattes,polecats,thats
ghatti,hattie,hatti,nattie,patty,flattie,tattie,attie,battey,cattie,patti,hatty,catty,latty,cratty,strati,fatty,gatty,cincinnati,chatty,tatty,natty,gatti,scatty,chati,mattie,bratty,batty,pattie,matty,ratty,satie,mcatee
ghatwal,
ghatwazi,
ghaut,caught,loquat,brought,fraught,apricot,ascot,cosmonaut,lot,alot,motte,wat,fought,cannot,dreadnought,gunshot,forgot,clot,onslaught,ought,ocelot,afterthought,jackpot,allot,bought,not,snapshot,robot,shot,swat,haut,knot,taught,scott,aquanaut,longshot,forethought,ott,lat,got,taut,rot,topknot,slingshot,aught,mascot,yacht,cot,lott,sadat,pot,mott,boycott,naught,jot,begot,whatnot,bott,croat,distraught,overwrought,spot,wrought,tot,ararat,hot,huguenot,thought,scattershot,juggernaut,baht,hotshot,argonaut,astronaut,earshot,plot,sot,teapot,snot,straught,scot,dot,aforethought,ot,squat,lotte,slot,watt,blot,potshot,pott,nought,crackpot,trot,camelot,sought,upshot
ghauts,
ghawazee,
ghawazi,
ghazal,hazel,hazle,nasal,vasal,phrasal,appraisal,faisal,reappraisal
ghazali,lazily
ghazel,
ghazi,yazzie,brazee,mazzie,jazzy,anasazi,snazzy
ghazies,
ghazis,
ghazism,
ghaznevid,
ghazzah,
ghazzali,
ghbor,
gheber,geber
ghebeta,
ghedda,
ghee,c,t,decree,banshee,cree,quay,agree,p,indri,pre,hee,gee,glee,foresee,yee,flea,dee,idiosyncrasy,qi,partee,xi,precis,di,free,de,sea,referee,v,asap,potpourri,calliope,syncope,thee,guaranty,me,nee,pea,key,ye,spree,carefree,bourgeoisie,manatee,plea,si,turnkey,three,apogee,sunday,lea,she,g,kabuki,e,repartee,see,debris,actuary,jubilee,hawaii,trustee,ski,tree,tv,he,tee,marquee,be,snee,bee,cc,knee,mi,scree,payee,esprit,d,machete,tea,flee,z,hyperbole,ac,we,pony,fee,ne,degree,b,oversee,lessee,marquis,lee,reality,nestle,wee,emcee,ree,pee,guarantee
gheen,lien,philistine,florentine,quarantine,spleen,umpteen,dean,amin,between,careen,saline,figurine,tourmaline,intervene,aquamarine,teen,bean,byzantine,sunscreen,sabine,eugene,libertine,trampoline,augustine,mezzanine,scene,caffeine,green,irene,cuisine,submarine,labyrinthine,clementine,seen,casein,peregrine,foreseen,murine,routine,halloween,undine,vien,mean,evergreen,convene,kerosene,mien,vaccine,protein,baleen,screen,obscene,lean,thirteen,keen,argentine,gasoline,jean,serene,holstein,amphetamine,aniline,demean,unforeseen,wean,fifteen,agin,canteen,tangerine,wolverine,gelatine,reconvene,glean,sheen,gene,guillotine,contravene,sardine,nene,preen,magazine,ravine,queen,aberdeen,marine,selene,machine,opaline,feine,mein,treen,limousine,sistine,hygiene,latrine,leen,geraldine,bromine,internecine,clean
gheens,
ghees,
gheg,
ghegish,
ghelderode,
gheleem,
ghent,segment,gwent,ent,ident,shent,sente,slent,dent,invent,advent,rent,disorient,frequent,gent,wendt,accent,ascent,cent-,extent,repent,dement,trent,outspent,mente,sent,event,fent,misspent,relent,dente,present,percent,occident,spent,bent,tashkent,president,content,lament,cement,brent,cent,tent,discontent,augment,overspent,malcontent,torment,indent,circumvent,zent,consent,prevent,lente,vent,ferment,pent,underrepresent,splent,glent,scent,dissent,underwent,convent,descent,kent,misrepresent,intent,represent,resent,lent,sprent,orient,unspent,supplement,stent,meant,wente,nonevent,reinvent,assent,went,blent,drent,broadbent
ghenting,
gheorghe,
gherao,
gheraoed,
gheraoes,
gheraoing,
gherardi,mardi,biscardi,gelardi,cardi,shardy,gagliardi,hardy,cardi-,clardy,pardy,debernardi,giardi,foolhardy,ricciardi,ilardi,leonardi,belgarde,hardi,hardie,lombardi,lagarde,nardi,tardy,gerardi,licciardi,bacardi,bernardi,viscardi,yardie,velardi,lardy,bernardy,velarde,girardi,hardey,cardy,pardee,bardy,berardi,mastronardi,longobardi,azzopardi,gilliardi,ierardi,riccardi,accardi,lusardi,gilardi,dioguardi,pardi,cardie
gherardo,
gherkin,churkin,gerken,kirchen,cirkin,gerkin,durkin,perkin,mirkin,merkin,clerkin,jerkin,gurkin,sirkin,peterkin,work-in,mcclurkin,berken,zircon,firkin
gherkins,burkins,firkins,perkins,jerkins
gherlein,
ghess,ts,abscess,ques,excess,oas,tess,presse,hesse,compress,aggress,repossess,egress,inverness,dss,wes,esse,finesse,requests,dress,uss,watercress,cress,ccs,outguess,reassess,address,ls,lcs,success,progress,jess,ess,press,bess,fesse,fluoresce,les,less,nevertheless,process,depress,attests,chess,es,cmos,s,nonetheless,express,largesse,profess,overdress,redress,regress,transgress,recess,convalesce,abs,possess,gress,yes,suppress,undress,hess,gesse,coalesce,access,digress,distress,ws,guess,ness,dispossess,fess,headdress,impress,noblesse,repress,acquiesce,bless,stress,mess,obsess,letterpress,confess,assess,cbs,caress,tress,fress,unless,nes,oppress,ines
ghetchoo,
ghetti,
ghetto,repetto,seto,raffetto,pradetto,debenedetto,loreto,palmetto,diloreto,muffoletto,brunetto,getto,perfetto,rossetto,veteto,segreto,loretto,dibenedetto,barreto,aceto,gretto,moretto,peveto,carbonetto,giannetto,barretto,petto,netto,balletto,stiletto,libretto,rigoletto,benedetto,neto,cueto,amaretto
ghetto-dwellers,
ghettoed,
ghettoes,ghettos,stilettos
ghettoing,
ghettoization,
ghettoize,minimize,prize,hypothesize,socialize,demise,merchandise,mobilize,utilize,eyes,criticize,galvanize,pulverize,prise,emprise,emphasize,proselytize,metastasize,customize,marginalize,arise,exercise,franchise,likewise,reprise,characterize,scrutinize,energize,materialize,supplies,chastise,ostracize,summarize,sunrise,baptize,authorize,supervise,disguise,advertise,finalize,maximize,compromise,plagiarize,stigmatize,disenfranchise,synchronize,recognize,lies,guise,despise,jeopardize,rationalize,surprise,devise,capsize,revitalize,amortize,otherwise,stabilize,patronize,mesmerize,subsidize,paralyze,enterprise,allies,organize,memorize,crystallize,analyze,familiarize,wise,harmonize,optimize,visualize,advise,tantalize,realize,sympathize,antagonize,surmise,guys,aggrandize,rise,belies,revise,apprise,empathize,comprise,mize,improvise,epitomize,size,apologize,capitalize,polarize,fries,ties,prioritize,flies,synthesize,catalyze
ghettoized,
ghettoizes,
ghettoizing,
ghettos,stilettos,ghettoes
ghi,
ghibelline,sibylline,zibeline
ghibellinism,
ghiberti,
ghibli,rubley,nubbly,hubli,hubley,kubly,doubly,bubbly
ghiblis,
ghyll,until,twill,anthill,drill,fulfill,foothill,tamil,grill,stil,will,crill,sill,refill,demille,bougainville,seville,ill,krill,til,jill,zil,mille,mandeville,overkill,pill,till,hornbill,gill,shrill,swill,brill,prill,distil,gil,nill,mil,zill,dphil,chill,molehill,sil,pil,trill,nil,il,fil,abril,phil,downhill,lille,shill,mill,windmill,rill,brazil,advil,bill,spill,fille,treadmill,wil,schill,kill,sawmill,bil,fill,distill,rille,handbill,belleville,landfill,grille,ville,thrill,instill,quill,uphill,albertville,still,skill,frill,goodwill,bastille,daffodil,lil,thill,standstill,deville,overfill,cowgill,dill,hill
ghillie,kylie
ghillies,cullies,stylise,valise,molise,alise
ghylls,
ghilzai,
ghiordes,
ghirlandaio,
ghirlandajo,
ghis,
ghiselin,
ghizite,
ghole,tole,stoll,viole,rol,blowhole,dhole,extol,stroll,pigeonhole,flagpole,glycerol,kol,noll,console,scole,whole,parole,bole,cubbyhole,pistole,loophole,pinhole,kohl,strowl,poll,tadpole,casserole,interpol,foal,toll,goal,walpole,charcoal,self-control,pole,fishbowl,rolle,sole,foxhole,glycol,knoll,bankroll,stol,patrol,skoal,payroll,troll,boll,stackpole,droll,enroll,soul,seoul,stole,seminole,role,sinkhole,trowl,monopole,chole,cajole,pothole,oriole,ole,nicole,manhole,dole,thole,scroll,shole,bowl,amphibole,redpoll,buttonhole,ecole,keyhole,control,strole,shoal,dipole,espanol,cole,coal,mole,atoll,hole,roll
ghoom,
ghorkhar,
ghost,cohost,foremost,khost,post,uppermost,glasnost,innermost,westcoast,northernmost,lamppost,coast,toste,suncoast,bundespost,guidepost,pancoast,most,anteriormost,host,riposte,outpost,engrossed,westernmost,utmost,post-,yost,sternpost,grossed,voest,seacoast,dosed,coste,droste,signpost,goalpost,boast,yoast,frowst,outermost,oste-,woeste,ivory-coast,amerihost,ost,dowst,overdosed,diagnosed,almost,roast,southernmost,moste,toast
ghostcraft,
ghostdom,
ghosted,hosted,coasted,posted,toasted,roasted,boasted
ghoster,
ghostess,
ghost-fearing,
ghost-filled,
ghostfish,
ghostfishes,
ghostflower,
ghost-haunted,
ghosthood,
ghosty,urioste,toastie,frowsty,toasty,decoste,postie,hostie
ghostier,
ghostiest,
ghostified,
ghostily,
ghosting,composting,boasting,posting,toasting,hosting,coasting,roasting
ghostish,
ghostism,
ghostland,
ghostless,hostless,boastless
ghostlet,
ghostly,hostly,mostly
ghostlier,
ghostliest,
ghostlify,
ghostlike,hitchhike,mosslike,spike,reich,carmike,ike,glasslike,warlike,pike,stike,eyelike,like,psych,dislike,tike,snakelike,skrike,doglike,klondike,turnpike,rike,plantlike,grasslike,wike,winglike,berrylike,shrike,dyke,homelike,bike,mike,strike,knifelike,vandyke,tyke,hike,dreamlike,leaflike,bleich,starlike,weich,psych-,wormlike,sharklike,dike,fyke,lyke,dyck,unlike,lifelike,workmanlike,glike,starchlike,alike,grike,eellike,gleich,ladylike,moonlike,updike,childlike,trike,teich,netlike,apelike,fanlike,catlike,wyke,fernlike,airstrike,platelike,lookalike,fike,saltlike,pyke,eich,needlelike,brike,unsportsmanlike,motorbike,swordlike,beaklike,hornlike,businesslike,birdlike,statesmanlike
ghostlikeness,
ghostlily,
ghostliness,
ghostmonger,
ghostology,
ghost-ridden,
ghosts,roasts,coasts,stemposts,hosts,cohosts,signposts,guideposts,lampposts,outposts,posts,jostes,toasts,boasts,sternposts
ghostship,
ghostweed,
ghost-weed,
ghostwrite,
ghostwriter,
ghost-writer,
ghostwriters,
ghostwrites,
ghostwriting,
ghostwritten,
ghostwrote,
ghoul,ridicule,istanbul,dreul,cruel,jewel,tuille,highschool,skool,blackpool,boulle,duell,dzhambul,cesspool,vestibule,abdul,rule,pool,joule,molecule,jule,overrule,bellefeuille,carpool,preschool,poole,sproule,retool,cool,boule,tuel,brule,buhl,supercool,raoul,kool,fool,tool,toole,uncool,boole,doole,goole,yule,liverpool,tulle,spool,whirlpool,juel,school,home-school,saccule,fuel,dule,buel,poul,bulle,dual,drool,misrule,mule,stool,raul,minuscule,thule
ghoulery,
ghoulie,
ghoulish,mulish,coolish,foolish,kulish
ghoulishly,foolishly,mulishly
ghoulishness,foolishness,mulishness
ghouls,tools,joules,dromgooles,overrules,rauls,preschools,whirlpools,fools,jewels,drools,agrifuels,spools,soules,lobules,cools,pools,rules,ridicules,jules,highschools,schools,stools,mules,gules,mavroules,uhls,molecules
ghq,
ghrs,
ghrush,
ghurry,
ghuz,
ghz,
gi,
gy,
gy-,
gi.,
giacamo,
giacinta,
giacobo,
giacometti,binetti,fetty,tetty,petti,sweaty,bette,setty,perfetti,bonetti,simonetti,stretti,righetti,letty,betty,peretti,pettie,bassetti,benetti,getty,confetti,galletti,aimetti,ferretti,fretty,hettie,brunetti,fischetti,spaghetti,andretti,rossetti,micheletti,cappelletti,reti,mazzetti,jettee,dalgety,vietti,marchetti,petit,detty,netty,benedetti,donizetti,paoletti,setae,salvetti,ettie,coletti,pretti,etty,vendetti,debtee,olivetti,giannetti,angeletti,teti,antonetti,moretti,lettie,civiletti,fioretti,leonetti,briccetti,yeti,corsetti,serengeti,petty,pettey,allegretti,lorenzetti,jetty,betti,bartoletti,colletti,nettie,doretti,settee,nicoletti,pedretti,aletti,hetty,rosetti,poletti
giacomo,docomo,pokomo
giacomuzzo,
giacopo,
giai,
giaimo,ramo,clemo,raimo,raymo,nicodemo,alaimo
gyaing,
gyal,
giallolino,
giambeux,
giamo,
gian,dione,dionne,deon,geon,freon,deion,leon,neon
giana,
gyani,
gianina,
gianna,
gianni,donnie,romani,satriani,dani,kewaunee,yani,johnie,bonney,ianni,onni,swaney,shawny,villani,doney,spaziani,cipriani,sawney,mani,connie,rani,scrawny,garmany,tawny,tehrani,yamani,faunae,bahraini,yamane,magnani,jani,advani,johnny,brawny,trapani,fabiani,damiani,barany,mauney,shawnee,rafsanjani,azerbaijani,otani,modigliani,leilani,sirianni,lani,graziani,conny,hemani,tawney,cassani,afghani,donee,cristiani,troiani,trani,sclafani,irani,urbani,bonnie,ronnie,germani,lonny,zani,nonie,armani,mariani,bongiovanni,albani,milani,lonnie,guiliani,ronny,celani,mohney,johnnie,lawny,giuliani,viviani,omani,centanni,ahwahnee,swanny,tani,pisani,guarani,pagani,giovanni,nonne,loni,donny,adjani,mastroianni,fulani,nonny,castellani,vonnie,bonny,johny
giannini,leontine,dildine,meanie,angelini,ardine,balentine,beanie,linguine,florine,orsini,perrine,agostini,genie,feeney,beany,sweeny,greeny,lentini,pini,wahine,genii,vini,rosine,houdini,spleeny,bartolini,verine,domine,deline,delphine,lienee,jeannie,piccinini,jeanie,martini,lepine,tweeny,albertini,sheeny,mancini,carine,reny,bellini,yemeni,greenie,bonine,maurine,toscanini,larine,eugenie,sweeney,pellegrini,celestine,mussolini,paganini,dini,fettuccine,meiny,aveline,ballentine,sabatini,bodine,guarini,cherubini,latini,rossini,seraphine,cellini,provine,leany,pacini,dorine,castine,marini,victorine,rini,gilbertine,queenie,cassini,mcsweeney,morini,santini,meany,lapine,bikini,lamborghini,teeny,weeny,zucchini,fini,baldini,heaney,fellini,teenie,feeny,maline,puccini,cabrini,bimini
giansar,
giant,riant,obryant,wiant,supergiant,bryant,pliant,wyant,alliant,scient,obriant,client,defiant,reliant,briant,compliant
giantesque,
giantess,scientists
giantesses,
gianthood,
giantish,
giantism,scientism
giantisms,
giantize,
giantkind,
giantly,pliantly,defiantly
giantlike,
giant-like,
giantlikeness,
giantry,
giants,clients,supergiants,fiants
giant's,
giantship,clientship
giantsize,
giant-sized,
giaour,wallflower,sowar,empower,sunflower,bauer,wildflower,flower,lauer,vower,trower,brainpower,mauer,brower,firepower,devour,shower,eisenhower,bellflower,airpower,brauer,superpower,hower,plower,overpower,mayflower,schauer,gower,dauer,sour,scour,manpower,dour,tower,willpower,coneflower,hightower,safflower,bower,cower,cornflower,sauer,hauer,glower,power,clower,auer,tauer,baur,flour,cauliflower,brougher,our,horsepower,hour
giaours,
giardia,
giardiasis,
giarla,
giarra,
giarre,
gyarung,
gyas,
gyascutus,
gyasi,
gyassa,
gyatt,
giauque,
giavani,
gib,grzyb,ad-lib,trib,bibb,jib,crib,squibb,glib,bib,nibbe,dibb,kibbe,mib,skibbe,gibb,cribb,corncrib,nib,lib,ib,rib,sib
gibaro,
gibb,grzyb,ad-lib,trib,bibb,jib,crib,squibb,glib,bib,nibbe,dibb,kibbe,mib,skibbe,cribb,corncrib,nib,lib,ib,rib,sib,gib
gibbals,
gibbar,
gibbartas,
gibbed,libbed,nibbed,ribbed,dribbed,dibbed,fibbed,bibbed,jibbed
gibbeon,
gibber,fibber,libber,drubber,tibur,slubber,jibber,cibber,dibber,dribber
gibbered,
gibberella,
gibberellin,
gibbergunyah,
gibbering,
gibberish,
gibberishes,
gibberose,
gibberosity,
gibbers,fibbers
gibbert,
gibbet,gibit,zibet,thibet
gibbeted,
gibbeting,
gibbets,rebuts,kibitz,kibbitz
gibbetted,
gibbetting,
gibbetwise,
gibbi,
gibby,sibbie,tribby,libbey,kibbey,tibby,tribbey,tibbie,sibby,bibby,kibei,kibby,libby
gibbie,
gibbier,
gibbing,fibbing,snubbing,bebung,rubbing,stubbing,dibbing,cubbing,bibbing,subbing,jibbing,grubbing,drubbing,blubbing,squibbing,scrubbing,nibbing,tubbing,slubbing,dubbing,clubbing,flubbing
gibbled,
gibblegabble,
gibble-gabble,
gibblegabbler,
gibble-gabbler,
gibblegable,
gibbles,
gibbol,
gibbon,gribben,fitzgibbon,mckibben,ibn,ribbon,plybon,gribbon,gribbin,mckibbin,mcgibbon,mckibbon,hibben
gibbons,gibbens,gibbins,fitzgibbons,ribbons,gribbins,bibbins
gibbonsville,
gibbose,globose,ribose
gibbosely,
gibboseness,
gibbosity,glebosity,globosity
gibbosities,
gibboso-,
gibbous,gibbus,vibices,rhibhus,ribhus
gibbously,
gibbousness,
gibbs,cribbs,kribs,bibbs,cribs,dribs,phibbs,ribs,tibbs,dibs,bibs,hibbs,nibs
gibbsboro,
gibbsite,
gibbsites,
gibbstown,
gibbus,vibices,rhibhus,gibbous,ribhus
gib-cat,tib-cat
gibe,scribe,ascribe,cyb,scheibe,imbibe,geib,circumscribe,miniscribe,scheib,inscribe,bribe,subscribe,unsubscribe,describe,oversubscribe,jibe,tribe,xscribe,streib,vibe,transcribe,prescribe,proscribe,diatribe
gybe,
gibed,jibed,unsubscribed,proscribed,undersubscribed,gybed,oversubscribed,bribed,scribed,kibed,imbibed,inscribed,subscribed,circumscribed,prescribed,transcribed,ascribed,described
gybed,jibed,gibed,unsubscribed,proscribed,undersubscribed,oversubscribed,bribed,scribed,kibed,imbibed,inscribed,subscribed,circumscribed,prescribed,transcribed,ascribed,described
gibel,cribble,thribble,cibol,hubbell,pubble,nybble,twibill,chesible,rubble,stubble,nubble,offshorable,dibol,fribble,bubble,chibbal,twibil,cybil,hubble,double,redouble,trouble
gibelite,
gibeon,
gibeonite,
giber,prescriber,strieber,fibre,reiber,streiber,kleiber,biber,cyber,tiber,transcriber,scriber,shriber,schreiber,hibor,scheiber,fiber,schriber,subscriber,shreiber,briber,cyber-,seiber,treiber
gyber,
gibers,
gibert,thibert,libert,sybert,vibbert,hibbert,sibert,nibert,dibert
gibes,proscribes,jibes,diatribes,bribes,ascribes,inscribes,subscribes,transcribes,describes,scribes,vibes,prescribes,tribes
gybes,
gibetting,
gib-head,
gibier,
gibil,
gibing,gybing,bribing,scribing,jibing,describing,inscribing,transcribing,subscribing,prescribing
gybing,gibing,bribing,scribing,jibing,describing,inscribing,transcribing,subscribing,prescribing
gibingly,
gibleh,
giblet,niblett
giblet-check,
giblet-checked,
giblet-cheek,
giblets,driblets,bublitz
gibli,
giboia,
giboulee,
gibraltar,faulter,malter,vaulter,winterhalter,defaulter,halter,saulter,stalter,balter,kalter,alter,walter,altar,salter,falter,psalter
gibran,khan,moron,forgone,phenomenon,neutron,pecan,chiffon,han,ron,agamemnon,upon,con,lawn,epsilon,swan,radon,braun,liaison,marathon,baton,yon,pylon,parmesan,sean,paragon,gone,carillon,oberon,capon,don,lexicon,aragon,juan,denouement,crayon,tron,coupon,pantheon,brawn,pentagon,wan,echelon,salon,drawn,automaton,meson,flawn,axon,spawn,yawn,john,antiphon,bygone,octagon,yuan,foregone,iran,hogan,on,emoticon,oman,babylon,oregon,mastodon,nylon,argon,dawn,woebegone,polygon,amadon,gabon,micron,aileron,non,rapprochement,withdrawn,prawn,fawn,pawn,pion,hon,bon,proton,quan,photon,hexagon,avalon,exon,amazon,celadon,boron
gibrian,
gibs,
gibsland,
gibson,ibsen,sibson
gibsonburg,
gibsonia,
gibsons,
gibsonton,
gibsonville,
gibstaff,
gibun,
gibus,ibis,ibices
gibuses,
gid,
gi'd,
giddap,
giddea,
giddy,kiddy,diddy,brydie,liddy,lydie,widdy,smiddy,sidi,kiddie,middy,priddy,twiddy,biddie,schmiddy,middie,biddy,bridie
giddyap,
giddyberry,
giddybrain,
giddy-brained,
giddy-drunk,
giddied,studied,ruddied,muddied,buddied,bloodied
giddier,buddier,studier,kiddier,ruddier,muddier,bloodier
giddies,
giddiest,ruddiest,bloodiest,muddiest
giddify,
giddy-go-round,
giddyhead,
giddy-headed,muddy-headed
giddying,muddying,bloodying,studying,buddying
giddyish,
giddily,bloodily,ruddily,muddily
giddiness,ruddiness,bloodiness,muddiness
giddinesses,
giddings,iddings
giddy-paced,
giddypate,
giddy-pated,
giddyup,
giddy-witted,
gide,
gideon,davidian,meridien,providian,didion,floridian,meridian,obsidian,antemeridian,ceridian
gideonite,
gidgea,
gidgee,
gidyea,
gidjee,
gids,
gie,
gye,
gieaway,
gieaways,
gied,
giefer,schiefer,liefer,schriefer,kiefer,griefer,reefer,keifer,schieffer,briefer,keiffer,sheaffer,kieffer,keefer
gieing,
gielgud,
gien,
gienah,
gier-eagle,
gierek,
gierfalcon,
gies,trapeze,appease,feces,sease,geez,sees,niese,manganese,teas,louise,damocles,sinhalese,taiwanese,portuguese,leas,chinese,maccabees,tease,pcs,freeze,reis,javanese,reprise,bees,squeeze,actuaries,seize,creaze,skis,indices,sneeze,emphases,guarantees,fees,belize,breeze,feaze,cheese,unease,maltese,trees,sleaze,peas,socrates,chemise,japanese,hercules,lees,displease,ease,antifreeze,oversees,munchies,pleiades,balinese,keys,aziz,mores,headcheese,wease,hypotheses,seas,bes,cantonese,idiosyncrasies,burmese,flees,degrees,wheeze,knees,siamese,tweeze,jeez,diocese,testes,agrees,dees,tees,striptease,chese,rameses,overseas,expertise,frieze,analyses,isosceles,fleas,these,please,journalese,disease,pleas,parentheses,cadiz,seese,attendees,pease
gyes,
giesecke,gneissic,gieseke,analgesic
gieseckite,
gieseking,
giesel,
giess,
giessen,
giesser,
gif,
gifblaar,
giff,glyph,hieroglyph,schiff,petroglyph,riffe,riff,gliff,clif,mcniff,biff,quiff,spiff,stiff,sniff,griffe,jif,diff,shiff,dif,tiff,mcgriff,cliffe,whiff,briarcliff,cliff,griff,kiff,liffe,skiff,liff,ziff,woodcliff,if
giffard,clifford,twiford,differed,sifford,liford,gifferd,byford,gifford,lyford
giffer,
gifferd,clifford,twiford,differed,sifford,liford,byford,gifford,giffard,lyford
giffgaff,
giff-gaff,
giffy,griffee,griffy,scyphi,biffy,iffy,riffey,liffey,diffee,whiffy,jiffy,miffy,spiffy,griffey,griffie,sniffy,niffy
giffie,
gifford,clifford,twiford,differed,sifford,liford,gifferd,byford,giffard,lyford
gifola,
gift,seadrift,forklift,fork-lift,biffed,drift,credithrift,tift,tiffed,rift,makeshift,tifft,boatlift,sealift,shrift,shoplift,airlift,adrift,clift,spendthrift,sniffed,aerolift,facelift,miffed,riffed,stiffed,whiffed,lift,sift,shift,swift,thrift
giftbook,
gifted,sifted,lifted,drifted,shifted,airlifted
giftedly,
giftedness,
giftie,
gifting,drifting,lifting,shoplifting,shifting,airlifting,weightlifting,uplifting,sifting
giftless,
giftlike,
giftling,
gift-rope,
gifts,shifts,miffs,ifs,hieroglyphs,petroglyphs,boatlifts,riffs,thrifts,rifts,forklifts,drifts,lifts,biffs,skiffs,stiffs,sniffs,diffs,cliffs,sifts,fifths,swifts,tiffs,airlifts,whiffs,aerolifts,fyffes
gifture,
giftware,earthenware,threadbare,mare,eyre,flare,welfare,cookware,snare,unfair,their,bair,fare,clair,fanfare,flair,thoroughfare,pear,pair,bear,malware,prayer,nowhere,err,underwear,mohair,ensnare,pare,lare,ere,square,hare,healthcare,elsewhere,questionnaire,extraordinaire,where,beware,lair,doctrinaire,airfare,scare,debonair,faire,mer,repair,cher,air,stair,nightmare,blare,armchair,ware,anywhere,declare,rare,heir,millionaire,childcare,timeshare,claire,daycare,swear,there,blair,tear,hardware,dispair,despair,aware,bare,forswear,care,affair,altair,compare,dare,hair,chair,prepare,aer,terre,share,everywhere,footwear,medicare,spare,guerre,warfare,unaware,fair,software,impair,solitaire,gare,wear,stare,glare,forebear
giftwrap,
gift-wrap,
gift-wrapped,
gift-wrapper,
giftwrapping,
gift-wrapping,
gift-wrapt,
gifu,
gig,gigue,digue,sigg,vig,mcquigg,stig,grigg,fig,sandvig,isgrigg,renege,whig,mig,rigg,pigg,swig,bigwig,prig,figge,zig,frigg,tig,pig,prigge,trygg,dig,brig,wig,trigg,zbig,brigue,quigg,big,twig,trig,sig,sprigg,rig,knigge,nigg,jig,twigg,wigg,figg
giga,
giga-,nigga,digga
gigabit,
gigabyte,rewrite,spite,plebiscite,luddite,incite,graphite,satellite,tight,light,bite,indite,copyright,knight,overnight,hindsight,smight,twilight,extradite,overwrite,lignite,smite,wight,site,downright,meteorite,indict,invite,byte,uptight,limelight,appetite,frostbite,height,fright,despite,flight,mite,neophyte,sight,fahrenheit,alright,trite,highlight,might,quite,rite,midnight,foresight,parasite,wright,recite,lite,goodnight,delight,excite,moonlight,apartheid,sleight,playwright,contrite,white,nite,expedite,cite,unite,kite,erudite,forthright,fortnight,bight,write,upright,backbite,bright,slight,night,finite,polite,tripartite,apatite,right,plight,underwrite,insight,twite,blight,oversight,spotlight,fight,recondite,website,feit,acolyte,alight,dight,brite,outright,sprite,ignite,hermaphrodite
gigabytes,spites,daylights,whites,mites,ammonites,seitz,spotlights,reunites,stites,reits,delights,crites,excites,extradites,bites,fights,flights,frites,overflights,rewrites,suburbanites,sights,mennonites,footlights,nights,acolytes,floodlights,cites,satellites,kites,heitz,rites,sprites,megabytes,neophytes,ignites,reitz,stylites,invites,apatites,parasites,heights,luddites,wrights,shiites,rights,shipwrights,geitz,sulfites,highlights,sites,headlights,playwrights,urbanites,lites,appetites,recites,brights,phagocytes,dogfights,skylights,nites,israelites,uprights,plights,socialites,bytes,backlights,copyrights,campsites,sleights,tights,blights,dolomites,smites,lymphocytes,writes,unites,incites,wights,soundbites,frights,jacobites,insights,slights,kilobytes,knights,lights,searchlights,flashlights
gigabits,
gigacycle,
gigadoid,
gygaea,
gigahertz,
gigahertzes,
gigaherz,
gigamaree,
gigameter,
gigant,
gigant-,
gigantal,
gigante,amarante,biamonte,wanty,montante,bellante,interrante,avanti,bustamante,pallante,brigante,amante,centofanti,morgante,delmonte,bonfanti,diamante,bracamonte,montie,demonte,elefante,fioravanti,ponti,galante,tonti,auntie,durante,morante,bronte,mazzanti,mercadante,benanty,barsanti,desanti,flaunty,monty,escalante,ferrante,assante,ponty,jaunty,musante,labonte,morganti,violante,montee,belmonte,monte,laplante,passante,belafonte,conti,aponte,traficante,monti
gigantean,
gigantes,
gigantesque,
gigantic,mechanic,midlantic,janicke,semantic,banach,volcanic,hovanec,romanik,germanic,stannic,koranic,cannock,chovanec,yanik,franek,subvolcanic,banick,nanak,bannick,botanic,frantic,brannick,manic,organic,jannock,stanek,bankatlantic,panic,atlantic,titanic,fanuc,janick,mazanec,hannoch,hispanic,oceanic,stefanik,ganic,szczepanik,tympanic,tanakh,galvanic,messianic,panek,romantic,janak,manak,transoceanic,mantic,panik,yanick,janik,bannock,zanuck,banik,antic,brannock,magellanic,telemecanique,danek,inorganic,sycophantic,transatlantic,gananoque,tannic,kanak,pedantic,satanic,urbanik,rappahannock,manik,stefanic,yannick
gigantical,
gigantically,
giganticidal,
giganticide,
giganticness,
gigantine,
gigantism,
gigantize,
gigantoblast,
gigantocyte,
gigantolite,
gigantology,
gigantological,
gigantomachy,
gigantomachia,
gigantopithecus,
gigantosaurus,
gigantostraca,
gigantostracan,
gigantostracous,
gigartina,
gigartinaceae,
gigartinaceous,
gigartinales,
gigas,
gigasecond,
gigaton,
gigatons,
gigavolt,
gigawatt,
gigawatts,
gigback,
gyge,
gigelira,
gigeria,
gigerium,
gyges,
gigful,
gigge,
gigged,rigged,twigged,bigged,digged,figged,jigged,wigged,pigged,sprigged,reneged
gigger,
gigget,drugget,mugget
gigging,reneging,digging,rigging
giggish,
giggit,
giggle,diggle,wigal,stigall,quiggle,squiggle,igel,wiggle,figel,sigl,sigel,riggle,jiggle,wriggle
giggled,
giggledom,
gigglement,
giggler,juggler,smuggler,wiggler,struggler
gigglers,
giggles,squiggles
gigglesome,
giggly,wiggly
gigglier,
giggliest,
giggling,wiggling,jiggling
gigglingly,
gigglish,
gighe,
gigi,keiji,gee-gee,luigi,squeegee,heagy,keagy,fiji
gygis,
gig-lamp,
gigle,
giglet,riglet
giglets,
gigli,snugly,squiggly,smugly,hugley,ugly,hughley,bigly,wriggly,hugli,fugly
gigliato,
giglio,coniglio,reviglio,bonfiglio
giglot,diglot
giglots,
gigman,
gigmaness,
gigmanhood,
gigmania,
gigmanic,
gigmanically,
gigmanism,
gigmanity,
gig-mill,
gignac,brignac
gignate,
gignitive,
gigo,
gigolo,
gigolos,
gigot,pigott,cliggott,frigate,piggott,ligget,bigot,liggett,spigot
gigots,
gigs,figs,bigs,briggs,digges,whigs,pigs,jigs,diggs,bigwigs,rigs,wiggs,biggs,migs,tiggs,griggs,spriggs,wigs,riggs,twiggs,phigs,digs,twigs,higgs,figgs,triggs,tigges,driggs
gigsman,
gigsmen,
gigster,
gigtree,
gigue,digue,sigg,vig,mcquigg,stig,grigg,fig,sandvig,isgrigg,renege,whig,mig,rigg,pigg,swig,bigwig,prig,figge,zig,frigg,tig,pig,prigge,trygg,dig,brig,wig,trigg,gig,zbig,brigue,quigg,big,twig,trig,sig,sprigg,rig,knigge,nigg,jig,twigg,wigg,figg
giguere,lepere,terai,devere,lamere,serai,farai,lavere,carrere
gigues,
gigunu,
giher,
gyimah,
gi'ing,
giinwale,
gij,
gijon,
gil,until,twill,anthill,drill,fulfill,foothill,tamil,grill,stil,will,crill,sill,refill,demille,bougainville,seville,ill,krill,til,jill,zil,mille,mandeville,overkill,pill,till,hornbill,gill,shrill,swill,brill,prill,distil,nill,mil,ghyll,zill,dphil,chill,molehill,sil,pil,trill,nil,il,fil,abril,phil,downhill,lille,shill,mill,windmill,rill,brazil,advil,bill,spill,fille,treadmill,wil,schill,kill,sawmill,bil,fill,distill,rille,handbill,belleville,landfill,grille,ville,thrill,instill,quill,uphill,albertville,still,skill,frill,goodwill,bastille,daffodil,lil,thill,standstill,deville,overfill,cowgill,dill,hill
gila,mattila,maquila,cheiloplasty,sheela,brambila,daquila,sheilah,leala,theophila,dellaquila,delila,lassila,abila,philomela,paella,aguila,vila,leila,piela,sheila,ila,lela,biela,isla,koskela,nila,bila,neala,opiela,sheelah,lila,deavila,korpela,pietila,tequila,anttila,neelghau
gilaki,
gilba,
gilbart,
gilbert,philbert,silbert,guilbert,hilbert,wilbert,filbert,gilberte
gilberta,egberta,ruperta,norberta,elberta,huberta,caserta,engelberta,thorberta,merta
gilbertage,
gilberte,philbert,guilbert,silbert,hilbert,wilbert,gilbert,filbert
gilbertese,
gilbertian,
gilbertianism,
gilbertina,argentina,adina,sardina,proserpina,nina,pyrena,farina,fraena,alcina,vaccina,messina,latina,herzegovina,rina,serena,krajina,verbena,martina,salina,gina,galena,lina,erina,jeana,quina,avina,catena,marina,davina,patina,reina,valentina,dina,mina,molina,neenah,sabrina,hyena,faena,athena,albina,sheena,cantina,alina,tina,rena,serafina,subpoena,covina,sabina,catalina,xena,rowena,lena,mena,bina,hercegovina,selena,arena,angelina,jena,pina,cadena,georgina,siena,vena,spina,edina,ianthina,purina,domina,bettina,dena,florentina,rosina,magdalena,christina,seraphina,semolina,philomena,ina,regina,veena,ballerina,gallina,zena,sabena,vina,macarena,cristina,concertina,katrina,melvina,irina,celina,cortina,gardena,cartagena,medina
gilbertine,leontine,dildine,meanie,angelini,ardine,balentine,beanie,linguine,florine,orsini,perrine,agostini,genie,feeney,beany,sweeny,greeny,lentini,pini,wahine,giannini,genii,vini,rosine,houdini,spleeny,bartolini,verine,domine,deline,delphine,lienee,jeannie,piccinini,jeanie,martini,lepine,tweeny,albertini,sheeny,mancini,carine,reny,bellini,yemeni,greenie,bonine,maurine,toscanini,larine,eugenie,sweeney,pellegrini,celestine,mussolini,paganini,dini,fettuccine,meiny,aveline,ballentine,sabatini,bodine,guarini,cherubini,latini,rossini,seraphine,cellini,provine,leany,pacini,dorine,castine,marini,victorine,rini,queenie,cassini,mcsweeney,morini,santini,meany,lapine,bikini,lamborghini,teeny,weeny,zucchini,fini,baldini,heaney,fellini,teenie,feeny,maline,puccini,cabrini,bimini
gilbertite,
gilberto,forgo,hydro,dough,shadow,patio,rainbow,o,audio,calypso,dado,tomato,throw,adagio,espresso,so,borrow,bestow,flow,plough,tempo,mow,tow,mo,ratio,overthrow,indigo,crow,know,micro,radio,sew,escrow,glo,portico,quo,co,undergo,roe,tableau,willow,snow,beau,grotto,winnow,tornado,yoe,coco,no,though,lo,portfolio,doe,hoe,rococo,glow,slow,bio,apropos,ho,meadow,whoa,aficionado,below,woe,potato,manifesto,cameo,joe,blow,virago,photo,pro,go,rhino,archipelago,gusto,grow,bowe,torso,studio,aglow,buffalo,vertigo,veto,row,although,forego,torpedo,toe,plateau,show,fallow,owe,otto,tomorrow,hello,low,foe
gilberton,
gilbertown,
gilberts,
gilbertson,
gilbertsville,
gilbertville,
gilby,milby,trilby,gilbey,philby,filby,bilby,kilby
gilbye,
gilboa,
gilburt,
gilchrist,
gilcrest,hillcrest,gilchrest
gild,hild,unfilled,drilled,pilled,skilled,hilde,rototilled,build,unskilled,gilled,stilled,refilled,guild,tilde,mathilde,instilled,milled,spilde,thrilled,bild,unfulfilled,childe,chilled,grilled,tilled,spilled,distilled,hilled,filled,billed,overbilled,rebuild,fulfilled,willed,killed
gilda,enskilda,grishilda,tilda,clothilda,matilda,hilda,clotilda,mathilda
gildable,
gildas,
gildea,
gilded,
gildedness,
gilden,gildon,tilden,willden
gylden,
gilder,hilder,builder,rebuilder,shipbuilder,bewilder,guilder,homebuilder
gilders,
gildford,
gildhall,
gildhalls,
gilding,rebuilding,shipbuilding,nonbuilding,homebuilding,building,overbuilding
gildings,
gilds,tildes
gildship,
gildsman,
gildsmen,
gildus,
gile,vile,francophile,argyll,scyle,sundial,hostile,gentile,file,argyle,freestyle,restyle,marseille,stile,weil,niall,tactile,rile,weill,versatile,idlewild,pile,exile,dial,anglophile,immobile,turnstile,while,lifestyle,ryle,kile,compile,mikhail,pyle,worthwhile,beguile,chyle,hyle,heil,revile,carlisle,tile,crocodile,senile,smile,peristyle,fertile,lile,aisle,wyle,refile,hile,zile,mercantile,awhile,crile,guile,phile,nile,quintile,trial,meanwhile,erstwhile,reconcile,cheil,oenophile,phyle,seil,carlyle,stockpile,hairstyle,profile,percentile,wile,corbeil,kyle,mile,isle,bile,style,delisle,spile,textile,juvenile,lyle
gyle,
gilead,smead,reed,mead,proceed,beede,exceed,intercede,creed,tweed,mislead,treed,secede,recede,sneed,stampede,reid,gleed,milkweed,speed,brede,feed,seaweed,succeed,impede,aniseed,flaxseed,nead,knead,misread,siegfried,fried,greed,pitied,keyed,guaranteed,bead,aristide,hamid,bleed,ragweed,bede,screed,degreed,pokeweed,deed,duckweed,oilseed,rashid,cede,dreed,breed,eade,steed,reread,nosebleed,skied,heed,teed,dede,weed,misdeed,need,read,decreed,concede,ganymede,fireweed,snead,overfeed,saeed,precede,prophesied,meade,rapeseed,leed,proofread,kneed,airspeed,ede,lead,skeed,glede,appleseed,supersede,peed,indeed,plead,seed,swede,centipede,accede,inbreed,freed,glead,linseed,reseed,agreed
gileadite,
gyle-fat,
gilels,
gilemette,
gilenyer,
gilenyie,
gileno,
giles,piles,styles,jiles,iles,pyles,textiles,juveniles,gentiles,skyles,miles,smiles,trials,crocodiles,rials,biles,hiles,files,briles,diles,kyles,nilles,spiles,ryles,willes,illes,seils,viles,niles,compiles,wyles,percentiles,ailes,turnstiles,skiles,tilles,profiles,chiles,isles,exiles,stockpiles,myles,guiles,liles,reconciles,lyles,lifestyles,gyles,byles,tiles,whiles,aisles,riles,sheils,wiles,dials,stiles
gilet,
gilford,milford,willford,dilford,tilford,willeford,guilford,pilfered,wilford
gilgai,nilgai
gilgal,gulgul
gilgames,
gilgamesh,gilgamish
gilges,
gilgie,
gilguy,
gilgul,
gilgulim,
gilia,
giliak,
giliana,
giliane,
gilim,
gylys,
gill,until,twill,anthill,drill,fulfill,foothill,tamil,grill,stil,will,crill,sill,refill,demille,bougainville,seville,ill,krill,til,jill,zil,mille,mandeville,overkill,pill,till,hornbill,shrill,swill,brill,prill,distil,gil,nill,mil,ghyll,zill,dphil,chill,molehill,sil,pil,trill,nil,il,fil,abril,phil,downhill,lille,shill,mill,windmill,rill,brazil,advil,bill,spill,fille,treadmill,wil,schill,kill,sawmill,bil,fill,distill,rille,handbill,belleville,landfill,grille,ville,thrill,instill,quill,uphill,albertville,still,skill,frill,goodwill,bastille,daffodil,lil,thill,standstill,deville,overfill,cowgill,dill,hill
gill-ale,
gillan,mcmillon,dhillon,millan,dillin,mcmillian,guilin,penicillin,spillane,hillen,gillon,gilfillan,millon,dillen,villain,millin,balilan,guillen,geyelin,mcquillen,quillan,vanillin,gillen,philon,mcquillan,gillean,billon,millen,quillen,mcmillan,hillin,macmillan,dylan,quillin,quillon,santillan,gillin,killin,dillon,killen,dillan,willen,mcmillin,bouillon,amoxicillin
gillar,
gillaroo,
gillbird,
gill-book,
gill-cup,
gillead,
gilled,hild,unfilled,drilled,pilled,skilled,hilde,rototilled,gild,build,unskilled,stilled,refilled,guild,tilde,mathilde,instilled,milled,spilde,thrilled,bild,unfulfilled,childe,chilled,grilled,tilled,spilled,distilled,hilled,filled,billed,overbilled,rebuild,fulfilled,willed,killed
gilley,chantilly,tilly,wyllie,chilly,crilly,grilli,dilley,milly,willy,lilly,philae,hilley,lilli,chilli,milli,billy,hiley,tillie,millie,filly,involuntarily,rylee,frilly,dillie,milli-,swilley,filley,billie,belee,tilley,willi,bily,piccadilly,pilei,phily,silly,hilly,phylae,lily,gilly,rockabilly,lili,willey,chile,villi,achille,gillie,philly,nilly,dilly,chili,vassily,fusilli,willie,chihli,briley,lillie,really
gillenia,
gilleod,
giller,stadtmiller,brownmiller,druckenmiller,reid-miller,willer,rototiller,painkiller,pillar,filler,gutzwiller,litwiller,spiller,liller,ziller,millar,bradtmiller,dannemiller,caterpiller,caterpillar,thiller,shiller,ciller,killer,diller,chiller,schiller,freymiller,windmiller,driller,miller,steinmiller,thriller,hiller,tiller,distiller,mankiller,viler,mcmiller,iller,kitzmiller,manwiller,piller,winemiller,cihlar,stiller,siller,biller,villar,lockmiller
gillers,drillers,fillers,millers,villars,caterpillars,spillers,thrillers,desillers,distillers,villers,pillars,kobylarz,killers,willers,painkillers
gilles,oatmeal,neill,squeal,keel,heel,glockenspiel,flywheel,congeal,stael,scheele,vielle,steal,emil,bookmobile,eel,audiophile,beal,feel,lucille,genteel,ideal,seel,abele,corneal,surreal,brasil,appeal,beall,weil,cele,neel,mele,meal,emile,immobile,oneal,viel,smeal,camille,conceal,keal,peal,ezekiel,deel,leal,kneel,beale,newsreel,deal,heal,wheel,stele,snowmobile,piecemeal,puerile,oneill,unseal,verrill,ordeal,neal,reel,riel,lille,seal,peel,zeal,kreel,repeal,reveal,tweel,steel,kiel,real,shaquille,neil,creel,reseal,diel,steele,peale,ciel,cornmeal,teal,unreal,automobile,speel,teel,biel,anneal,cartwheel,spiel,peele,creal,veal
gillespie,espey,espy,gillispie,crespi
gillett,hit,britt,submit,devitt,unfit,spit,nit,ccitt,legit,witte,dewitt,bullshit,remit,whit,mitt,ritt,schmidt,wit,transmit,misfit,slit,cockpit,resubmit,outwit,smitt,smit,hitt,sit,lafitte,chit,hypocrite,outfit,permit,armpit,retrofit,brit,pit,whitt,messerschmitt,rootkit,obit,admit,skit,readmit,bit,quit,fytte,schmitt,counterfeit,fit,kit,knit,acquit,emit,refit,commit,tritt,writ,dlitt,split,flit,moonlit,fitt,omit,witt,blitt,tidbit,sunlit,shit,tit,it,lit,befit,kitt,pitt,litt,grit,identikit,recommit
gilletta,
gillette,octet,baguette,piet,inlet,fret,coronet,sobriquet,outset,pret,parapet,minaret,asset,sunset,barrette,pet,set,inset,joliet,beset,pipette,quintet,silhouette,antoinette,soviet,suffragette,vedette,gazette,heavyset,flageolet,lafayette,roulette,brett,abet,let,outlet,upset,charrette,gimlet,yet,brunette,anisette,vet,jet,alphabet,tete,tet,reset,onset,quartet,debt,vette,sublet,net,et,stet,headset,corvette,duet,rosette,cassette,nett,regret,met,avocet,cigarette,forget,minuet,get,mindset,cornet,sweat,cabriolet,bet,wet,bayonet,lorgnette,cadet,smet,vignette,offset,preset,baronet,ret,colette,epithet,internet,subset,clarinet,ethernet,calumet,whet,marmoset,dragnet,typeset,sextet,tibet,chet,threat,beget
gillflirt,
gill-flirt,jill-flirt
gillham,milham,gilham,wilham
gillhooter,
gilli,
gilly,chantilly,tilly,wyllie,chilly,crilly,grilli,dilley,milly,willy,lilly,philae,hilley,lilli,chilli,milli,billy,hiley,tillie,gilley,millie,filly,involuntarily,rylee,frilly,dillie,milli-,swilley,filley,billie,belee,tilley,willi,bily,piccadilly,pilei,phily,silly,hilly,phylae,lily,rockabilly,willey,lili,chile,villi,achille,gillie,philly,nilly,dilly,chili,vassily,fusilli,willie,chihli,briley,lillie,really
gilliam,beryllium,psyllium
gillian,maximilian,liliane,lilien,lilian,lillian,lilyan,sicilian,chilean,milian,jillian,kilian
gillie,chantilly,tilly,wyllie,chilly,crilly,grilli,dilley,milly,willy,lilly,philae,hilley,lilli,chilli,milli,billy,hiley,tillie,gilley,millie,filly,involuntarily,rylee,frilly,dillie,milli-,swilley,filley,billie,belee,tilley,willi,bily,piccadilly,pilei,phily,silly,hilly,phylae,lily,gilly,rockabilly,lili,willey,chile,villi,achille,philly,nilly,dilly,chili,vassily,fusilli,willie,chihli,briley,lillie,really
gillied,
gillies,phyllys,fillies,chilis,chiles,achilles,lilies,hillbillies,phillies,chilies,antilles,canilles,chillies
gilliette,
gillie-wetfoot,
gillie-whitefoot,
gilliflirt,
gilliflower,
gillyflower,
gilligan,milligan
gillygaupus,
gillying,
gilling,twilling,skulling,shrilling,gulling,dulling,shillong,hulling,lulling,sculling,culling,frilling,nulling,chilung,stilling,mulling
gillingham,lamb,sam,nottingham,cram,abraham,tam,cam,ham,slam,graeme,madame,damme,lam,siam,jam,oxfam,pam,tham,plam,durham,telegram,coram,spam,flambe,dithyramb,scram,rotterdam,ram,programme,wolfram,diagram,priam,am,program,clam,mme,yam,swam,dagenham,kilogram,logogram,damm,potsdam,epigram,gram,histogram,gramme,kam,diaphragm,sdram,cham,amsterdam,wham,milligram,beckham,flam,logjam,microgram,damn,goddamn,polygram,nam,engram,jamb,flimflam,bam,bram,fram,cunningham,stram,sram,alam,goddam,sham,anagram,exam,birmingham,dram,dam,tram,tottenham,graham,hologram,buckingham,scam,electrocardiogram,abram,stam,monogram,sonogram,mammogram,centigram,hamm
gillion,scullion,gullion,mullion,ilion,skillion
gilliver,
gill-less,skill-less
gill-like,
gillman,dillman,silman,tillmon,milman,hillmann,killman,willman,willmann,billman,willmon,spillman,sillman,kilman,stillman,tilman,millman,tilghman,skillman,tillman,killmon,fillman,spilman,gilman
gillmore,dilmore
gillnet,milnet
gillnets,
gillnetted,
gill-netter,
gillnetting,
gillot,
gillotage,
gillotype,
gill-over-the-ground,
gillray,
gill-run,
gills,dils,nils,sills,frills,refills,spills,bonnevilles,kills,tills,sawmills,whippoorwills,overbills,daffodils,bills,catskills,hornbills,jills,mills,foothills,fulfills,instills,cills,calills,rototilles,grills,pills,billes,stills,thrills,skills,cranesbills,schilz,anthills,zills,hills,dills,ills,crossbills,treadmills,mils,windmills,milz,tamils,pilz,drills,chills,wills,fills,distills,landfills,stils,minimills,handbills,freshkills
gill's,
gill-shaped,
gillstoup,
gillsville,
gilman,dillman,silman,tillmon,milman,hillmann,killman,willman,willmann,billman,willmon,spillman,sillman,kilman,gillman,stillman,tilman,millman,tilghman,skillman,tillman,killmon,fillman,spilman
gilmanton,
gilmer,hillmer,kilmer,hilmer,killmer,zilmer,zillmer,wilmer,filmer,wilmar
gilmore,dillmore,willmore,fillmore,wilmore
gilmour,gloor,purre,reassure,stuhr,shure,muir,lure,moor,badour,detour,mature,insure,observateur,buhr,epicure,impure,miniature,lumpur,uhr,assure,tour,couture,beladur,inure,baldur,rednour,manure,unsure,fluhr,mosur,secure,obscure,boor,schuur,ruhr,cure,panmure,sure,murre,neur-,bonjour,latour,brochure,orasure,pure,contour,nur,moore,pleur-,pimplapure,spoor,ensure,allure,dufour,suire,dunsmoor,luhr,fuhr,procure,pleur,entrepreneur,jabbour,endure,amanpour,lacour,gochnour,lesure,foor,suhr,lancour,damour,segur,reinsure,ture,bloor,muhr,premature,schnoor,bijur,your,demure,immature,cour,jure,duerr
gilo,
gilolo,
gilour,cruller,kruller,sculler,whilere,swiller
gilpey,
gilpy,
gilpin,
gilravage,
gilravager,
gilroy,moy,lovejoy,convoy,woy,soy,attaboy,stoy,mcelroy,employ,leroy,carboy,bolshoi,doughboy,neu,laboy,playboy,oy,foy,cloy,toye,deploy,croy,boy,moye,ahoy,boye,highboy,fitzroy,choy,polloi,joy,hoi,corduroy,monroy,troy,goy,oi,lacroix,savoy,pomeroy,redeploy,annoy,tolstoy,cowboy,ploy,alloy,enjoy,malloy,roi,hoy,illinois,roy,loy,fauntleroy,schoolboy,doi,flournoy,oye,tomboy,cfroi,destroy,choi,bellboy,toy,croix,mccoy,kilroy,coy,quemoy,oie,joye,yoy,decoy,elroy,busboy,foie,iroquois
gils,
gilse,ilse
gilson,hilson,tilson,chilson,willson,philson,stilson,gillson,pilson,stillson,nilsson,dilson,bilson,nilson,jillson,hillson,filson,tillson,milson,wilson,nilsen
gilsonite,
gilsum,
gilt,silt,vanderwilt,peterbilt,microbilt,rebuilt,wilt,tilt,kilt,guilt,bildt,milt,lilt,schilt,built,welbilt,schildt,stilt,spilt,wildt,unbuilt,hilt,jilt,quilt,overbuilt
giltcup,
gilt-edge,
gilt-edged,
gilten,
gilt-handled,
gilthead,
gilt-head,
,
