thearchy,
thearchic,
thearchies,
thearica,
theasum,
theat,
theater,theatre
theatercraft,
theater-craft,
theatergoer,theatregoer
theatergoers,
theatergoing,
theater-in-the-round,
theaterless,
theaterlike,
theaters,theatres
theater's,
theaterward,
theaterwards,
theaterwise,
theatine,creatine
theatral,
theatre,theater
theatre-francais,
theatregoer,theatergoer
theatregoing,
theatre-in-the-round,
theatres,theaters
theatry,
theatric,dietrick,dietrich,deatrick
theatricable,
theatrical,
theatricalisation,
theatricalise,
theatricalised,
theatricalising,
theatricalism,
theatricality,geniality,finality,principality,sexuality,vitality,individuality,nationality,municipality,originality,speciality,tonality,spirituality,liberality,mentality,lethality,cyclicality,immorality,triviality,seasonality,sentimentality,punctuality,modality,totality,extraterritoriality,collegiality,duality,banality,abnormality,eventuality,instrumentality,functionality,partiality,mortality,illegality,brutality,morality,conditionality,technicality,generality,bestiality,frugality,rationality,fatality,bisexuality,impersonality,practicality,venality,heterosexuality,unreality,irrationality,universality,personality,normality,proportionality,informality,musicality,legality,neutrality,materiality,criticality,plurality,commonality,hospitality,criminality,locality,confidentiality,congeniality,dimensionality,impartiality,centrality,immortality,formality,constitutionality
theatricalization,
theatricalize,
theatricalized,
theatricalizing,
theatrically,
theatricalness,
theatricals,
theatrician,
theatricism,
theatricize,
theatrics,creatrix,beatrix
theatrize,
theatro-,
theatrocracy,
theatrograph,
theatromania,
theatromaniac,
theatron,
theatrophile,
theatrophobia,
theatrophone,
theatrophonic,
theatropolis,
theatroscope,
theatticalism,
theave,grieve,greave,geneve,heave,sleave,preconceive,yves,naive,deceive,eve,peeve,sleeve,reeve,shreeve,satanjeev,shirtsleeve,kieve,meave,soloviev,receive,greeve,neve,greve,believe,cheve,threave,leave,shrieve,perceive,thieve,misconceive,biev,retrieve,steve,sanjiv,steeve,leve,disbelieve,cleave,prieve,prokofiev,reprieve,keeve,weave,aleve,vive,naeve,shreve,reave,interleave,genevieve,mccleave,eave,scheve,laneve,tel-aviv,interweave,aggrieve,gleave,sheave,bereave,aviv,maharive,chieve,rajiv,lieve,achieve,cleve,neave,stieve,gildersleeve,kleve,misperceive,relieve,conceive,nieve
theb,
thebaic,
thebaid,aubade
thebain,
thebaine,mbabane,aubaine
thebaines,
thebais,
thebaism,
theban,rieben,cgi-bin,sieben,heben,eban
thebault,
thebe,hieb,najib,hebe,habib,prebe,caribe,gottlieb,glebe,liebe,wiebe,reeb,priebe,seib,klebe,plebe,dweeb,lieb,strebe,heeb,deeb,tsebe,leib,steib,hartlieb,leeb,steeb,riebe,neeb,grebe,gotlieb,christlieb,zeeb,ortlieb,siebe,grieb
theberge,
thebes,hebes,grebes,debes,glebes,dweebs,plebes,reebs
thebesian,
thebit,
theca,wekau,scimeca,lagreca,marseka,decca,eka,azteca,porreca,marseca,cheka,pecka,rebecca,tribeca,manteca,marceca,zecca,caleca,fonseca,becca,mekka,rebekka,mecca,klecka,barreca,meca
thecae,beckie,malecki,becki,checchi,mazowiecki,zemecki,morteki,secchi,becky,leckie,mbeki,matecki,suchecki,dravecky,leckey,zarzecki,lecky,kecky,ueki,cecchi,trekkie,bielecki,bekki,tekki,bialecki,radecki,kekchi,checky,prosekey,pilecki,techie
thecal,eakle,fecal,siecle,cecal,faecal,yeakel,yeakle,haeckel,mikal,treacle,meikle,weikle,caecal
thecamoebae,
thecaphore,
thecasporal,
thecaspore,
thecaspored,
thecasporous,
thecata,
thecate,hekate,mecate,hecate
thecia,
thecial,
thecitis,
thecium,
thecla,thekla,hekla,hecla,tecla
theclan,
theco-,
thecodont,decadent
thecoglossate,
thecoid,
thecoidea,
thecophora,placophora
thecosomata,
thecosomatous,
thed,
theda,almeida,kiyohida,coweda,lida,valida,arida,leda,movida,alameda,bieda,schweda,kida,jeida,calida,dealmeida,guida,armida,philida,nishida,eda,frieda,elfrida,grajeda,querida,partida,elfrieda,saksida,nida,qaeda,baeda,placida,mayeda,sumida,frida,davida,bodeguita,maeda,lucida,panfida,derida,uyeda,mochida,raghida,eldrida,hermida,machida,arvida,merida,ishida,clarida,alida,sweda,uchida,hayashida,iida,aida,canida,procida,yoshida
thedford,ledford,bedford,redford,new-bedford,tedford,medford
thedric,
thedrick,
thee,ne,he,d,pee,yee,machete,key,di,manatee,actuary,p,debris,guarantee,marquee,c,partee,lee,tea,lea,idiosyncrasy,dee,de,apogee,decree,z,foresee,t,hyperbole,kabuki,tree,referee,agree,nee,b,ski,lessee,me,xi,repartee,payee,bourgeoisie,sea,carefree,spree,tv,pony,g,oversee,she,ree,e,mi,three,precis,calliope,bee,pre,we,plea,asap,cree,sunday,nestle,see,quay,be,jubilee,ghee,banshee,degree,reality,hee,turnkey,pea,qi,ye,glee,wee,scree,fee,hawaii,knee,syncope,v,trustee,tee,emcee,esprit,flea,gee,flee,snee,marquis,ac,si,indri,free,guaranty,potpourri,cc
theedom,
theek,
theeked,
theeker,
theeking,
theelin,elan,selen,neilan,heelan,keelin,bielen,wheelan,thielen,melan-,melan,whelan,scheelin,sheelen,kweilin,keelan,nealon,lealan
theelins,
theelol,
theelols,
theemim,
theer,
theet,
theetsee,
theezan,
theft,cleft,deft,bereft,effed,klepht,left,antitheft,tefft,heft,kreft,neft
theft-boot,
theftbote,
theftdom,
theftless,
theftproof,
thefts,clefts,hefts,lefts
theft's,
theftuous,
theftuously,
thegether,
thegidder,
thegither,
thegn,gunmen,fen,airmen,ken,adrienne,men,sten,plzen,renne,lpn,turkmen,splen,phen,minutemen,almaden,hen,ben,ren,en,penne,zen,n,then,sen,wen,sdn,antenne,nguyen,cnn,handymen,tenne,den,ten,yen,businessmen,len,parisienne,bullpen,nexgen,fenn,shenzhen,denn,senn,cheyenne,clergymen,chien,tien,wren,gren,benne,playpen,chen,gwen,jen,sven,again,penn,when,comedienne,penh,behn,shen,chretien,asean,yuen,henn,venn,glen,pen,benn,biogen,bren,kren,cayenne,tenn,middlemen,madeleine,gen,henne,duchenne,amen,glenn
thegn-born,
thegndom,
thegnhood,
thegnland,
thegnly,
thegnlike,
thegn-right,
thegns,
thegnship,
thegnworthy,
they,array,slay,re,gateway,obey,k,yay,relay,yea,friday,gainsay,passe,betray,bouquet,dossier,repay,overlay,stray,sway,grey,lay,gay,ok,portray,splay,bay,buffet,ray,anyway,halfway,underway,ballet,sobriquet,sachet,astray,latte,valet,holiday,j,day,prey,cache,pay,waylay,decay,way,spray,usa,weigh,gray,jay,heyday,everyday,inlay,survey,lingerie,play,vertebrae,cafe,soiree,today,disarray,display,dna,bray,hey,entree,sunday,stay,essay,quay,resume,pray,hay,clay,okay,leeway,protege,cliche,allay,fillet,railway,mainstay,fiance,birthday,fray,melee,away,delay,gourmet,fey,say,convey,x-ray,may,lei,tray,nay,asea,dismay
theia,tortilla,onomatopeia,garcia,pcmcia,eritrea,urea,mia,dyspnea,chia,anamaria,caesarea,abyssinia,hosea,atypia,hialeah,logophilia,subia,tia,korea,alethea,belyea,cytherea,dulcinea,berea,aliyah,cheoplasty,urrea,gaea,corea,cananea,panacea,galleria,diarrhoea,thea,lia,desmoplasia,snia,shiah,rosalia,judea,basophilia,gonorrhea,ia,tanzania,dia,brachia,duryea,pizzeria,dorothea,killilea,rhea,leah,ikea,samaria,nicosia,maria,keziah,orea,galatea,jia,dhia,althea,yttria,sofia,zia,pia,bria,kania,perea,medea,idea,crimea,neoplasty,diarrhea,freia,ria,shia,stria,sophia,asea,galeria
theyaou,
theyd,serenade,lade,tirade,degrade,colonnade,betrayed,spade,maid,adelaide,grenade,conveyed,slade,cliched,upbraid,fusillade,renegade,cade,brocade,ade,quaid,masquerade,bade,payed,decade,unafraid,wade,overlaid,trade,arrayed,hade,forbade,pervade,cascade,brigade,downgrade,stade,frayed,paid,arcade,weighed,nsaid,aid,crusade,cavalcade,located,stayed,portrayed,retrograde,grade,palisade,nightshade,buffeted,centigrade,swayed,staid,homemade,haid,parade,relayed,laid,fade,invade,delayed,suede,marmalade,charade,barricade,evade,made,persuade,braid,manmade,handmade,aide,marinade,splayed,dismayed,shade,lemonade,clade,promenade,allayed,jade,played,quayd,displayed,accolade,motorcade,waylaid,prepaid,afraid,mermaid,blockade,escapade,dissuade,glade,raid,upgrade,blade,sauteed
they'd,
theiform,
theiler,filar,cuyler,huyler,geiler,plyler,tiler,hilar,wyler,stilar,syler,miler,weiler,hyler,compiler,detwiler,pliler,schuyler,tutwiler,piler,zeiler,siler,beiler,blyler,rothweiler,styler,stylar,eiler,byler,heiler,wiler,emswiler,shonkwiler,hiler,isler,myler,iler,pilar,deadwyler,filer,smiler,feiler,tyler,bleiler,seiler,leutwiler,kyler,detweiler
theileria,
theyll,mail,retail,hobnail,curtail,tale,tail,male,detail,ale,clydesdale,quale,hale,female,surveil,swale,veil,wail,gael,orrell,sale,dwale,telltale,voicemail,yale,vail,kail,impale,blackmail,vale,thumbnail,ponytail,fantail,nail,monorail,fail,bale,foxtail,horsetail,stale,ail,sail,hail,whale,pail,resale,frail,travail,calle,exhale,dale,guardrail,dail,taille,wale,email,gale,airmail,prevail,biennale,coattail,faille,assail,gail,upscale,greenmail,derail,scale,inhale,unveil,folktale,soleil,dovetail,brail,kale,wholesale,countervail,braille,flail,jail,zale,snail,toenail,bail,fairytale,cale,trail,handrail,cocktail,rail,airedale,avail,quail,abigail,gmail,pale,shale,martingale,entail,grail
they'll,
theilman,
thein,combine,pine,serpentine,iodine,undermine,grapevine,decline,shrine,aline,quinine,streamline,ballantine,alkaline,align,spline,mine,palatine,devine,eglantine,guideline,rine,lifeline,stein,consign,zine,sunshine,headline,define,intertwine,moonshine,baseline,sideline,thine,benign,chine,cline,opine,bovine,design,twine,dopamine,sign,incline,spine,assign,tagline,fine,divine,pipeline,concubine,equine,sine,outshine,nine,malign,affine,asinine,byzantine,entwine,line,endocrine,storyline,wine,vine,frontline,enshrine,borderline,online,crystalline,shine,canine,confine,skyline,porcupine,refine,swine,lupine,fein,alpine,trine,turpentine,valentine,resign,brine,airline,punchline,tine,genuine,outline,underline,byline,feline,hotline,dine,stine,whine,saccharine,deadline,supine
theine,wolverine,trampoline,leen,irene,mean,ravine,agin,convene,canteen,sistine,contravene,lien,umpteen,glean,teen,gelatine,dean,halloween,cuisine,philistine,libertine,keen,bean,gene,mien,holstein,amphetamine,intervene,spleen,serene,labyrinthine,geraldine,mein,guillotine,careen,jean,sardine,aniline,preen,wean,tourmaline,quarantine,latrine,saline,nene,sabine,unforeseen,aquamarine,protein,marine,magazine,mezzanine,obscene,byzantine,kerosene,clementine,reconvene,hygiene,screen,fifteen,feine,internecine,seen,foreseen,opaline,aberdeen,bromine,queen,figurine,limousine,thirteen,argentine,clean,routine,caffeine,florentine,scene,machine,vaccine,vien,gasoline,eugene,green,selene,evergreen,sheen,baleen,sunscreen,casein,between,submarine,tangerine,murine,amin,treen,peregrine,undine,lean,augustine,demean
theines,
theinism,
theins,
their,gare,declare,square,faire,fanfare,fare,prayer,snare,where,mohair,warfare,software,hair,repair,mer,share,timeshare,claire,unaware,heir,blare,air,affair,flair,despair,unfair,tear,prepare,dispair,err,childcare,medicare,nightmare,extraordinaire,forebear,malware,guerre,aware,glare,bare,footwear,nowhere,fair,wear,stair,beware,altair,blair,millionaire,dare,everywhere,impair,there,pear,chair,aer,eyre,bear,welfare,hardware,elsewhere,stare,earthenware,daycare,scare,flare,healthcare,airfare,pair,mare,underwear,thoroughfare,solitaire,bair,threadbare,lare,armchair,delaware,ere,pare,care,terre,compare,ensnare,questionnaire,hare,anywhere,clair,cookware,swear,lair,debonair,rare,cher,forswear,spare,doctrinaire,ware
theyre,lazere,fayre,mayr,elaire,buenos-aires,feyre,alvare,mediscare,menswear,freyr,braer,zayre,ayr,steyr,plowshare,sofaer
they're,
theirn,
theirs,berres,downstairs,multimillionaires,wheelchairs,chaires,cares,prepares,repairs,legionnaires,hairs,declares,sayres,wears,freres,tears,daycares,millionaires,bures,swears,lairs,armchairs,blares,shares,glares,hares,bankshares,prayers,chairs,scares,dares,questionnaires,heirs,fiduciares,bares,snares,housewares,squares,faires,pears,airfares,stairs,mares,phares,somewheres,xers,theres,compares,thoroughfares,bears,americares,wares,backstairs,stares,unawares,airs,fares,pairs,frontieres,gehres,forebears,jares,nightmares,fairs,upstairs,pares,billionaires,ayres,gerres,despairs,errs,ensnares,flares,mairs,spares,impairs,khmers,affairs
theirselves,bookshelves,delves,twelves,shelves,selves,elves,yourselves,pelves,themselves,ourselves
theirsens,
theis,authorize,demise,reprise,comprise,realize,prize,organize,chastise,jeopardize,wise,minimize,size,proselytize,ties,metastasize,familiarize,surmise,recognize,pulverize,characterize,emphasize,rationalize,despise,finalize,epitomize,lies,disguise,crystallize,exercise,subsidize,memorize,otherwise,revise,arise,merchandise,prioritize,scrutinize,plagiarize,empathize,harmonize,aggrandize,optimize,emprise,socialize,catalyze,apologize,prise,belies,eyes,hypothesize,guys,guise,mesmerize,synthesize,amortize,marginalize,criticize,rise,energize,franchise,sunrise,flies,materialize,allies,maximize,apprise,supplies,mize,capsize,galvanize,advertise,paralyze,patronize,baptize,disenfranchise,stigmatize,tantalize,enterprise,improvise,antagonize,visualize,supervise,ostracize,devise,capitalize,synchronize,utilize,compromise,polarize,summarize,analyze,revitalize,sympathize,fries,stabilize,surprise,customize,advise,mobilize,likewise
theism,absenteeism,seism,deism
theisms,
theiss,paradise,price,pryce,reiss,brice,deiss,geise,concise,device,guice,suffice,heise,entice,devise,dice,zeiss,lice,precise,grice,underprice,trice,mice,bryce,advice,vice,weis,hice,dise,heiss,bice,splice,gneiss,twice,weiss,reprice,stice,preiss,nice,feis,sacrifice,imprecise,tice,overprice,thrice,allspice,dyce,vice-,rice,vise,spice,edelweiss,wice,geiss,slice,excise,weisse,kies,ice
theist,queest,reist,zeist,teest,seised,deist,fiest,weest,liveliest,leist,geest,weist,freest,reest
theistic,deistic
theistical,
theistically,
theists,
theyve,autoclave,gave,mave,hardgrave,misbehave,belgrave,lave,enclave,nave,dave,aftershave,microwave,trave,grave,deprave,enslave,kazikaev,kunaev,cave,lefave,clave,crave,drave,quave,shortwave,newwave,slave,conclave,concave,fave,unfav,seagrave,sulgrave,knave,brave,mcclave,save,margrave,hargrave,wave,pave,redgrave,airwave,shave,waive,thave,schave,glave,architrave,forgave,stave,thrave,engrave,behave,rave,skywave,lafave,shockwave,landgrave,starwave
they've,
thekla,hecla,hekla,thecla,tecla
thelalgia,
thelemite,
thelephora,
thelephoraceae,
thelyblast,
thelyblastic,
theligonaceae,
theligonaceous,
theligonum,
thelion,
thelyotoky,
thelyotokous,
thelyphonidae,
thelyphonus,
thelyplasty,
thelitis,
thelitises,
thelytocia,
thelytoky,
thelytokous,polytocous
thelytonic,
thelium,
thelma,wilhelma,elma,pelma,aselma,delma,selma,helma,anselma,zelma,velma
thelodontidae,
thelodus,
theloncus,
thelonious,
thelorrhagia,
thelphusa,
thelphusian,
thelphusidae,
them,sum,scrum,phlegm,stem,thrum,kem,ppm,gemme,um,mumm,dumm,gmbh,bum,clum,femme,lum,umm,rem,em,condemn,pm,chum,swum,succumb,hem,prem,clem,drum,exum,crum,alem,diltiazem,gum,cum,temne,scrim,come,stumm,fm,humdrum,slum,hum,bethlehem,bem,djembe,humm,lumb,rum,outcome,dumb,become,lem,rhumb,crumb,from,plum,yum,gem,overcome,income,rpm,plumb,some,thumb,shrum,numb,glum,dum,frum,mayhem,m,scum,grum,chem,jem,stum,maam,mgm,diadem,alum,brum,strum,mum
thema,
themata,
thematic,enigmatic,static,symptomatic,aerobatic,hepatic,theocratic,phatic,asiatic,mattick,aristocratic,adriatic,klezmatic,posttraumatic,dogmatic,erratic,phlegmatic,bureaucratic,asthmatic,ecstatic,aquatic,vatic,idiosyncratic,pragmatic,charismatic,pneumatic,prismatic,telematic,epigrammatic,democratic,mathematic,electrostatic,hanseatic,pratic,asymptomatic,phosphatic,homeostatic,axiomatic,patak,schematic,dramatic,problematic,snattock,melodramatic,shattuck,numismatic,informatic,undiplomatic,fanatic,idiomatic,austroasiatic,diagrammatic,aromatic,automatic,acrobatic,batak,cinematic,undemocratic,semiautomatic,mattock,hippocratic,pancreatic,monochromatic,enzymatic,technocratic,systematic,psychosomatic,operatic,traumatic,sensormatic,hyperchromatic,socratic,emphatic,autocratic,rheumatic,pratique,programmatic,emblematic,climatic,diplomatic,lymphatic,matic,prostatic
thematical,
thematically,undiplomatically,systematically,diplomatically,fanatically,mathematically,erratically,pragmatically,democratically,dramatically,emphatically,dogmatically,automatically,ecstatically
thematist,
theme,episteme,scheme,raheem,stream,ream,creme,karim,gleim,reim,supreme,extreme,agleam,vadim,academe,deam,joachim,basim,rahim,daydream,deem,scream,upstream,beam,steam,ice-cream,beem,ibrahim,fleme,teem,bleam,sunbeam,mneme,redeem,keim,nauseam,hakim,rheme,esteem,bireme,maxime,mainstream,phleme,cream,diem,seam,bream,moonbeam,regime,sephardim,passim,kareem,thieme,hakeem,bloodstream,team,siem,midstream,queme,liem,dream,downstream,seem,steem,gleam,fleam,breme
themed,esteemed,unredeemed,seemed,beamed,steamed,reamed,redeemed,seamed,daydreamed,teamed,dreamed,gleamed,breamed,screamed,undreamed,deemed,premed,schemed,streamed,creamed,teemed
themeless,
themelet,
themer,
themes,beams,gleams,siems,teams,screams,schemes,triremes,supremes,hiems,demes,nemes,regimes,joachims,moonbeams,reams,seems,biremes,seams,daydreams,streams,memes,steams,extremes,creams,redeems,weems,breams,reames,eames,rheims,deems,reims,teems,racemes,dreams,jetstreams,jeames
theme's,
theming,beaming,steaming,daydreaming,leming,seeming,leaming,scheming,seaming,creaming,gleaming,reaming,dreaming,deeming,screaming,mainstreaming,streaming,leeming,breaming,teaming,redeeming,teeming
themis,mimis
themiste,
themistian,
themisto,
themistocles,
themsel,
themselves,bookshelves,delves,twelves,shelves,selves,elves,theirselves,yourselves,pelves,ourselves
then,gunmen,fen,airmen,ken,adrienne,men,sten,plzen,renne,lpn,turkmen,splen,phen,minutemen,almaden,hen,ben,ren,en,penne,zen,n,sen,wen,sdn,antenne,nguyen,cnn,handymen,tenne,den,senne,ten,yen,businessmen,len,parisienne,bullpen,thegn,nexgen,fenn,shenzhen,denn,senn,cheyenne,clergymen,chien,tien,wren,gren,benne,playpen,chen,gwen,jen,sven,again,penn,when,comedienne,penh,behn,shen,chretien,asean,yuen,henn,venn,glen,pen,benn,biogen,bren,kren,cayenne,julianne,tenn,middlemen,madeleine,gen,henne,phren,duchenne,amen,glenn
thenabouts,
thenad,
thenadays,
then-a-days,
thenage,
thenages,
thenal,plenal,duodenal,genal,adrenal,venal,penal,lienal,weanel,kienle,espinal,renal
thenar,zener
thenardite,
thenars,
thence,intense,spence,misrepresents,frankincense,ferenc,pense,tense,nondefense,defense,fence,flense,spens,pretense,non-nonsense,commence,offense,sense,whence,expense,commonsense,recompense,dispense,bence,defence,mense,cents,hense,immense,incense,suspense,pence,dense,lense,cense,hence,antisense,condense
thenceafter,
thenceforth,forth,north,cutsforth,orth,borth,orth-,henceforth,weyforth,goforth,warth,korth,dansforth,bridgeforth,swarth,porth,fourth,njorth
thenceforward,henceforward
thenceforwards,
thencefoward,
thencefrom,
thence-from,
thenceward,
then-clause,
thendara,
thenna,
thenne,
thenness,
thens,
theo,yukio,reo,toshio,keogh,leo,stdio,pestillo,neo,keo,castillo,yoshio,pleo-,trujillo,pleio-,galileo,castio,russolillo,seo,seow,pleio,rheo-,meo,tokio,clio,yeo,keough,georgio,mckeough,rio,deo,coolio,cleo,anzio,geo,theo-
theo-,yukio,reo,toshio,keogh,leo,stdio,pestillo,neo,keo,castillo,theo,yoshio,trujillo,pleio-,pleo-,galileo,castio,russolillo,seo,seow,pleio,rheo-,meo,tokio,clio,yeo,keough,georgio,mckeough,rio,deo,coolio,cleo,anzio,geo
theoanthropomorphic,
theoanthropomorphism,
theoastrological,
theobald,
theobold,
theobroma,
theobromic,
theobromin,
theobromine,
theocentric,
theocentricism,
theocentricity,
theocentrism,
theochristic,
theoclymenus,
theocollectivism,
theocollectivist,
theocracy,hypocrisy,autocracy,meritocracy,bureaucracy,aristocracy,democracy
theocracies,
theocrasy,
theocrasia,
theocrasical,
theocrasies,
theocrat,
theocratic,enigmatic,static,symptomatic,aerobatic,hepatic,phatic,asiatic,mattick,aristocratic,adriatic,klezmatic,posttraumatic,dogmatic,erratic,phlegmatic,bureaucratic,asthmatic,ecstatic,aquatic,vatic,thematic,idiosyncratic,pragmatic,charismatic,pneumatic,prismatic,telematic,epigrammatic,democratic,mathematic,electrostatic,hanseatic,pratic,asymptomatic,phosphatic,homeostatic,axiomatic,patak,schematic,dramatic,problematic,snattock,melodramatic,shattuck,numismatic,informatic,undiplomatic,fanatic,idiomatic,austroasiatic,diagrammatic,aromatic,automatic,acrobatic,batak,cinematic,undemocratic,semiautomatic,mattock,hippocratic,pancreatic,monochromatic,enzymatic,technocratic,systematic,psychosomatic,operatic,traumatic,sensormatic,hyperchromatic,socratic,emphatic,autocratic,rheumatic,pratique,programmatic,emblematic,climatic,diplomatic,lymphatic,matic,prostatic
theocratical,
theocratically,
theocratist,
theocrats,
theocritan,
theocritean,
theocritus,
theodemocracy,
theody,
theodicaea,
theodicean,
theodicy,
theodicies,
theodidact,
theodolite,
theodolitic,
theodor,feodor
theodora,borah,senora,eldora,bora,carfora,fora,mora,zadora,laura,stora,aurora,pandora,lora,cahora,psora,leonora,camorra,zippora,sikora,pecora,maura,loera,thora,anora,delora,elnora,andorra,angora,delaura,vora,gora,sykora,zamora,zora,panora,contadora,controladora,arora,zorah,morra,honora,cora,hora,medora,gomorrah,tortora,durrah,gongora,lorah,kora,adora,norah,pechora,eudora,dora,fedora,sonora,korah,pastora,santora,aldora,ora,skora,samora,aura,menorah,torah,nora,eleanora,flora,plethora,spadafora,dilaura
theodorakis,
theodore,war,outdoor,store,wore,anymore,flor,explore,therefore,dinosaur,boar,whore,boer,your,shore,tore,pore,adore,swore,spore,indoor,crore,sore,deplore,corps,therefor,snore,troubadour,more,encore,heretofore,for,folklore,hardcore,soar,drugstore,orr,eyesore,ecuador,tor,onshore,bore,pour,score,thor,underscore,salvador,mentor,floor,doar,singapore,or,labrador,implore,furthermore,gore,dior,mor,before,four,ore,cor,galore,moore,matador,guarantor,sycamore,centaur,decor,nor,seashore,lor,yore,dore,backdoor,uproar,restore,lore,bookstore,herbivore,abhor,stevedore,fore,rapport,core,drawer,offshore,sophomore,evermore,commodore,ashore,carnivore,ignore,chore,door,oar,hoar,roar
theodoric,
theodosia,
theodosian,
theodosianus,
theodotian,
theodrama,
theogamy,
theogeological,
theognostic,
theogonal,
theogony,geogony
theogonic,geogonic
theogonical,
theogonies,
theogonism,
theogonist,
theohuman,
theokrasia,
theoktony,
theoktonic,
theol,sheal,scheol,pineal,sheol,laryngeal,sweal,serial,wheal,endothelial
theol.,
theola,
theolatry,
theolatrous,
theolepsy,
theoleptic,
theolog,
theologal,
theologaster,
theologastric,
theologate,
theologeion,
theologer,geologer
theologi,
theology,biotechnology,ornithology,gerontology,scientology,technology,paleontology,rheology,rheumatology,cosmology,methodology,pharmacology,doxology,radiology,geomorphology,chronology,endocrinology,epistemology,meteorology,deontology,thanatology,graphology,dermatology,morphology,immunology,etiology,neurology,histology,geology,seismology,microbiology,biology,urology,astrology,hymnology,zoology,numerology,necrology,penology,physiology,mineralogy,epidemiology,anesthesiology,ethnology,cardiology,cytology,micropaleontology,opthalmology,petrology,pathology,dendrochronology,limnology,genealogy,mythology,embryology,anthropology,etymology,hematology,kinesiology,egyptology,cosmetology,bacteriology,entomology,anthology,virology,sociology,ophthalmology,enterology,ecology,archaeology,criminology,apology,pomology,toxicology,psychology,terminology,ideology,gynecology,ontology,ethology,oncology,ology,scatology,topology,mycology,serology,otology,archeology
theologian,
theologians,trojans
theologic,
theological,serological,psychological,technological,meteorological,illogical,archaeological,biotechnological,ecological,physiological,phonological,pharmacological,teleological,toxicological,neurological,scatological,chronological,gynecological,zoological,ornithological,deontological,mythological,biological,sociological,anthropological,epidemiological,pedagogical,methodological,seismological,immunological,topological,dermatological,archeological,logical,morphological,virological,ontological,etymological,ideological,radiological,eschatological,astrological,pathological,geological
theologically,physiologically,chronologically,pathologically,biologically,technologically,mineralogically,psychologically,logically,epidemiologically,ideologically,ecologically
theologician,
theologico-,
theologicoastronomical,
theologicoethical,
theologicohistorical,
theologicometaphysical,
theologicomilitary,
theologicomoral,
theologiconatural,
theologicopolitical,
theologics,
theologies,geologies
theologisation,
theologise,geologize,theologize
theologised,
theologiser,
theologising,
theologism,
theologist,rheologist
theologium,
theologization,
theologize,geologize,theologise
theologized,
theologizer,
theologizing,geologizing
theologo-,
theologoumena,
theologoumenon,
theologs,
theologue,
theologus,
theomachy,
theomachia,
theomachies,
theomachist,
theomagy,
theomagic,
theomagical,
theomagics,
theomammomist,
theomancy,geomancy
theomania,
theomaniac,
theomantic,
theomastix,
theomicrist,
theomisanthropist,
theomythologer,
theomythology,
theomorphic,geomorphic
theomorphism,
theomorphize,
theona,
theone,gian,geon,dionne,deion,leon,dione,neon,deon,freon
theonoe,
theonomy,
theonomies,
theonomous,
theonomously,
theopantism,
theopaschist,
theopaschitally,
theopaschite,
theopaschitic,
theopaschitism,
theopathetic,
theopathy,
theopathic,
theopathies,
theophagy,geophagy
theophagic,
theophagite,
theophagous,
theophane,
theophany,
theophania,brittania,britannia,fannia,danaea,tannia,stephania,eridania,nathania
theophanic,
theophanies,
theophanism,
theophanous,
theophila,ila,sheela,pietila,anttila,sheilah,neelghau,vila,deavila,neala,opiela,sheila,brambila,koskela,biela,bila,korpela,delila,lela,leila,leala,maquila,tequila,daquila,isla,lila,aguila,dellaquila,piela,lassila,cheiloplasty,philomela,abila,mattila,nila,sheelah,paella,gila
theophilanthrope,
theophilanthropy,
theophilanthropic,
theophilanthropism,
theophilanthropist,
theophile,
theophilist,
theophyllin,
theophylline,
theophilosophic,
theophilus,geophilus,geophilous
theophysical,
theophobia,neophobia
theophoric,
theophorous,
theophrastaceae,
theophrastaceous,
theophrastan,
theophrastean,
theophrastian,
theophrastus,
theopneust,
theopneusted,
theopneusty,
theopneustia,
theopneustic,
theopolity,
theopolitician,
theopolitics,
theopsychism,
theor,
theorbist,
theorbo,
theorbos,
theorell,
theorem,thiram,fyrom,byrum,serum,dirham,byram,ihram,knierim
theorematic,
theorematical,
theorematically,
theorematist,
theoremic,
theorems,
theorem's,
theoretic,
theoretical,heretical,parenthetical,antithetical,hypothetical,alphabetical
theoreticalism,
theoretically,athletically,esthetically,parenthetically,magnetically,hermetically,phonetically,hypothetically,energetically,synthetically,pathetically,sympathetically,poetically,apologetically,cosmetically,alphabetically,genetically,aesthetically
theoreticalness,
theoretician,competition,extradition,audition,erudition,definition,ignition,coalition,petition,physician,omission,tradition,rhetorician,clinician,reposition,titian,transmission,mission,tactician,position,dietitian,transition,volition,presupposition,recondition,patrician,recognition,statistician,proposition,demolition,politician,cognition,pediatrician,mathematician,nutrition,commission,admission,prohibition,exposition,decomposition,obstetrician,submission,suspicion,mortician,redefinition,inhibition,admonition,condition,expedition,supposition,commision,edition,deposition,abolition,ammunition,sedition,inquisition,recission,fruition,opposition,munition,composition,optician,dentition,intermission,permission,juxtaposition,apparition,superstition,tuition,ambition,technician,remission,premonition,acquisition,fission,contrition,musician,decommission,intuition,electrician,dietician,exhibition,repetition,predisposition,magician,beautician,malnutrition,addition,partition,disposition,requisition,rendition,attrition,precondition,logician,imposition,academician,emission
theoreticians,renditions,inhibitions,oppositions,superstitions,depositions,prohibitions,transmissions,munitions,positions,statisticians,transitions,expeditions,auditions,pediatricians,apparitions,rhetoricians,acquisitions,exhibitions,premonitions,ammunitions,opticians,magicians,obstetricians,definitions,partitions,suppositions,competitions,airconditions,musicians,academicians,politicians,traditions,missions,admissions,commissions,permissions,conditions,remissions,repetitions,suspicions,juxtapositions,tuitions,tacticians,dietitians,clinicians,compositions,predispositions,editions,petitions,admonitions,omissions,preconditions,expositions,patricians,technicians,physicians,additions,electricians,ambitions,submissions,intermissions,mathematicians,dispositions,coalitions,geriatricians,emissions,propositions
theoreticopractical,
theoretics,
theory,camire,geary,barbieri,mcleary,keary,mccreery,siri,guerrieri,spizzirri,mcgeary,dehere,caligiuri,martire,caliri,beary,cavalieri,pirry,ruggieri,laverdiere,bessire,neary,jiri,barriere,olivieri,diery,thiry,kiri,mcqueary,eary,carriere,mccleary,deary,yeary,hara-kiri,erie,bieri,intrieri,bleary,teary,mccleery,irimajiri,gearey,cheery,mangieri,alfieri,biery,facemire,oleary,wiry,derre,balestrieri,cleary,guarnieri,mcelderry,argentieri,granieri,hariri,carpentieri,gualtieri,arcieri,altieri,beery,amiri,pirie,lettieri,thiery,mccreary,buccieri,dreary,eerie,leary,weary,cavaliere,mcneary,leery,deery
theoria,
theoriai,
theory-blind,
theory-blinded,
theory-building,
theoric,
theorica,
theorical,
theorically,
theorician,
theoricon,
theorics,
theories,series,ceres,wearies,queries
theoryless,
theory-making,
theorymonger,
theory's,
theorisation,
theorise,
theorised,
theoriser,
theorises,
theorising,
theorism,
theory-spinning,
theorist,
theorists,
theorist's,
theorization,
theorizations,
theorization's,
theorize,authorize,demise,reprise,comprise,realize,prize,organize,chastise,jeopardize,wise,minimize,size,proselytize,ties,metastasize,familiarize,surmise,recognize,pulverize,characterize,emphasize,rationalize,despise,finalize,epitomize,lies,disguise,crystallize,exercise,subsidize,memorize,otherwise,revise,arise,merchandise,prioritize,scrutinize,plagiarize,empathize,harmonize,aggrandize,optimize,emprise,socialize,catalyze,apologize,prise,belies,eyes,hypothesize,guys,guise,mesmerize,synthesize,amortize,marginalize,criticize,rise,energize,franchise,sunrise,flies,materialize,allies,maximize,apprise,supplies,mize,capsize,galvanize,advertise,paralyze,patronize,baptize,disenfranchise,stigmatize,tantalize,enterprise,improvise,antagonize,visualize,supervise,ostracize,devise,capitalize,synchronize,utilize,compromise,polarize,summarize,analyze,revitalize,sympathize,fries,stabilize,surprise,customize,advise,mobilize,likewise
theorized,generalized,categorized,personalized,stigmatized,apologized,standardized,incised,advertised,formalized,normalized,prized,criticized,outsized,excised,globalized,itemized,recognized,authorized,localized,computerized,agonized,epitomized,synchronized,exercised,emphasized,desensitized,unrecognized,underutilized,homogenized,crystallized,mesmerized,capsized,synthesized,polarized,disorganized,marginalized,paralyzed,advised,unorganized,amortized,analyzed,utilized,familiarized,improvised,pressurized,circumcised,comprised,traumatized,realized,urbanized,apprised,undisguised,annualized,balkanized,ostracized,scrutinized,idealized,stabilized,caramelized,prised,oversized,energized,antagonized,harmonized,mechanized,capitalized,demoralized,specialized,subsidized,characterized,baptized,revised,centralized,chastised,finalized,patronized,surmised,organized,publicized,sized,surprised,customized,disguised,jeopardized,galvanized,decentralized,penalized,pasteurized,civilized,metastasized,disenfranchised,hypnotized,canonized,motorized,despised,compromised,unauthorized,naturalized,devised,stylized
theorizer,
theorizers,
theorizes,despises,fantasizes,galvanizes,terrorizes,symbolizes,compromises,normalizes,scrutinizes,formalizes,mischaracterizes,liberalizes,dramatizes,wises,lyses,revises,depressurizes,alphabetizes,customizes,franchises,equalizes,prises,tantalizes,summarizes,disguises,monopolizes,utilizes,authorizes,maximizes,idealizes,realizes,exercises,legitimizes,emphasizes,apologizes,characterizes,pressurizes,minimizes,ironizes,guises,synchronizes,satirizes,rhapsodizes,prioritizes,overemphasizes,capitalizes,surmises,prizes,agonizes,polymerizes,sensationalizes,neutralizes,economizes,humanizes,advises,recognizes,specializes,surprises,enfranchises,criticizes,memorizes,mises,chastises,hypnotizes,epitomizes,improvises,demobilizes,idolizes,immunizes,supervises,jeopardizes,subsidizes,energizes,phizes,crystallizes,harmonizes,marginalizes,stabilizes,polarizes,sympathizes,enterprises,itemizes,demilitarizes,dieses,brutalizes,materializes,arises,democratizes,excises,categorizes,fertilizes,sizes,analyzes,advertises,downsizes,comprises,rises,departmentalizes,devises,organizes,paralyzes
theorizies,
theorizing,organizing,harmonizing,summarizing,alphabetizing,supervising,uprising,prioritizing,wising,lysing,apologizing,merchandising,maximizing,oxidizing,paralyzing,criticizing,energizing,dehumanizing,temporizing,socializing,improvising,surprising,immobilizing,self-aggrandizing,normalizing,downsizing,recognizing,demoralizing,disguising,rationalizing,standardizing,advising,satirizing,publicizing,democratizing,fraternizing,despising,proselytizing,destabilizing,modernizing,arising,analyzing,tranquilizing,antagonizing,compromising,fantasizing,stigmatizing,comprising,customizing,scrutinizing,stabilizing,prizing,generalizing,revitalizing,utilizing,mobilizing,enterprising,minimizing,crystallizing,specializing,amortizing,advertising,womanizing,mesmerizing,verbalizing,unappetizing,appetizing,synthesizing,centralizing,subsidizing,patronizing,characterizing,immunizing,revising,devising,visualizing,sizing,emphasizing,galvanizing,finalizing,editorializing,moralizing,chastising,polarizing,memorizing,sanitizing,demonizing,monopolizing,tantalizing,unsurprising,authorizing,synchronizing,exercising,realizing,jeopardizing,capitalizing,digitizing,ionizing,neutralizing,rising,aggrandizing
theorum,
theos,urias,shias,casias,ideas,covarrubias,diarrheas,mejias,garcias,frias,koreas,aerovias,zacarias,tortillas,rheas,pizzerias,speos
theosoph,
theosopheme,
theosopher,
theosophy,
theosophic,
theosophical,
theosophically,
theosophies,
theosophism,
theosophist,
theosophistic,
theosophistical,
theosophists,
theosophize,
theotechny,
theotechnic,
theotechnist,
theoteleology,
theoteleological,
theotherapy,
theotherapist,
theotocopoulos,
theotocos,
theotokos,
theow,
theowdom,
theowman,
theowmen,
theoxenius,
ther,
thera,sahara,fichera,tenera,clara,terah,valera,aguilera,mwera,guerra,figueira,sclera,farrah,mcnamara,ohara,escalera,avera,zera,sarah,ranchera,severa,leora,tavera,ferra,sierra,tara,ribera,sequeira,cartera,basara,silveira,mascara,olivera,chimera,gerah,cabrera,provera,berra,najera,ceroplasty,silvera,teixeira,madera,gera,nogueira,para,para-,vieira,altera,vera,cara,guayabera,herrera,becerra,hara,kuchera,erra,olvera,cera,darragh,svizzera,rivera,bera,sara,serra,kara,perera,patera,pereira,caldera,terre,primavera,kera,matera,moreira,cervera,naira,kundera,sferra,frontera,canberra,barbera,terra,carrera,farah,fera,cerra,higuera,era,barrera,riviera,tera-
theraean,
theralite,
theran,
therap,
therapeuses,
therapeusis,
therapeutae,
therapeutic,bluetick,psychotherapeutic,mutic,luteic,zootic,biotherapeutic
therapeutical,
therapeutically,
therapeutics,frutex,mutex,biotherapeutics
therapeutism,
therapeutist,
theraphosa,
theraphose,
theraphosid,
theraphosidae,
theraphosoid,
therapy,psychotherapy,chemotherapy,immunotherapy,hydrotherapy
therapia,
therapies,
therapy's,
therapist,psychotherapist
therapists,psychotherapists
therapist's,
therapne,
therapsid,
therapsida,
theraputant,
theravada,
theravadin,
therblig,
there,gare,declare,square,faire,fanfare,fare,prayer,snare,where,mohair,warfare,software,hair,repair,mer,share,timeshare,claire,unaware,heir,blare,air,affair,flair,despair,unfair,tear,prepare,dispair,err,childcare,medicare,nightmare,extraordinaire,forebear,malware,guerre,aware,glare,bare,footwear,nowhere,fair,wear,stair,beware,altair,blair,millionaire,dare,everywhere,impair,pear,chair,aer,eyre,bear,welfare,hardware,elsewhere,stare,earthenware,daycare,scare,flare,healthcare,airfare,pair,mare,underwear,thoroughfare,solitaire,bair,threadbare,lare,armchair,delaware,ere,pare,care,terre,compare,ensnare,questionnaire,hare,anywhere,clair,cookware,swear,their,lair,rare,debonair,cher,forswear,spare,doctrinaire,ware
thereabout,whereabout
thereabouts,sprouts,droughts,doubts,washouts,strikeouts,bouts,workouts,gouts,stakeouts,whereabouts,buyouts,couts,houtz,printouts,layouts,fallouts,lockouts,fouts,trouts,spouts,knockouts,payouts,routs,routes,dropouts,coutts,eelpouts,shouts,dugouts,houts,foutz,snouts,louts,scouts,bailouts,youtz,pouts,blowouts,hereabouts,breakouts,clouts,hangouts,tryouts,hideouts,sellouts,outs,pullouts,cutouts,brownouts,touts,standouts,turnouts,cookouts,holdouts,checkouts,flouts,stouts,blackouts,handouts,walkouts
thereabove,
thereacross,
thereafter,laughter,hereafter,telecrafter,crafter,drafter,lenscrafter,rafter,after,after-,grafter
thereafterward,
thereagainst,
thereamong,
thereamongst,
thereanent,
thereanents,
therearound,
thereas,
thereat,hereat,whereat
thereaway,
thereaways,
therebefore,
thereben,
therebeside,
therebesides,
therebetween,
thereby,spy,cry,chi,vilify,quantify,die,awry,magpie,alkali,underlie,comply,pie,lie,ally,spry,psi,modify,alibi,supply,amplify,nigh,sty,deny,dry,notify,buy,gadfly,i,occupy,justify,fry,high,butterfly,sky,satisfy,pi,wry,dye,my,tai,lye,bae,certify,signify,y,belie,eye,guy,rectify,fly,hi,edify,pry,specify,vi,indemnify,ai,identify,vie,classify,aye,ratify,reply,qualify,ly,tie,defy,try,nearby,mortify,goodbye,why,verify,nye,mollify,sly,standby,codify,bye,alumni,apply,nullify,exemplify,ply,ossify,hereby,shy,clarify,rely,lanai,testify,stultify,rye,bi,bely,decry,sigh,imply,whereby,by
therebiforn,
thereckly,
thered,
there'd,
therefor,war,outdoor,store,wore,anymore,flor,explore,therefore,dinosaur,boar,whore,boer,your,shore,tore,pore,adore,swore,spore,indoor,crore,sore,deplore,corps,snore,troubadour,more,encore,heretofore,for,folklore,hardcore,soar,drugstore,orr,eyesore,ecuador,tor,onshore,bore,pour,score,thor,underscore,salvador,mentor,floor,doar,singapore,or,labrador,implore,furthermore,gore,dior,mor,before,four,ore,cor,galore,moore,torr,matador,guarantor,sycamore,centaur,decor,nor,seashore,lor,yore,dore,backdoor,uproar,restore,lore,bookstore,herbivore,abhor,stevedore,fore,rapport,core,drawer,offshore,sophomore,evermore,commodore,ashore,carnivore,ignore,chore,door,oar,hoar,roar
therefore,war,outdoor,store,wore,anymore,flor,explore,dinosaur,boar,whore,boer,your,shore,tore,pore,adore,swore,spore,indoor,crore,sore,deplore,corps,therefor,snore,troubadour,more,encore,heretofore,for,folklore,hardcore,soar,drugstore,orr,eyesore,ecuador,tor,onshore,bore,pour,score,thor,underscore,salvador,mentor,floor,doar,singapore,or,labrador,implore,furthermore,gore,dior,mor,before,four,ore,cor,galore,moore,torr,matador,guarantor,sycamore,centaur,decor,nor,seashore,lor,yore,dore,backdoor,uproar,restore,lore,bookstore,herbivore,abhor,stevedore,fore,rapport,core,drawer,offshore,sophomore,evermore,commodore,ashore,carnivore,ignore,chore,door,oar,hoar,roar
therefrom,
therehence,
therein,gwin,gwynn,linn,erwin,syn,lin,foreskin,kin,mandolin,levin,in,begin,inn,tailspin,linchpin,jin,solzhenitsyn,dinh,flynn,violin,brin,thin,linne,skin,sin,puffin,guinn,herein,gwynne,spin,bin,qian,zinn,pigskin,askin,lynne,digne,chin,yin,quin,has-been,shin,gin,tin,wherein,vin,chagrin,fin,twin,berlin,djinn,ginn,kingpin,grin,allin,ervin,underpin,blinn,deerskin,finn,when,lynn,akin,quinn,qin,sheepskin,bryn,gyn,schwinn,adin,prynne,buckskin,been,pin,gwyn,bedouin,din,astin,boleyn,lyn,guin,emlyn,ligne,within,wynn,minh,sinn,win,redskin,rhin,min
thereinafter,
thereinbefore,
thereinto,whereinto,hereinto
therell,
there'll,
theremin,herriman,harriman,ceriman,merriman
theremins,
therence,
thereness,hereness,whereness
thereof,lxxiv,shove,breedlove,truelove,labove,xxxiv,belove,strangelove,glove,gov,above,dove,foxglove,deneuve,manlove,love,labov,of,freelove
thereoid,
thereology,
thereologist,
thereon,polygon,exon,aragon,hexagon,parmesan,hogan,ron,baton,celadon,spawn,flawn,emoticon,gone,dawn,radon,moron,oregon,john,micron,boron,echelon,lexicon,sean,iran,prawn,marathon,pawn,pantheon,amazon,drawn,pion,han,khan,yuan,pentagon,photon,woebegone,upon,paragon,automaton,avalon,aileron,on,withdrawn,yawn,pecan,bon,con,foregone,octagon,chiffon,crayon,bygone,hon,nylon,brawn,quan,epsilon,non,proton,tron,babylon,coupon,wan,pylon,agamemnon,meson,don,juan,axon,amadon,capon,neutron,rapprochement,forgone,phenomenon,argon,swan,yon,oberon,salon,oman,fawn,braun,lawn,antiphon,denouement,gabon,carillon,liaison,mastodon
thereonto,
thereout,whereout,hereout
thereover,
thereright,
theres,berres,downstairs,multimillionaires,wheelchairs,chaires,cares,prepares,repairs,legionnaires,hairs,declares,sayres,wears,freres,tears,daycares,millionaires,bures,swears,lairs,armchairs,blares,shares,glares,hares,bankshares,prayers,chairs,scares,dares,questionnaires,heirs,fiduciares,bares,theirs,snares,housewares,squares,faires,pears,airfares,stairs,mares,phares,somewheres,xers,compares,thoroughfares,bears,americares,wares,backstairs,stares,unawares,airs,fares,pairs,frontieres,gehres,forebears,jares,nightmares,fairs,upstairs,pares,billionaires,ayres,gerres,despairs,errs,ensnares,flares,mairs,spares,impairs,khmers,affairs
there's,
theresa,erisa,corisa,risa,lesa,elissa,larissa,raissa,clerissa,delisa,kulesa,paisa,aisa,pisa,carissa,eisa,raisa,neysa,baisa,isa,alisa,lisa,elisa,teresa,charissa,chiesa,cammisa,mesa
therese,
theresina,
theresita,
theressa,
therethrough,
theretil,
theretill,
thereto,
theretofore,
theretoward,
thereunder,
thereuntil,
thereunto,whereunto
thereup,
thereupon,polygon,exon,aragon,hexagon,parmesan,hogan,ron,baton,celadon,spawn,flawn,emoticon,gone,dawn,radon,moron,oregon,john,micron,boron,echelon,lexicon,sean,iran,prawn,marathon,pawn,pantheon,amazon,drawn,pion,han,khan,yuan,pentagon,photon,woebegone,upon,paragon,automaton,avalon,aileron,on,withdrawn,yawn,pecan,bon,con,foregone,octagon,chiffon,crayon,bygone,hon,nylon,brawn,quan,epsilon,non,proton,tron,babylon,coupon,wan,pylon,agamemnon,meson,don,juan,axon,amadon,capon,neutron,rapprochement,forgone,phenomenon,argon,swan,yon,oberon,salon,oman,fawn,braun,lawn,antiphon,denouement,gabon,carillon,liaison,mastodon
thereva,
therevid,
therevidae,
therewhile,erewhile
therewhiles,
therewhilst,
therewith,
therewithal,
therewithin,
therezina,
theria,
theriac,
theriaca,
theriacal,
theriacas,
theriacs,
therial,
therian,hereon,guderian,kerion,pterion,yerian,pierian
therianthropic,
therianthropism,
theriatrics,
thericlean,
theridiid,parodied
theridiidae,
theridion,
therimachus,
therine,
therio-,
theriodic,
theriodont,
theriodonta,
theriodontia,
theriolater,
theriolatry,
theriomancy,
theriomaniac,
theriomimicry,
theriomorph,
theriomorphic,
theriomorphism,
theriomorphosis,
theriomorphous,
theriot,
theriotheism,
theriotheist,
theriotrophical,
theriozoic,
theritas,
therium,
therm,squirm,reconfirm,germe,berm,cutworm,sperm,midterm,therm-,longterm,wurm,sturm,confirm,bookworm,reaffirm,nicoderm,germ,infirm,affirm,long-term,ferm,thurm,endosperm,schirm,worm,term,firm,from,herm,hurm,earthworm,shortterm
therm-,squirm,reconfirm,germe,berm,therm,sperm,cutworm,midterm,longterm,wurm,sturm,confirm,bookworm,reaffirm,nicoderm,germ,infirm,affirm,long-term,ferm,thurm,endosperm,schirm,worm,term,firm,from,herm,hurm,earthworm,shortterm
therma,
thermacogenesis,
thermae,ne,he,d,pee,yee,machete,key,di,actuary,p,debris,guarantee,marquee,c,partee,lee,tea,lea,idiosyncrasy,dee,de,apogee,decree,z,foresee,t,hyperbole,kabuki,tree,referee,agree,nee,b,ski,lessee,me,xi,repartee,payee,bourgeoisie,sea,carefree,spree,tv,pony,g,oversee,she,ree,e,thee,mi,three,precis,calliope,bee,pre,we,plea,asap,cree,sunday,nestle,see,quay,be,jubilee,ghee,banshee,degree,reality,hee,turnkey,pea,qi,ye,glee,wee,scree,fee,hawaii,knee,syncope,v,trustee,tee,emcee,esprit,flea,gee,flee,snee,marquis,ac,si,indri,free,guaranty,potpourri,cc
thermaesthesia,
thermaic,
thermal,hydrothermal,wormal,geothermal,mesodermal,turmel,dermal,endodermal,epidermal,kurmel,isothermal,bermel,vermeil
thermalgesia,
thermality,
thermalization,
thermalize,
thermalized,
thermalizes,
thermalizing,
thermally,
thermals,
thermanalgesia,
thermanesthesia,
thermantic,
thermantidote,
thermatology,
thermatologic,
thermatologist,
therme,
thermel,wormul,wurmal,vermil,wormil
thermels,
thermes,
thermesthesia,
thermesthesiometer,
thermetograph,
thermetrograph,
thermy,
thermic,endothermic,cermak,hypodermic,chermak,exothermic
thermical,
thermically,
thermidor,
thermidorean,
thermidorian,
thermion,permian
thermionic,
thermionically,
thermionics,
thermions,
thermistor,burmester
thermistors,
thermit,zermatt,cermet,fermat,ermit
thermite,
thermites,
thermits,hermits
thermo,thermo-
thermo-,thermo
thermoammeter,
thermoanalgesia,
thermoanesthesia,
thermobarograph,
thermobarometer,
thermobattery,
thermocautery,
thermocauteries,
thermochemic,
thermochemical,
thermochemically,
thermochemist,
thermochemistry,
thermochroic,
thermochromism,
thermochrosy,
thermoclinal,
thermocline,
thermocoagulation,
thermocouple,
thermocurrent,
thermodiffusion,
thermodynam,
thermodynamic,
thermodynamical,
thermodynamically,
thermodynamician,
thermodynamicist,
thermodynamics,
thermodynamist,
thermoduric,
thermoelastic,
thermoelectric,
thermoelectrical,
thermoelectrically,
thermoelectricity,
thermoelectrometer,
thermoelectromotive,
thermoelectron,
thermoelectronic,
thermoelement,
thermoesthesia,
thermoexcitory,
thermofax,
thermoform,
thermoformable,
thermogalvanometer,
thermogen,germogen
thermogenerator,
thermogenesis,
thermogenetic,
thermogeny,
thermogenic,
thermogenous,
thermogeography,
thermogeographical,
thermogram,
thermograph,
thermographer,
thermography,
thermographic,
thermographically,
thermohaline,
thermohyperesthesia,
thermo-inhibitory,
thermojunction,
thermokinematics,
thermolabile,
thermolability,
thermolysis,
thermolytic,
thermolyze,
thermolyzed,
thermolyzing,
thermology,
thermological,
thermoluminescence,
thermoluminescent,
thermomagnetic,
thermomagnetically,
thermomagnetism,
thermometamorphic,
thermometamorphism,
thermometer,dynamometer,spectrometer,goniometer,odometer,accelerometer,fluorometer,magnetometer,kilometer,hydrometer,speedometer,photometer,tensiometer,densitometer,hygrometer,micrometer,interferometer,vomiter,anemometer,barometer
thermometerize,
thermometers,barometers,magnetometers,micrometers,odometers,accelerometers
thermometer's,
thermometry,
thermometric,
thermometrical,
thermometrically,
thermometrograph,
thermomigrate,
thermomotive,
thermomotor,
thermomultiplier,
thermonasty,
thermonastic,
thermonatrite,
thermoneurosis,
thermoneutrality,
thermonous,
thermonuclear,mononuclear,nuclear
thermopair,
thermopalpation,
thermopenetration,
thermoperiod,
thermoperiodic,
thermoperiodicity,
thermoperiodism,
thermophil,
thermophile,spermophile
thermophilic,
thermophilous,
thermophobia,
thermophobous,
thermophone,
thermophore,spermophore,spermaphore
thermophosphor,
thermophosphorescence,
thermophosphorescent,
thermopylae,
thermopile,
thermoplastic,monastic,spastic,drastic,ecclesiastic,sarcastic,fantastik,onomastic,iconoclastic,elastic,interscholastic,scholastic,anaplastic,nastic,plastique,enthusiastic,unenthusiastic,inelastic,blastic,stochastic,lymphoblastic,bombastic,desmoplastic,dynastic,fantastic,plastic,mastic,gymnastic,clastic
thermoplasticity,
thermoplastics,onomastics,lastex,plastics,gymnastics
thermoplegia,
thermopleion,
thermopolymerization,
thermopolypnea,
thermopolypneic,
thermopolis,
thermopower,
thermopsis,
thermoradiotherapy,
thermoreceptor,
thermoreduction,
thermoregulation,
thermoregulator,
thermoregulatory,
thermoremanence,
thermoremanent,
thermoresistance,
thermoresistant,
thermos,epidermis,permiss,taxidermists,dermis
thermoscope,
thermoscopic,
thermoscopical,
thermoscopically,
thermosensitive,
thermoses,
thermoset,
thermosetting,threating,vetting,fetting,betting,offsetting,getting,fretting,stetting,netting,besetting,forgetting,petting,typesetting,jetting,upsetting,reseting,letting,petong,regretting,retting,abetting,bloodletting,sweating,interpreting,setting,wetting,bletting,whetting,begetting
thermosynthesis,
thermosiphon,
thermosystaltic,
thermosystaltism,
thermosphere,spermosphere,spermospore
thermospheres,
thermospheric,
thermostability,
thermostable,
thermostat,rat,brat,nat,copycat,democrat,glatt,butterfat,habitat,aerostat,gnat,patt,cat,matte,gatt,plutocrat,tit-for-tat,matt,scrat,brickbat,wildcat,scatt,fat,laundromat,bat,blatt,caveat,kitcat,sat,sadat,inmarsat,bratt,bobcat,pussycat,wombat,gat,autocrat,slat,pratt,hat,muskrat,splat,elat,scat,strat,nonfat,dat,technocrat,thundercat,platte,tat,hatte,diplomat,sprat,polecat,schmatte,acrobat,begat,placemat,chat,platt,patte,babysat,format,combat,bureaucrat,spat,chitchat,pat,vat,that,gujarat,aristocrat,tomcat,flat,latke,kat,batt,ziggurat,doormat,catt,mat,stat,at
thermostated,
thermostatic,
thermostatically,
thermostatics,
thermostating,
thermostats,bats,bratsche,satz,coseratz,shatz,wildcats,rats,patz,bahts,gnats,kats,dats,brats,glatz,atz,ratts,combats,spats,bureaucrats,chats,habitats,at-bats,aristocrats,nats,latz,ghats,plats,oshatz,klatsch,splats,copycats,blatz,tsatske,cats,pats,matts,thundercats,schatz,flats,datz,blats,acrobats,lats,stats,mats,wombats,platz,vats,ratz,badavatz,slats,formats,hats,democrats,hatz,kratz,platts,caveats,chatz,thats,scats,matz,technocrats,batts,bratsk,fats,sprats,batz,ziggurats,laundromats,gatz,rosenblatts,doormats,bratz,polecats,frats,plutocrats,pussycats,aerostats,lattes,spatz,mattes,diplomats,brickbats,katz,gratz,statz,prats
thermostat's,
thermostatted,
thermostatting,
thermostimulation,
thermoswitch,
thermotactic,
thermotank,
thermotaxic,
thermotaxis,
thermotelephone,
thermotelephonic,
thermotensile,
thermotension,
thermotherapeutics,
thermotherapy,
thermotic,spermatic,hermitic,dermatic
thermotical,
thermotically,
thermotics,
thermotype,
thermotypy,
thermotypic,
thermotropy,
thermotropic,
thermotropism,
thermo-unstable,
thermovoltaic,
therms,cutworms,berms,reaffirms,terms,earthworms,squirms,germs,firms,worms,herms,sperms,silkworms,confirms,affirms,midterms
thero,
thero-,
therock,
therodont,
theroid,ceroid
therolater,
therolatry,
therology,
therologic,
therological,
therologist,
theromora,
theromores,
theromorph,
theromorpha,
theromorphia,
theromorphic,
theromorphism,
theromorphology,
theromorphological,
theromorphous,
theron,perrin,aron,perron,sharon,beron,ferran,heron,mehran,barron,haren,herron,beran,ehren,ferron,kerin,baron,teran,sherin,karen,geron,karon,herin,karan,terin,cerin,pteron,alaron,barren,waren,aaron,faren,marron,schwerin,farren,mcfarren,baren,maclaren,herren,herrin,faron,ferrin,hairen,charron,betakeren,terran,garin,caren,guerin,karin,geran,mclaren,serin,lebaron,yaron,maren,farron,marin,veron,charon,seron,aran,paren,aeron,sherrin
therophyte,xerophyte,aerophyte
theropod,pteropod
theropoda,pauropoda,pteropoda,sauropoda
theropodan,
theropodous,
theropods,
therron,
thersander,
thersilochus,
thersitean,
thersites,
thersitical,
thesaur,
thesaural,
thesauri,tesserae,khesari
thesaury,
thesauris,
thesaurismosis,
thesaurus,horace,maurus,mcmorris,porus,squarrous,tortorice,dolores,torus,tsoris,dorice,horus,moris,norris,vorous,borris,fitzmorris,voris,moresk,laurice,chlorous,clitoris,chloris,morrice,boris,brontosaurus,porous,goris,sorice,chorus,delores,phorous,ptloris,torras,floris,loris,taurus,dilophosaurus,stegosaurus,dorris,morus,norice,montgoris,sorus,morris,morriss,fitzmaurice,doris,maquiladoras,morice,morisk,tyrannosaurus
thesaurusauri,
thesauruses,
thesda,
these,geez,reprise,agrees,siamese,jeez,louise,journalese,wheeze,seese,cheese,niese,portuguese,actuaries,seize,belize,cantonese,sinhalese,keys,degrees,cadiz,flees,striptease,fees,javanese,appease,bees,hercules,maltese,oversees,isosceles,diocese,attendees,peas,japanese,chinese,disease,knees,creaze,antifreeze,tees,wease,sease,bes,reis,teas,fleas,chemise,sleaze,munchies,please,leas,sneeze,pease,headcheese,maccabees,ease,trees,lees,pleas,feces,taiwanese,analyses,tweeze,burmese,mores,sees,idiosyncrasies,guarantees,testes,parentheses,tease,indices,socrates,dees,squeeze,trapeze,pleiades,chese,feaze,manganese,hyades,skis,expertise,hypotheses,pcs,balinese,seas,displease,breeze,frieze,rameses,freeze,aziz,damocles,emphases,unease,overseas
thesean,
theses,reseize,prostheses
,
