zebrina,
zebrine,debruyn,pebrine,debruyne
zebrinny,
zebrinnies,
zebroid,
zebrula,
zebrule,
zebu,
zebub,kebab,chebab
zebulen,
zebulon,
zebulun,
zebulunite,
zeburro,
zebus,cebus,rebus,phebus,phoebus,feebis,glebous,paribas
zecchin,
zecchini,
zecchino,meccano
zecchinos,
zecchins,
zech,speck,antec,teaneck,discotheque,ringneck,redneck,cheque,sec,beck,peck,bec,symantec,drecche,treck,lek,bedeck,bottleneck,spelk,leck,schreck,wreck,ameritech,stech,roughneck,opec,vasotec,sheck,exec,tech,freck,yecch,nec,feck,geck,deck,henpeck,bleck,grecque,weck,frech,fleck,trek,meck,breck,spec,schneck,heck,chek,steck,apec,parsec,streck,neck,tek,dreck,sneck,tec,rec,quarterdeck,shek,ek,quebec,reck,keck,czech,dec,eck,mech,steinbeck,whelk,rech,dubcek,paycheck,aztec,biotech,breakneck,lech,seck,teck,hightech,recheck,check,sematech,brubeck,pech,turtleneck,lubeck,blech,kotek
zech.,
zechariah,acharya
zechin,chechen,cretchen,echin-,gretchen,echon,echin,ketchen,pechin
zechins,
zechstein,
zeculon,
zed,hotbed,widespread,pled,tread,unwed,copperhead,shead,fred,trailhead,ahead,shred,seabed,whitehead,head,airhead,aforesaid,swed,shed,bulkhead,blockhead,bed,bread,misled,newlywed,egghead,fled,deathbed,led,loggerhead,embed,warhead,ned,skinhead,misread,spread,med,spearhead,thread,butthead,sled,ged,bullhead,ed,arrowhead,wed,coed,beachhead,pwned,roundhead,freda,watershed,abed,instead,shithead,dread,letterhead,flathead,imbed,overhead,read,gingerbread,figurehead,inbred,bled,masthead,deadhead,said,godhead,stead,retread,thoroughbred,red,fed,redd,bobsled,steelhead,ted,flatbed,reade,bridgehead,woodshed,riverbed,sped,farmstead,homestead,dead,bedspread,lead,infrared,bred,cornbread,wellhead,featherbed,behead,purebred,bloodshed,drumhead,dred,redhead
zedekiah,via,zelaya,nehemiah,berjaya,himalaya,josiah,elia,vizcaya,plisetskaya,eligaya,boguslavskaya,mariah,araya,rupiah,maya,jeremiah,maia,cartaya,playa,zachariah,daya,gaia,papaya,aja,iphegenia,czaja,jaya,indiaia,messiah,pariah,obadiah
zedoary,
zedoaries,
zeds,
zee,z,precis,hyperbole,repartee,ye,ac,de,machete,key,thee,tree,pee,wee,me,dee,tee,bee,guaranty,t,pony,spree,ghee,decree,pre,marquee,apogee,si,cc,nestle,nee,lea,b,scree,flea,yee,trustee,knee,payee,quay,jubilee,bourgeoisie,hee,plea,snee,qi,degree,lee,emcee,lessee,tv,turnkey,fee,e,she,reality,syncope,actuary,free,idiosyncrasy,banshee,debris,three,he,agree,kabuki,sunday,di,carefree,ski,cree,partee,calliope,glee,pea,potpourri,g,mi,indri,ree,foresee,marquis,c,hawaii,asap,esprit,gee,tea,see,d,we,v,xi,flee,sea,p,ne,be,oversee,guarantee,referee
zeeba,
zeebrugge,doogie,woogie,lugi,boogie,dougie,nugae,boogie-woogie,rugae
zeed,
zeekoe,delmonico,talerico,kazuhiko,nico,ricoh,chirico,marsico,grieco,graeco-,pacifico,graeco,enrico,fico,amico,talarico,tallarico,veeco,neeco,orrico,alberico,puerto-rico,masahiko,rico,persico,peko,carico,economico,tricarico,antico,zico,teco,serpico,biko,frederico,seaco,agrico,falotico,katsuhiko,derrico,eco,monico,errico,nikko,decicco,akiko,niko,federico,chriboniko,leeco,pico,panico,neco,grammatico,angelico,iannamico,lodico,domanico,beco,arico,cherico,gromyko,ceco,demicco,pico-,canonico,carrico,damico,lico
zeeland,kneeland,leland,breeland,eland,wheeland,freeland,zealand,vreeland,wieland,sjaelland
zeelander,
zeeman,fleeman,spaeman,demon,haemin,frieman,ziemann,leaman,teman,nieman,niemann,seemann,tiemann,lehman,zieman,leamon,mckeeman,seaman,rieman,riemann,neman,yeaman,dreman,heman,zemin,deman,beaman,leeman,schneeman,daemon,zeman,tieman,seamon,beamon,freemon,siemon,beeman,leemon,shimon,yeman,wieman,neiman,seman,schliemann,seamen,eamon,thiemann,leman,seeman,freeman,semen,beman,kleeman,wiemann,sleeman,niemen,freiman
zeena,
zees,
zeffirelli,stelly,nelly,shelley,fanelli,elie,angeli,helie,agnelli,pasquarelli,petrocelli,campanelli,smelly,belli,locatelli,brunelli,marinelli,nelli,ellie,elly,covelli,nellie,altobelli,piscitelli,jelly,deli,cassinelli,kelli,skelly,underbelly,shelly,romanelli,delhi,stelae,wellie,kelly,chelae,reli,mellie,cheli,gabrielli,tele-,kellie,santelli,riopelle,machiavelli,novelli,gelly,belly,roselli,mancinelli,melli,cellae,minelli,beli,puccinelli,tele,cinelli,vitelli,morelli,bonelli,kelley,welly,antonelli,borelli,martelli,santarelli,okelly,helly,fiorelli,saltarelli,donatelli,spinelli,schelly,torelli,celie,felly,telly,torricelli,capelli,allele,meli,castelli,miceli,melly,cappelli,minnelli,celli,signorelli,delee,pacelli
zeguha,
zehe,
zehner,enter,denar,center,menor,kenner,steinbrenner,senner,zenor,stenner,sensenbrenner,gwenore,wehner,behner,wenner,flenner,tener,fenner,henner,sklenar,jenner,renner,heldentenor,sennar,cohenour,mehner,venner,misbrener,tenner,lennar,penner,spenner,dehner,coughenour,tenor,countertenor,lehner,denner,benner,zenner,brenner
zeidae,speedy,beady,hedy,needy,reedy,tweedie,eady,canedy,guidi,amidi,edye,caridi,rheidae,beedy,leedy,freidy,predy,keady,leady,midi,prede,afridi,mccready,greedy,tweedy,leidy,seedy,scaffidi,didi,shahidi,deedy,edi,eaddy,heedy,urquidi,three-d,weedy,reidy,beedie,sheedy
zeidman,weideman,weidemann,weidman,weidmann,freidman,heidemann,wideman,heideman,seidman
zeiger,reiger,schweiger,viger,swiger,sliger,schwaiger,seiger,kreiger,steiger,tyger,kyger,gyger,geiger,staiger,feiger,kiger,neiger,giger,stiger,tiger,schleiger,kryger,iger,tigar,kriger
zeigler,figler,zigler,bigler,rigler,sigler,seigler
zeilanite,
zeiler,tiler,kyler,filar,detweiler,heiler,blyler,seiler,miler,huyler,bleiler,byler,plyler,deadwyler,eiler,weiler,pliler,detwiler,wyler,geiler,isler,rothweiler,beiler,pilar,wiler,syler,iler,myler,tyler,hiler,piler,schuyler,filer,theiler,styler,tutwiler,cuyler,hyler,stilar,leutwiler,compiler,hilar,siler,feiler,stylar,smiler,shonkwiler,emswiler
zein,
zeins,
zeism,
zeiss,mice,dyce,reprice,rice,sacrifice,excise,wice,brice,imprecise,gneiss,weisse,thrice,geiss,entice,deiss,dise,heiss,dice,vise,lice,trice,price,weiss,nice,bice,spice,preiss,devise,edelweiss,splice,concise,geise,advice,heise,underprice,overprice,stice,bryce,vice-,theiss,paradise,suffice,slice,tice,ice,device,guice,pryce,weis,reiss,grice,twice,vice,allspice,hice,precise,feis,kies
zeist,weest,fiest,reist,geest,leist,queest,deist,seised,reest,freest,liveliest,teest,weist,theist
zeitgeist,niste,geist,triced,christ,overpriced,tryst,enticed,poltergeist,heist,triste,diced,spliced,sacrificed,feist,iced,viced,sufficed,kleist,midpriced,weist,piste,repriced,riced,sliced,mispriced,spiced,underpriced,priced
zeitgeists,
zeitler,sitler,titler,beitler,stiteler,weitler,bitler
zek,
zeke,martinique,leak,workweek,critique,mystique,shriek,phreak,deak,fleek,speke,boutique,weick,tariq,sikh,creak,misspeak,gleek,cleek,squeak,streak,respeak,eke,bleak,geekdom,sheikh,greek,steik,monique,rieck,batik,beak,physique,cheek,geac,fenugreek,doublespeak,peake,creek,screak,sheik,speake,skreak,newspeak,pique,fleak,peak,belgique,geek,manrique,kweek,sheikhdom,oblique,meek,antique,chesapeake,tweak,freak,reek,clique,cacique,chic,teak,steek,seek,streek,beek,mozambique,bespeak,leek,speak,clinique,leake,zeek,unique,henrique,teac,sneak,technique,sleek,weak,veronique,peek,midweek,grosbeak,week,wreak,dominique
zeks,
zel,isabel,cartel,seashell,misspell,well,sel,shell,propel,bel,clientele,lapel,resell,mel,outsell,barbell,gel,nell,elle,gazelle,snell,zinfandel,manuel,accel,ravel,maxwell,motel,doorbell,ell,intel,infidel,pastel,expel,mell,aol,smell,knell,nobel,foretell,eggshell,cell,el,noel,morel,parallel,l,dwell,befell,belle,carousel,bethel,marcel,decibel,fidel,caravel,swell,del,chanel,impel,cowbell,carmel,bluebell,michelle,pell,spell,hotel,undersell,raphael,citadel,dumbbell,repel,hell,dell,rangel,groundswell,bell,compel,sell,oversell,dispel,materiel,quell,tel,jell,adele,personnel,tell,mademoiselle,fell,bombshell,rebel,excel,nutshell,yell,cel,farewell,retell,quel,stairwell,carel
zela,
zelanian,
zelant,
zelator,
zelatrice,
zelatrix,
zelazny,nabozny,wozny,kwasny
zelda,celda,velda,esmerelda,selda,imelda,felda,nelda,kelda,grizelda,marelda,emelda,ethelda
zelde,
zelienople,
zelig,selig
zelikow,jellicoe,helico-,helico
zelkova,
zelkovas,
zell,isabel,cartel,seashell,misspell,well,sel,shell,propel,bel,clientele,lapel,resell,mel,outsell,barbell,gel,nell,elle,gazelle,snell,zinfandel,manuel,accel,ravel,maxwell,motel,doorbell,ell,intel,infidel,pastel,expel,mell,aol,smell,knell,nobel,foretell,eggshell,cell,el,noel,morel,parallel,l,dwell,befell,belle,carousel,bethel,marcel,decibel,fidel,caravel,swell,del,chanel,impel,cowbell,carmel,bluebell,michelle,pell,spell,hotel,undersell,raphael,citadel,dumbbell,repel,hell,dell,rangel,groundswell,bell,compel,sell,oversell,dispel,materiel,quell,tel,jell,adele,personnel,tell,mademoiselle,fell,bombshell,rebel,excel,nutshell,yell,cel,farewell,retell,quel,stairwell,carel
zella,
zellamae,
zelle,isabel,cartel,seashell,misspell,well,sel,shell,propel,bel,clientele,lapel,resell,mel,outsell,barbell,gel,nell,elle,gazelle,snell,zinfandel,manuel,accel,ravel,maxwell,motel,doorbell,ell,intel,infidel,pastel,expel,mell,aol,smell,knell,nobel,foretell,eggshell,cell,el,noel,morel,parallel,l,dwell,befell,belle,carousel,bethel,marcel,decibel,fidel,caravel,swell,del,chanel,impel,cowbell,carmel,bluebell,michelle,pell,spell,hotel,undersell,raphael,citadel,dumbbell,repel,hell,dell,rangel,groundswell,bell,compel,sell,oversell,dispel,materiel,quell,tel,jell,adele,personnel,tell,mademoiselle,fell,bombshell,rebel,excel,nutshell,yell,cel,farewell,retell,quel,stairwell,carel
zellerbach,hemlock,locke,iraq,flock,ad-hoc,chalk,bock,jaywalk,floc,sherlock,falk,gridlock,rock,och,bangkok,crock,doc,loch,padlock,baulk,lock,balk,salk,wok,poppycock,livestock,crosstalk,airlock,feedstock,tomahawk,gawk,hollyhock,shylock,hancock,brock,bok,knock,hawk,aftershock,calk,block,manioc,croc,havelock,sock,gamecock,smock,bach,oarlock,interlock,talk,boardwalk,spock,frock,hoc,antioch,pock,goshawk,jock,peacock,lok,shock,unlock,roc,mach,bedrock,tock,dock,jacques,wedlock,toque,stock,matlock,squawk,walk,deadlock,sidewalk,cock,hock,glock,roadblock,caulk,catwalk,clock,nighthawk,stalk,laughingstock,crosswalk,nock,bokeh,mock,mohawk,medoc,bloc,schlock,woodcock,chock,shamrock
zellner,melnor,hellner,gellner,kellner,fellner,wellner,ellner,sellner,selner,kelner
zellwood,
zelma,pelma,thelma,velma,anselma,helma,wilhelma,elma,delma,selma,aselma
zelmira,
zelophobia,
zelos,milos
zelotic,
zelotypia,
zelotypie,
zelten,
zeltinger,
zeme,
zemeism,
zemi,
zemiism,
zemimdari,
zemindar,zamindar
zemindari,
zemindary,
zemindars,
zemmi,
zemni,
zemstroist,
zemstrom,
zemstva,
zemstvo,
zemstvos,
zen,tenn,parisienne,plzen,cheyenne,sdn,tien,yuen,duchenne,fen,wren,hen,thegn,sen,henne,cnn,kren,clergymen,airmen,nexgen,turkmen,gen,playpen,renne,amen,pen,madeleine,en,comedienne,ten,fenn,yen,minutemen,bren,phen,wen,chien,ken,glenn,denn,penh,henn,n,penn,benn,when,shenzhen,nguyen,senn,len,jen,cayenne,ben,glen,gren,again,penne,venn,middlemen,chen,almaden,bullpen,adrienne,biogen,lpn,behn,sven,chretien,asean,businessmen,tenne,gunmen,sten,antenne,then,splen,handymen,shen,benne,gwen,men,den,ren
zena,semolina,mena,spina,faena,sardina,cantina,neenah,serafina,albina,selena,sabina,salina,farina,bettina,sabena,hyena,christina,florentina,galena,celina,veena,covina,reina,cristina,rowena,valentina,argentina,pina,verbena,nina,davina,vaccina,latina,medina,adina,messina,alina,regina,athena,mina,jena,georgina,sheena,dina,gina,gallina,martina,avina,sabrina,marina,macarena,molina,concertina,purina,pyrena,rina,krajina,subpoena,ianthina,irina,serena,katrina,bina,melvina,domina,catena,lina,patina,ina,erina,cortina,cadena,catalina,dena,xena,proserpina,siena,hercegovina,arena,edina,tina,alcina,cartagena,rosina,angelina,vena,ballerina,jeana,seraphina,rena,vina,herzegovina,magdalena,gardena,lena,fraena,quina,philomena
zenaga,
zenaida,breda,almeda,takeda,loma-prieda,barreda,saida,mosqueda,sayda,heda,seda,haneda,meda,cicada,aleda,esqueda,comdata,pereda,maida,cepeda,leyda,veda,neda,lebeda,maceda,tejeda,aweida,vayda,beda,naida,sauceda,ada,sepulveda,epeda,zepeda,reda,halimeda,mayda,ojeda,ikeda,ueda,laveda,olmeda,grenada,gleda,gayda,sepeda,reseda
zenaidas,
zenaidinae,
zenaidura,
zenana,wenona,karenina
zenanas,
zenas,hyenas,salinas,arenas,ballerinas,marinas,farinas,drinas,argentinas,mascarenas,ginas,subpoenas
zend,
zenda,renda,glenda,grenda,agenda,mirenda,hacienda,tenda,floirenda,brenda,gwenda,venda,penda,molenda,referenda,wenda,benda,kolenda,orenda,blenda
zendah,
zend-avesta,
zend-avestaic,
zendic,
zendician,
zendik,nendick,mendyk,bendick
zendikite,
zendo,
zendos,
zenelophon,
zenger,gienger
zenia,mania,sylvania,transylvania,tasmania,canea,pomerania,albania,megalomania,cranioplasty,mauritania,lusitania,dromomania,tanzania,germania,rumania,ruritania,romania,lithuania,compania
zenic,
zenick,rennick,fenech,carcinogenic,orogenic,splenic,cryogenic,vennick,benak,beneke,telegenic,transgenic,jaenicke,benecke,photogenic,krenek,hennick,denike,hallucinogenic,authentic,pathogenic,pennock,calisthenic,eugenic,zenik,bennick,fennic,isogenic,brennecke,anthropogenic,henneke,schizophrenic,krenik,psychogenic,penock,fennec,penick,hellenic,deneke,renick,pennick
zenist,
zenith,
zenithal,
zenith-pole,
zeniths,
zenithward,
zenithwards,
zennas,
zennie,
zeno,moreno,veno,laino,veno-,paino,meno,magdaleno,ueno,beno,maino,cereno,plano,bueno,meno-,sereno,plaino,plano-,rayno,pequeno,volcano,taino,zaino,piraino
zenobia,homophobia,cobaea,robia,phobia,claustrophobia,cobia,xenophobia,obeah,cancerphobia,agoraphobia,tobia
zenocentric,
zenography,splenography,scenography,planography,sonography,stenography,venography,renography,chronography,sphenography
zenographic,
zenographical,
zenonian,
zenonic,
zentner,kentner,centner,lentner,ventner,gentner
zenu,
zenzuic,
zeoidei,
zeolite,
zeolites,
zeolitic,
zeolitization,
zeolitize,
zeolitized,
zeolitizing,
zeona,
zeoscope,
zep,
zeph,
zeph.,
zephan,
zephaniah,
zepharovichite,
zephyr,jeffer,deafer,scheffer,geffre,keffer,shaeffer,heifer,schaeffer,sheffer,feffer,pfeffer,peffer
zephiran,
zephyranth,
zephyranthes,
zephyrean,
zephyr-fanned,
zephyr-haunted,
zephyrhills,
zephyry,
zephyrian,
zephyrinus,
zephyr-kissed,
zephyrless,
zephyrlike,
zephyrous,
zephyrs,heifers,jeffers
zephyrus,efferous
zeppelin,
zeppelins,
zequin,
zer,
zeralda,
zerda,purdah
zereba,
zerelda,
zerk,
zerla,
zerlazerlina,
zerlina,semolina,mena,spina,faena,sardina,cantina,neenah,serafina,albina,selena,sabina,salina,farina,bettina,sabena,hyena,christina,florentina,galena,celina,veena,covina,reina,cristina,rowena,valentina,argentina,pina,verbena,nina,davina,vaccina,latina,medina,adina,messina,alina,regina,athena,mina,jena,georgina,sheena,dina,gina,gallina,martina,avina,sabrina,marina,macarena,molina,concertina,purina,pyrena,zena,rina,krajina,subpoena,ianthina,irina,serena,katrina,bina,melvina,domina,catena,lina,patina,ina,erina,cortina,cadena,catalina,dena,xena,proserpina,siena,hercegovina,arena,edina,tina,alcina,cartagena,rosina,angelina,vena,ballerina,jeana,seraphina,rena,vina,herzegovina,magdalena,gardena,lena,fraena,quina,philomena
zerline,
zerma,
zermahbub,
zermatt,thermit,ermit,cermet,fermat
zernike,
zero,argiro,kaneshiro,ero,chiro,deniro,hiero-,shapiro,masahiro,cheiro-,nero,carriero,thyro-,niro,casimiro,dipiero,miro,schiro,michihiro,dipirro,morihiro,pirro,spiro-,hierro,guerriero,yasuhiro,beroe,shoichiro,aufiero,piro,tamashiro,miyashiro,pierro,ruggiero,yamashiro,santarsiero,chiro-,ramiro,oshiro,thyro,dipierro,tesoriero,hero,csiro,superhero,biro,liro,piero,fierro,shapero,subzero,moruhiro,spiro,hiero,hiro,cheiro,tashiro,fiero,yoshiro,sapiro
zeroaxial,
zero-dimensional,
zero-divisor,
zeroed,b-road,erode
zeroes,quiroz,shapiros,medeiros,heros,heroes,fierros,superheroes,viveiros,faeroes,quiros,zeros
zeroeth,
zeroing,
zeroize,
zero-lift,
zero-rated,
zeros,quiroz,shapiros,medeiros,heros,heroes,fierros,zeroes,viveiros,quiros
zeroth,
zero-zero,
zerubbabel,
zerumbet,
zervan,
zervanism,
zervanite,
zest,gest,celeste,backrest,bequest,west,goldcrest,reinvest,congest,messed,contest,possessed,guest,inquest,pest,divest,acquiesced,compressed,invest,infest,blessed,detest,feste,drest,unrest,este,undressed,depressed,accessed,ingest,request,finessed,coalesced,rest,obsessed,dispossessed,digressed,arrest,breast,suggest,attest,confessed,self-professed,test,budapest,professed,northwest,transgressed,guessed,fest,lest,yest,wrest,slugfest,retest,armrest,progressed,best,oppressed,impressed,crest,behest,caressed,molest,brest,dressed,assessed,recessed,teste,jest,expressed,prest,vest,distressed,alkahest,nest,digest,bucharest,abreast,protest,incest,mest,pressed,geste,stressed,dest,southwest,repressed,quest,addressed,headrest,midwest,chest,blest,suppressed,manifest,unimpressed
zested,digested,congested,manifested,contested,invested,crested,rested,detested,retested,infested,bested,unmolested,suggested,quested,wrested,untested,ingested,rearrested,molested,smestad,divested,reinvested,requested,tested,arrested,breasted,uncontested,chested,protested,nested,attested,vested,jested,guested
zestful,jestful,pestful,restful,westphal,nestful
zestfully,restfully
zestfulness,restfulness
zestfulnesses,
zesty,resty,cesti,testae,presti,esty,testy,lopresti,estee,vestee,westy,estey,uresti,yesty,agresti,testee,chesty
zestier,
zestiest,
zestiness,
zesting,protesting,attesting,contesting,manifesting,besting,arresting,wresting,kesting,suggesting,westing,vesting,retesting,resting,ingesting,investing,requesting,chesting,digesting,questing,breasting,reinvesting,molesting,nesting,jesting,cresting,testing,chestang,guesting,divesting
zestless,
zests,
zeta,mineta,beta,argueta,seita,ireta,sense-data,beteta,data,theta,abeyta,prieta,taketa,gazeta,sustaita,raita,peseta
zetacism,
zetana,
zetas,operettas,getas,vendettas,poinsettias,thetas
zetes,
zetetic,ketotic
zethar,
zethus,
zetland,hetland,shetland,swetland
zetta,maietta,palometa,areta,coretta,leota,ancheta,metta,betta,aretta,rosetta,violeta,loretta,marietta,beretta,petta,zazueta,lauretta,creta,cerreta,colletta,coletta,panetta,lunetta,leta,barletta,teta,ceta,brunetta,etta,archuletta,henrietta,cappetta,operetta,yetta,julietta,reta,nicoletta,quetta,carretta,jetta,mete,accetta,auletta,psetta,chetah,margareta,vendetta,stretta,gazeta,veta,damietta,loleta,simonetta,alpharetta,fetta,netta,profeta,jacquetta,poinsettia,aleta,violetta,mehta,armetta,chiavetta,pauletta,keta,zetta-,mistretta,buzzetta,agneta,marchetta,archuleta,chiappetta,cassetta,barretta
zeuctocoelomata,
zeuctocoelomatic,
zeuctocoelomic,
zeugite,
zeuglodon,
zeuglodont,
zeuglodonta,
zeuglodontia,
zeuglodontidae,
zeuglodontoid,
zeugma,
zeugmas,
zeugmatic,neumatic
zeugmatically,
zeugobranchia,
zeugobranchiata,
zeunerite,
zeus,introduce,luce,disabuse,bruce,loose,sluice,hoose,use,yous,seduce,chartreuse,abstruse,excuse,goose,overproduce,douce,obtuse,cuisse,juice,seuss,preuss,reproduce,reuss,reintroduce,tyus,cruce,reduce,moose,noose,prepuce,boose,produce,footloose,recluse,reuse,deuce,deduce,disuse,misuse,nous,neuss,duce,spruce,abuse,mousse,caboose,truce,foose,induce,profuse,coos,diffuse,pruce
zeuxian,
zeuxis,
zeuxite,
zeuzera,
zeuzerian,
zeuzeridae,
zg,
zgs,
zhang,rang,ang,fong,lang,birdsong,boomerang,hong,whang,huang,gang,pang,cong,yong,chong,kang,bang,yang,stang,throng,dong,hmong,plainsong,spong,fang,pong,mong,vietcong,mang,harangue,liang,hourlong,dang,drang,prang,belong,scuppernong,monthlong,yearlong,song,prolong,schlong,jiang,wrong,gong,along,wong,armstrong,flong,lifelong,thang,lange,chiang,chang,pyongyang,clong,gangue,swang,jong,weeklong,strong,daylong,hang,bhang,tong,shang,vang,sang,spang,clang,rong,twang,wang,kong,overhang,stong,flang,langue,slang,sarong,long,klong,prong,ong,headstrong,sprang,thong,furlong,headlong,mustang,bong,tang
zhdanov,
zhitomir,
zhivkov,
zhmud,
zho,
zhukov,
zi,z,precis,hyperbole,repartee,ye,ac,de,machete,key,thee,tree,pee,wee,me,dee,tee,bee,guaranty,t,pony,spree,ghee,decree,pre,marquee,apogee,si,cc,nestle,nee,lea,b,scree,flea,yee,trustee,knee,payee,quay,jubilee,bourgeoisie,hee,plea,snee,qi,degree,lee,emcee,lessee,tv,turnkey,fee,e,she,reality,syncope,actuary,free,idiosyncrasy,banshee,debris,three,he,agree,kabuki,sunday,di,carefree,ski,cree,partee,calliope,glee,pea,potpourri,g,mi,indri,ree,foresee,marquis,c,hawaii,asap,esprit,gee,tea,see,d,we,v,xi,flee,sea,p,ne,be,oversee,guarantee,referee
ziagos,
ziamet,
ziara,
ziarat,
zibeline,sibylline,ghibelline
zibelines,
zibelline,
zibet,gibit,gibbet,thibet
zibeth,
zibethone,
zibeths,
zibetone,
zibets,
zibetum,
zicarelli,
ziczac,
zydeco,snow,dado,apropos,escrow,ratio,yoe,blow,no,radio,overthrow,tomato,archipelago,plough,flow,throw,beau,tomorrow,vertigo,bio,torso,coco,show,portfolio,audio,ho,although,veto,photo,o,gusto,rococo,slow,doe,so,woe,micro,low,rainbow,bowe,owe,roe,pro,meadow,below,winnow,bestow,sew,portico,cameo,whoa,potato,tornado,manifesto,crow,mo,hello,plateau,tableau,glo,virago,co,rhino,hydro,indigo,joe,mow,espresso,hoe,dough,otto,tow,aficionado,though,shadow,grotto,lo,toe,willow,patio,calypso,row,glow,go,borrow,grow,undergo,forgo,fallow,adagio,aglow,studio,torpedo,foe,forego,tempo,quo,buffalo,know
zydecos,
zidkijah,
ziega,riga,zuniga,arciniega,arechiga,higa,rega,sega,seaga,iniga,ciga,amiga,cossiga,suniga,arteaga,geegaw,grega,barriga
zieger,deger,pfleger,kreeger,fieger,sieger,zeger,sweger,leaguer,feger,beleaguer,seager,eagar,reger,reagor,stegar,gieger,overeager,breger,weger,rieger,krieger,meager,kreager,brieger,seger,cregar,schwieger,seeger,grieger,steger,fleeger,eger,segar,pflieger,eager,kreger,heger
ziegfeld,
ziegler,spiegler,zeagler,stiegler,peagler,siegler,biegler,riegler,seigler
zieglerville,
zielsdorf,
zietrisikite,
zif,
ziff,tiff,sniff,if,jif,kiff,griffe,woodcliff,diff,liff,quiff,riff,cliffe,spiff,hieroglyph,cliff,biff,dif,liffe,giff,briarcliff,petroglyph,riffe,mcgriff,whiff,shiff,griff,skiff,gliff,mcniff,stiff,clif,schiff,glyph
ziffs,
zig,tig,trygg,rig,big,sandvig,dig,vig,pigg,quigg,sprigg,sigg,nigg,trigg,zbig,gigue,renege,trig,mcquigg,whig,wigg,prig,jig,mig,pig,figge,swig,figg,wig,frigg,digue,rigg,twigg,stig,knigge,sig,gig,brig,brigue,grigg,fig,bigwig,prigge,isgrigg,twig
zyg-,
zyga,
zygadenin,
zygadenine,
zygadenus,
zygadite,
zygaena,
zygaenid,
zygaenidae,
zygal,wigle,beigel,pygal,weigel,reigel,sigle,feigel,seigel,geigle,waigel,wygal,heigl,veigel
zigamorph,
zigan,
ziganka,
zygantra,
zygantrum,
zygapophyseal,
zygapophyses,
zygapophysial,
zygapophysis,
zygenid,
zigeuner,
zigged,
zigger,
zigging,
ziggurat,matte,format,batt,hatte,elat,slat,tomcat,muskrat,plutocrat,scrat,flat,butterfat,tit-for-tat,matt,spat,combat,dat,vat,diplomat,scatt,placemat,kat,hat,bratt,chat,cat,nonfat,patt,strat,schmatte,at,thundercat,mat,aerostat,sat,bureaucrat,stat,doormat,copycat,polecat,inmarsat,sadat,habitat,splat,wildcat,latke,gujarat,sprat,thermostat,tat,gatt,patte,begat,gnat,brickbat,fat,kitcat,platte,bat,pussycat,caveat,catt,nat,scat,that,wombat,laundromat,chitchat,glatt,pat,babysat,acrobat,gat,blatt,brat,rat,technocrat,autocrat,platt,bobcat,pratt,democrat,aristocrat
ziggurats,plutocrats,caveats,ratts,mats,gatz,spats,diplomats,coseratz,bratz,thermostats,statz,blats,stats,bratsk,sprats,technocrats,brickbats,nats,bahts,kats,habitats,badavatz,patz,satz,blatz,bureaucrats,brats,batz,klatsch,tsatske,katz,ratz,doormats,atz,lattes,frats,aristocrats,hatz,datz,aerostats,chats,flats,spatz,ghats,bats,acrobats,glatz,platz,slats,gratz,splats,prats,polecats,rats,thundercats,copycats,plats,formats,fats,pussycats,wildcats,combats,thats,democrats,lats,hats,laundromats,pats,bratsche,latz,mattes,batts,kratz,chatz,shatz,matz,at-bats,oshatz,schatz,rosenblatts,dats,platts,gnats,vats,cats,scats,wombats,matts
zygion,
zygite,
zigmund,
zygnema,
zygnemaceae,
zygnemaceous,
zygnemales,
zygnemataceae,
zygnemataceous,
zygnematales,
zygo-,chigoe,provigo
zygobranch,
zygobranchia,pygobranchia
zygobranchiata,
zygobranchiate,
zygocactus,
zygodactyl,
zygodactylae,
zygodactyle,
zygodactyli,
zygodactylic,
zygodactylism,
zygodactylous,
zygodont,
zygogenesis,
zygogenetic,
zygoid,
zygolabialis,
zygoma,
zygomas,
zygomata,
zygomatic,
zygomaticoauricular,
zygomaticoauricularis,
zygomaticofacial,
zygomaticofrontal,
zygomaticomaxillary,
zygomaticoorbital,
zygomaticosphenoid,
zygomaticotemporal,
zygomaticum,
zygomaticus,
zygomaxillare,
zygomaxillary,
zygomycete,
zygomycetes,
zygomycetous,
zygomorphy,
zygomorphic,
zygomorphism,
zygomorphous,
zygon,trygon,twiggen,rugin,dugan,pugin,biggen,plug-in,duggin,duggan,rugen
zygoneure,
zygophyceae,
zygophyceous,
zygophyllaceae,
zygophyllaceous,
zygophyllum,
zygophyte,
zygophore,
zygophoric,
zygopleural,
zygoptera,
zygopteraceae,
zygopteran,
zygopterid,
zygopterides,
zygopteris,
zygopteron,
zygopterous,
zygosaccharomyces,
zygose,
zygoses,
zygosis,rhigosis
zygosity,
zygosities,
zygosperm,
zygosphenal,
zygosphene,
zygosphere,
zygosporange,
zygosporangium,
zygospore,
zygosporic,
zygosporophore,
zygostyle,
zygotactic,
zygotaxis,
zygote,homozygote
zygotene,
zygotenes,
zygotes,
zygotic,
zygotically,
zygotoblast,
zygotoid,
zygotomere,
zygous,
zygozoospore,
zigrang,
zigs,
ziguard,
ziguinchor,
zigzag,
zigzag-fashion,
zigzagged,
zigzaggedly,
zigzaggedness,
zigzagger,
zigzaggery,
zigzaggy,
zigzagging,
zigzag-lined,
zigzags,
zigzag-shaped,
zigzagways,
zigzagwise,
zihar,
zikkurat,zikurat
zikkurats,
zikurat,zikkurat
zikurats,
zila,
zilber,wilber,silber,steinhilber,wilbur
zilch,pilch,filch,milch
zilches,
zilchviticetum,
zildjian,
zill,will,wil,tamil,zil,spill,rill,treadmill,landfill,dill,molehill,sill,handbill,pil,hornbill,lil,til,lille,stil,jill,schill,foothill,grille,nill,overfill,brazil,till,daffodil,deville,frill,downhill,gil,refill,albertville,il,instill,mille,fille,quill,twill,ill,still,until,shill,crill,thill,prill,grill,fil,ville,kill,krill,fulfill,ghyll,brill,gill,sil,swill,abril,anthill,windmill,chill,standstill,mil,nil,dphil,demille,hill,belleville,distil,bil,rille,goodwill,mill,trill,cowgill,seville,uphill,bill,fill,bougainville,skill,drill,thrill,advil,shrill,mandeville,sawmill,phil,distill,bastille,pill,overkill
zilla,willa,sevilla,aguadilla,jamila,avila,drusilla,bonilla,nylghau,sylla,anguilla,scilla,guerilla,scintilla,kila,antilla,cilla,filla,amarilla,costilla,scylla,ocilla,davila,revilla,arquilla,psylla,fontanilla,pilla,manila,sybilla,chinchilla,ludmilla,gorilla,guerrilla,pilaw,quintanilla,parrilla,padilla,rilla,cyrilla,kabila,marilla,francavilla,escamilla,manzanilla,carilla,maravilla,priscilla,zillah,chotilla,manilla,churilla,sibilla,orilla,mancilla,attila,hilla,lilah,pillau,cotilla,lilla,aldila,bobadilla,mantilla,silla,przybyla,portilla,cancilla,castilla,davilla,maxilla,flotilla,godzilla,villa,vanilla,armilla,avilla,camilla,milla,pilau
zillah,willa,sevilla,aguadilla,jamila,avila,drusilla,bonilla,nylghau,sylla,anguilla,scilla,guerilla,scintilla,kila,antilla,cilla,filla,amarilla,costilla,scylla,ocilla,davila,revilla,arquilla,psylla,fontanilla,pilla,manila,sybilla,chinchilla,ludmilla,gorilla,guerrilla,pilaw,quintanilla,parrilla,padilla,rilla,cyrilla,kabila,marilla,francavilla,escamilla,manzanilla,carilla,maravilla,priscilla,chotilla,manilla,churilla,sibilla,orilla,mancilla,attila,hilla,lilah,pillau,cotilla,lilla,aldila,bobadilla,mantilla,zilla,silla,przybyla,portilla,cancilla,castilla,davilla,maxilla,flotilla,godzilla,villa,vanilla,armilla,avilla,camilla,milla,pilau
zillahs,
zillion,dillion,killian,pavilion,mcmillion,crocodilian,vermillion,vaudevillian,castrillon,pavillion,lilian,billion,civilian,quillian,brazilian,fillion,mcmillian,octillion,jillion,stillion,million,filion,papillion,killion,jillian,reptilian,vermilion,hillian,multimillion,multibillion,trillion,pillion
zillions,brazilians,jillions,pavilions,reptilians,trillions,hillians,billions,millions,civilians
zillionth,
zillionths,
zills,dills,landfills,pills,drills,foothills,crossbills,tamils,handbills,stils,calills,skills,tills,sills,mils,grills,catskills,spills,minimills,whippoorwills,fulfills,windmills,anthills,bills,milz,pilz,dils,bonnevilles,wills,fills,cranesbills,billes,rototilles,hornbills,kills,cills,daffodils,chills,sawmills,refills,overbills,distills,nils,jills,treadmills,thrills,ills,freshkills,schilz,gills,stills,hills,instills,frills,mills
zilpah,kulpa,culpa,milpa
zilvia,sylvia,silvia
zim,lim,crim,grim,gym,pymm,pimm,limb,forelimb,skim,hymn,rim,patronym,prim,timme,crimm,vim,bihm,kibbutzim,kimm,timm,mihm,whim,mckim,grimme,brimm,him,im,kim,primm,klim,prelim,klym,brim,shim,jim,tim,trim,mim,clim,yim,krim,trimm,grimm,flim,synonym,sym,pseudonym,chimb,haradim,imm,sim,kym,simm,swim,dim,chiarnim,slim
zym-,
zima,noxema,haema,sema,cosima,takeshima,auriemma,bronkema,ulima,fima,emphysema,eurofima,sietsema,schema,lima,thima,decima,edema,abohalima,sikkema,abouhalima,ema,alima,septima,fukushima,pima,hirosakima,ritsema,cima,joakima,fema,nakashima,shima,beukema,jima,sima,prima,haema-,harima,ishikawajima,hiroshima,halima,salema,kawashima,grima,jemima,oshima,takashima,delima,louima,wiersema,nakajima,rozema,demma,diprima,rima,aoshima,lema,kajima,bima,jarema,tajima,kitajima
zimarra,
zymase,bemaze,lamaze
zymases,
zimb,
zimbabwe,
zimbalist,
zimbalon,
zimbaloon,
zimbi,
zyme,
zimentwater,
zymes,
zymic,chymic,thymic,rhymic
zymin,
zymite,
zimme,
zimmer,swimmer,klimer,rimmer,limmer,timmer,slimmer,excimer,dimmer,glimmer,primmer,schwimmer,nimmer,wimmer,shimmer,grimmer,simmer,trimmer,timur,brimmer,kimmer,skimmer
zimmerman,simmerman,zimmermann,timmerman,timmermann,immerman
zimmermann,simmerman,timmerman,timmermann,immerman,zimmerman
zimmerwaldian,
zimmerwaldist,
zimmi,
zimmy,
zimmis,
zymo-,nimmo,limo
zimocca,
zymochemistry,
zymogen,demijohn
zymogene,cymogene
zymogenes,
zymogenesis,
zymogenic,
zymogenous,
zymogens,
zymogram,
zymograms,
zymoid,cymoid
zymolyis,
zymolysis,chemolysis,hemolysis
zymolytic,
zymology,nomology
zymologic,
zymological,gnomological,pomological,nomological,gemological
zymologies,
zymologist,pomologist,hymnologist
zymome,
zymometer,cymometer
zymomin,
zymophyte,
zymophore,
zymophoric,
zymophosphate,
zymoplastic,
zymosan,
zymosans,
zymoscope,
zymoses,
zymosimeter,
zymosis,phimosis,limosis
zymosterol,
zymosthenic,
zymotechny,
zymotechnic,
zymotechnical,
zymotechnics,
zymotic,stigmatic,strumatic,phimotic
zymotically,
zymotize,
zymotoxic,
zymurgy,chemurgy
zymurgies,
zina,
zinah,
zinc,sync,linc,rink,zink,minke,hink,airlink,frink,interlink,brink,chinche,finke,precinct,zinke,linke,klink,pinche,dink,klinck,klinke,rinck,vink,rethink,scink,link,think,fink,finck,inc,sink,spink,flink,stink,chink,shrink,pink,ink,mink,cinque,smink,minc,hoodwink,lynk,plink,rinke,drink,zinck,blink,cinq,clink,hinck,bink,doublethink,softdrink,wink,swink
zincalo,
zincate,plunket,junket,plunkitt,plunkett,whinchat,lynchet
zincates,
zinc-coated,
zinced,spelunked,dinked,skunked,kinked,unked,chunked,clinked,plunked,clunked,pinked,tinct,bunked,funked,chinked,flunked,dunked,adjunct,debunked,trunked,defunct,prinked,junked
zincenite,
zinc-etched,
zincy,
zincic,
zincid,
zincide,
zinciferous,ensiferous
zincify,pinkify
zincification,
zincified,
zincifies,
zincifying,
zincing,skunking,clinking,chinking,trunking,finking,monking,plunking,flunking,slinking,prinking,chunking,junking,clunking,bunking,debunking,pinking,dunking,funking,hsinking,spelunking
zincite,concite,gunsight,juncite,gun-sight,unsight
zincites,
zincize,
zinck,sync,linc,rink,zink,minke,hink,airlink,frink,interlink,brink,chinche,finke,precinct,zinke,linke,klink,pinche,dink,klinck,rinck,vink,zinc,rethink,scink,link,think,fink,finck,inc,sink,spink,flink,stink,chink,shrink,pink,ink,mink,cinque,smink,minc,hoodwink,lynk,plink,rinke,drink,blink,cinq,clink,hinck,bink,doublethink,softdrink,wink,swink
zincke,
zincked,
zinckenite,
zincky,flunky,zinky,punkie,clunky,chinky,chunky,hunky,hinky,gunky,linchi,monkey,funky,junky,flunkey,punky,spunky,junkie
zincking,
zinc-lined,
zinco,runco,junco,pinko,bunko,zinco-,bunco,thinko,brunkow,stinko,ginkgo
zinco-,brunkow,runco,junco,pinko,bunko,bunco,thinko,zinco,stinko,ginkgo
zincode,
zincograph,
zincographer,
zincography,
zincographic,
zincographical,
zincoid,scincoid
zincolysis,
zinco-polar,
zincotype,
zincous,juncus,truncus,scincus,incus,unctious,juncous,uncus,uncous
zinc-roofed,
zincs,sphynx,clunks,bunks,hunks,dinks,spelunks,dunks,junks,trunks,syncs,funks,debunks,chunks,plunks,slinks,clinks,skunks,lincs,monks,drunks,flunks,tunks,punks,thunks,ginks
zinc-sampler,
zincum,
zincuret,
zindabad,
zinder,hinder,buchbinder,cinder,winder,welinder,tinder,linder,synder
zindiq,
zindman,
zineb,ninib
zinebs,
zinfandel,isabel,cartel,seashell,misspell,well,sel,shell,propel,bel,clientele,lapel,resell,mel,outsell,barbell,gel,nell,elle,gazelle,snell,manuel,accel,ravel,maxwell,motel,doorbell,ell,intel,infidel,pastel,expel,mell,aol,smell,knell,nobel,foretell,eggshell,cell,el,noel,zel,morel,parallel,l,dwell,befell,belle,carousel,bethel,marcel,decibel,fidel,caravel,swell,del,chanel,impel,cowbell,carmel,bluebell,michelle,pell,spell,hotel,undersell,raphael,citadel,dumbbell,repel,hell,dell,rangel,groundswell,bell,compel,sell,oversell,dispel,materiel,quell,tel,jell,adele,personnel,tell,mademoiselle,fell,bombshell,rebel,excel,nutshell,yell,cel,farewell,retell,quel,stairwell,carel
zing,peking,rightwing,ning,ding,bellyaching,ring,qing,downswing,sting,fling,ming,offspring,pling,hing,wing,anything,bring,dring,swing,king,kling,sing,ging,everything,ying,ching,singh,pring,bling,plaything,texting,kring,upswing,shing,unring,ing,fring,leftwing,schwing,snorkeling,wellspring,cling,beijing,sling,ting,jing,bing,forewing,wring,thwing,spring,ling,xing,chongqing,ringe,djing,thing,shoestring,sexting,thring,string,ping,hamstring,erving
zingale,olly,holley,rollie,smally,crawly,internationale,gali,rawly,pauly,jolley,hawley,colley,pawley,sprawly,mollie,brawley,vitali,vitaly,collie,canale,molly,diwali,mali,colly,vallie,bengali,crawley,hallie,folly,poly-,brawly,natale,poly,polly,ollie,golly,raleigh,aalii,dawley,lolli,dali,jolly,squali,fawley,rolley,duopoly,somali,hollie,solley,melancholy,kigali,macaulay,walley,drawly,callee,callie,smalley,dollie,mccauley,whally,solly,murali,bali,prolly,cali,wally,drolly,macauley,papale,scrawly,volley,cawley,casale,cardinale,mexicali,dolley,scholy,kolli,brolly,dolly,squally,imperiale,holly,blolly,bialy,akali,rawley,ali,lolly,loblolly,nepali,trolley,pauli,scali
zingana,
zingani,
zingano,
zingara,
zingare,
zingaresca,
zingari,
zingaro,cafaro,asaro,coccaro,cannizzaro,funaro,barbaro,paro,notaro,massaro,campanaro,ungaro,jarrow,porcaro,pecoraro,alvaro,garro,gennaro,conigliaro,manganaro,vaccaro,sbarro,pignataro,todaro,arcaro,barro,armaro,bordonaro,varo,caro,spataro,marinaro,morrow,molinaro,haro,farro,fusaro,claro,calderaro,kilimanjaro,spadaro,carro,lazzaro,utamaro,lazaro,zarro,cassaro,furfaro,marro,scolaro,cannistraro,sarro,denaro,cesaro,pagliaro,cavallaro,pizarro,aro,shintaro,chaparro,cavagnaro,amaro,baro-,panaro,capraro,montanaro,bucaro,navarro,yarrow,bavaro,pharo,karow,naro,maro,baro,chiaro,ferraro,catanzaro,corsaro,cuccaro,sorrow,degennaro,tammaro,cordaro,cestaro,bizzaro,finocchiaro,azzaro,carbonaro,alfaro,nazzaro,zuccaro,coffaro
zinged,
zingel,brinjal,lingel
zinger,left-winger,singer,minger,swinger,ratzinger,pinger,herrlinger,stringer,slinger,binger,sindlinger,clinger,springer,stinger,winger,wringer,linger,ringer,klinger,yinger,schwinger,dinger,herzlinger,inger,gunslinger,gumbinger,right-winger,petzinger,leftwinger
zingerone,
zingers,tinkers,bringers,springers,clingers,slingers,jungers,pingers
zingg,lingg
zingy,stringy,wingy,thingy,dinghy
zingiber,
zingiberaceae,
zingiberaceous,
zingiberene,
zingiberol,
zingiberone,
zingier,
zingiest,
zinging,
zings,
zinyamunga,
zinjanthropi,
zinjanthropus,
zink,sync,linc,rink,minke,hink,airlink,frink,interlink,brink,chinche,finke,precinct,zinke,linke,klink,pinche,dink,klinck,rinck,vink,zinc,rethink,scink,link,think,fink,finck,inc,sink,spink,flink,stink,chink,shrink,pink,ink,mink,cinque,smink,minc,hoodwink,lynk,plink,rinke,drink,zinck,blink,cinq,clink,hinck,bink,doublethink,softdrink,wink,swink
zinke,sync,linc,rink,zink,minke,hink,airlink,frink,interlink,brink,chinche,finke,precinct,linke,klink,pinche,dink,klinck,rinck,vink,zinc,rethink,scink,link,think,fink,finck,inc,sink,spink,flink,stink,chink,shrink,pink,ink,mink,cinque,smink,minc,hoodwink,lynk,plink,rinke,drink,zinck,blink,cinq,clink,hinck,bink,doublethink,softdrink,wink,swink
zinked,
zinkenite,
zinky,flunky,punkie,clunky,chinky,chunky,hunky,hinky,gunky,linchi,monkey,funky,junky,flunkey,punky,zincky,spunky,junkie
zinkiferous,
zinkify,
zinkified,
zinkifies,
zinkifying,
zinn,underpin,tailspin,fin,qin,ginn,chagrin,kingpin,quinn,berlin,thin,gyn,bedouin,jin,guinn,boleyn,flynn,gwynne,blinn,mandolin,therein,linne,pigskin,skin,deerskin,redskin,begin,lin,lyn,foreskin,syn,minh,ervin,lynne,twin,quin,chin,adin,brin,spin,djinn,yin,astin,rhin,kin,erwin,pin,solzhenitsyn,when,gwyn,levin,linn,linchpin,inn,wherein,ligne,guin,bryn,wynn,in,dinh,sinn,vin,buckskin,askin,tin,allin,bin,within,sheepskin,win,qian,sin,min,schwinn,has-been,din,shin,lynn,digne,finn,herein,violin,been,puffin,gwynn,emlyn,gwin,akin,prynne,grin,gin
zinnes,
zinnia,wynia,prolinea,linnea,pollinia
zinnias,
zinnwaldite,
zino,
zinober,
zinoviev,
zinovievsk,
zins,finns,ins,chemins,sins,redskins,medecins,pins,has-beens,might-have-beens,minns,thinnes,linz,pigskins,thins,prinz,kamins,grins,puffins,begins,beens,bedouins,djinns,fins,tins,junkins,buckskins,prins,hinze,hinz,binz,skins,akins,mcginnes,spins,binns,twins,mullins,bins,lins,violins,askins,hagins,wins,wynns,hutchins,shins,inns,chins,winze,kingpins
zinsang,linsang,syncing
zinsser,pincer,pinscher
zinzar,
zinzendorf,
zinziberaceae,
zinziberaceous,
zion,hyun,lyon,dian,paraguayan,xtian,hsian,brien,guyon,stian,prian,scion,wion,bryen,obrian,ryan,cryan,wian,bryan,ghanaian,uruguayan,brian,hawaiian,fionn,himalayan,pryan,bryon,ixion,tryon,fly-in,lion,mion,orion,mayan,brion,skien,ryon,prion,ryen,obryan,rion,obrien,dion,hsien,dandelion,chian,ion
zionism,nationalism,hedonism,imperialism,materialism,legalism,patriotism,modernism,recidivism,communism,dynamism,secularism,euphemism,altruism,colonialism,socialism,astigmatism,terrorism,pessimism,skepticism,nihilism,humanism,naturalism,gnosticism,rheumatism,tourism,aneurism,surrealism,professionalism,alcoholism,botulism,empiricism,metabolism,racism,populism,elitism,paternalism,egotism,capitalism,criticism,plagiarism,ism,egoism,absolutism,cronyism,mannerism,optimism,nativism,fatalism,organism,pluralism,dualism,individualism,schism,egalitarianism,favoritism,chism,feminism,chisum,determinism,relativism,despotism,embolism,cynicism,darwinism,romanticism,atheism,mechanism,parallelism,anachronism,chauvinism,stoicism,catechism,feudalism,animism,heroism,collectivism,totalitarianism,mysticism,statism,aphorism,antagonism,activism,escapism,prism,federalism,liberalism,positivism,mercantilism,fascism,parochialism,consumerism,evangelism,narcissism,symbolism,journalism,nepotism,autism,judaism,magnetism,pragmatism
zionist,neuroscientist
zionistic,
zionists,
zionite,
zionless,
zionsville,
zionville,
zionward,
zip,leadership,sip,dictatorship,ship,workmanship,gunship,blip,proprietorship,kip,flip,gyp,skip,censorship,consulship,airstrip,sportsmanship,directorship,chairmanship,grip,relationship,tip,fingertip,showmanship,slip,kinship,governorship,dealership,lightship,whip,ownership,craftsmanship,drip,flagship,companionship,scholarship,internship,scrip,headship,homeownership,warship,hip,strip,apprenticeship,steamship,unzip,spaceship,chip,one-upmanship,snip,citizenship,trusteeship,thrip,crip,starship,equip,partnership,nip,generalship,brinksmanship,upmanship,membership,airship,yip,gamesmanship,authorship,professorship,battleship,roundtrip,clip,conservatorship,grippe,sponsorship,dip,courtship,quip,receivership,outstrip,trip,bip,stewardship,readership,championship,fellowship,bipartisanship,brinkmanship,lip,distributorship,ip,microchip,rip,pip,partisanship
zipa,
zipah,
zipangu,
ziphian,
ziphiidae,psophiidae,xiphiidae,lophiidae
ziphiinae,
ziphioid,xiphioid
ziphius,
zipless,
zipnick,
zipped,conscript,chipped,tripped,hipped,kipped,script,encrypt,sipped,nipped,clipped,dipped,gypped,ripped,whipt,lipped,quipped,stripped,yipped,gripped,outstripped,skipped,nondescript,postscript,dripped,telescript,transcript,equipped,shipped,pipped,javascript,tipped,whipped,crypt,unzipped,manuscript,flipped,slipped
zippeite,
zippel,
zipper,tripper,nipper,shipper,stripper,kipper,knipper,lipper,flipper,sippar,hipper,gipper,chipper,kippur,tipper,sipper,ripper,slipper,skipper,schipper,whipper,clipper,dipper
zippered,clippard,lippard
zippering,
zippers,trippers,slippers,strippers,shippers,skippers,clippers,schippers,tippers,dippers,kippers,flippers
zippy,yippie,tippee,lippy,tippy,hippie,filippi,hippy,whippy,trippie,rippy,grippi,skippy,chippy,shippey,chippie,dippy,shippy,lippi,cippi,hippi,mississippi,nippy,tippie,philippi,rippey
zippier,dippier,slippier,drippier,nippier
zippiest,nippiest,drippiest
zipping,sipping,dipping,flipping,stripping,tipping,nipping,shipping,tripping,outstripping,clipping,skipping,dripping,gripping,ripping,slipping,whipping,chipping,equipping
zippingly,
zippora,lora,eldora,panora,flora,gomorrah,pastora,camorra,zorah,vora,andorra,fora,aurora,arora,morra,aura,theodora,delora,sykora,durrah,zadora,adora,korah,samora,aldora,lorah,cahora,dilaura,stora,thora,zora,pandora,eleanora,senora,medora,dora,anora,controladora,delaura,skora,santora,laura,menorah,zamora,nora,cora,mora,fedora,honora,elnora,pecora,sonora,eudora,spadafora,psora,pechora,loera,maura,torah,hora,ora,plethora,contadora,leonora,carfora,sikora,norah,gongora,kora,gora,tortora,bora,angora,borah
zipporah,vipera
zipppier,
zipppiest,
zips,dealerships,battleships,relationships,apocalypse,flips,slips,sponsorships,scripps,leaderships,chairmanships,chips,lipse,clips,lipps,ellipse,microchips,postscripts,gunships,flagships,chipps,fipps,quips,internships,memberships,airstrips,woodchips,airships,thrips,dips,grips,tipps,fingertips,skips,crips,receiverships,phipps,drips,proprietorships,fellowships,pips,professorships,rips,apprenticeships,strips,outstrips,trips,governorships,shipps,warships,hips,ships,lips,kippes,spaceships,gypse,championships,dripps,tips,snips,nips,lightships,econships,mips,judgeships,blips,directorships,scholarships,whipps,ambassadorships,cripps,distributorships,hipps,equips,scripts,eclipse,sips,dictatorships,whips,partnerships
zira,
zirai,
zirak,
ziram,
zirams,
zirbanit,
zircalloy,
zircaloy,
zircite,
zircofluoride,
zircon,clerkin,work-in,mcclurkin,firkin,gerken,sirkin,merkin,durkin,peterkin,gherkin,berken,perkin,cirkin,gurkin,churkin,mirkin,kirchen,jerkin,gerkin
zirconate,
zirconia,
zirconian,
zirconias,
zirconic,
zirconiferous,
zirconifluoride,
zirconyl,
zirconium,ammonium,gonium,pandemonium,harmonium,usoniam,onium,plutonium,polonium
zirconiums,
zirconofluoride,
zirconoid,
zircons,
zircon-syenite,
zyrenian,
zirian,
zyrian,tyrian,irian,myreon
zyryan,
zirianian,
zirkelite,
zirkite,
zirkle,berkel,percle,burchell,merkel,merkle,birkel,sterkel,urkel,pirkle,terkel,encircle,turkel,circle,burkle,zirkel,burkel,great-circle,pirkl,birchall,heterocercal
zischke,
zysk,
ziska,hrdlicka,miska,kvasnicka,jedlicka,kiska,pisca,liska,triska,studnicka,pliska,skandinaviska
zit,
zita,bonita,alita,clarita,mikita,lolita,carlita,amezquita,melita,palomita,rita,carmelita,unita,paulita,nolita,amorita,sedita,sumita,rosita,fleta,peta,meta,velveeta,amelita,lupita,marquita,maxzide,nitta,tacita,julieta,yamashita,vinita,juanita,akita,mendieta,renita,blanquita,perdita,anita,buttitta,nita,damita,carmita,cheetah,lorita,peta-,prieta,evita,alvita,carita,greta,bernita,chiquita,murrieta,chaeta,narita,arrieta,chipita,solita,teresita,mita,bonavita,devita,fajita,tita,maurita,gaeta,brita,babita,vernita,matsushita,lita,angelita,charita,nikita,pepita,morita,tomita,kita,lalita,meta-,chita,venita,conchita,fertitta,pita,fujita,melitta,benita,margarita,oshita
zitah,
zitella,
zythem,zythum,pithom,bethumb
zither,slither,hither,dither,atither,smither,thither,ryther,wither,bither,whither
zitherist,
zitherists,
zithern,cithern,luthern
zitherns,
zithers,dithers,withers,smithers
zythia,
zythum,pithom,bethumb,zythem
ziti,
zitis,
zits,
zitter,
zittern,gittern,cittern,flittern
zitvaa,
zitzit,
zitzith,
ziusudra,
ziv,forgive,relive,misgive,viv,combative,give,sieve,determinative,live,outlive,liv,corroborative
ziwiye,
ziwot,
zizany,
zizania,azania,gazania
zizel,swizzle,bezzle,puzzel,fuzzle,frizzle,guzzle,twizzle,muzzle,puzzle,crizzel,frizel,mizzle,visile,sizel,uzzle,pizzle,mazel,nuzzle
zizia,
zizyphus,
zizit,
zizith,lizbeth
zyzomys,
zizz,
zyzzyva,
zyzzyvas,
zizzle,
zizzled,
zizzles,
zizzling,
zyzzogeton,
zk,
zkinthos,
zl,
zlatoust,
zlote,
zloty,kiribati,lanzelotti,cotty,karate,donati,benenati,ammirati,clotty,vigliotti,hottie,andreotti,mariotti,hlavaty,boughty,crotty,totty,squatty,braggiotti,candiotti,jereissati,pavarotti,lotty,delligatti,knotty,bertinotti,lahti,giamatti,bugatti,grotty,benotti,snotty,haughty,motty,scottie,gotti,salvati,bilotti,galotti,sgambati,capriati,maserati,scotti,dhoti,naughty,biscotti,doughty,marathi,spotty,dotty,amati,rosati,scotty,liberati,potty,beninati,dottie,bhatti,lottie,doughtie,galati,literati,diodati,minotti
zlotych,
zloties,
zlotys,scotties,lotis,hotties,gottis
zmri,
zmudz,
zn,
znaniecki,
zo,
zo-,
zoa,
zoacum,
zoaea,
zoan,
zoanthacea,
zoanthacean,
zoantharia,
zoantharian,
zoanthid,
zoanthidae,
zoanthidea,
zoanthodeme,
zoanthodemic,
zoanthoid,
zoanthropy,boanthropy
zoanthus,
zoar,
zoara,
zoarah,
zoarces,
zoarcidae,
zoaria,
zoarial,
zoarite,
zoarium,
zoba,
zobe,
zobias,
zobkiw,
zobo,
zobtenite,
zocalo,sokolow
zocco,ciriaco,jocko,allocco,takako,cavaco,ritacco,lomonaco,socko,ayako,giacco,walko,dibacco,tocco,crocco,sako,rocco,soco,fiacco,tomako,saracco,morocco,troco,glauco,matoco,masako,barraco,laaco,brocco,dirocco,delmonaco,insalaco,jaco,mokpo,smoko,taco,hocco,sadako,mako,zachow,conoco,mikako,aldaco
zoccolo,
zod,
zodiac,comeback,pack,slack,setback,anorak,kickback,rack,frack,mac,smack,pak,knickknack,razorback,crack,thwack,yak,paque,dak,ransack,yack,insomniac,chirac,cognac,soundtrack,backpack,tarmac,shack,throwback,black,sidetrack,plaque,hack,bushwhack,fallback,lac,sac,humpback,quarterback,kodak,knapsack,tack,cutback,attack,piggyback,drawback,hatchback,back,skipjack,megalomaniac,mack,quack,snack,tac,lack,sack,greenback,outback,payback,stack,nymphomaniac,almanac,flack,unpack,backtrack,wack,aback,rollback,eniac,track,jacques,claque,racetrack,wrack,maniac,cadillac,fac,jack,flak,cardiac,pac,knack,blackjack,ack,brack,lumberjack,amnesiac,whack,hijack,feedback,wisecrack,clack,counterattack,flapjack,pontiac,plack,rucksack,flashback,lilac
zodiacal,
zodiacs,melodious,commodious,odious
zodiophilous,
zoe,lowey,doughy,snowy,bowie,towey,hoey,loewy,joey,chloe,coey,stroy,blowy,frowy,frowey,showy,lowy,fowey,cloey
zoea,
zoeae,
zoeaform,
zoeal,
zoeas,
zoeform,
zoehemera,
zoehemerae,
zoeller,poehler,roeller,stroller,towler,wohler,poller,coler,stolar,woehler,oler,stoller,boehler,polar,moeller,koehler,bohler,comptroller,sholar,koeller,foeller,kolar,controller,bowler,bi-polar,mohler,coaler,ohler,oehler,goeller,solar,steamroller,boler,troller,tolar,dolor,schoeller,knoller,noller,poler,molar,bipolar,scholer,kohler,voeller,toler,bolar,proler,stohler,moler,roller,skoler,hohler,soler,toller,stoler
zoellick,froehlich,smolak,sobolik,polak,holic,frohlich,froelich,holik,bolek,wolak,golec,podolak,solak,krolak,dolak,colic,margolick,sokolik,smolik
zoes,
zoetic,noetic
zoetrope,
zoetropic,
zoffany,
zoftig,
zogan,
zogo,
zoha,
zohak,
zohar,johor,drogher,tawer
zohara,
zoharist,
zoharite,
zoi,
zoiatria,
zoiatrics,
zoic,
zoid,
zoidiophilous,
zoidogamous,
zoie,
zoila,
zoilean,
zoilism,troilism
zoilist,
zoilla,
zoilus,
zoysia,zoisia
zoysias,
zoisite,
zoisites,
zoisitization,
zoism,
zoist,
zoistic,
zokor,trocar,hoker,howker
zola,pergola,iola,arriola,gaxiola,spatola,payola,anatola,pizzitola,lapolla,cupola,hola,gondola,mikkola,casola,scola,mola,arcola,olah,bedolla,gazzola,mendiola,hispaniola,guardiola,smola,espinola,stodola,ventola,viola,spinola,mineola,colla,sola,wola,piccola,bola,jolla,accola,nikola,nolla,triola,osceola,evola,paavola,scarola,labriola,angola,nola,vignola,fiola,shola,cola,spagnola,chola,cacciola,apalachicola,gurrola,mendola,enola,ayatollah,merola,motola,lola,coppola,granola,mazola,ola,ebola,noyola,mottola,dicola,espanola,loyola,abiola,yola,pensacola,gola,ariola,hizbollah,indianola,nichola,canola,matola,motorola,canchola,idola,amendola,pendola,agricola,decola,oyola,mazzola,pohjola,nicola
zolaesque,
zolaism,
zolaist,
zolaistic,
zolaize,
zoldi,
zoll,volleyball,spall,nepal,thrall,tall,oddball,softball,caul,install,dahl,cabal,moll,footfall,hardball,forestall,wherewithal,fireball,recall,snowball,tal,befall,brawl,coll,scrawl,natal,nightfall,neanderthal,meatball,eyeball,protocol,enthral,hall,sol,shortfall,baseball,overhaul,luminol,screwball,overall,alcohol,maul,cannonball,retinol,banal,paul,landfall,drawl,call,downfall,ethanol,gall,football,butterball,dall,shawl,aerosol,atoll,appall,stonewall,fastball,dol,sprawl,bawl,handball,freefall,catchall,saul,trawl,haul,doll,blackball,pall,stall,squall,pol,crawl,waterfall,pitfall,wall,bol,all,loll,cortisol,raul,small,basketball,pratfall,drywall,mothball,gaul,ball,catcall,mall,windfall,rainfall,senegal,cholesterol,fall
zolle,
zoller,installer,schwaller,mahler,smaller,faller,ballor,stahler,mauler,boller,crawler,trawler,eurodollar,petrodollar,galler,aller,soller,sprawler,maller,lollar,saller,koller,montrealer,collar,baller,squaller,lawler,woller,color,schaller,bahler,siebenaler,taller,scrawler,brawler,staller,zahler,waller,hollar,scholar,haller,voller,bawler,wahler,caller,cashdollar,holler,kollar,loller,bluecollar,goller,lawlor,collor,oller,coller,kahler,drawler,allor,dollar,squalor,hauler,moller
zollernia,
zolly,
zollie,
zollner,wallner,wollner,mollner
zollpfund,
zollverein,
zolnay,
zolner,
zolotink,
zolotnik,
zoltai,
zomba,tombaugh,mamba,tromba,lomba,samba,bomba
zombi,fomby,thrombi,zombie,abercrombie,palombi,rhombi,crombie,comby,combi,biamby
zombie,fomby,thrombi,abercrombie,zombi,palombi,rhombi,crombie,comby,combi,biamby
zombielike,
zombies,
zombiism,
zombiisms,
zombis,
zomotherapeutic,
zomotherapy,chromotherapy
zona,carmona,iacona,ramona,anona,latona,cutrona,wrona,jonah,dimona,krone,rona,celona,dona,kimono,cona,krona,cardona,debona,arizona,yona,dibona,friona,desmona,deltona,azcona,sedona,bona,goanna,shona,fiona,vona,ancona,oana,barahona,choana,pamplona,simona,colonna,caradonna,iona,corona,verona,katona,wynona,diona,alzona,pomona,sagona,escalona,korona,bivona,gaona,lona,perona,cappadona,kona,aragona,idona,persona,daddona,savona,orona,varona,doanna,barcelona,mona,ilona,daytona
zonaesthesia,
zonal,tonal,atonal,monal,conal,hormonal,phonal,clonal,monoclonal
zonality,
zonally,tonally
zonar,broner,kronor,lohner,shipowner,mineowner,shareowner,groner,bonar,croner,goehner,foner,boner,dohner,kohner,owner,honer,kroener,landowner,bohner,boehner,schoener,loner,hohner,donor,rohner,moaner,isotoner,toner,hoener,homeowner,stoner,groaner,phoner,loaner,kroner
zonary,
zonaria,linaria,planaria,drynaria
zonate,pronate,sonet,gonet,dronet,donat,phonate
zonated,
zonation,conation,pronation,phonation
zonations,
zond,
zonda,
zondra,
zone,microphone,atone,grown,throne,cicerone,brownstone,testosterone,millstone,backbone,hormone,thrown,disown,lodestone,overthrown,moonstone,ozone,known,crone,gladstone,cyclone,flown,condone,homophone,touchstone,homegrown,acetone,headstone,capone,limestone,trombone,unknown,gemstone,argonne,prone,telephone,francophone,anemone,megaphone,bemoan,collarbone,roan,sown,loan,cornerstone,hone,keystone,xylophone,leone,chaperone,sharon,mon,overtone,rhinestone,cone,milestone,strown,mone,headphone,moan,phone,sloan,alone,jawbone,lone,saxophone,shown,overblown,intone,fone,tone,allophone,clone,blown,joan,bone,postpone,drone,silicone,monotone,stone,pheromone,undertone,own,capstone,sewn,baritone,rhone,whetstone,cologne,simone,earphone,rone,scone,tombstone,t-bone,cobblestone,shone,groan
zone-confounding,
zoned,moaned,coned,telephoned,droned,postponed,intoned,disowned,boned,groaned,honed,condoned,throned,owned,cloned,loaned,stoned,toned,dethroned,doand,phoned,bemoaned
zoneless,throneless,toneless,boneless,stoneless
zonelet,
zonelike,
zone-marked,
zoner,
zoners,
zones,milestones,cones,hormones,reesjones,groans,saxophones,trones,trombones,backbones,leones,hailstones,chaperones,lohnes,overtones,goens,megaphones,rhinestones,cornerstones,limestones,loans,postpones,cyclones,crossbones,moans,roans,goans,tombstones,earphones,owns,fones,sones,cheekbones,mones,flintstones,knowns,condones,intones,gallstones,jones,gravestones,drones,interacciones,moonstones,keystones,lones,clones,cobblestones,thrones,daimones,airfones,undertones,bones,soens,bemoans,gemstones,quinones,scones,halftones,microphones,pheromones,gladstones,joens,tones,phones,silicones,flagstones,businessphones,cherrystones,hones,telephones,allophones,headstones,crones,baritones,romanones,madstones,rhys-jones,stones,headphones,homophones,thoennes,unknowns,koans,hipbones
zonesthesia,
zone-tailed,
zonetime,
zonetimes,
zongora,
zonian,
zonic,
zoniferous,
zoning,droning,boning,coning,postponing,condoning,loaning,chaperoning,jawboning,phoning,boehning,groaning,telephoning,koning,toning,rezoning,bemoaning,froning,stoning,cloning,throning,intoning,honing,moaning
zonite,
zonites,
zonitid,
zonitidae,
zonitoides,
zonk,
zonked,conked,wanked,bonked,honked,plonked
zonking,
zonks,
zonnar,kronur,spawner
zonnya,
zono-,
zonochlorite,
zonociliate,
zonoid,
zonolimnetic,
zonoplacental,
zonoplacentalia,
zonoskeleton,
zonotrichia,
zonta,
zontian,
zonula,
zonulae,
zonular,
zonulas,
zonule,
zonules,
zonulet,
zonure,gonyer,conure
zonurid,
zonuridae,
zonuroid,
zonurus,
zoo,avenue,residue,brew,lieu,chew,clue,canoe,construe,hew,undo,ingenue,review,through,ado,do,revenue,emu,guru,roux,u,overdo,bamboo,skew,flu,two,dew,screw,gnu,barbecue,coup,view,hitherto,adieu,mew,hue,you,stew,to,yahoo,imbue,yew,purview,sue,eschew,into,cuckoo,due,spew,renew,interview,vue,new,shoe,slew,thru,statue,que,loo,ensue,strew,flue,cue,shue,too,pew,taboo,ewe,woo,who,rue,xu,crew,subdue,outdo,poo,few,coo,breakthrough,anew,q,debut,undue,pursue,accrue,queue,retinue,goo,glue,lulu,blue,tissue,redo,tattoo,rendezvous,boo,true,overview,askew,shrew,vu
zoo-,
zoobenthoic,
zoobenthos,
zooblast,
zoocarp,
zoocecidium,
zoochem,
zoochemy,
zoochemical,
zoochemistry,
zoochlorella,
zoochore,
zoochores,
zoocyst,oocyst,loosest,sprucest
zoocystic,
zoocytial,
zoocytium,
zoocoenocyte,
zoocultural,
,
