untraceably,
untraced,
untraceried,
untracked,entracte
untractability,
untractable,
untractableness,
untractably,
untractarian,
untracted,
untractible,
untractibleness,
untradable,
untradeable,
untraded,
untradesmanlike,
untrading,
untraditional,additional,traditional,compositional,unconditional,conditional,depositional,transitional,nontraditional,nutritional
untraduced,
untraffickable,
untrafficked,
untragic,
untragical,
untragically,
untragicalness,
untrailed,
untrailerable,
untrailered,
untrailing,
untrain,
untrainable,
untrained,craned,ingrained,preordained,chained,plained,pained,detained,trained,maned,retained,harebrained,contained,sustained,campaigned,disdained,reined,strained,caned,abstained,arraigned,complained,feigned,paned,explained,gained,refrained,pertained,reigned,unstained,ordained,planed,self-contained,unrestrained,drained,veined,retrained,bloodstained,entertained,stained,unconstrained,remained,regained,sprained,brained,grained,attained,outgained,obtained,restrained,unexplained,constrained,ascertained,deigned,waned,rained,maintained
untrainedly,
untrainedness,
untraitored,
untraitorous,
untraitorously,
untraitorousness,
untrammed,
untrammeled,trammeled,trammelled,enameled
untrammeledness,
untrammelled,
untramped,
untrampled,
untrance,
untranquil,
untranquilize,
untranquilized,
untranquilizing,
untranquilly,
untranquillise,
untranquillised,
untranquillising,
untranquillize,
untranquillized,
untranquilness,
untransacted,
untranscended,
untranscendent,
untranscendental,
untranscendentally,
untranscribable,
untranscribed,
untransferable,
untransferred,
untransferring,
untransfigured,
untransfixed,
untransformable,
untransformative,
untransformed,
untransforming,
untransfused,
untransfusible,
untransgressed,
untransient,
untransiently,
untransientness,
untransitable,
untransitional,
untransitionally,
untransitive,
untransitively,
untransitiveness,
untransitory,
untransitorily,
untransitoriness,
untranslatability,
untranslatable,
untranslatableness,
untranslatably,
untranslated,
untransmigrated,
untransmissible,
untransmissive,
untransmitted,
untransmutability,
untransmutable,intransmutable
untransmutableness,
untransmutably,
untransmuted,
untransparent,
untransparently,
untransparentness,
untranspassable,
untranspired,
untranspiring,
untransplanted,
untransportable,
untransported,
untransposed,
untransubstantiated,
untrappable,
untrapped,
untrashed,
untraumatic,
untravelable,
untraveled,untravelled
untraveling,
untravellable,
untravelled,untraveled
untravelling,
untraversable,
untraversed,
untravestied,
untreacherous,
untreacherously,
untreacherousness,
untread,
untreadable,
untreading,
untreads,
untreasonable,
untreasurable,
untreasure,intreasure
untreasured,
untreatable,treatable,cheatable,unbeatable,beatable,eatable,repeatable,heatable
untreatableness,
untreatably,
untreated,cleated,streeted,mistreated,superheated,sleeted,greeted,completed,competed,conceited,meated,pleated,heated,overheated,sheeted,cheated,seated,deleted,maltreated,accreted,retreated,undefeated,defeated,unseated,bleated,repeated,depleted,fleeted,treated,meted,uncompleted,secreted
untreed,
untrekked,
untrellised,
untrembling,
untremblingly,
untremendous,
untremendously,
untremendousness,
untremolant,
untremulant,
untremulent,
untremulous,
untremulously,
untremulousness,
untrenched,intrenched
untrend,
untrendy,
untrepanned,
untrespassed,
untrespassing,
untress,
untressed,
untriable,
untriableness,
untriabness,
untribal,
untribally,
untributary,
untributarily,
untriced,
untrickable,
untricked,
untried,dignified,petrified,apartheid,qualified,multiplied,shied,override,pride,dried,provide,confide,certified,mortified,fortified,yuletide,glide,bonafide,decried,bromide,subside,broadside,homicide,collide,stratified,deride,decide,unified,alongside,chide,satisfied,cockeyed,preoccupied,tide,seaside,vide,terrified,applied,tried,amplified,coincide,oxide,astride,reside,complied,plied,preside,hyde,allied,belied,wide,outside,pesticide,backside,dioxide,divide,diversified,guide,stride,backslide,fide,blindside,inside,suicide,fratricide,abide,ide,betide,bride,landslide,cyanide,bide,pied,ride,pried,justified,snide,beside,defied,eyed,hide,ratified,aside,worldwide,peroxide,countryside,slide,downside,wayside,modified,genocide,implied,upside,classified,side,curbside,lied,denied,tied,occupied
untrifling,
untriflingly,
untrig,
untriggered,
untrigonometric,
untrigonometrical,
untrigonometrically,
untrying,
untrill,
untrim,
untrimmable,
untrimmed,
untrimmedness,
untrimming,
untrims,
untrinitarian,
untripe,
untrippable,
untripped,
untripping,
untrist,
untrite,
untritely,
untriteness,
untriturated,
untriumphable,
untriumphant,
untriumphantly,
untriumphed,
untrivial,
untrivially,
untrochaic,
untrod,
untrodden,
untroddenness,
untrolled,
untrophied,
untropic,
untropical,
untropically,
untroth,
untrotted,
untroublable,
untrouble,
untroubled,troubled,redoubled,doubled,stubbled,bubbled,quibbled
untroubledly,
untroubledness,
untroublesome,
untroublesomeness,
untrounced,
untrowable,
untrowed,
untruant,
untruced,
untruck,
untruckled,
untruckling,
untrue,rendezvous,anew,queue,you,clue,goo,flue,emu,statue,yew,que,rue,eschew,sue,accrue,slew,retinue,poo,xu,barbecue,undue,woo,flu,debut,guru,boo,review,adieu,taboo,loo,avenue,pew,crew,u,chew,dew,revenue,askew,roux,vue,ingenue,tissue,stew,undo,into,yahoo,blue,view,strew,spew,shoe,do,new,lulu,to,ado,canoe,interview,too,true,coo,shrew,glue,cuckoo,breakthrough,zoo,due,lieu,vu,through,few,who,imbue,bamboo,q,hew,mew,overview,hue,two,subdue,gnu,renew,redo,outdo,ewe,purview,tattoo,cue,pursue,residue,screw,ensue,construe,shue,skew,brew,hitherto,coup,thru
untrueness,
untruer,
untruest,
untruism,
untruly,
untrumped,
untrumpeted,
untrumping,
untrundled,
untrunked,
untruss,huntress
untrussed,intrust,untrust
untrusser,
untrusses,
untrussing,
untrust,intrust,untrussed
untrustable,
untrustably,
untrusted,
untrustful,
untrustfully,
untrusty,
untrustiness,
untrusting,intrusting
untrustness,
untrustworthy,noseworthy,kenworthy,worthy,worthey,newsworthy,foxworthy,creditworthy,unworthy,airworthy,galsworthy,praiseworthy,goldsworthy,trustworthy,noteworthy
untrustworthily,
untrustworthiness,
untruth,duluth,mantooth,sooth,estruth,lueth,tollbooth,tooth,truth,puth,huth,pluth,gluth,vermouth,kluth,schuth,reichmuth,knuth,strewth,hochmuth,guth,booth,ruth,luth,fruth,helmuth,montooth,buth,bluetooth,meuth,youth,hellmuth,rueth,sleuth,wermuth,uncouth,muth,bluth,blooth
untruther,
untruthful,toothful,ruthful,truthful,youthful
untruthfully,
untruthfulness,
untruths,youths,tooths,truths,booths,sleuths
unttrod,
untubbed,
untubercular,
untuberculous,
untuck,quintic
untucked,
untuckered,
untucking,
untucks,
un-tudor,
untufted,
untugged,
untumbled,
untumefied,
untumid,
untumidity,
untumidly,
untumidness,
untumultuous,
untumultuously,
untumultuousness,
untunable,
untunableness,
untunably,
untune,
untuneable,
untuneableness,
untuneably,
untuned,
untuneful,
untunefully,
untunefulness,
untunes,
untuning,
untunneled,
untunnelled,
untupped,
unturbaned,
unturbid,
unturbidly,
unturbulent,
unturbulently,
unturf,
unturfed,
unturgid,
unturgidly,
un-turkish,
unturn,interne
unturnable,
unturned,spurned,learned,sterned,earned,sunburned,returned,turned,unconcerned,concerned,ferned,kerned,burned,unearned,adjourned,overturned,interned,yearned,churned,discerned,unburned
unturning,
unturpentined,
unturreted,
un-tuscan,
untusked,
untutelar,
untutelary,
untutored,
untutoredly,
untutoredness,
untwilled,
untwinable,
untwind,
untwine,intwine
untwineable,
untwined,
untwines,
untwining,
untwinkled,
untwinkling,
untwinned,
untwirl,
untwirled,
untwirling,
untwist,intwist
untwistable,
untwisted,
untwister,
untwisting,
untwists,
untwitched,
untwitching,
untwitten,
untz,
unubiquitous,
unubiquitously,
unubiquitousness,
unugly,
unulcerated,
unulcerative,
unulcerous,
unulcerously,
unulcerousness,
unultra,
unum,chunam,newnam
unumpired,
ununanimity,
ununanimous,
ununanimously,
ununderstandability,
ununderstandable,
ununderstandably,
ununderstanding,
ununderstood,
unundertaken,
unundulatory,
unungun,
ununifiable,
ununified,
ununiform,
ununiformed,
ununiformity,
ununiformly,
ununiformness,
ununionized,
ununique,
ununiquely,
ununiqueness,
ununitable,
ununitableness,
ununitably,
ununited,
ununiting,
ununiversity,
ununiversitylike,
unupbraided,
unup-braided,
unupbraiding,
unupbraidingly,
unupdated,
unupholstered,
unupright,
unuprightly,
unuprightness,
unupset,
unupsettable,
unurban,
unurbane,
unurbanely,
unurbanized,
unured,
unurged,
unurgent,
unurgently,
unurging,
unurn,
unurned,
unusability,
unusable,reusable,usable,inexcusable,losable,fusible,excusable
unusableness,
unusably,
unusage,
unuse,
unuseable,conusable
unuseableness,
unuseably,
unused,rused,used,abused,reused,underused,fuzed,enthused,schmoozed,bemused,bruised,misused,transfused,disabused,perused,amused,overused,accused,diffused,defused,infused,fused,cruised,snoozed,recused,confused,excused,suffused,boozed,soused,mused,refused,oozed
unusedness,
unuseful,
unusefully,
unusefulness,
unushered,
unusual,accrual,duel,tewel,dual,ewell,truell,buell,uhle,ruhle,cruel,sewel,sewell,juul,newel,shewel,grauel,jewel,refuel,greuel,sewall,renewal,nonaccrual,dewall,metrosexual,kuhle,huile,crewel,newell,breughel,fuel,gruel,grewal,buil,fewel
unusuality,
unusually,actually,dually
unusualness,
unusurious,
unusuriously,
unusuriousness,
unusurped,
unusurping,
unutilitarian,
unutilizable,
unutilized,
unutterability,
unutterable,inutterable
unutterableness,
unutterably,
unuttered,
unuxorial,
unuxorious,
unuxoriously,
unuxoriousness,
unvacant,
unvacantly,
unvacated,
unvaccinated,
unvacillating,
unvacuous,
unvacuously,
unvacuousness,
unvagrant,
unvagrantly,
unvagrantness,
unvague,
unvaguely,
unvagueness,
unvailable,
unvain,
unvainly,
unvainness,
unvaleted,
unvaletudinary,
unvaliant,
unvaliantly,
unvaliantness,
unvalid,
unvalidated,
unvalidating,
unvalidity,
unvalidly,
unvalidness,
unvalorous,
unvalorously,
unvalorousness,
unvaluable,
unvaluableness,
unvaluably,
unvalue,
unvalued,
unvamped,
unvanishing,
unvanquishable,
unvanquished,
unvanquishing,
unvantaged,
unvaporized,
unvaporosity,
unvaporous,
unvaporously,
unvaporousness,
unvariable,
unvariableness,
unvariably,
unvariant,
unvariation,
unvaried,
unvariedly,
unvariegated,
unvarying,
unvaryingly,
unvaryingness,
unvarnished,tarnished,varnished,garnished
unvarnishedly,
unvarnishedness,
unvascular,
unvascularly,
unvasculous,
unvassal,
unvatted,
unvaulted,
unvaulting,
unvaunted,
unvaunting,
unvauntingly,
un-vedic,
unveering,
unveeringly,
unvehement,
unvehemently,
unveil,ale,avail,yale,handrail,sale,pale,fantail,hobnail,exhale,braille,dail,soleil,mail,bale,clydesdale,trail,wale,snail,quale,coattail,entail,horsetail,travail,biennale,faille,dovetail,assail,male,wholesale,ail,scale,whale,thumbnail,grail,jail,tail,bail,wail,zale,inhale,hale,fail,rail,cocktail,telltale,brail,greenmail,martingale,sail,vail,swale,airmail,upscale,shale,detail,ponytail,kail,curtail,quail,folktale,prevail,tale,pail,abigail,gmail,resale,airedale,countervail,cale,toenail,veil,impale,retail,frail,dwale,female,gale,nail,vale,gael,email,stale,foxtail,fairytale,hail,surveil,blackmail,orrell,flail,calle,kale,voicemail,taille,guardrail,salle,gail,monorail,dale,derail
unveiled,waled,whaled,paled,mailed,dovetailed,vailed,emailed,trailed,retailed,curtailed,baled,bailed,impaled,failed,wailed,inhaled,entailed,blackmailed,scaled,staled,flailed,exhaled,jailed,ailed,naled,nailed,assailed,tailed,haled,railed,detailed,veiled,prevailed,sailed,hailed,derailed,regaled,availed
unveiledly,
unveiledness,
unveiler,
unveiling,prevailing,entailing,assailing,wailing,paling,failing,scaling,bailing,veiling,staling,vailing,jailing,trailing,retailing,baling,surveilling,whaling,emailing,hailing,regaling,detailing,flailing,countervailing,mailing,curtailing,haling,blackmailing,tailing,railing,inhaling,saling,derailing,sailing,impaling,unfailing,wholesaling,waling,nailing,unavailing,grayling
unveilment,
unveils,details,regales,guardrails,tales,bloomingdales,kayles,telltales,fairytales,females,impales,vails,brailles,swailes,wails,qualls,horsetails,vales,cocktails,pales,ailes,whales,wales,veils,derails,hailes,quayles,flails,bails,hails,scales,handrails,ales,dales,dovetails,bales,hayles,sails,nails,versailles,mails,rales,thales,fales,travails,galles,pails,wholesales,quails,entails,prevails,tails,emails,hales,assails,sales,swails,trails,swales,alles,chontales,cales,ayles,clinkscales,fails,gayles,curtails,wailes,cat-o-nine-tails,sayles,valles,snails,stales,calles,bayles,frails,coattails,fingernails,abimaels,bailes,resales,balles,males,airedales,monorails,retails,ails,toenails,jails,gales,rails,shales
unveined,
unvelvety,
unvenal,
unvendable,
unvendableness,
unvended,
unvendible,invendible
unvendibleness,
unveneered,
unvenerability,
unvenerable,
unvenerableness,
unvenerably,
unvenerated,
unvenerative,
unvenereal,
un-venetian,
unvenged,
unvengeful,
unveniable,
unvenial,
unveniality,
unvenially,
unvenialness,
unvenom,
unvenomed,
unvenomous,
unvenomously,
unvenomousness,
unventable,
unvented,
unventilated,
unventured,
unventuresome,
unventurous,
unventurously,
unventurousness,
unvenued,
unveracious,
unveraciously,
unveraciousness,
unveracity,inveracity
unverbal,
unverbalized,
unverbally,
unverbose,
unverbosely,
unverboseness,
unverdant,
unverdantly,
unverdured,
unverdurness,
unverdurous,
unverdurousness,
un-vergilian,
unveridic,
unveridical,
unveridically,
unverifiability,
unverifiable,liable,verifiable,diable,classifiable,justifiable,pliable,buyable,unjustifiable,undeniable,unreliable,viable,triable,friable,reliable,identifiable,dyeable,flyable
unverifiableness,
unverifiably,
unverificative,
unverified,dignified,petrified,apartheid,qualified,multiplied,shied,override,pride,dried,provide,confide,certified,mortified,fortified,yuletide,glide,bonafide,decried,bromide,subside,broadside,homicide,collide,stratified,deride,decide,unified,alongside,chide,satisfied,cockeyed,preoccupied,tide,seaside,vide,terrified,applied,tried,amplified,coincide,oxide,astride,reside,complied,plied,preside,hyde,allied,belied,wide,outside,pesticide,backside,dioxide,divide,diversified,guide,stride,backslide,fide,blindside,inside,suicide,fratricide,abide,ide,betide,bride,landslide,cyanide,bide,pied,ride,pried,justified,snide,beside,defied,eyed,hide,ratified,aside,worldwide,peroxide,countryside,slide,downside,wayside,modified,genocide,implied,upside,classified,side,curbside,lied,denied,tied,occupied
unverifiedness,
unveritable,
unveritableness,
unveritably,
unverity,
unvermiculated,
unverminous,
unverminously,
unverminousness,
unvernicular,
unversatile,
unversatilely,
unversatileness,
unversatility,
unversed,
unversedly,
unversedness,
unversified,
unvertebrate,
unvertical,
unvertically,
unvertiginous,
unvertiginously,
unvertiginousness,
unvesiculated,
unvessel,
unvesseled,
unvest,
unvested,
unvetoed,
unvexatious,
unvexatiously,
unvexatiousness,
unvexed,
unvext,
unviable,
unvibrant,
unvibrantly,
unvibrated,
unvibrating,
unvibrational,
unvicar,
unvicarious,
unvicariously,
unvicariousness,
unvicious,
unviciously,
unviciousness,
unvictimized,
un-victorian,
unvictorious,
unvictualed,
unvictualled,
un-viennese,
unviewable,
unviewed,
unvigilant,
unvigilantly,
unvigorous,
unvigorously,
unvigorousness,
unvying,
unvilified,
unvillaged,
unvillainous,
unvillainously,
unvincible,
unvindicable,
unvindicated,
unvindictive,
unvindictively,
unvindictiveness,
unvinous,
unvintaged,
unviolable,
unviolableness,
unviolably,
unviolate,
unviolated,
unviolative,
unviolenced,
unviolent,
unviolently,
unviolined,
un-virgilian,
unvirgin,
unvirginal,
un-virginian,
unvirginlike,
unvirile,
unvirility,
unvirtue,
unvirtuous,
unvirtuously,
unvirtuousness,
unvirulent,
unvirulently,
unvisceral,
unvisible,
unvisibleness,
unvisibly,invisibly
unvision,
unvisionary,
unvisioned,
unvisitable,
unvisited,
unvisiting,
unvisor,
unvisored,
unvistaed,
unvisual,
unvisualised,
unvisualized,
unvisually,
unvital,
unvitalized,
unvitalizing,
unvitally,
unvitalness,
unvitiable,
unvitiated,
unvitiatedly,
unvitiatedness,
unvitiating,
unvitreosity,
unvitreous,
unvitreously,
unvitreousness,
unvitrescent,
unvitrescibility,
unvitrescible,
unvitrifiable,
unvitrified,
unvitriolized,
unvituperated,
unvituperative,
unvituperatively,
unvituperativeness,
unvivacious,
unvivaciously,
unvivaciousness,
unvivid,
unvividly,
unvividness,
unvivified,
unvizard,
unvizarded,
unvizored,
unvocable,
unvocal,
unvocalised,
unvocalized,
unvociferous,
unvociferously,
unvociferousness,
unvoyageable,
unvoyaging,
unvoice,
unvoiced,invoiced
unvoiceful,
unvoices,
unvoicing,
unvoid,
unvoidable,
unvoided,
unvoidness,
unvolatile,
unvolatilised,
unvolatilize,
unvolatilized,
unvolcanic,
unvolcanically,
unvolitional,
unvolitioned,
unvolitive,
un-voltairian,
unvoluble,
unvolubleness,
unvolubly,
unvolumed,
unvoluminous,
unvoluminously,
unvoluminousness,
unvoluntary,
unvoluntarily,
unvoluntariness,
unvolunteering,
unvoluptuous,
unvoluptuously,
unvoluptuousness,
unvomited,
unvoracious,
unvoraciously,
unvoraciousness,
unvote,
unvoted,
unvoting,
unvouched,
unvouchedly,
unvouchedness,
unvouchsafed,
unvowed,
unvoweled,
unvowelled,
unvulcanised,
unvulcanized,
unvulgar,
unvulgarise,
unvulgarised,
unvulgarising,
unvulgarize,
unvulgarized,
unvulgarizing,
unvulgarly,
unvulgarness,
unvulnerable,
unvulturine,
unvulturous,
unwadable,
unwadded,
unwaddling,
unwadeable,
unwaded,
unwading,
unwafted,
unwaged,
unwagered,
unwaggable,
unwaggably,
unwagged,
un-wagnerian,
unwayed,unweighed
unwailed,
unwailing,
unwainscoted,
unwainscotted,
unwaited,
unwaiting,
unwaivable,
unwaived,
unwayward,
unwaked,
unwakeful,
unwakefully,
unwakefulness,
unwakened,
unwakening,
unwaking,
unwalkable,
unwalked,
unwalking,
unwall,
unwalled,
unwallet,
unwallowed,
unwan,
unwandered,
unwandering,
unwanderingly,
unwaned,
unwaning,
unwanted,undaunted,daunted,jaunted,wanted,taunted,haunted,flaunted,vaunted
unwanton,
unwarbled,
unwarded,
unware,tinware
unwarely,
unwareness,
unwares,
unwary,revolutionary,confectionary,airy,arie,secretary,hairy,nary,capillary,arbitrary,subsidiary,cautionary,secondary,vocabulary,contrary,mary,prairie,very,discretionary,visionary,harry,gooseberry,confectionery,solitary,sanitary,marry,apothecary,tarry,veterinary,necessary,ferry,adversary,estuary,military,monastery,luminary,contemporary,ancillary,beneficiary,ary,missionary,legendary,cherry,carry,scary,mercenary,seminary,lapidary,literary,stationary,hereditary,strawberry,canary,monetary,culinary,corollary,mulberry,raspberry,imaginary,merry,emissary,customary,aerie,temporary,sedentary,pecuniary,proprietary,pulmonary,salutary,february,eyrie,unitary,huckleberry,cemetery,ordinary,obituary,stationery,judiciary,parry,reactionary,dictionary,blueberry,barre,epistolary,commentary,library,fiduciary,tributary,berry,wary,fairy,bury,preliminary,vary,dairy,tertiary,unnecessary,itinerary,sanctuary,primary,extraordinary
unwarier,
unwariest,
unwarily,
unwariness,
unwarlike,
unwarlikeness,
unwarm,
unwarmable,
unwarmed,
unwarming,
unwarn,
unwarned,
unwarnedly,
unwarnedness,
unwarning,
unwarnished,
unwarp,
unwarpable,
unwarped,
unwarping,
unwarrayed,
unwarranness,
unwarrant,
unwarrantability,
unwarrantable,
unwarrantableness,
unwarrantably,
unwarrantabness,
unwarranted,warranted
unwarrantedly,
unwarrantedness,
unwarred,
unwarren,
unwas,
unwashable,
unwashed,sloshed,quashed,swashed,washed,joshed,squashed,whitewashed,brainwashed
unwashedness,
unwasheds,
unwashen,
un-washingtonian,
unwassailing,
unwastable,
unwasted,
unwasteful,
unwastefully,
unwastefulness,
unwasting,
unwastingly,
unwatchable,
unwatched,
unwatchful,
unwatchfully,
unwatchfulness,
unwatching,
unwater,
unwatered,
unwatery,
unwaterlike,
unwatermarked,
unwattled,
unwaved,
unwaverable,
unwavered,
unwavering,favouring,flavoring,quavering,favoring,wavering,savoring,disfavoring
unwaveringly,
unwaving,
unwax,
unwaxed,
unweaken,
unweakened,
unweakening,
unweal,
unwealsomeness,
unwealthy,
unweaned,
unweapon,
unweaponed,
unwearable,
unwearably,
unweary,
unweariability,
unweariable,
unweariableness,
unweariably,
unwearied,
unweariedly,
unweariedness,
unwearying,
unwearyingly,
unwearily,
unweariness,
unwearing,
unwearisome,
unwearisomeness,
unweathered,
unweatherly,
unweatherwise,
unweave,inweave
unweaves,
unweaving,
unweb,
unwebbed,
unwebbing,
unwed,instead,sped,skinhead,thread,fred,bloodshed,cornbread,head,sled,infrared,ned,warhead,shred,masthead,drumhead,redhead,overhead,copperhead,dred,widespread,lead,flatbed,misread,wed,read,inbred,deadhead,behead,shead,godhead,bulkhead,bullhead,fed,bred,loggerhead,deathbed,whitehead,dead,imbed,red,shithead,ged,swed,reade,led,fled,embed,blockhead,freda,wellhead,bled,spread,med,bridgehead,hotbed,zed,thoroughbred,pled,bobsled,ted,dread,figurehead,abed,said,flathead,featherbed,egghead,riverbed,ed,spearhead,letterhead,aforesaid,beachhead,misled,purebred,woodshed,butthead,stead,airhead,retread,coed,seabed,ahead,bed,tread,arrowhead,shed,newlywed,roundhead,pwned,bedspread,homestead,steelhead,watershed,trailhead,bread,farmstead,redd,gingerbread
unwedded,
unweddedly,
unweddedness,
unwedge,
unwedgeable,
unwedged,
unwedging,
unweeded,
unweel,
unweelness,
unweened,
unweeping,
unweeting,
unweetingly,
unweft,
unweighability,
unweighable,
unweighableness,
unweighed,unwayed
unweighing,
unweight,
unweighted,
unweighty,
unweighting,
unweights,
unwelcome,welkom,welcome
unwelcomed,welcomed
unwelcomely,
unwelcomeness,
,
