zooculture,
zoocurrent,
zoodendria,
zoodendrium,
zoodynamic,
zoodynamics,
zooecia,
zooecial,
zooecium,
zoo-ecology,
zoo-ecologist,
zooerastia,
zooerythrin,
zooflagellate,
zoofulvin,
zoogamete,
zoogamy,
zoogamous,
zoogene,
zoogenesis,
zoogeny,
zoogenic,
zoogenous,
zoogeog,
zoogeographer,
zoogeography,
zoogeographic,
zoogeographical,
zoogeographically,
zoogeographies,
zoogeology,
zoogeological,
zoogeologist,
zooglea,
zoogleae,
zoogleal,
zoogleas,
zoogler,
zoogloea,
zoogloeae,
zoogloeal,
zoogloeas,
zoogloeic,
zoogony,
zoogonic,
zoogonidium,
zoogonous,
zoograft,
zoografting,
zoographer,
zoography,
zoographic,
zoographical,
zoographically,
zoographist,
zoogrpahy,
zooid,fluid,druid
zooidal,ooidal,fluidal
zooidiophilous,
zooids,
zookers,
zooks,
zool,
zool.,
zoolater,
zoolaters,
zoolatry,
zoolatria,
zoolatries,
zoolatrous,
zoolite,
zoolith,
zoolithic,
zoolitic,
zoologer,
zoology,hymnology,biotechnology,scatology,psychology,geology,ideology,anthology,kinesiology,ornithology,chronology,opthalmology,limnology,etymology,seismology,ontology,petrology,etiology,pathology,rheumatology,radiology,ology,ethnology,dendrochronology,pomology,terminology,thanatology,scientology,astrology,sociology,bacteriology,mythology,topology,cytology,penology,virology,gynecology,embryology,serology,numerology,cosmetology,methodology,anthropology,pharmacology,neurology,toxicology,ophthalmology,archaeology,cosmology,meteorology,mycology,dermatology,endocrinology,ecology,technology,hematology,enterology,otology,anesthesiology,egyptology,apology,doxology,oncology,epidemiology,archeology,graphology,theology,geomorphology,rheology,urology,physiology,immunology,gerontology,criminology,deontology,cardiology,morphology,necrology,ethology,histology,paleontology,entomology,microbiology,micropaleontology,epistemology,genealogy,biology,mineralogy
zoologic,
zoological,psychological,geological,sociological,theological,serological,eschatological,pharmacological,biological,meteorological,seismological,physiological,mythological,teleological,morphological,deontological,anthropological,topological,archaeological,methodological,gynecological,ideological,technological,logical,neurological,pathological,toxicological,chronological,etymological,immunological,astrological,ornithological,dermatological,radiological,ontological,scatological,illogical,epidemiological,ecological,phonological,virological,archeological,biotechnological,pedagogical
zoologically,
zoologicoarchaeologist,
zoologicobotanical,
zoologies,
zoologist,cardiologist,virologist,oncologist,anesthesiologist,urologist,psychologist,gynecologist,sovietologist,sociologist,anthropologist,dermatologist,biologist,toxicologist,ophthalmologist,mineralogist,rheumatologist,oligist,serologist,necrologist,epidemiologist,paleontologist,scientologist,seismologist,radiologist,kremlinologist,endocrinologist,ologist,meteorologist,neurologist,creatologist,criminologist,pathologist,apologist,archaeologist,ideologist,gerontologist,ecologist,immunologist,ethnomusicologist,climatologist,musicologist,technologist,entomologist,pharmacologist,geologist,physiologist,volcanologist,microbiologist,opthalmologist
zoologists,apologists,meteorologists,paleontologists,archaeologists,sovietologists,ophthalmologists,necrologists,criminologists,oncologists,creatologists,anesthesiologists,pathologists,anthropologists,ecologists,sociologists,biologists,cardiologists,toxicologists,geologists,ideologists,entomologists,dermatologists,scientologists,neurologists,endocrinologists,volcanologists,kremlinologists,climatologists,urologists,gynecologists,virologists,psychologists,radiologists,microbiologists,pharmacologists,seismologists,technologists,corologis,epidemiologists
zoologize,
zoologized,
zoologizing,
zoom,womb,flume,room,costume,storeroom,exhume,coombe,heirloom,stockroom,tomb,rheum,brume,groom,khartoum,hume,blume,sunroom,headroom,mailroom,stoom,boom,spume,elbowroom,gloom,bedroom,newsroom,toolroom,livingroom,neume,spoom,fume,showroom,blum,kaboom,bathroom,broom,classroom,grume,bridegroom,reassume,choom,croom,playroom,handloom,doom,cloakroom,sloom,courtroom,consume,washroom,assume,plume,abloom,restroom,bloom,lunchroom,loom,legroom,whom,broome,entomb,cloom,darkroom,reaume,pneum,boardroom,legume,glume,vroom,phleum,ballroom,backroom,resume,workroom,barroom,presume,schoolroom,perfume
zoomagnetic,
zoomagnetism,
zoomancy,
zoomania,
zoomanias,
zoomantic,
zoomantist,
zoomastigina,
zoomastigoda,
zoomechanical,
zoomechanics,
zoomed,bloomed,wombed,roomed,doomed,boomed,perfumed,assumed,entombed,exhumed,consumed,loomed,plumed,costumed,broomed,spumed,reassumed,groomed,gloomed,presumed,resumed,fumed
zoomelanin,
zoometry,
zoometric,
zoometrical,
zoometries,
zoomimetic,
zoomimic,
zooming,spuming,assuming,unassuming,pluming,presuming,looming,dooming,perfuming,fuming,blooming,resuming,grooming,consuming,glooming,booming,rooming,puming,brooming
zoomorph,
zoomorphy,
zoomorphic,
zoomorphism,
zoomorphize,
zoomorphs,
zooms,glooms,flumes,mailrooms,costumes,humes,grooms,exhumes,perfumes,showrooms,fumes,backrooms,restrooms,playrooms,parfums,courtrooms,tombs,assumes,wombs,handlooms,groomes,presumes,bathrooms,glumes,crooms,blooms,looms,lunchrooms,livingrooms,heirlooms,ballrooms,coombes,newsrooms,plumes,rooms,classrooms,toombs,coomes,legumes,boardrooms,consumes,dooms,resumes,brooms,bedrooms,maktoums,coombs,booms
zoon,
zoona,
zoonal,
zoonerythrin,
zoonic,punic,eunuch,brunick,runic,poonac,tunic,junek,munich
zoonist,
zoonite,munite,gunite
zoonitic,
zoonomy,eunomy
zoonomia,
zoonomic,
zoonomical,
zoonomist,
zoonoses,bluenoses
zoonosis,
zoonosology,
zoonosologist,
zoonotic,
zoons,
zoonule,
zoopaleontology,
zoopantheon,
zooparasite,
zooparasitic,
zoopathy,
zoopathology,
zoopathological,
zoopathologies,
zoopathologist,
zooperal,
zoopery,
zooperist,
zoophaga,
zoophagan,
zoophagineae,
zoophagous,
zoophagus,
zoopharmacy,
zoopharmacological,
zoophile,
zoophiles,
zoophily,ruefully
zoophilia,
zoophiliac,
zoophilic,
zoophilies,
zoophilism,
zoophilist,
zoophilite,
zoophilitic,
zoophilous,
zoophysical,
zoophysicist,
zoophysics,
zoophysiology,
zoophism,
zoophyta,
zoophytal,
zoophyte,zoophite,oophyte
zoophytes,
zoophytic,oophytic,euphotic
zoophytical,
zoophytish,
zoophytography,
zoophytoid,
zoophytology,
zoophytological,
zoophytologist,
zoophobe,
zoophobes,
zoophobia,euphobia
zoophobous,
zoophori,
zoophoric,
zoophorous,
zoophorus,
zooplankton,
zooplanktonic,
zooplasty,ensue,few,new,purview,brew,gnu,coup,goo,accrue,you,poo,bamboo,who,lieu,undo,mew,loo,view,yew,vu,canoe,queue,retinue,tattoo,hitherto,into,debut,boo,outdo,imbue,yahoo,xu,blue,ingenue,pew,shrew,ado,vue,screw,construe,too,rendezvous,spew,taboo,interview,coo,shoe,pursue,woo,que,ewe,flue,thru,cue,rue,chew,do,two,glue,true,redo,residue,hew,strew,guru,tissue,lulu,anew,avenue,subdue,barbecue,dew,crew,zoo,stew,breakthrough,renew,flu,hue,to,overview,revenue,q,emu,askew,due,roux,shue,adieu,through,cuckoo,clue,sue,slew,statue,skew,review,undue,u,eschew
zooplastic,
zoopraxiscope,
zoopsia,
zoopsychology,
zoopsychological,
zoopsychologist,
zoos,peruse,cruise,cruze,ooze,cruse,cues,boos,chartreuse,woos,luse,clues,hughes,misuse,reuse,statues,flews,roos,booze,diffuse,booz,canoes,andrews,muse,clews,eschews,tattoos,taboos,cruz,accuse,thews,lose,goos,lewes,brews,loos,abuse,residues,revenues,ques,enthuse,meuse,reviews,jews,pews,shoes,views,refuse,hairdos,overuse,suffuse,dews,chews,soyuz,druse,roose,fuse,ewes,infuse,shmooze,avenues,gurus,sous,hews,crews,druze,chuse,creuse,defuse,news,youse,toulouse,blues,trews,slews,snooze,bruise,tewes,amuse,horseshoes,tissues,excuse,kangaroos,transfuse,dues,confuse,ruse,queues,hues,accrues,choose,ensues,screws,bemuse,whose,schmooze,syracuse,moos,disabuse,recuse,hindus
zoo's,
zooscopy,
zooscopic,
zoosis,
zoosmosis,
zoosperm,oosperm
zoospermatic,
zoospermia,
zoospermium,
zoosperms,
zoospgia,
zoosphere,
zoosporange,
zoosporangia,
zoosporangial,
zoosporangiophore,
zoosporangium,oosporangium,eusporangium
zoospore,
zoospores,
zoosporic,
zoosporiferous,
zoosporocyst,
zoosporous,
zoosterol,
zootaxy,
zootaxonomist,
zootechny,
zootechnic,
zootechnical,
zootechnician,
zootechnics,
zooter,
zoothecia,
zoothecial,
zoothecium,
zootheism,
zootheist,
zootheistic,
zootherapy,
zoothome,
zooty,
zootic,bluetick,therapeutic,luteic,mutic,psychotherapeutic,biotherapeutic
zootype,
zootypic,
zootoca,
zootomy,
zootomic,
zootomical,
zootomically,
zootomies,
zootomist,
zoototemism,
zootoxin,
zootrophy,
zootrophic,eutrophic
zoot-suiter,
zooxanthella,
zooxanthellae,
zooxanthin,
zoozoo,aouzou,caluzu,isuzu
zophar,troffer,joffre,gauffre,quaffer,gauffer,ophir,chauffer,goffer,shophar
zophophori,
zophori,
zophorus,
zopilote,
zoque,
zoquean,
zora,cahora,cora,zorah,menorah,durrah,sykora,thora,borah,lora,dilaura,flora,eudora,ora,angora,psora,pandora,gomorrah,pechora,spadafora,theodora,mora,samora,santora,medora,norah,panora,delaura,honora,skora,korah,zadora,arora,kora,morra,plethora,sikora,gongora,lorah,torah,leonora,stora,zippora,loera,elnora,camorra,eleanora,gora,pecora,aldora,andorra,nora,sonora,maura,hora,fedora,aura,vora,tortora,fora,aurora,carfora,contadora,senora,adora,bora,zamora,controladora,delora,anora,dora,eldora,laura,pastora
zorah,cahora,cora,menorah,durrah,sykora,thora,borah,lora,dilaura,flora,eudora,ora,angora,psora,pandora,gomorrah,pechora,spadafora,theodora,mora,samora,santora,medora,norah,zora,panora,honora,delaura,skora,korah,zadora,arora,kora,morra,plethora,sikora,gongora,lorah,torah,leonora,stora,zippora,loera,elnora,camorra,eleanora,gora,pecora,aldora,andorra,nora,sonora,maura,hora,fedora,aura,vora,tortora,fora,aurora,carfora,contadora,senora,adora,bora,zamora,controladora,delora,anora,dora,eldora,laura,pastora
zorana,cabana,italiana,arcana,nanna,hanna,rana,georgiana,montana,kana,juliana,gitana,campana,susquehanna,rosanna,indiana,christiana,dianna,alana,prana,atlanta,tatiana,sangha,copacabana,lantana,banana,tanna,dahna,santana,fianna,ghana,khanna,mariana,luana,tramontana,liliana,vanna,nana,grana,chana,anna,havana,texarkana,roxana,thana,cana,brianna,viana,americana,arana,tropicana,fontana,pestana,morgana,hannah,sanna,louisiana,arianna,quintana,hanau,susanna,susannah,piano,amana,hana,levana,jnana,danna,gloriana,savannah,jana,savanna,santa,edana,dannah,solana,diana,oceana,canna,pollyanna,johanna,ariana,deanna,oriana,viviana,panna,joanna,orellana,lana,humana,saldana,shana,bandana,urbana,mexicana,vana,manna,adriana,dulciana
zoraptera,
zorgite,
zori,
zoril,zorille,koral,sorell,corle,coral,loral,moril,aural,borell,torril,laurel,bawrel,burrill,boreal,murrill,murrell,horal,norell,orel,sorel,norrell,immoral,floral,chloral,hurrell,saurel,sorrell,forel,roral,balmoral,choral,auroral,moral,amoral,oral,morell,goral,forrill,boral,borel,durrell,phlorol,borrel,surrell,thoral,turrill,reloral,turrell,curle,horrell,quarrel,lorel,tearle,sorrel,morelle,thorell
zorilla,barilla,perilla,spirilla
zorillas,
zorille,koral,sorell,corle,coral,loral,moril,aural,borell,torril,laurel,bawrel,burrill,boreal,murrill,murrell,horal,norell,orel,sorel,norrell,immoral,floral,chloral,zoril,saurel,hurrell,sorrell,forel,roral,balmoral,choral,auroral,moral,amoral,oral,morell,goral,forrill,boral,borel,durrell,phlorol,borrel,surrell,thoral,turrill,reloral,turrell,curle,horrell,quarrel,lorel,tearle,sorrel,morelle,thorell
zorilles,
zorillinae,
zorillo,
zorillos,
zorils,
zorina,cristina,vaccina,tina,quina,avina,florentina,angelina,latina,ianthina,patina,verbena,rosina,mina,rina,messina,molina,davina,salina,jeana,cadena,sheena,pyrena,argentina,catena,alcina,semolina,mena,cortina,erina,bina,xena,serena,pina,vena,jena,domina,sardina,krajina,bettina,gina,catalina,spina,vina,herzegovina,georgina,rowena,fraena,gallina,purina,sabrina,athena,sabina,faena,nina,sabena,selena,proserpina,siena,marina,dina,galena,gardena,edina,melvina,seraphina,albina,cartagena,celina,lena,christina,medina,serafina,irina,ina,farina,regina,concertina,veena,arena,katrina,philomena,macarena,lina,dena,hyena,ballerina,covina,rena,magdalena,alina,adina,valentina,cantina,zena,subpoena,neenah,reina,martina,hercegovina
zorine,sabatini,yemeni,beany,fellini,feeney,victorine,piccinini,mussolini,martini,ardine,albertini,rossini,bimini,lentini,larine,maurine,perrine,maline,aveline,castine,sheeny,bellini,dildine,domine,giannini,celestine,beanie,mancini,lienee,lapine,paganini,vini,bonine,genii,balentine,marini,meanie,puccini,provine,orsini,reny,spleeny,jeanie,verine,sweeny,teenie,weeny,sweeney,cherubini,cassini,rosine,seraphine,meiny,linguine,teeny,houdini,tweeny,jeannie,agostini,santini,guarini,baldini,pacini,bodine,latini,lamborghini,lepine,cellini,pini,bikini,eugenie,leany,ballentine,mcsweeney,queenie,leontine,heaney,angelini,fettuccine,meany,delphine,toscanini,cabrini,fini,florine,deline,gilbertine,genie,dini,pellegrini,greenie,greeny,rini,zucchini,feeny,wahine,dorine,carine,morini
zoris,
zorn,unicorn,torn,horn,elkhorn,waldhorn,dorn,aborn,firstborn,winterbourne,hawthorn,alcorn,buckhorn,porn,airborne,orn,corn,korn,popcorn,pronghorn,glyndebourne,inborn,lowborn,forewarn,forlorn,reborn,borne,adorn,osborn,bourn,thorn,hartshorn,bjorn,bullhorn,seaborne,shopworn,bourne,stillborn,mourn,shoehorn,warn,horne,thorne,wellborn,warne,sanborn,morn,buckthorn,lorne,bighorn,worn,scorn,frorn,corne,waterborne,forsworn,sporn,osborne,shorn,orne,einhorn,morne,born,doorn,unborn,longhorn,dearborn,sworn
zoroaster,
zoroastra,
zoroastrian,
zoroastrianism,
zoroastrians,
zoroastrism,
zorobabel,
zorotypus,
zorrillo,
zorro,forgo,quo,lo,shadow,buffalo,rhino,mow,so,forego,borrow,row,snow,photo,no,plateau,hello,portfolio,glow,grow,dough,coco,potato,tomato,although,undergo,willow,gusto,low,foe,veto,plough,show,apropos,toe,fallow,co,torso,aficionado,indigo,adagio,ratio,tempo,whoa,patio,though,ho,tow,audio,hydro,bio,below,calypso,o,bestow,portico,woe,aglow,go,virago,owe,manifesto,grotto,roe,know,otto,crow,mo,espresso,dado,overthrow,pro,flow,meadow,cameo,slow,winnow,sew,tableau,hoe,escrow,yoe,radio,vertigo,beau,tornado,rainbow,blow,archipelago,throw,rococo,micro,tomorrow,doe,bowe,studio,torpedo,joe,glo
zortman,fortman,wartman,hortman,kortman,ortman,portman,ortmann
zortzico,
zosema,
zoser,
zosi,
zosima,
zosimus,
zosma,
zoster,koester,auster,coster,koster,doster,gloster,boster,impostor,kloster,roster,foster,gloucester,oster
zostera,
zosteraceae,
zosteria,
zosteriform,
zosteropinae,
zosterops,
zosters,
zouave,
zouaves,
zoubek,
zoug,
zounds,turnarounds,bounds,founds,backgrounds,expounds,campgrounds,rebounds,playgrounds,hounds,impounds,fairgrounds,sounds,lbs,surrounds,compounds,grounds,astounds,abounds,mounds,rounds,pounds,confounds,battlegrounds
zowie,yowie
zpg,
zprsn,
zr,
zrich,
zrike,
zs,
z's,
zsa,raw,ha,thaw,claw,ra,pshaw,rawe,slaw,ka,da,chihuahua,shah,chutzpah,overdraw,bra,jigsaw,pasha,ottawa,baccarat,ahh,haw,ma,dada,chainsaw,blah,gaw,ya,gras,nah,law,bourgeois,redraw,gnaw,fermata,omaha,guffaw,ona,pa,withdraw,outlaw,aha,seesaw,hurrah,naw,awe,faw,chaw,baja,utah,voila,flaw,dumas,doha,hah,yaw,sha,bylaw,whipsaw,bois,draw,wa,ga,arkansas,jaw,yah,cha,grandpa,craw,hacksaw,hoopla,ah,shaw,saw,daw,draugh,caw,xio,squaw,moi,spa,trois,rah,sa,ta,schwa,scrimshaw,wah,paw,la,panama,straw,aw,na,esau,qua,coleslaw,bah,macaw,maw,ja
zsazsa,raw,ha,thaw,claw,ra,pshaw,rawe,slaw,ka,da,chihuahua,shah,chutzpah,overdraw,bra,jigsaw,pasha,ottawa,baccarat,ahh,haw,ma,dada,chainsaw,blah,gaw,ya,gras,nah,law,bourgeois,redraw,gnaw,fermata,omaha,guffaw,ona,pa,withdraw,outlaw,aha,seesaw,hurrah,naw,awe,faw,chaw,baja,utah,voila,flaw,dumas,doha,hah,yaw,sha,bylaw,whipsaw,bois,draw,wa,ga,arkansas,jaw,yah,cha,grandpa,craw,hacksaw,hoopla,ah,shaw,saw,daw,draugh,caw,xio,squaw,moi,spa,trois,rah,sa,ta,schwa,scrimshaw,wah,paw,la,panama,straw,aw,na,esau,qua,coleslaw,bah,macaw,maw,ja
z-shaped,
zsigmondy,
zsolway,
zst,
zt,
ztopek,
zubeneschamali,
zubird,
zubkoff,
zubr,
zuccari,
zuccarino,
zuccaro,zarro,cafaro,bavaro,karow,amaro,coccaro,cestaro,garro,cesaro,massaro,armaro,bizzaro,spadaro,cavallaro,montanaro,carbonaro,chaparro,asaro,azzaro,aro,chiaro,conigliaro,pharo,pecoraro,calderaro,corsaro,porcaro,coffaro,ferraro,cannistraro,sbarro,claro,barro,gennaro,cavagnaro,haro,molinaro,cassaro,paro,arcaro,jarrow,marro,barbaro,vaccaro,bordonaro,cannizzaro,denaro,ungaro,nazzaro,naro,spataro,zingaro,bucaro,finocchiaro,scolaro,furfaro,yarrow,pizarro,alfaro,pignataro,varo,sarro,fusaro,pagliaro,farro,cordaro,carro,kilimanjaro,campanaro,todaro,maro,lazaro,funaro,manganaro,tammaro,panaro,catanzaro,caro,alvaro,navarro,capraro,morrow,shintaro,degennaro,marinaro,sorrow,notaro,baro-,cuccaro,utamaro,baro,lazzaro
zucchero,
zucchetti,
zucchetto,
zucchettos,
zucchini,sabatini,yemeni,beany,fellini,feeney,victorine,piccinini,mussolini,martini,ardine,albertini,rossini,bimini,bartolini,lentini,larine,maurine,perrine,maline,aveline,castine,sheeny,bellini,dildine,domine,giannini,celestine,beanie,mancini,lienee,lapine,paganini,vini,bonine,genii,balentine,marini,meanie,puccini,provine,orsini,reny,spleeny,jeanie,verine,sweeny,teenie,weeny,sweeney,cherubini,cassini,rosine,seraphine,meiny,linguine,teeny,houdini,tweeny,jeannie,agostini,santini,guarini,baldini,pacini,bodine,latini,lamborghini,lepine,cellini,pini,bikini,eugenie,leany,ballentine,mcsweeney,queenie,leontine,heaney,angelini,fettuccine,meany,delphine,toscanini,cabrini,fini,florine,deline,gilbertine,genie,dini,pellegrini,greenie,greeny,rini,feeny,wahine,dorine,carine,morini
zucchinis,
zucco,gluco-,deruko,citrosuco,chacabuco,trucco,leuco-,cuco,truicko,leuko,muco-,yuko,gluco,bucco,leuko-,lucco,mazzucco,leuco,trabucco
zuchetto,
zucker,sucker,duker,stucker,schmucker,altucher,brucker,puker,smucker,drucker,chucker,mucker,shucker,buker,kuker,euchre,tucker,schucker,bucker,ducker,plucker,luker,dueker,kucher,sueker,bueker,tricker,pucker,fucker,motherfucker,duecker,sucre,succor,fluker,frucher,hudsucker,pricker,rucker,zuker,bucher,bloodsucker,kuchar,hucker,trucker,lucker
zuckerman,tuckerman,zukerman
zudda,
zuffolo,
zufolo,
zug,earplug,shrug,abzug,hugg,plug,rug,bug,rugg,ugh,doug,unplug,dug,chug,bugg,debug,bugge,sugg,hug,smug,schug,klug,jug,sprug,jitterbug,pug,antidrug,tanjug,tug,drug,humbug,firebug,krug,snug,sprig,slug,thug,mug,ladybug,lug
zugtierlast,
zugtierlaster,
zugzwang,
zui,
zuian,
zuidholland,
zuisin,krewson,skousen,meeuwsen,acuson,leucin,musin,newson,mucin,fusin,hughson,nucin,nusen,heusen,goossen,poussin,loosen,huson,vandusen,goosen,fuson,hewson,corneliuson,husen,rusin,joosten
zulch,
zuleika,
zulema,
zulhijjah,
zulinde,
zulkadah,
zu'lkadah,
zullinger,
zullo,ferullo,bulow,vitullo,angulo,rullo,fassulo,pezzullo,marullo,pannullo,sullo,ciullo,gullo,tullo,cerullo,buelow,marzullo,kulow,dilullo,vullo,masullo,sassulo,fasulo,tomasulo,sciullo,pagliarulo
zuloaga,
zulu,ensue,few,new,purview,brew,gnu,coup,goo,accrue,you,poo,bamboo,who,lieu,undo,mew,loo,view,yew,vu,canoe,queue,retinue,tattoo,hitherto,into,debut,boo,outdo,imbue,yahoo,xu,blue,ingenue,pew,shrew,ado,vue,screw,construe,too,rendezvous,spew,taboo,interview,coo,shoe,pursue,woo,que,ewe,flue,thru,cue,rue,chew,do,two,glue,true,redo,residue,hew,strew,guru,tissue,lulu,anew,avenue,subdue,barbecue,dew,crew,zoo,stew,breakthrough,renew,flu,hue,to,overview,revenue,q,emu,askew,due,roux,shue,adieu,through,cuckoo,clue,sue,slew,statue,skew,review,undue,u,eschew
zuludom,
zuluize,
zulu-kaffir,
zululand,
zulus,lulus
zumatic,
zumbooruk,
zumbrota,
zumstein,green,sheen,stein,wean,baseline,halloween,gene,mean,enshrine,undermine,clean,mezzanine,vine,resign,fine,lupine,whine,lean,spine,quarantine,brine,bovine,incline,intervene,between,byzantine,consign,careen,internecine,obscene,magazine,supine,tine,divine,pipeline,malign,online,benign,design,serene,fein,routine,confine,canine,convene,opine,keen,decline,shrine,devine,deadline,endocrine,ravine,protein,glean,preen,wine,mine,bean,lien,teen,cuisine,line,lifeline,define,outshine,queen,evergreen,hygiene,scene,sine,streamline,philistine,sign,nine,vaccine,combine,canteen,leen,pine,asinine,moonshine,screen,dean,genuine,refine,concubine,contravene,mien,grapevine,demean,align,machine,spleen,assign,libertine,shine,marine,outline,sunscreen
zumwalt,
zungaria,
zuni,tea,guaranty,we,jubilee,ree,pony,me,key,tee,quay,repartee,guarantee,marquis,nestle,ye,syncope,turnkey,oversee,flee,di,machete,emcee,pee,ski,glee,referee,hawaii,sunday,foresee,t,d,flea,c,tv,z,snee,wee,see,banshee,hyperbole,reality,she,knee,degree,three,precis,lea,ghee,agree,pea,qi,esprit,carefree,payee,cree,gee,pre,marquee,yee,tree,de,dee,v,si,nee,fee,mi,sea,apogee,trustee,spree,p,indri,partee,potpourri,xi,bourgeoisie,g,asap,idiosyncrasy,hee,free,ac,lee,he,cc,be,scree,b,e,lessee,debris,kabuki,ne,calliope,decree,thee,actuary,plea,bee
zunian,
zunyite,
zunis,tunis,skewness,yunis,eunice,newness,munis,fewness,blueness,trueness,dueness,prunus
zupanate,
zupus,
zurbar,
zurbaran,
zurek,jurek,yurek,kocourek
zurheide,
zurich,tchuruk,rurik,jurich,mercuric,sulfuric,mooruk,yurick,duroc,hurok
zurkow,
zurlite,
zurn,aherne,minturn,unconcern,hern,vern,stirn,sauterne,hearn,stern,chern,spurn,return,yearn,cern,ahern,kirn,byrne,laverne,washburn,ahearn,sunburn,cockburn,erne,churn,berne,redfern,upturn,overturn,kern,turn,fern,discern,durn,hearne,bern,thurn,verne,downturn,herne,urn,taciturn,earn,fearn,heartburn,concern,learn,sterne,cogburn,dern,adjourn,hurn,burn
zurvan,cervin
zusman,
zutugil,
zuurveldt,
zuza,
zuzana,bophuthatswana,fauna,ilana,nirvana,wanna,parana,gauna,guiana,nona-,alanna,marijuana,tswana,shauna,caronna,akana,mana,wanta,nona,didonna,dwana,marianna,agana,biana,digiovanna,chauna,benihana,lianna,aulana,sana,juana,tijuana,umana,ronna,bonadonna,silvana,lackawanna,svetlana,madonna,guyana,tatyana,sauna,trona,ana,mauna,iguana,botswana,tatiana,tawana,mahayana,shawna,liana,donau,bwana,dominicana,santayana,scianna,sebastiana,susana,gonna,ivana,donna,briana,ivanna,haryana
zu-zu,
zwanziger,
zwart,court,teleport,cavort,contort,swart,spaceport,shreveport,fort,ct,freeport,mort,exhort,athwart,wart,consort,stuart,gort,support,snort,rapaport,forte,porte,allport,harcourt,bridgeport,foret,resort,abort,dort,extort,corte,kennebunkport,short,norte,retort,rockport,sort,comport,westport,transport,quarte,misreport,assort,reexport,import,sport,distort,port,carport,report,purport,bort,cort,boart,tort,airport,passport,thwart,quart,escort,ort,skort,korte,deport,laporte,davenport,torte,seaport,agincourt,southport,underreport,kort
zwei,
zweig,tighe,mctighe,lickteig,sweig
zwick,ric,dic,glick,quik,spick,shtick,nik,quick,realpolitik,homesick,nic,tic,spic,vick,pickwick,stick,whilk,kubrick,triassic,kwik,tick,handpick,crick,blick,bick,slick,klick,lasik,thick,picnic,flick,dick,yardstick,nonstick,gick,frick,click,fick,bolshevik,arithmetic,sidekick,seasick,chopstick,dipstick,trick,thilk,firebrick,hick,joystick,strick,knick,sick,mick,brick,wick,nightstick,peacenik,lunatic,bic,chick,ostpolitik,wyk,vic,candlestick,snick,sic,bailiwick,lick,broomstick,impolitic,toothpick,slapstick,mic,mc,rick,nick,bric,kick,politic,pik,pic,wrick,schtick,prick,rilke,lipstick,uptick,pick,schick
zwickau,sukkah,plica,pucka,chukka,bucca,pukka,ca-ca,spica,trica,styca,quica,yucca,felucca
zwicky,skalicky,gimmicky,chickee,vicki,zywicki,brickey,rudnicki,dicky,quickie,dickey,ricki,vicky,skibicki,walicki,wickey,picky,micky,rikki,ikie,mickie,chicky,balicki,nikki,hickey,picchi,frikkie,ricky,karnicki,micki,dickie,nicki,kicky,ikey,tricky,hickie,nickey,mickey,malicki,nitpicky,sickie,frickey,karanicki,janicki,sticky,rokicki,niki,vickey,nicky,vickie,rickey,rickie,rudnicky,trickey
zwieback,sebic,amoebic,rheeboc
zwiebacks,
zwiebel,keeble,zeeble,riebel,t-bill,kriebel,biebel,liebl,feeble,giebel,enfeeble,siebel,weible,diebel,stiebel,friebel,griebel,schiebel,liebel
zwieselite,
zwingle,
zwingli,
zwinglian,
zwinglianism,
zwinglianist,
zwitter,
zwitterion,aterian,lyterian
zwitterionic,
zwolle,catchall,scrawl,install,waterfall,stall,trawl,dol,atoll,neanderthal,meatball,stonewall,natal,paul,fireball,fall,nightfall,mothball,appall,rainfall,maul,retinol,footfall,moll,enthral,cortisol,football,blackball,recall,drywall,overall,loll,pall,softball,senegal,snowball,gaul,baseball,protocol,sol,downfall,drawl,doll,nepal,dall,oddball,saul,landfall,pitfall,cholesterol,raul,luminol,call,alcohol,wherewithal,haul,tal,pol,shawl,windfall,hardball,fastball,bawl,cabal,pratfall,brawl,small,basketball,bol,ball,freefall,wall,banal,tall,squall,caul,gall,spall,crawl,mall,sprawl,all,hall,overhaul,forestall,cannonball,shortfall,coll,thrall,dahl,aerosol,handball,catcall,ethanol,befall,butterball,volleyball,eyeball,screwball
zworykin,floriken
zz,
zzt,
zzz,
,
