tigerkin,
tigerly,
tigerlike,
tigerling,
tiger-looking,
tiger-marked,
tiger-minded,
tiger-mouth,
tigernut,
tiger-passioned,
tigerproof,
tigers,stigers
tiger's,
tiger's-eye,
tiger-spotted,
tiger-striped,
tigerton,
tigerville,
tigerwood,
tigger,
tigges,gigs,diggs,spriggs,higgs,figs,twigs,rigs,jigs,driggs,pigs,riggs,migs,biggs,wiggs,bigs,wigs,digges,phigs,triggs,bigwigs,twiggs,griggs,briggs,figgs,whigs,digs,tiggs
tight,flight,right,satellite,plebiscite,cite,byte,bight,overwrite,wight,expedite,tripartite,dolomite,finite,write,acolyte,parasite,erudite,knight,upright,alright,extradite,excite,goodnight,highlight,light,graphite,hermaphrodite,underwrite,apatite,recondite,quite,white,nite,limelight,downright,twilight,website,apartheid,twite,lite,alight,contrite,might,incite,site,unite,meteorite,brite,mite,hindsight,ignite,sleight,overnight,appetite,feit,sight,blight,luddite,polite,spite,invite,midnight,smite,frostbite,backbite,lignite,fright,bright,indict,sprite,copyright,uptight,smight,insight,neophyte,fahrenheit,outright,indite,wright,playwright,foresight,delight,plight,oversight,rewrite,forthright,rite,spotlight,kite,trite,night,height,slight,dight,fight,bite,recite,moonlight,despite,fortnight
tight-ankled,
tight-belted,
tight-bodied,
tight-booted,
tight-bound,
tight-clap,
tight-clenched,
tight-closed,
tight-draped,
tight-drawn,
tighten,righten,knighton,write-in,knighten,breighton,titan,triton,guyton,enlighten,reitan,litan,heighten,seitan,dreighton,reiten,frighten,iten,criton,brighten,brighton,slighten,whiten,witan,lighten
tightened,brightened,lightened,heightened,enlightened,unenlightened,whitened,frightened
tightener,brightener,heightener
tighteners,
tightening,frightening,whitening,heightening,enlightening,lightening,brightening,lightning
tightenings,lightnings
tightens,enlightens,whitens,brightens,frightens,titans,heightens,lightens
tighter,whiter,slighter,skywriter,reiter,biter,deiter,kreiter,screenwriter,slyter,plighter,seitter,writer,miter,lighter,bullfighter,mitre,sluyter,kiter,scriptwriter,overnighter,gunfighter,reitter,beiter,seiter,citer,schreiter,titer,flighter,ex-fighter,lamplighter,righter,brighter,speechwriter,schneiter,firefighter,pitre,titre,nighter,sighter,blighter,copywriter,sportswriter,kicklighter,fighter,underwriter,begleiter,leiter,songwriter,riter,eurofighter,engeleiter,lyter,typewriter
tightest,brightest,whitest,rightist,rightest,lightest,slightest
tightfisted,unassisted,blacklisted,unlisted,backlisted,resisted,coexisted,delisted,insisted,twisted,preexisted,listed,persisted,assisted,distad,fisted,enlisted,consisted,existed
tight-fisted,
tightfistedly,
tightfistedness,
tightfitting,tight-fitting
tight-fitting,tightfitting
tight-gartered,
tight-hosed,
tightish,
tightknit,tight-knit
tight-knit,tightknit
tight-laced,
tightly,whitely,lightly,sprightly,stitely,nightly,fortnightly,knightly,tritely,unsightly,brightly,politely,wightly,golightly,slightly,sightly,rightly,forthrightly,whiteley,spritely
tightlier,
tightliest,
tight-limbed,
tightlipped,tight-lipped,white-lipped
tight-lipped,tightlipped,white-lipped
tight-looking,
tight-made,
tight-mouthed,
tight-necked,
tightness,politeness,triteness,lightness,slightness,brightness,forthrightness,whiteness,rightness
tightnesses,
tight-packed,
tight-pressed,
tight-reining,
tight-rooted,
tightrope,koep,laryngoscope,proctoscope,isentrope,epitope,lope,soap,cantaloupe,softsoap,allotrope,tope,cope,gyroscope,misanthrope,hope,partenope,slope,interscope,nope,stope,ophthalmoscope,swope,antelope,heliotrope,gastroscope,kope,grope,schoepp,polariscope,endoscope,strope,trope,elope,telescope,kaleidoscope,periscope,horoscope,bronchoscope,schoepf,groep,envelope,antroscope,stethoscope,dope,rope,sope,scope,koepp,knope,oscilloscope,mope,microscope,shope,isotope,pope
tightroped,
tightropes,
tightroping,
tights,smites,flights,copyrights,mites,nites,lymphocytes,brights,plights,rites,frights,urbanites,headlights,excites,rights,wights,incites,shipwrights,writes,bites,bytes,phagocytes,cites,lites,spotlights,wrights,searchlights,campsites,kites,reunites,geitz,rewrites,extradites,reits,spites,floodlights,overflights,heights,insights,jacobites,ignites,megabytes,reitz,acolytes,appetites,recites,playwrights,stylites,sites,stites,frites,blights,flashlights,satellites,shiites,daylights,unites,apatites,sleights,dolomites,israelites,parasites,crites,kilobytes,nights,fights,luddites,backlights,suburbanites,mennonites,invites,lights,seitz,delights,whites,slights,highlights,sights,skylights,ammonites,socialites,neophytes,gigabytes,footlights,uprights,soundbites,heitz,knights,dogfights,sulfites,sprites
tight-set,
tight-shut,
tight-skinned,
tight-skirted,
tight-sleeved,
tight-stretched,
tight-tie,
tight-valved,
tightwad,clawed,raad,rod,abroad,laud,goldenrod,facade,mossad,yawed,tripod,saad,riyad,applaud,tawed,maud,roughshod,squad,hawed,arthropod,escalade,strawed,jawed,cod,chaud,schrod,codd,trod,bawd,ramrod,novgorod,seedpod,elrod,peapod,wad,belgrade,sawed,defraud,ballade,slipshod,quad,pod,riyadh,gnawed,cephalopod,saud,abad,penrod,esplanade,baaed,aud,flawed,nod,assad,god,outlawed,fraud,brachiopod,fahd,baud,seesawed,glod,rashad,pernod,odd,sod,mod,maude,tod,cawed,thawed,pawed,broad,ipod,todd,laude,riad,shod,chawed,antifraud,backboard,plaud,sprod,scrod,awed,prod,maraud,dodd,chmod,claude,braud,brod,claud,plod,petard,natividad
tightwads,
tight-waisted,
tightwire,
tight-wound,
tight-woven,
tight-wristed,
tiglaldehyde,
tiglic,
tiglinic,
tiglon,
tiglons,
tignall,
tignon,
tignum,
tigon,riggan,balbriggan,figone,wigen,pigan,riggen,riggin,ligon,vigen,frigon,wiggin,bigan,mcguigan
tigons,
tigr,
tigrai,
tigre,higre
tigrean,philistine,baleen,marine,scene,amin,preen,leen,trampoline,sunscreen,magazine,figurine,machine,murine,hygiene,sistine,demean,screen,geraldine,intervene,fifteen,sabine,caffeine,feine,saline,mean,clean,careen,lean,glean,casein,canteen,mien,bean,libertine,quarantine,reconvene,tangerine,spleen,submarine,contravene,peregrine,amphetamine,unforeseen,convene,tourmaline,aberdeen,queen,selene,sheen,mein,evergreen,halloween,sardine,florentine,holstein,thirteen,serene,gelatine,argentine,ravine,gasoline,irene,foreseen,obscene,clementine,routine,nene,byzantine,guillotine,teen,wolverine,opaline,agin,green,internecine,vaccine,latrine,jean,aniline,lien,umpteen,augustine,treen,protein,gene,undine,wean,mezzanine,labyrinthine,eugene,seen,dean,between,limousine,bromine,vien,keen,aquamarine,kerosene,cuisine
tigress,tigris
tigresses,
tigresslike,
tigrett,
tigridia,
tigrina,
tigrine,nigrine,hygrine
tigrinya,
tigris,tigress
tigrish,
tigroid,
tigrolysis,
tigrolytic,
tigrone,
tigtag,
tigua,
tigurine,
tihwa,
tyigh,
tyika,
tying,sighing,lying,buying,tieing,shying,guying,dyeing,eying,vying,dieing,dying,eyeing,pieing
tijeras,
tijuana,silvana,santayana,agana,sana,dwana,parana,marijuana,juana,didonna,ilana,svetlana,tatiana,gauna,nirvana,sebastiana,donau,trona,marianna,ivana,shawna,biana,ivanna,iguana,donna,fauna,dominicana,caronna,sauna,umana,lianna,gonna,bonadonna,ana,shauna,botswana,briana,nona-,susana,wanna,akana,ronna,benihana,bophuthatswana,chauna,guyana,tawana,mana,mahayana,scianna,digiovanna,guiana,mauna,zuzana,haryana,alanna,lackawanna,tatyana,liana,tswana,wanta,bwana,aulana,madonna,nona
tike,ladylike,wormlike,glasslike,like,wyke,motorbike,psych-,dreamlike,starchlike,eyelike,grike,skrike,fyke,leaflike,ghostlike,saltlike,pike,beaklike,teich,vandyke,moonlike,strike,plantlike,lifelike,hike,unsportsmanlike,bike,dislike,unlike,dyke,fanlike,knifelike,trike,lyke,sharklike,weich,snakelike,rike,eellike,statesmanlike,birdlike,ike,catlike,wike,hitchhike,needlelike,dike,pyke,updike,alike,psych,doglike,hornlike,airstrike,mosslike,turnpike,lookalike,grasslike,platelike,winglike,stike,spike,mike,reich,apelike,berrylike,warlike,workmanlike,gleich,shrike,fernlike,businesslike,childlike,glike,tyke,brike,carmike,dyck,netlike,bleich,swordlike,eich,homelike,starlike,klondike,fike
tyke,ladylike,wormlike,glasslike,like,tike,wyke,motorbike,psych-,dreamlike,starchlike,eyelike,grike,skrike,fyke,leaflike,ghostlike,saltlike,pike,beaklike,teich,vandyke,moonlike,strike,plantlike,lifelike,hike,unsportsmanlike,bike,dislike,unlike,dyke,fanlike,knifelike,trike,lyke,sharklike,weich,snakelike,rike,eellike,statesmanlike,birdlike,ike,catlike,wike,hitchhike,needlelike,dike,pyke,updike,alike,psych,doglike,hornlike,airstrike,mosslike,turnpike,lookalike,grasslike,platelike,winglike,stike,spike,mike,reich,apelike,berrylike,warlike,workmanlike,gleich,shrike,fernlike,businesslike,childlike,glike,brike,carmike,dyck,netlike,bleich,swordlike,eich,homelike,starlike,klondike,fike
tyken,
tikes,ickes,motorbikes,lykes,dikes,nikes,vikes,sykes,tykes,spikes,hikes,moueix,wykes,airstrikes,shrikes,kikes,bikes,dykes,pikes,sikes,mikes,turnpikes,hykes,likes,reicks,dislikes,trikes,hitchhikes,alikes,strikes,fikes,yikes
tykes,ickes,motorbikes,lykes,dikes,nikes,vikes,sykes,spikes,hikes,moueix,wykes,airstrikes,shrikes,kikes,bikes,dykes,pikes,sikes,mikes,turnpikes,hykes,likes,reicks,dislikes,trikes,hitchhikes,alikes,strikes,tikes,fikes,yikes
tykhana,
tiki,glee,she,referee,g,actuary,bourgeoisie,de,agree,partee,lea,v,idiosyncrasy,ye,apogee,nestle,c,marquis,we,ski,turnkey,d,pony,calliope,carefree,cc,emcee,banshee,bee,hawaii,asap,p,me,hyperbole,he,sea,wee,hee,payee,ghee,xi,b,scree,key,jubilee,trustee,gee,oversee,sunday,machete,cree,pea,decree,lessee,plea,qi,pre,si,kabuki,guarantee,z,reality,di,precis,ac,quay,fee,spree,flea,dee,debris,tv,t,snee,esprit,nee,yee,mi,lee,tea,three,thee,potpourri,ree,knee,see,ne,tee,indri,free,be,repartee,guaranty,flee,syncope,tree,foresee,marquee,pee,degree,e
tyking,
tikis,dicus,tikus,picus,pikus,dycus,ficus,cnicus,wikis,mikus
tikitiki,
tikka,chica,brca,stika,lukavica,gorczyca,wicca,zika,sicca,wyka,angelika,ricksha,krupicka,muzyka,micka,partyka,pyka,sticka,ruzicka,kika
tikker,
tikkun,
tiklin,
tikolosh,
tikoloshe,
tikoor,
tikor,
tikur,
til,swill,fill,bougainville,lil,albertville,mill,quill,instill,belleville,zill,fille,wil,chill,will,brill,mandeville,crill,overfill,ville,fil,treadmill,stil,sawmill,until,thrill,tamil,pil,hornbill,foothill,grille,sill,daffodil,trill,standstill,fulfill,jill,windmill,mille,rille,molehill,advil,bill,schill,goodwill,nil,prill,zil,overkill,seville,nill,brazil,lille,distil,drill,gill,skill,demille,landfill,ill,cowgill,phil,till,spill,mil,twill,distill,frill,handbill,krill,anthill,downhill,rill,dill,bil,thill,refill,kill,uphill,dphil,sil,pill,shill,il,abril,still,hill,shrill,ghyll,deville,gil,grill,bastille
'til,
tila,
tilaite,
tilak,tulloch,tullock,sillock,pillock,trulock,silic-,killock,ullock,silique,relique,relik,killick,silic,mcculloch,truluck,philic,shilluk,gullick
tilaka,
tilaks,
tilapia,
tilapias,
tylari,
tylarus,pylorus
tilasite,
tylaster,
tilburg,
tilbury,obituary,prairie,ordinary,library,scary,discretionary,epistolary,literary,adversary,luminary,fairy,secondary,legendary,imaginary,primary,subsidiary,harry,february,proprietary,hairy,gooseberry,pecuniary,marry,ancillary,sedentary,dairy,stationary,missionary,wary,visionary,airy,confectionary,arbitrary,reactionary,nary,vary,aerie,confectionery,fiduciary,customary,estuary,ferry,sanitary,canary,ary,preliminary,blueberry,monetary,eyrie,beneficiary,unitary,military,cherry,corollary,bury,lapidary,judiciary,arie,barre,cautionary,capillary,unnecessary,commentary,sanctuary,secretary,mary,temporary,merry,emissary,apothecary,huckleberry,contemporary,necessary,tributary,carry,revolutionary,dictionary,tertiary,monastery,very,parry,hereditary,stationery,salutary,mercenary,raspberry,vocabulary,mulberry,extraordinary,strawberry,veterinary,solitary,tarry,seminary,cemetery,itinerary,culinary,pulmonary,contrary,berry
tilburies,
tilda,grishilda,enskilda,mathilda,clotilda,matilda,clothilda,hilda,gilda
tilde,instilled,killed,skilled,rototilled,spilled,guild,billed,filled,gild,milled,distilled,tilled,overbilled,build,unskilled,bild,stilled,grilled,hild,chilled,childe,gilled,hilled,refilled,willed,rebuild,pilled,unfilled,fulfilled,thrilled,mathilde,hilde,spilde,unfulfilled,drilled
tilden,gilden,gildon,willden
tildes,gilds
tildi,
tildy,
tildie,
tile,zile,file,worthwhile,carlyle,guile,meanwhile,weil,gile,quintile,francophile,oenophile,wile,niall,seil,carlisle,textile,spile,pyle,weill,aisle,trial,style,mile,turnstile,lifestyle,crile,freestyle,mikhail,anglophile,peristyle,bile,restyle,sundial,gentile,lyle,wyle,nile,tactile,while,juvenile,heil,ryle,delisle,awhile,revile,marseille,rile,lile,versatile,hairstyle,reconcile,exile,refile,dial,erstwhile,phyle,hile,stile,mercantile,senile,profile,crocodile,smile,pile,cheil,kile,idlewild,corbeil,argyll,kyle,isle,scyle,hostile,phile,beguile,argyle,chyle,percentile,hyle,compile,immobile,vile,fertile,stockpile
tyleberry,
tile-clad,
tile-covered,
tiled,restyled,wilde,schoolchild,brainchild,idlewild,viled,wild,beguiled,stockpiled,unreconciled,fairchild,profiled,refiled,reviled,aisled,filed,littlechild,hauschild,smiled,child,wylde,weild,compiled,exiled,schwartzchild,stepchild,rothschild,riled,whiled,grandchild,schild,mild,piled,rothchild,goodchild,styled,reconciled
tilefish,filefish
tile-fish,
tilefishes,
tileyard,
tilelike,
tilemaker,
tilemaking,
tylenchus,elenchus
tile-pin,
tiler,plyler,hyler,bleiler,filer,stilar,tutwiler,siler,emswiler,rothweiler,stylar,syler,deadwyler,pilar,heiler,cuyler,byler,seiler,zeiler,huyler,blyler,weiler,geiler,compiler,feiler,schuyler,pliler,hiler,detweiler,leutwiler,wyler,styler,wiler,tyler,filar,miler,shonkwiler,beiler,hilar,smiler,eiler,myler,detwiler,theiler,kyler,isler,piler,iler
tyler,plyler,hyler,bleiler,filer,stilar,tutwiler,siler,emswiler,rothweiler,stylar,syler,deadwyler,pilar,heiler,cuyler,byler,seiler,zeiler,huyler,blyler,weiler,geiler,compiler,tiler,schuyler,feiler,pliler,hiler,detweiler,leutwiler,wyler,styler,wiler,filar,miler,shonkwiler,beiler,hilar,smiler,eiler,myler,detwiler,theiler,kyler,isler,piler,iler
tile-red,
tilery,
tileries,
tylerism,
tylerite,
tylerize,
tile-roofed,
tileroot,
tilers,eilers,bleilers,stylers,filers,compilers,smilers
tylersburg,
tylersport,
tylersville,
tylerton,
tylertown,
tiles,crocodiles,biles,gyles,rials,files,viles,lifestyles,liles,stiles,guiles,briles,riles,willes,piles,gentiles,exiles,juveniles,smiles,profiles,lyles,kyles,styles,reconciles,pyles,jiles,ryles,skyles,niles,iles,textiles,hiles,trials,seils,giles,stockpiles,percentiles,illes,dials,byles,wyles,compiles,wiles,miles,turnstiles,spiles,ailes,chiles,whiles,aisles,nilles,sheils,myles,diles,skiles,isles,tilles
tileseed,
tilesherd,
tilestone,bilestone
tilette,
tileways,
tilework,
tileworks,
tilewright,
tilford,willeford,guilford,gilford,willford,wilford,dilford,milford,pilfered
tilghman,milman,kilman,sillman,billman,fillman,hillmann,dillman,willman,tillmon,silman,spillman,stillman,gillman,tilman,tillman,gilman,killman,willmann,killmon,spilman,millman,skillman,willmon
tilia,milia,philia,cilia
tiliaceae,trilliaceae,liliaceae
tiliaceous,liliaceous
tilicetum,
tilyer,
tilikum,
tiline,
tiling,wiling,stockpiling,dialing,dreiling,piling,whiling,chi-lung,styling,reiling,unsmiling,kreiling,smiling,fryling,filing,profiling,siling,spiling,reconciling,compiling,riling,beguiling
tilings,
tylion,
till,swill,fill,bougainville,lil,albertville,mill,quill,instill,belleville,zill,fille,wil,chill,will,brill,mandeville,crill,overfill,ville,fil,treadmill,stil,sawmill,until,thrill,tamil,pil,hornbill,foothill,grille,sill,daffodil,til,trill,standstill,fulfill,jill,windmill,mille,rille,molehill,advil,bill,schill,goodwill,nil,prill,zil,overkill,seville,nill,brazil,lille,distil,drill,gill,skill,demille,landfill,ill,cowgill,phil,spill,mil,twill,distill,frill,handbill,krill,anthill,downhill,rill,dill,bil,thill,refill,kill,uphill,dphil,sil,pill,shill,il,abril,still,hill,shrill,ghyll,deville,gil,grill,bastille
tilla,
tillable,killable,gullible,fillable,cullible,millable
tillaea,
tillaeastrum,
tillage,stillage,sullage,gullage,billage,ullage,grillage
tillages,
tillamook,
tillandsia,
tillar,
tillatoba,
tilled,instilled,killed,skilled,rototilled,tilde,spilled,guild,billed,filled,gild,milled,distilled,overbilled,build,unskilled,bild,stilled,grilled,hild,chilled,childe,gilled,hilled,refilled,willed,rebuild,pilled,unfilled,fulfilled,thrilled,mathilde,hilde,spilde,unfulfilled,drilled
tilleda,
tilley,briley,hilley,fusilli,rylee,tilly,hiley,willi,pilei,crilly,dilly,piccadilly,silly,milli-,lillie,philly,wyllie,rockabilly,milly,vassily,dillie,involuntarily,swilley,chilly,lily,dilley,really,bily,tillie,belee,villi,gilly,hilly,lilli,millie,achille,milli,grilli,billie,lilly,chantilly,chile,gilley,willey,willy,willie,lili,philae,phylae,filly,chilli,billy,gillie,chihli,phily,filley,chili,frilly,nilly
tiller,distiller,freymiller,chiller,piller,millar,biller,dannemiller,iller,caterpiller,bradtmiller,winemiller,villar,liller,stiller,thriller,stadtmiller,lockmiller,miller,windmiller,schiller,siller,pillar,cihlar,viler,steinmiller,mankiller,driller,caterpillar,reid-miller,willer,druckenmiller,litwiller,rototiller,spiller,manwiller,giller,ciller,ziller,thiller,brownmiller,mcmiller,diller,gutzwiller,kitzmiller,shiller,filler,hiller,painkiller,killer
tillered,mullered,multicolored,discolored,coloured,colored
tillery,hilleary,artillery,hilary,hillary,distillery,guillory,pillory,killory,hillery
tillering,coloring,pillaring,colouring
tillerless,
tillerman,colorman
tillermen,
tillers,cullers,chillers,watercolors,colors,discolors,colours,mccullars,mccullers
tillet,
tilletia,
tilletiaceae,
tilletiaceous,
tillford,
tillfourd,
tilli,
tilly,briley,hilley,fusilli,rylee,hiley,willi,pilei,crilly,dilly,piccadilly,silly,milli-,lillie,philly,wyllie,rockabilly,milly,vassily,dillie,involuntarily,swilley,chilly,lily,dilley,really,bily,tillie,belee,villi,gilly,hilly,lilli,millie,achille,milli,grilli,billie,lilly,chantilly,tilley,chile,gilley,willey,willy,willie,lili,philae,phylae,filly,chilli,billy,gillie,chihli,phily,filley,chili,frilly,nilly
tillich,
tillicum,
tillie,briley,hilley,fusilli,rylee,tilly,hiley,willi,pilei,crilly,dilly,piccadilly,silly,milli-,lillie,philly,wyllie,rockabilly,milly,vassily,dillie,involuntarily,swilley,chilly,lily,dilley,really,bily,belee,villi,gilly,hilly,lilli,millie,achille,milli,grilli,billie,lilly,chantilly,tilley,chile,gilley,willey,willy,willie,lili,philae,phylae,filly,chilli,billy,gillie,chihli,phily,filley,chili,frilly,nilly
tilly-fally,
tilling,overbilling,swilling,trilling,fulfilling,zwilling,dilling,filling,billing,milling,chilling,quilling,drilling,hilling,pilling,unwilling,grilling,skilling,yearling,rilling,overkilling,shilling,distilling,instilling,willing,schilling,killing,rototilling,thrilling,spilling
tillinger,
tillio,
tillion,
tillite,salite,scyllite,sahlite,ehlite,belight,stylite,phyllite,xylite,pelite
tillites,
tilly-vally,
tillman,milman,kilman,sillman,billman,fillman,hillmann,tilghman,dillman,willman,tillmon,silman,spillman,stillman,gillman,tilman,gilman,killman,willmann,killmon,spilman,millman,skillman,willmon
tillo,
tillodont,
tillodontia,
tillodontidae,
tillot,
tillotson,
tillotter,
tills,skills,spills,grills,dils,wills,fulfills,sawmills,ills,rototilles,bonnevilles,catskills,cranesbills,thrills,nils,landfills,minimills,kills,milz,schilz,tamils,drills,mills,crossbills,anthills,pills,windmills,distills,cills,calills,hornbills,gills,mils,foothills,instills,billes,chills,overbills,handbills,freshkills,stils,sills,dills,fills,treadmills,refills,whippoorwills,daffodils,frills,zills,stills,bills,pilz,jills,hills
tillson,bilson,stillson,dilson,nilson,willson,gillson,pilson,chilson,philson,wilson,filson,jillson,hilson,milson,gilson,stilson,nilsen,nilsson,hillson,tilson
tilmus,ulmus
tilney,
tylo-,
tylocin,
tiloine,
tyloma,
tylopod,
tylopoda,chilopoda,phyllopoda
tylopodous,
tylosaurus,
tylose,
tyloses,
tylosin,smilacin,cullison,rulison,faliscan,ilicin,psilocin
tylosins,
tylosis,ptilosis,psilosis
tylosoid,
tylosteresis,
tylostylar,
tylostyle,
tylostylote,
tylostylus,
tylostoma,
tylostomaceae,
tylosurus,
tylotate,
tylote,
tylotic,
tylotoxea,
tylotoxeate,
tylotus,
tilpah,
tils,
tilsit,dulcet,pulsate
tilsiter,
tilt,wilt,kilt,unbuilt,spilt,quilt,schildt,built,vanderwilt,silt,rebuilt,overbuilt,bildt,hilt,milt,guilt,peterbilt,lilt,microbilt,gilt,stilt,welbilt,jilt,schilt,wildt
tiltable,
tiltboard,
tilt-boat,
tilted,stilted,wilted,jilted,quilted
tilter,culter,multer,milter
tilters,
tilth,filth
tilt-hammer,
tilthead,
tilths,
tilty,
tiltyard,tilt-yard
tilt-yard,tiltyard
tiltyards,
tilting,quilting,wilting
tiltlike,
tiltmaker,
tiltmaking,
tiltmeter,
tilton,hilton,milton,skilton,wilton,hylton,chilton,kilton,mcgilton,bilton
tiltonsville,
tilts,dilts,diltz,kilts,piltz,wiltz,hilts,gilts,shilts,stilts,wilts,quilts,schiltz,hiltz,biltz,wiltse
tiltup,
tilt-up,built-up
tilture,
tylus,
tim,slim,vim,krim,brim,bihm,kibbutzim,primm,simm,prim,prelim,forelimb,trimm,zim,jim,brimm,rim,gym,yim,crim,swim,im,kym,mckim,shim,haradim,mihm,kim,him,flim,hymn,dim,imm,mim,crimm,klym,kimm,whim,trim,patronym,chimb,sim,pymm,pseudonym,lim,limb,klim,synonym,timm,grimm,skim,grim,clim,grimme,timme,chiarnim,sym,pimm
tima,
timable,
timaeus,nimious
timalia,himalia
timaliidae,
timaliinae,
timaliine,
timaline,
timandra,
timani,
timar,
timarau,
timaraus,
timariot,
timarri,
timaru,
timaua,
timawa,
timazite,
timbal,crumble,bumble,trumble,sumbul,umbel,fumble,wimble,gimbal,drumble,humble,fimble,tymbal,kumble,jumble,tumble,scumble,trumbull,grumble,stumble,dimble,gumbel,umble,jumbal,mumble,rumble,cimbal,symbal
tymbal,crumble,bumble,trumble,sumbul,umbel,fumble,wimble,gimbal,drumble,humble,fimble,kumble,jumble,tumble,scumble,trumbull,grumble,timbal,stumble,dimble,gumbel,umble,jumbal,mumble,rumble,cimbal,symbal
timbale,embale
timbales,
tymbalon,
timbals,
tymbals,
timbang,
timbe,
timber,timbre,imber,kimber,limber
timber-boring,
timber-built,
timber-carrying,
timber-ceilinged,
timber-covered,
timber-cutting,
timber-devouring,
timberdoodle,
timber-eating,
timbered,lumbard,humbird,slumbered,encumbered,numbered,unencumbered,outnumbered,limbered,lumbered,cumbered
timberer,
timber-floating,
timber-framed,
timberhead,
timber-headed,
timber-hitch,
timbery,
timberyard,
timber-yard,
timbering,numbering,outnumbering,limbering,slumbering,lumbering,cumbering
timberjack,
timber-laden,
timberland,gland,firebrand,moorland,shorthand,reprimand,outland,disband,forehand,midland,mainland,withstand,scanned,hinterland,thailand,inland,contraband,spanned,disneyland,southland,panned,quicksand,armband,unplanned,grand,scand,cropland,command,grassland,stand,stagehand,secondhand,misunderstand,banned,unmanned,farmland,beforehand,dixieland,broadband,ferdinand,planned,fatherland,sand,lande,grandstand,manned,rand,strand,shand,wetland,wonderland,freehand,wasteland,righthand,grande,brand,longhand,lefthand,demand,farmhand,dreamland,nightstand,lapland,expand,hand,firsthand,newsstand,ampersand,headband,understand,parkland,bandstand,overland,heartland,canned,motherland,fairyland,tanned,lowland,remand,finland,band,greenland,land,bland,backhand,handstand,woodland,offhand,homeland
timberlands,sands,farmlands,stands,woodlands,landes,quicksands,misunderstands,demands,hands,reprimands,farmhands,bands,handstands,stagehands,meadowlands,ands,withstands,headbands,glands,spacebands,badlands,commands,forehands,grands,tambrands,firebrands,brandes,homelands,grasslands,newsstands,midlands,armbands,hinterlands,marshlands,wetlands,expands,shands,nightstands,understands,lands,brands,shadowlands,moorlands,glandes,mandes,lowlands,rands,strands
timberless,
timberlike,
timberline,wine,stine,streamline,turpentine,cline,skyline,combine,ballantine,bovine,genuine,endocrine,shine,entwine,headline,supine,byline,serpentine,twine,whine,tagline,swine,quinine,borderline,align,shrine,alpine,dopamine,dine,airline,fein,baseline,underline,equine,mine,affine,malign,canine,asinine,tine,divine,opine,design,consign,decline,trine,brine,sideline,rine,spline,incline,grapevine,sine,vine,resign,deadline,iodine,frontline,devine,benign,moonshine,storyline,alkaline,undermine,guideline,outline,lupine,pine,hotline,thine,crystalline,byzantine,stein,zine,define,valentine,palatine,sign,feline,eglantine,assign,outshine,pipeline,confine,aline,saccharine,nine,fine,lifeline,online,intertwine,punchline,chine,concubine,refine,sunshine,spine,line,enshrine,porcupine
timber-line,
timber-lined,
timberlines,
timberling,
timberman,
timbermen,lumbermen
timbermonger,
timbern,
timber-producing,
timber-propped,
timbers,limbers,fimbres
timber-skeletoned,
timbersome,
timber-strewn,
timber-toed,
timber-tree,
timbertuned,
timberville,
timberwood,
timber-wood,
timberwork,
timber-work,
timberwright,
timbestere,
timbira,
timblin,
timbo,
timbral,
timbre,timber,imber,kimber,limber
timbrel,umbril,umbrel,tumbril,whimbrel,wimbrel,umbral,tumbrel
timbreled,
timbreler,
timbrelled,
timbreller,
timbrels,
timbres,clambers,ambers
timbrology,
timbrologist,
timbromania,
timbromaniac,
timbromanist,
timbrophily,
timbrophilic,
timbrophilism,
timbrophilist,
timbuktu,rendezvous,u,canoe,crew,anew,tissue,skew,review,glue,vue,lulu,imbue,do,emu,dew,view,residue,subdue,roux,hitherto,ingenue,spew,rue,statue,pew,brew,cuckoo,loo,zoo,que,hue,sue,hew,to,into,overview,construe,ewe,bamboo,poo,too,ensue,two,shoe,boo,renew,shrew,xu,new,flu,thru,pursue,queue,vu,debut,you,yahoo,clue,askew,yew,blue,outdo,eschew,revenue,strew,through,gnu,shue,accrue,woo,q,goo,guru,lieu,chew,flue,cue,coo,retinue,barbecue,taboo,ado,adieu,interview,few,tattoo,slew,undue,stew,purview,due,who,coup,undo,screw,true,avenue,redo,breakthrough,mew
time,sometime,nighttime,noontime,onetime,airtime,prime,seim,maritime,wintertime,anaheim,part-time,christmastime,springtime,daytime,centime,grime,anytime,sime,meantime,everytime,hime,ragtime,bedtime,showtime,dime,stime,pulmozyme,paradigm,clime,mealtime,sondheim,lime,slime,lunchtime,beim,anticrime,oppenheim,halftime,haim,sublime,fulltime,solheim,quicktime,chime,enzyme,summertime,kime,dinnertime,thyme,lyme,climb,primetime,lifetime,wartime,schooltime,waldheim,downtime,flextime,heim,rhyme,syme,mime,pastime,crime,chyme,rhime,guggenheim,durkheim,peacetime,parttime,blenheim,overtime,longtime,pantomime
timeable,
time-authorized,
time-ball,slimeball
time-bargain,
time-barred,
time-battered,
time-beguiling,
time-bent,
time-bettering,
time-bewasted,
timebinding,
time-binding,
time-blackened,
time-blanched,
time-born,
time-bound,
time-breaking,
time-canceled,
timecard,
timecards,
time-changed,
time-cleft,
time-consuming,
timed,limed,rimed,rhymed,mimed,primed,chimed,climbed,slimed
time-deluding,
time-discolored,
time-eaten,
time-economizing,
time-enduring,
time-expired,
time-exposure,
timeful,crimeful
timefully,
timefulness,
time-fused,
time-gnawn,
time-halting,
time-hastening,
time-honored,time-honoured
time-honoured,time-honored
timekeep,
timekeeper,
time-keeper,
timekeepers,
timekeepership,
timekeeping,
time-killing,
time-lag,
time-lapse,
time-lasting,
timeless,rhymeless,crimeless,rimeless
timelessly,
timelessness,
timelessnesses,
timely,untimely,bimli,primely
timelia,
timelier,
timeliest,
timeliidae,
timeliine,
timelily,
time-limit,
timeliness,
timelinesses,
timeling,
time-marked,
time-measuring,
time-mellowed,
timenoguy,
time-noting,
timeous,cymous,limous,imacs,mimus,simous,timous,primus,imus,chymous,thymus,rimous
timeously,
timeout,checkout,trout,throughout,bout,fallout,hideout,rollout,rout,sprout,handout,ridout,washout,lookout,cutout,readout,stout,turnout,lockout,blowout,pout,blackout,grout,standout,shout,about,glout,doubt,knockout,dugout,cookout,tryout,all-out,scout,devout,redoubt,burnout,payout,buyout,printout,bailout,sauerkraut,breakout,layout,without,tout,route,clout,out,gout,reroute,dropout,holdout,takeout,roundabout,lout,spout,knout,drought,hangout,flout,workout,snout
time-out,
timeouts,time-outs
timepiece,clarisse,decease,caprice,luis,denice,meese,neisse,cease,reece,neace,masterpiece,felice,vietnamese,devries,maurice,greenpeace,speiss,cerise,neice,dease,bernice,peece,cleese,leese,brocious,weise,mouthpiece,seis,lollis,decrease,release,giese,reise,police,nice,sublease,obese,meece,altarpiece,rhys,riess,tese,yeas,showpiece,neece,legalese,piece,grease,spece,niece,crosspiece,leise,apiece,magness,buice,aris,reese,crease,fleece,geese,increase,preece,syntheses,cece,eyepiece,suisse,lease,clarice,maryse,peace,viennese,treece,greece,centerpiece,denise,elise,pease,sangiovese,patrice,tunis,gees
timepieces,
timepleaser,
time-pressed,
timeproof,
timer,oppenheimer,rymer,climber,kreimer,schleimer,old-timer,rimer,weimer,shimer,bruckheimer,clymer,fellheimer,sondheimer,klimer,reimer,brymer,limer,behymer,westheimer,runzheimer,rhymer,dahlheimer,heimer,wimer,leimer,chimer,rinehimer,simer,climer,wymer,alzheimer,steimer,pforzheimer,frankenheimer,dimer,altzheimer,primer,weinheimer,geimer,hymer,brimer,reinheimer,eimer
timerau,
time-rent,
timerity,
timers,primers,climbers,oppenheimers,reimers,rhymers,old-timers,dimers,eimers
time-rusty,
times,sometimes,dimes,hymes,pastimes,primes,paradigms,enzymes,rimes,oftentimes,crimes,mimes,daytimes,limes,heims,wartimes,climes,himes,imes,lifetimes,crymes,nighttimes,windchimes,rhymes,grimes,kimes,halftimes,climbs,centimes,maritimes,simes,symes,slimes,chimes
tymes,
timesaver,
time-saver,
timesavers,
timesaving,time-saving
time-saving,timesaving
timescale,
time-scarred,
time-served,
timeserver,
time-server,
timeservers,
timeserving,
time-serving,
timeservingness,
timeshare,pare,unfair,swear,daycare,hair,blair,mare,snare,childcare,forebear,faire,blare,where,bear,nightmare,spare,wear,software,welfare,questionnaire,glare,prepare,solitaire,medicare,guerre,rare,fair,elsewhere,beware,thoroughfare,care,scare,underwear,altair,forswear,mohair,eyre,flare,dare,fare,nowhere,everywhere,flair,ensnare,footwear,fanfare,malware,debonair,ere,compare,err,cookware,cher,their,tear,clair,extraordinaire,hare,stare,there,warfare,stair,dispair,threadbare,affair,aware,pear,terre,despair,doctrinaire,millionaire,armchair,ware,anywhere,air,impair,lair,mer,aer,repair,bair,delaware,prayer,unaware,pair,chair,gare,healthcare,lare,heir,bare,claire,airfare,hardware,share,declare,earthenware,square
timeshares,
timesharing,
time-sharing,
time-shrouded,
time-space,
time-spirit,
timestamp,
timestamps,
timet,
timetable,relabel,unable,sable,grable,habile,abel,waybill,abell,raible,unstable,flabile,disable,table,turntable,mislabel,mable,hable,fable,roundtable,crable,laible,frable,rabal,sabal,waibel,gable,schaible,stabile,mabel,chaebol,stable,cable,playbill,graybeal,able,label,enable,zabel,kable
time-table,
timetables,disables,ables,cables,turntables,sables,waybills,mislabels,enables,stables,fables,abels,tables,labels,gables,playbills
timetable's,
timetaker,
timetaking,
time-taught,
time-temperature,
time-tested,
time-tried,
timetrp,
timeward,
time-wasted,
time-wasting,
time-wearied,
timewell,
time-white,
time-withered,
timework,
timeworker,
timeworks,
timeworn,
time-worn,
timex,simex
timi,
timias,
timid,
timider,
timidest,
timidity,rapidity,rigidity,cupidity,acidity,turbidity,lucidity,solidity,lividity,superfluidity,illiquidity,validity,morbidity,liquidity,fluidity,stupidity,rancidity,humidity
timidities,
timidly,
timidness,
timidous,
timing,liming,chiming,priming,riming,rhyming,sliming,climbing,diming,miming
timings,
timish,
timisoara,aarau,ogara,dichiara,parra,segarra,fanara,cassara,madara,lazzara,bara,alcantara,sankara,negara,vara,makara,jara,fiumara,cantara,kuwahara,harra,barra,marra,caracara,farra,kotara,gandara,ficarra,shara,ybarra,ishihara,carbonara,rara,chiara,yoshihara,mara,komara,delara,takara,carra,ferrara,matsubara,brizzolara,chara,omeara,navarra,tamara,tara,nara,uehara,uyehara,zangara,azzara,sciara,amara,guevara,lara,omara,ibarra,cucchiara,mazzara,samsara,kurihara,miyahara,cynara,vizcarra,tiara,mortara,sciarra,fujiwara,camara,asmara,marmara,vergara,malara,beshara,sarra,kawahara,carrara,guadalajara
timist,rhymist,chymist
timken,simkin
timmer,shimmer,grimmer,swimmer,skimmer,primmer,dimmer,rimmer,zimmer,brimmer,limmer,excimer,kimmer,simmer,klimer,nimmer,wimmer,glimmer,schwimmer,trimmer,timur,slimmer
timmi,
timmy,shimmy,jimi,timmie,whimmy,gimme,chimie,kimmey,jimmy,mckimmey,mckimmy,kissimmee,jimmie,thymi
timmie,shimmy,jimi,whimmy,timmy,gimme,chimie,kimmey,jimmy,mckimmey,mckimmy,kissimmee,jimmie,thymi
timmons,fitzsimmons,fitzsimons,kimmins,symons,timmins,mcclimans,nimmons,simmons,kimmons,crimmins
timmonsville,
timms,prelims,timbs,symmes,shims,kims,symms,mimms,simms,tims,syms,nigms,mims,wims,trims,mimbs,dims,gimmes,gyms,whims,slims,pseudonyms,limbs,nims,limns,swims,sims,forelimbs,rims,hymns
timnath,
timne,
timo,
timocharis,
timocracy,nomocracy
timocracies,
timocratic,
timocratical,
timofei,
timoleon,
timon,wyman,liman,hyman,lyman,nyman,heimann,fryman,wiman,siman,hymen,reiman,heiman,steiman,aiman,limen,leiman,reimann,geiman,iman,simon,ryman,kleiman,weimann,greiman,guymon,timan,piman,scheiman,weiman,freiman,klieman,highman,zyman,twyman,vimen
tymon,
timoneer,
timonian,
timonism,
timonist,
timonistic,
timonium,
timonize,
timor,sophomore,dior,corps,drugstore,abhor,ashore,offshore,flor,eyesore,for,shore,drawer,therefor,dore,restore,sore,adore,spore,deplore,store,chore,outdoor,herbivore,cor,orr,before,explore,tore,pour,centaur,uproar,bookstore,salvador,doar,encore,mentor,floor,galore,stevedore,core,roar,implore,or,soar,guarantor,whore,sycamore,score,seashore,ore,heretofore,carnivore,indoor,singapore,backdoor,labrador,ignore,thor,lore,anymore,tor,hardcore,lor,boar,crore,onshore,oar,mor,boer,swore,bore,war,your,hoar,snore,fore,matador,evermore,door,folklore,wore,more,underscore,pore,four,decor,moore,troubadour,furthermore,yore,gore,rapport,ecuador,commodore,nor,dinosaur,therefore
timorese,analyses,these,idiosyncrasies,parentheses,knees,breeze,sleaze,tees,portuguese,trapeze,expertise,seese,peas,displease,appease,degrees,keys,fees,bees,balinese,attendees,sneeze,flees,diocese,tease,sinhalese,geez,overseas,socrates,indices,agrees,jeez,disease,cadiz,ease,seize,taiwanese,please,teas,reis,hypotheses,headcheese,bes,belize,dees,maccabees,pleas,isosceles,seas,feaze,wheeze,antifreeze,frieze,niese,sees,fleas,mores,testes,tweeze,cheese,striptease,guarantees,actuaries,hercules,unease,louise,skis,creaze,chese,journalese,japanese,trees,pleiades,javanese,reprise,pcs,lees,leas,aziz,munchies,emphases,maltese,damocles,sease,feces,siamese,rameses,freeze,pease,squeeze,manganese,cantonese,chinese,oversees,burmese,wease,chemise
timoroso,
timorous,
timorously,
timorousness,
timorousnesses,
timorousnous,
timorsome,
timoshenko,
timote,
timotean,
timoteo,
timothea,killilea,ia,ikea,rosalia,theia,desmoplasia,onomatopeia,belyea,jia,diarrhoea,dhia,dorothea,atypia,tanzania,pcmcia,hialeah,cytherea,eritrea,judea,gonorrhea,maria,galeria,stria,cananea,caesarea,orea,garcia,brachia,hosea,anamaria,dia,logophilia,mia,galatea,lia,ria,korea,thea,corea,panacea,rhea,keziah,diarrhea,zia,berea,freia,pia,galleria,neoplasty,bria,urrea,tortilla,cheoplasty,idea,samaria,sofia,leah,kania,shia,tia,sophia,crimea,dulcinea,nicosia,shiah,abyssinia,perea,aliyah,medea,asea,chia,alethea,althea,snia,duryea,dyspnea,basophilia,urea,yttria,pizzeria,gaea
timothean,
timothee,
timotheus,
timothy,
tymothy,
timothies,
timour,
tymp,
tympan,lumpen,limpin,sumption,empugn
timpana,
tympana,tympanoplasty
tympanal,pimpinel
tympanam,
tympanectomy,
timpani,glee,she,referee,g,actuary,bourgeoisie,de,agree,partee,lea,v,idiosyncrasy,ye,apogee,nestle,c,marquis,we,ski,turnkey,d,pony,calliope,carefree,cc,emcee,banshee,bee,hawaii,asap,p,me,hyperbole,he,sea,wee,hee,payee,ghee,xi,b,scree,key,jubilee,trustee,gee,oversee,sunday,machete,cree,pea,decree,lessee,plea,qi,pre,si,kabuki,guarantee,z,reality,di,precis,ac,quay,fee,spree,flea,dee,debris,tv,t,snee,esprit,nee,yee,mi,lee,tea,three,thee,potpourri,ree,knee,see,ne,tee,indri,free,be,repartee,guaranty,flee,syncope,tree,foresee,marquee,pee,degree,e
tympani,compagnie,accompany,company,tympany,intercompany
tympany,compagnie,tympani,accompany,company,intercompany
tympanic,inorganic,banick,tannic,manak,zanuck,magellanic,banach,nanak,ganic,stefanik,franek,szczepanik,janicke,titanic,messianic,botanic,volcanic,yannick,danek,transatlantic,janak,hovanec,romanik,brannick,bannick,stannic,urbanik,brannock,germanic,stanek,manik,oceanic,atlantic,yanick,manic,koranic,galvanic,satanic,janick,panek,panic,organic,panik,janik,hispanic,gananoque,mazanec,rappahannock,yanik,stefanic,subvolcanic,fanuc,banik,midlantic,transoceanic,telemecanique,chovanec,hannoch,cannock,kanak,gigantic,jannock,bannock,mechanic,tanakh
tympanichord,
tympanichordal,
tympanicity,
tympanies,
tympaniform,
tympaning,
tympanism,
timpanist,tympanist,accompanist
tympanist,timpanist,accompanist
timpanists,
tympanites,
tympanitic,
tympanitis,
tympanize,
timpano,tympano-,tympano
tympano,tympano-,timpano
tympano-,tympano,timpano
tympanocervical,
tympano-eustachian,
tympanohyal,
tympanomalleal,
tympanomandibular,
tympanomastoid,
tympanomaxillary,
tympanon,
tympanoperiotic,
tympanosis,
tympanosquamosal,
tympanostapedial,
tympanotemporal,
tympanotomy,
tympans,
tympanuchus,
timpanum,
tympanum,
timpanums,
tympanums,
timpson,sympson,stimpson,impson,simpson
timucua,
timucuan,
timuquan,
timuquanan,
timur,shimmer,grimmer,swimmer,skimmer,primmer,dimmer,rimmer,zimmer,brimmer,limmer,excimer,kimmer,simmer,klimer,nimmer,timmer,wimmer,glimmer,schwimmer,trimmer,slimmer
tim-whiskey,
timwhisky,
tin,digne,foreskin,quin,therein,bin,gwyn,pigskin,lin,inn,quinn,brin,guinn,rhin,gwin,levin,erwin,shin,boleyn,berlin,skin,gin,gyn,finn,mandolin,ligne,yin,violin,emlyn,adin,gwynne,guin,chin,sin,linn,has-been,been,linne,gwynn,sinn,ginn,akin,allin,wynn,blinn,sheepskin,underpin,vin,qin,redskin,solzhenitsyn,bryn,dinh,deerskin,prynne,jin,minh,qian,wherein,bedouin,kin,chagrin,linchpin,askin,win,buckskin,within,min,pin,in,grin,din,tailspin,begin,schwinn,zinn,lynne,twin,kingpin,lyn,puffin,herein,when,djinn,flynn,thin,astin,spin,ervin,fin,syn,lynn
tina,latina,albina,pyrena,herzegovina,catalina,alcina,sardina,domina,melvina,ianthina,cartagena,krajina,celina,nina,avina,magdalena,sheena,subpoena,lina,vaccina,veena,sabrina,martina,ballerina,cantina,purina,covina,davina,fraena,alina,rosina,ina,spina,marina,quina,proserpina,seraphina,semolina,serena,arena,dina,edina,georgina,jeana,farina,salina,athena,argentina,sabena,christina,regina,hercegovina,philomena,adina,vena,sabina,catena,bina,erina,xena,cadena,rowena,zena,angelina,cristina,macarena,bettina,rena,serafina,gardena,medina,gina,irina,verbena,valentina,patina,hyena,siena,concertina,rina,mina,lena,molina,vina,messina,neenah,selena,florentina,reina,pina,jena,mena,katrina,faena,gallina,galena,cortina,dena
tinage,
tinaja,
tinamidae,
tinamine,
tinamou,
tinamous,
tinampipi,
tynan,tsinan,heinen,leinen,chinan,sinan,meinen,jinan
tinaret,
tin-bearing,
tinbergen,
tin-bottomed,
tin-bound,
tin-bounder,
tinc,
tincal,gunkel,tinchel,uncle,kunkle,hunkele,dunkel,dunkle,runckel,nuncle,kunkel,runkel,crunkle,crinkle,truncal,runkle,dunckel,granduncle
tincals,
tin-capped,
tinchel,tincal,gunkel,hunkele,uncle,kunkle,dunkel,dunkle,runckel,nuncle,kunkel,runkel,crunkle,crinkle,truncal,runkle,dunckel,granduncle
tinchill,
tinclad,
tin-colored,
tin-covered,
tinct,chunked,dinked,spelunked,bunked,defunct,unked,flunked,adjunct,plunked,junked,clunked,skunked,pinked,zinced,prinked,funked,clinked,debunked,chinked,kinked,trunked,dunked
tinct.,
tincted,
tincting,
tinction,
tinctorial,
tinctorially,
tinctorious,
tincts,
tinctumutation,
tincture,
tinctured,punctured
tinctures,
tincturing,puncturing
tind,
tynd,
tindal,hindle,prindl,tindell,brindle,swindle,spindel,mindel,bindle,prindle,windle,kindall,dwindle,spindle,tindle,tindel,shindle,windell,rekindle,tindol,indal,schindel,kindel,kindell,lindell,bindel,grindle,pindell,tindall,swindell,kindle,tyndall,swindall
tindale,tyndale
tyndale,tindale
tindall,hindle,prindl,tindell,brindle,swindle,spindel,tindal,mindel,bindle,prindle,windle,kindall,dwindle,spindle,tindle,tindel,shindle,windell,rekindle,tindol,indal,schindel,kindel,kindell,lindell,bindel,grindle,pindell,swindell,kindle,tyndall,swindall
tyndall,hindle,prindl,tindell,brindle,swindle,spindel,tindal,mindel,bindle,prindle,windle,kindall,dwindle,spindle,tindle,tindel,shindle,windell,rekindle,tindol,indal,schindel,kindel,kindell,lindell,bindel,grindle,pindell,tindall,swindell,kindle,swindall
tyndallization,
tyndallize,
tyndallmeter,
tindalo,
tyndareos,
tyndareus,
tyndaridae,
tinder,hinder,synder,welinder,buchbinder,zinder,linder,winder,cinder
tinderbox,gearbox,sandbox,mailbox,shocks,blocs,soapbox,frocks,nocks,boondocks,boombox,goldilocks,skybox,talks,icebox,crocs,saltbox,cox,toolbox,unorthodox,jukebox,walks,balks,foxx,sox,knox,orthodox,pox,blocks,socks,rocks,jocks,lawks,knocks,ox,lox,fawkes,stocks,box,paradox,tarbox,gawks,rox,feedstocks,ochs,hollyhocks,hocks,mocks,flocks,sachs,palafox,heterodox,phlox,peacocks,smallpox,matchbox,breadbox,cocks,fox,outfox,roadblocks,detox,vox,locks,glaux,docks,flummox,hawks,botox,faux,clocks,vaux,equinox,hydrox,aftershocks,stalks
tinderboxes,
tinder-cloaked,
tinder-dry,
tindered,
tindery,
tinderish,
tinderlike,
tinderous,
tinders,
tine,wine,stine,streamline,turpentine,cline,skyline,combine,ballantine,bovine,genuine,endocrine,shine,entwine,headline,supine,byline,serpentine,twine,whine,tagline,swine,quinine,borderline,align,shrine,alpine,dopamine,dine,airline,fein,baseline,underline,equine,mine,affine,malign,canine,asinine,divine,opine,design,consign,decline,trine,brine,sideline,rine,spline,incline,grapevine,sine,vine,resign,deadline,iodine,frontline,devine,clementine,benign,moonshine,storyline,alkaline,undermine,guideline,outline,lupine,pine,hotline,thine,crystalline,byzantine,stein,zine,define,valentine,palatine,sign,feline,eglantine,assign,outshine,pipeline,confine,aline,saccharine,nine,fine,lifeline,online,intertwine,punchline,chine,concubine,refine,sunshine,spine,line,enshrine,porcupine
tyne,wine,stine,streamline,turpentine,cline,skyline,combine,ballantine,bovine,genuine,endocrine,shine,entwine,headline,supine,byline,serpentine,twine,whine,tagline,swine,quinine,borderline,align,shrine,alpine,dopamine,dine,airline,fein,baseline,underline,equine,mine,affine,malign,canine,asinine,tine,divine,opine,design,consign,decline,trine,brine,sideline,rine,spline,incline,grapevine,sine,vine,resign,deadline,iodine,frontline,devine,benign,moonshine,storyline,alkaline,undermine,guideline,outline,lupine,pine,hotline,thine,crystalline,byzantine,stein,zine,define,valentine,palatine,sign,feline,eglantine,assign,outshine,pipeline,confine,aline,saccharine,nine,fine,lifeline,online,intertwine,punchline,chine,concubine,refine,sunshine,spine,line,enshrine,porcupine
tinea,linea,linnaea,conia,wynnea
tineal,
tinean,pinyin
tin-eared,
tineas,
tined,intertwined,declined,whined,vined,realigned,undermined,resigned,mankind,bind,designed,unrefined,enshrined,dined,undefined,confined,mind,assigned,redefined,streamlined,mined,kind,find,pined,maligned,behind,affined,wined,combined,redesigned,unsigned,chined,unkind,outlined,entwined,quarantined,humankind,crined,mastermind,nevermind,consigned,remind,colorblind,twined,elkind,nonaligned,fined,wind,headlined,unwind,wunderkind,inclined,reassigned,refined,unlined,shined,disinclined,opined,rind,sidelined,blind,aligned,defined,underlined,brined,reclined,hind,grind,unconfined,spined,lined,signed
tyned,
tin-edged,
tinegrass,
tineid,ninad
tineidae,
tineids,
tineina,
tineine,
tineman,
tinemen,
tynemouth,
tineoid,
tineoidea,
tineola,minneola
tyner,refiner,berliner,gumbiner,designer,twiner,kreiner,freightliner,liner,winer,headliner,hiner,kriner,wiener,leiner,recliner,viner,diner,jetliner,decliner,shriner,heiner,greiner,scheiner,kleiner,meiner,piner,reiner,kiner,schriner,finer,feiner,riner,bayliner,bryner,bodensteiner,briner,steiner,tiner,niner,minor,einar,criner,breiner,finkbiner,finkbeiner,stiner,hardliner,minar,whiner,schreiner,shiner,spinor,griner,eyeliner,byner,siner,shinar,airliner,zeiner,sinor,sinar,signer,miner,weiner,carliner
tinerer,
tines,canines,datelines,outlines,inclines,concubines,heinze,karlheinz,spines,deadlines,bynes,heinz,hotlines,rines,grapevines,huffines,resigns,kinds,refines,affines,skylines,shrines,coastlines,underlines,strandlines,pines,allgemeines,aligns,sidelines,bloodlines,felines,dines,designs,guynes,reclines,hines,steins,vines,swines,signs,jines,declines,lines,pynes,zines,whines,heines,pipelines,quarantines,lynes,hynes,assigns,guidelines,burdines,dynes,clines,gines,villines,brines,steines,bines,columbines,fines,airlines,landmines,undermines,confines,headlines,kines,valentines,baselines,glines,twines,opines,porcupines,combines,hemlines,alines,neyens,stines,nightlines,defines,splines,sines,outshines,storylines,lifelines,rynes,wynes,rhynes,nines,heins,wines,redefines,rhines,tynes,mines,chines,shines
tynes,canines,datelines,outlines,inclines,concubines,heinze,karlheinz,spines,deadlines,bynes,tines,heinz,hotlines,rines,grapevines,huffines,resigns,kinds,refines,affines,skylines,shrines,coastlines,underlines,strandlines,pines,allgemeines,aligns,sidelines,bloodlines,felines,dines,designs,guynes,reclines,hines,steins,vines,swines,signs,jines,declines,lines,pynes,zines,whines,heines,pipelines,quarantines,lynes,hynes,assigns,guidelines,burdines,dynes,clines,gines,villines,brines,steines,bines,columbines,fines,airlines,landmines,undermines,confines,headlines,kines,valentines,baselines,glines,twines,opines,porcupines,combines,hemlines,alines,neyens,stines,nightlines,defines,splines,sines,outshines,storylines,lifelines,rynes,wynes,rhynes,nines,heins,wines,redefines,rhines,mines,chines,shines
tyneside,
tinetare,
tinety,
tineweed,
tin-filled,
tinfoil,
tin-foil,
tin-foiler,
tinfoils,
tinful,
tinfuls,
ting,everything,sing,wing,wring,hing,ying,pring,bing,spring,beijing,shoestring,upswing,fling,kring,forewing,king,ringe,peking,rightwing,sexting,shing,qing,bling,kling,anything,bellyaching,schwing,xing,erving,cling,ding,plaything,jing,thwing,unring,ing,dring,offspring,fring,string,sting,singh,leftwing,snorkeling,wellspring,zing,ring,ging,thring,ming,swing,chongqing,bring,sling,ping,hamstring,pling,ling,ning,djing,downswing,texting,ching,thing
ting-a-ling,ding-a-ling
tinge,infringe,inge,syringe,minge,unhinge,impinge,hinge,fringe,binge,winge,synge,klinge,singe,vinje,dinge,twinge,whinge,cringe
tinged,ringed,whinged,dinged,pinged,stringed,winged,kinged
tingey,dingee
tingeing,swingeing
tingent,
tinger,blunger,whinger
tinges,plunges,sphinges,singes,sponges,twinges,lunges
tinggian,
tingi,
tingibility,
tingible,
tingid,sphingid
tingidae,sphingidae
tinging,blunging,whinging,dinging,bunging,dunging,ginging,tonguing,kinging
tingis,spongeous
tingitid,
tingitidae,
tinglass,
tin-glass,
tin-glazed,
tingle,jingle,swingle,singel,bingle,pingel,commingle,single,dingle,bringle,mingle,pringle,intermingle,pettingill,bingel,ingle,dingel,ringel,lingle,gingell,dingell,shingle,ringle,hingle,klingel
tingled,shingled,jungled,jingled,bungled
tingley,dingley,ringley,singley,kringley,pingley,singly,stingley,swingley
tingler,wengler,klingler,wingler,swingler,singler,zingler,dingler,ringler
tinglers,
tingles,jungels,bungles,jungles
tingletangle,
tingly,jingly,jungly,shingly
tinglier,
tingliest,
tingling,yingling,singling,intermingling,commingling,mingling
tinglingly,
tinglish,
tings,
tyngsboro,
tingtang,
tinguaite,
tinguaitic,
tinguy,
tinguian,
tin-handled,
tinhorn,
tinhorns,
tinhouse,
tini,
tiny,signee,whiney,riney,winey,briny,viney,piney,sunshiny,heiney,shiny,dominy,spiny,beiny,swiney,piny,bliny,whiny,heini,heiny
tinia,
tinya,
tinier,shinier,spinier,signior
tiniest,spiniest,shiniest
tinily,
tininess,shininess,spininess
tininesses,
tining,
tyning,
tink,
tink-a-tink,
tinker,freethinker,brinker,linker,treblinka,pinker,rinker,klinker,slinker,winker,inker,sinker,kinker,thinker,drinker
tinkerbird,
tinkerdom,
tinkered,pinkard,slinkard,drinkard,pinckard
tinkerer,
tinkerers,
tinkering,
tinkerly,
tinkerlike,
tinkers,springers,zingers,bringers,jungers,clingers,pingers,slingers
tinkershere,
tinkershire,
tinkershue,
tinkerwise,
tin-kettle,
tin-kettler,
tinkle,finckle,shinkle,kinkel,dinkel,vanwinkle,finkel,sprinkel,sprinkle,finkle,winkle,wrinkle,bulwinkle,kinkle,bullwinkle,hinkel,krenwinkle,schinkel,hinkle,minkel,twinkle,trinkle,garfinkle,winkel
tinkled,wrinkled,twinkled,sprinkled
tinkler,sinkler,minkler,minckler,finkler,winkler,winckler,sprinkler
tinklerman,
tinklers,
tinkles,uncles,granduncles,rinkhals,crinkles,runkles
tinkle-tankle,
tinkle-tankling,
tinkly,wrinkly,twinkly,crinkly,kinkily
tinklier,
tinkliest,
tinkling,inkling,sprinkling,wrinkling,twinkling
tinklingly,
tinklings,
tinlet,
tinlike,
tin-lined,
tin-mailed,
tinman,liane,scran,quean,caravan,plan,taliban,doorman,tristan,milan,kazakhstan,afghan,gamesman,rodin,pan,zan,tarzan,superman,ran,hann,pakistan,caftan,gan,fisherman,dan,cannes,saran,began,catamaran,merman,caveman,sandman,bhutan,sideman,cyan,ban,lan,deadpan,clergyman,stan,batman,fan,ferdinand,gran,minuteman,japan,an,saucepan,afghanistan,yan,anne,madman,suntan,van,kan,pecan,flan,than,tan,divan,cancan,kinsman,moulin,chan,helmsman,loran,rattan,journeyman,middleman,jan,bedpan,lifespan,anchorman,hitman,sedan,bogeyman,clan,span,can,scan,bran,mann,quran,sudan,nan,tran,snowman,skean,handyman,businessman,iran,shan,moran,strongman,klan,man,san,ann
tinmen,
tinne,
tinned,sinned,binned,underpinned,ginned,weekend,shinned,hinde,finned,gschwind,sind,thinned,schneidewind,grinned,hynd,lind,chagrined,lindh,downwind,rescind,broken-wind,grinde,woodwind,schwind,lynd,wind,linde,wunderkind,dinned,vanderlinde,skinned,chinned,headwind,pinned,whirlwind,lynde
tinnen,
tinner,berliner,thinner,sinner,zinner,winner,kinner,gwinner,dinner,skinner,cwynar,ginner,inner,brinner,finner,breadwinner,flinner,printer,pinner,binner,spinner,beginner,minner
tinnery,
tinners,
tinnet,
tinni,
tinny,kinney,mckinny,binny,minnie,briney,pliny,spinney,pinney,iny,ignominy,zinni,hiney,benni,mcelhiney,kinny,innie,djinni,binnie,guiney,ginnee,skinny,jinni,winny,guinea,mini-,glynnie,ninny,whinny,pinny,mcelhinney,mackinney,binney,tinney,minni,vinnie,vinny,sliney,quinney,tinnie,pinnae,minae,mckinney,minny,mini,ginnie,shinny,swinney,inknee,finnie,kinnie,finny,shinney,mckinnie,minney,winnie,mcwhinney,hinny,linney,djinny,phinney,mcelhinny,ginny,finney
tinnie,kinney,mckinny,binny,minnie,briney,pliny,spinney,pinney,iny,ignominy,zinni,hiney,benni,mcelhiney,kinny,innie,djinni,binnie,guiney,ginnee,skinny,jinni,winny,guinea,mini-,glynnie,ninny,whinny,pinny,mcelhinney,mackinney,binney,tinney,minni,vinnie,vinny,sliney,quinney,pinnae,minae,mckinney,tinny,mini,minny,shinny,swinney,ginnie,inknee,finnie,kinnie,finny,shinney,mckinnie,minney,winnie,mcwhinney,hinny,linney,djinny,phinney,mcelhinny,ginny,finney
tinnient,
tinnier,moneyer,sunnier,runnier,sonnier,funnier
tinniest,runniest,sunniest,funniest
tinnified,
tinnily,
tinniness,
tinning,chinning,overrunning,outgunning,bunning,twinning,funning,woning,outrunning,stunning,tunning,cunning,shinning,shunning,gunning,pinang,dunning,running,punning,wonning,skinning,sunning,rerunning
tinnitus,
tinnituses,
tinnock,linac,finnic,tunick,kinic,dunnock,funic,huneke,quinic
tino,guarino,spino,cimino,reno,patino,santino,chino,latino,baldino,neutrino,marcelino,agostino,martino,morino,fiorentino,moreno,molino,lino,farino,giardino,sabatino,comino,pacino,espino,postino,andino,gugino,paladino,valentino,celestino,florentino,dino,cassino,pieno,encino,mandarino,serafino,calvino,nino,cino,cappuccino,cupertino,sabino,contino,andantino,vizcaino,arpino,paolino,galeano,amino,covino,gambino,filipino,maraschino,severino,carino,marino,trevino,palomino,pino,polino,keno,wino,casino,pellegrino,leno,tarantino,faustino,geno,camino,torino,deno,merino,constantino,bovino,angelino,bambino,gino,angeleno,palladino,mino,delfino,bernardino,philippino,orsino,corvino,serino,mendocino,ladino,sandino,aquino,jalapeno,fino,paulino,hino
tinoceras,
tinoceratid,
tin-opener,
tinosa,
tin-pan,
tinplate,tin-plate
tin-plate,tinplate
tin-plated,
tinplates,
tin-plating,
tinpot,tin-pot
tin-pot,tinpot
tin-pottery,
tin-potty,
tin-pottiness,
tin-roofed,
tins,bedouins,prinz,hutchins,begins,beens,bins,ins,pigskins,mcginnes,shins,thinnes,kamins,kingpins,chins,puffins,wynns,prins,has-beens,djinns,sins,hagins,finns,inns,askins,lins,redskins,winze,hinz,junkins,mullins,hinze,minns,wins,fins,skins,buckskins,twins,binz,medecins,grins,zins,pins,thins,spins,violins,chemins,might-have-beens,linz,akins,binns
tin's,
tinsel,sinsel,insel,kinsel,kinsell
tinsel-bright,
tinsel-clad,
tinsel-covered,
tinseled,tinselled
tinsel-embroidered,
tinseling,tinselling
tinselled,tinseled
tinselly,
tinsellike,
tinselling,tinseling
tinselmaker,
tinselmaking,
tinsel-paned,
tinselry,
tinsels,
tinsel-slippered,
tinselweaver,
tinselwork,
tinsy,
tinsley,hinsley,linsley,princely,insley
tinsman,
tinsmen,
tinsmith,gunsmith
tinsmithy,
tinsmithing,
tinsmiths,
tinstone,sunstone,whinstone
tin-stone,
tinstones,
tinstuff,
tint,lint,print,techint,blueprint,squint,quint,newsprint,misprint,vint,schwindt,dint,footprint,stint,sprint,reprint,flynt,comprint,rindt,mint,imprint,hint,glint,splint,flint,swint,peppermint,kint,shoeprint,kindt,sindt,klint,windt,fingerprint,klindt,wint,clint
tinta,
tin-tabled,
tintack,untack
tin-tack,
tintage,
tintah,
tintamar,
tintamarre,
tintarron,
tinted,minted,misprinted,printed,imprinted,sprinted,reprinted,hinted,fingerprinted
tinter,todhunter,hunter,headhunter,munter,squinter,guntur,punter,sinter,grunter,gunter,sunter,blunter,hinter,bunter,stinter,shunter,linter
tinternell,
tinters,
tinty,
tintie,
tintiness,
tinting,grinting,splinting,dunting,punting,bunting,hunting,fronting,stunting,shunting,affronting,dinting,grunting,stinting,confronting,blunting
tintingly,
tintings,
tintinnabula,
tintinnabulant,
tintinnabular,
tintinnabulary,
tintinnabulate,
tintinnabulation,
tintinnabulations,
tintinnabulatory,
tintinnabulism,
tintinnabulist,
tintinnabulous,
tintinnabulum,
tintype,syp,stereotype,linotype,bagpipe,ripe,skype,blype,tailpipe,ferrotype,phenotype,stripe,monotype,archetype,grype,stipe,pinstripe,pipe,genotype,overripe,shipe,blowpipe,lipe,gipe,subtype,knipe,slype,tripe,type,teletype,flipe,gripe,wipe,cripe,slipe,hype,snipe,prototype,sipe,swipe
tin-type,
tintyper,
tintypes,
tintist,
tintless,
tintlessness,
tintometer,
tintometry,
tintometric,
tintoretto,
tints,kintz,gintz,blueprints,splints,hints,prints,footprints,sprints,printz,reprints,stints,mintz,hintz,imprints,quints,lintz,flints,fingerprints,mints,misprints,bintz,wintz,shoeprints
,
