frust,
frusta,mustagh,robusta,kapusta,justa,crusta,augusta,busta
frustrable,distrouble
frustraneous,
frustrate,wait,alternate,commiserate,emulate,conflate,separate,stipulate,create,corroborate,extrapolate,update,freight,state,collate,great,delegate,indicate,gait,exacerbate,disseminate,resonate,appreciate,accommodate,debate,collaborate,obfuscate,initiate,deliberate,celebrate,predicate,estimate,denigrate,graduate,anticipate,innate,cultivate,abrogate,ameliorate,mitigate,demonstrate,straight,contemplate,precipitate,intimate,rait,repudiate,deprecate,manipulate,estate,mandate,rate,appropriate,associate,subordinate,designate,vacillate,postulate,plate,alleviate,gate,compensate,slate,consummate,fate,facilitate,desolate,adequate,weight,spate,dedicate,obviate,elaborate,inculcate,abate,relate,articulate,assimilate,reiterate,incorporate,integrate,communicate,profligate,mate,procrastinate,advocate,propagate,arrogate,dissipate,moderate,emanate,elucidate,evaluate,late,delineate,coordinate,abdicate,surrogate,trait,consolidate,date
frustrated,unadulterated,automated,emanated,opinionated,bated,nauseated,elated,incorporated,situated,perforated,predicated,aggravated,feted,abated,exaggerated,outdated,stated,separated,sated,motivated,anticipated,annotated,incapacitated,dissipated,related,prorated,decapitated,unmitigated,mandated,mitigated,inebriated,contaminated,overrated,initiated,complicated,encapsulated,exasperated,stipulated,sophisticated,consecrated,created,agitated,exacerbated,dated,isolated,promulgated,allocated,obligated,intimated,elevated,eviscerated,affiliated,articulated,devastated,associated,irritated,understated,aggregated,consolidated,emaciated,excoriated,substantiated,designated,slated,educated,truncated,graduated,liberated,intimidated,dilapidated,cultivated,belated,inundated,corrugated,attenuated,indicated,serrated,infatuated,exonerated,appreciated,deprecated,saturated,antiquated,orientated,interrelated,precipitated,fascinated,located,relegated,integrated,delineated,dilated,reiterated,unabated,alienated,incarcerated,bifurcated,animated,intoxicated,concentrated
frustrately,
frustrater,
frustrates,approximates,mates,hippocrates,radiates,nates,chordates,estates,ates,bates,deteriorates,weights,evaporates,fetes,classmates,illustrates,gates,plaits,delineates,fates,teammates,facilitates,separates,disseminates,exacerbates,postulates,necessitates,states,traits,intimidates,appreciates,primates,awaits,expatriates,waits,accelerates,emirates,affiliates,pates,rates,straits,mitigates,equates,associates,operates,vertebrates,eights,repudiates,grates,estimates,accommodates,dissipates,slates,resonates,baits,skates,fluctuates,inmates,predominates,yeats,relates,emulates,translates,sates,cates,commemorates,annotates,demonstrates,updates,dictates,infuriates,dates,creates,deviates,plates,mandates,perpetuates,coates,greats,extrapolates,obviates,corroborates,crates,subordinates,differentiates,negates,integrates,predicates,coordinates,allocates,anticipates,invertebrates,indicates,permeates,graduates,yates,exaggerates,advocates,delegates
frustrating,instigating,suffocating,fluctuating,abrogating,infuriating,implicating,facilitating,devastating,accommodating,mating,indicating,mitigating,undulating,placating,activating,obviating,rating,excruciating,alternating,gaiting,discriminating,validating,procrastinating,radiating,coordinating,penetrating,awaiting,emulating,abating,denigrating,culminating,advocating,permeating,dating,abbreviating,articulating,contemplating,plating,berating,stating,nauseating,subordinating,initiating,rotating,aggravating,humiliating,recuperating,fascinating,exacerbating,pontificating,oscillating,waiting,dominating,deteriorating,deprecating,cultivating,exhilarating,creating,titillating,bating,skating,pulsating,reciprocating,perpetuating,delineating,captivating,relating,irritating,accelerating,baiting,eliminating,grating,exasperating,vacillating,operating,invigorating,alienating,anticipating,annihilating,communicating,illuminating,self-deprecating,intimidating,debilitating,ingratiating,emanating,delegating,excoriating,accumulating,gating,liberating,calculating,incriminating,salivating,extenuating,weighting,intoxicating,stimulating,escalating,percolating
frustratingly,regulatingly,devastatingly,waitingly,unhesitatingly,gratingly,excruciatingly
frustration,reconciliation,alliteration,appreciation,implication,sensation,radiation,inclination,remediation,connotation,articulation,variation,cooperation,reputation,dissertation,manifestation,vocation,constellation,obligation,operation,remuneration,vacation,implementation,quotation,conflagration,compensation,aspiration,determination,ramification,affiliation,civilization,organization,evaluation,indignation,reservation,corporation,foundation,orientation,communication,creation,situation,accommodation,preparation,designation,representation,translation,transportation,adaptation,expectation,association,abomination,salvation,pronunciation,notation,motivation,altercation,interpretation,administration,aberration,conversation,approbation,revelation,gentrification,innovation,nation,application,litigation,medication,integration,deviation,trepidation,inspiration,education,population,rehabilitation,citation,collaboration,location,precipitation,generation,dedication,transformation,station,information,abbreviation,correlation,collocation,discrimination,relation,consternation,obfuscation,observation,presentation,consideration,anticipation,affirmation,configuration,segregation,meditation,conservation,proliferation
frustrations,conversations,illustrations,hallucinations,animations,sensations,crustaceans,citations,considerations,denunciations,obligations,connotations,innovations,patients,affirmations,cations,celebrations,lacerations,fluctuations,impatiens,reservations,corporations,annotations,accusations,situations,regulations,ruminations,associations,observations,calculations,aberrations,occupations,medications,foundations,relations,publications,accommodations,classifications,altercations,alterations,allegations,congratulations,constellations,organizations,revelations,allocations,gyrations,deviations,palpitations,tribulations,renovations,vibrations,specifications,creations,preparations,aspirations,ramifications,combinations,configurations,vacations,limitations,installations,carnations,communications,recriminations,qualifications,recommendations,adaptations,generations,negotiations,immunizations,locations,expectations,decorations,implications,manifestations,reparations,variations,representations,appalachians,telecommunications,stations,machinations,stipulations,informations,affiliations,complications,ministrations,indications,operations,denominations,nations,abbreviations,depredations,applications,deliberations,explanations,appropriations,permutations
frustrative,
frustratory,
frustula,
frustule,fistule,pustule
frustulent,pustulant
frustules,
frustulose,
frustulum,
frustum,custom,accustom,christom
frustums,customs
frutage,scutage,fruitage,rootage,mutage
frutescence,
frutescent,
frutex,biotherapeutics,mutex,therapeutics
fruticant,
fruticeous,
frutices,
fruticeta,
fruticetum,
fruticose,
fruticous,
fruticulose,
fruticulture,
frutify,
frutilla,
fruz,
frwy,
fs,
f's,
fsa,
fscm,
f-scope,
fsdo,
fse,
fsf,
fsh,
f-shaped,
f-sharp,
fsiest,
fsk,
fslic,canuck,cruck,roebuck,truck,sculk,tuck,schuck,yuk,chuck,zuk,vhsic,stuck,starstruck,suc,starbuck,huck,naugatuck,fuck,luk,dumbstruck,chuck-a-luck,struck,grucche,moonstruck,shmuck,cluck,suck,lucke,potluck,schuch,tuque,suk,nuque,buc,amuck,yuck,bruck,buck,puck,megabuck,unstuck,duc,gluck,woodchuck,dumptruck,guck,kuk,awestruck,kruk,pluck,thunderstruck,snuck,druck,duk,muck,schtik,duck,amok,fluck,kuck,luck,shuck,smuck,ruck,schmuck
fsr,
fss,
f-state,
f-stop,
fstore,
fsu,
fsw,
ft,
ft.,
ft1,
ftam,
ftc,
fte,
ftg,
fth,
fth.,
fthm,
ftl,
ft-lb,
ftncmd,
ftnerr,
ftp,
ft-pdl,
ftpi,
fts,
ftw,
ftz,
fu,subdue,vu,flue,into,purview,guru,too,do,woo,coup,sue,pursue,statue,who,brew,flu,goo,crew,hue,redo,thru,slew,q,xu,cuckoo,rue,taboo,mew,hew,askew,undo,construe,emu,two,cue,blue,screw,lulu,imbue,yahoo,review,glue,accrue,residue,new,bamboo,u,skew,overview,few,shrew,adieu,outdo,shoe,shue,breakthrough,yew,boo,chew,retinue,through,barbecue,roux,anew,ado,loo,rendezvous,tissue,due,queue,ingenue,tattoo,zoo,clue,stew,you,undue,ensue,debut,avenue,hitherto,vue,que,gnu,dew,spew,true,interview,strew,poo,view,ewe,to,lieu,renew,canoe,revenue,coo,pew,eschew
fuad,
fuage,brewage,sewage,newedge
fub,
fubar,buber,goober
fubbed,
fubbery,
fubby,stubby,snubby,nubby,scrubby,dubby,tubby,shrubby,chubby,dubey,hubby,clubby,dubie,bubby,grubby,cubby
fubbing,
fubs,
fubsy,
fubsier,
fubsiest,
fucaceae,mukasey,mucosae
fucaceous,
fucales,
fucate,mucate
fucation,
fucatious,
fuchi,
fu-chou,
fuchs,kooks,pukes,stukes,vieux,flukes,jewkes,dukes,spooks,lukes,jukes,rebukes,creux,nukes
fuchsia,katyusha,gousha,boucher,musha,urrutia,lucia
fuchsia-flowered,
fuchsian,
fuchsias,katyushas
fuchsin,
fuchsine,
fuchsines,
fuchsinophil,
fuchsinophilous,
fuchsins,
fuchsite,
fuchsone,
fuci,
fucinita,
fuciphagous,
fucivorous,
fuck,canuck,cruck,roebuck,truck,sculk,tuck,schuck,yuk,chuck,zuk,vhsic,stuck,starstruck,suc,starbuck,huck,naugatuck,luk,dumbstruck,chuck-a-luck,struck,grucche,moonstruck,shmuck,cluck,suck,lucke,potluck,schuch,tuque,suk,nuque,buc,amuck,yuck,bruck,buck,puck,megabuck,unstuck,duc,gluck,woodchuck,dumptruck,guck,kuk,awestruck,fslic,kruk,pluck,thunderstruck,snuck,druck,duk,muck,schtik,duck,amok,fluck,kuck,luck,shuck,smuck,ruck,schmuck
fucked,aqueduct,abduct,obstruct,instruct,deduct,bucked,struct,induct,duct,construct,deconstruct,destruct,bricked,shucked,flicked,sucked,conduct,ducked,chucked,trucked,mucked,tucked,sticked,clucked,lucht,cricked,lucked,plucked,reconstruct,snicked,rucked
fucker,ducker,chucker,smucker,zucker,plucker,sucker,succor,lucker,mucker,brucker,pucker,bucker,drucker,pricker,rucker,tricker,motherfucker,stucker,schucker,bloodsucker,altucher,shucker,tucker,kuchar,trucker,hudsucker,bucher,schmucker,kucher,hucker
fuckers,suckers,tickers,pluckers,duckers,puckers,truckers,chuckers,dickers,tuckers,succors,bloodsuckers,recurs,prickers,motherfuckers
fucking,plucking,shucking,cricking,pricking,bucking,ducking,bloodsucking,fricking,bricking,rucking,dicking,siccing,nicking,snicking,chucking,clucking,wicking,lucking,ricking,mucking,slicking,sucking,tucking,trucking,sicking
fucks,strix,dux,mucks,tux,plucks,klux,brics,crux,schmucks,clucks,sucks,canucks,hux,lucks,dumptrucks,knucks,deluxe,starbucks,redux,luks,woodchucks,ducks,bucks,lux,snicks,megabucks,buchs,chucks,flux,tuks,quicks,cricks,rux,hucks,brucks,rucks,shucks,marimbalax,pucks,tucks,spics,yuks,bucs,influx,trucks,szucs
fuckup,hickup,muck-up,stickup,fuck-up,pick-up,wickup,stuck-up,kickup,stick-up
fuckups,
fuckwit,diquat
fucoid,mucoid
fucoidal,mucoidal
fucoideae,
fucoidin,
fucoids,
fucosan,
fucose,mucose
fucoses,
fucous,
fucoxanthin,
fucoxanthine,
fucus,valukas,mucus,lucas,leucous,lucus,mucous
fucused,
fucuses,
fud,
fudder,gridder,pudder,judder,chuddar,udder,siddur
fuddy-duddy,
fuddy-duddies,
fuddy-duddiness,
fuddle,slidell,udell,cruddle,trudell,rudell,didal,tiddle,scuddle,befuddle,quiddle,puddle,cuddle,diddle,buddle,muddle,griddle,guddle,reddle,ruddle,ruddell,nuddle,huddle
fuddlebrained,
fuddle-brained,
fuddled,puddled,befuddled,middled,cuddled,huddled,muddled,piddled,twiddled,diddled
fuddledness,
fuddlement,
fuddler,diddler,piddler,huddler,middler,puddler,muddler
fuddles,ruddles,cuddles,muddles,huddles,griddles,befuddles,twiddles,diddles,puddles,idyls,middles
fuddling,riddling,huddling,muddling,diddling,puddling
fuder,
fudge,brugge,rudge,snudge,sludge,grudge,judge,drudge,adjudge,smudge,prejudge,mudge,kludge,hudge,nudge,misjudge,trudge,budge,begrudge,bludge,pudge
fudged,adjudged,nudged,smudged,drudged,judged,misjudged,prejudged,trudged,budged,grudged
fudger,
fudges,judges,nudges,misjudges,smudges,grudges,drudges,hijaz,trudges,budges
fudgy,kludgy,squidgy,pudgie,sludgy,pudgy,budgie,budgy,bridgey,smudgy
fudging,ridging,budging,giggyng,sludging,grudging,misjudging,bridgeing,trudging,smudging,judging,nudging,drudging
fuds,
fuegian,
fuehrer,
fuehrers,
fuel,juel,toole,highschool,ewell,cruel,goole,refuel,crewel,doole,abdul,mule,newel,metrosexual,pool,minuscule,blackpool,juul,skool,jule,boulle,stool,whirlpool,retool,raul,supercool,dule,dual,unusual,newell,raoul,buel,yule,bellefeuille,fool,school,molecule,kool,joule,carpool,spool,renewal,uncool,brule,boole,tool,tewel,istanbul,sproule,accrual,thule,misrule,vestibule,cesspool,ghoul,tuel,sewell,dzhambul,bulle,boule,tulle,rule,poole,buhl,saccule,jewel,liverpool,cool,overrule,tuille,preschool,shewel,ridicule,drool,gruel,duel,dreul
fueled,dewald,jeweled,ewald,sewald,refueled,duelled,jewelled,fuelled,dueled
fueler,jeweler,dueler,crueller,jeweller,crueler,dueller
fuelers,
fueling,fuelling,coolung,ridiculing,puling,mewling,retooling,drooling,fooling,nonruling,fruehling,grueling,huling,schooling,duling,stooling,dueling,dooling,spooling,tooling,overruling,ruling,refueling,cooling,pooling
fuelizer,
fuelled,dewald,jeweled,ewald,sewald,fueled,refueled,duelled,jewelled,dueled
fueller,
fuellers,
fuelling,coolung,ridiculing,puling,mewling,retooling,drooling,fooling,nonruling,fruehling,grueling,huling,schooling,duling,stooling,dueling,dooling,spooling,tooling,overruling,ruling,refueling,fueling,cooling,pooling
fuels,renewals,accruals,jewels,duels,duals,homosexuals,cruels
fuelwood,
fuerte,
fuertes,
fuerteventura,
fuff,
fuffy,guffy,duffee,fluffy,duffie,buffi,mcduffie,mcguffie,cuffy,puffy,sloughy,stiffy,duffey,mcguffey,squiffy,scruffy,muffy,chuffy,mcguffee,toughie,bluffy,stuffy,buffy,duffy,snuffy,mcduffee,mcduffy,guffey,huffy,stiffie,cliffy
fuffit,
fuffle,
fug,
fugacy,
fugacious,
fugaciously,
fugaciousness,
fugacity,nugacity
fugacities,
fugal,frugal,dougall,fugle,google,googol,mcdougle,macdougal,mcdougal,hugel,centrifugal,bugle,mcdugal,dougal,coogle,dougl,mcdougall,gugel,kugel,macdougall,bluegill
fugally,
fugara,
fugard,safeguard,graveyard,carde,hard,barnyard,jarred,scard,barred,chouinard,barde,vcard,billard,canard,diehard,blowhard,discard,bongard,shipyard,farmyard,bard,dockyard,ard,bouchard,flashcard,tarred,picard,leotard,card,lard,churchyard,courtyard,schoolyard,bombard,broussard,disbarred,scarred,marred,lifeguard,chard,mastercard,bankcard,boatyard,gnarred,parred,lumberyard,sparred,avant-garde,guard,blvd,postcard,godard,charred,vanguard,shard,wildcard,renard,gard,garde,lazard,brickyard,gerard,retard,bernard,dillard,barnard,starred,gaspard,pickard,knarred,backyard,bodyguard,yard,scorecard,tared,belgard,junkyard,stockyard,menard,boulevard,regard,disregard,nard,beauregard
fugate,strigate
fugato,
fugatos,
fugazy,fugazi
fuge,googe,guige,zuege,spooge,huge,fruge,cluj,noodge,subterfuge,ruge,baton-rouge,centrifuge,buege,scrooge,kluge,microcentrifuge,juge,luge,stooge,hooge
fugere,cougar,pflueger,pfluger,kruger,krueger,lugar,mugar,bruegger,ruger,kluger,dugar,bugher,luger,frombuger
fuget,
fugged,
fugger,ligger,regur,sigger,vigour,rigour
fuggy,puggy,druggy,huggy,muggee,vuggy,thuggee,ruggy,sluggy,hughey,muggy,druggie,spriggy,buggy
fuggier,
fuggiest,
fuggily,
fugging,
fughetta,
fughettas,
fughette,
fugie,
fugient,
fugio,
fugios,
fugit,
fugitate,
fugitated,
fugitating,
fugitation,
fugitive,
fugitively,
fugitiveness,
fugitives,
fugitive's,
fugitivism,
fugitivity,
fugle,frugal,dougall,google,googol,mcdougle,macdougal,mcdougal,hugel,centrifugal,bugle,mcdugal,dougal,coogle,dougl,mcdougall,fugal,gugel,kugel,macdougall,bluegill
fugled,
fugleman,fuglemen
fuglemanship,
fuglemen,fugleman
fugler,
fugles,
fugling,
fugs,
fugu,
fugue,moog,muegge,bugh,fluegge,pflug,hoog,skoog,puig,droog,ruegg
fugued,
fuguelike,
fugues,
fuguing,
fuguist,
fuguists,
fugus,
fuhrer,juror,tourer,lurer,purer,moorer,reinsurer,procurer,surer,durer,curer,insurer,hauptfuhrer,furer
fuhrers,
fuhrman,fuhrmann,moormann,buhrman,moorman,boorman
fu-hsi,
fu-yang,
fuidhir,
fuye,
fuirdays,
fuirena,
fuji,tsuji,cohentannoudji,tetsuji,saloojee,malamugi
fujiyama,maruyama,halama,gama,sama,arzama,comma,bahama,pajama,homoplasty,koyama,dhlakama,cama,yokoyama,naamah,nakayama,squama,fama,yoneyama,saitama,tama,oyama,somma,bernama,algamaa,drama,obama,llama,kaama,nishiyama,slama,bramah,yokohama,valderrama,chroma,hirayama,aoyama,dama,takayama,rama,toyama,melodrama,maddamma,lama,mama,groma,hama,kodama,sugiyama,cauma,kageyama,gyuhama,aldama,murayama,nakama,osama,fukuyama,katayama,glomma,momma,trauma,kama,mamma,kashiyama,salama,balderrama,kuriyama,schama,croma,broma,guadarrama,akiyama
fujio,refugio
fujis,hugeous
fujisan,
fuji-san,
fujitsu,
fujiwara,parra,ferrara,camara,matsubara,segarra,mortara,sciara,aarau,kawahara,ybarra,sciarra,delara,uyehara,guevara,omeara,asmara,shara,kurihara,marmara,madara,komara,ishihara,carrara,harra,kotara,tamara,dichiara,cynara,azzara,farra,caracara,tiara,kuwahara,brizzolara,marra,chiara,alcantara,sarra,makara,carbonara,lazzara,vergara,beshara,carra,cucchiara,fanara,uehara,negara,barra,tara,zangara,timisoara,sankara,vara,bara,yoshihara,ogara,amara,rara,fiumara,miyahara,vizcarra,jara,malara,chara,lara,cassara,gandara,samsara,omara,takara,mazzara,nara,guadalajara,mara,cantara,ficarra,ibarra,navarra
fukien,
fukuda,labuda,siuda,okuda,yasuda,uhde,matsuda,suda,tsuda,ruda,gooda,cernuda,duda,shuda,garuda,bermuda,truda,doodah,masuda,huda,arruda,barracuda,neruda,barbuda,buddha,yehuda,judah
fukuoka,phoca,nishioka,morioka,roca,moka,carioca,roka,cocca,seroka,fujioka,loca,bocce,rocha,mocha,larocca,aloka,boca,ciocca,coca,sroka,savoca,cloaca,oka,matsuoka,soroka,kataoka,yoshioka,muraoka,iacocca,darocha,arocha,shizuoka,moca
fukushima,rozema,shima,schema,delima,eurofima,septima,ishikawajima,nakajima,thima,halima,takeshima,alima,prima,bima,diprima,hirosakima,harima,joakima,abouhalima,edema,rima,fima,lima,grima,abohalima,jarema,ulima,jima,kajima,beukema,louima,sietsema,kitajima,decima,noxema,emphysema,ema,fema,zima,lema,haema,sima,jemima,kawashima,oshima,aoshima,demma,takashima,nakashima,wiersema,salema,ritsema,cima,sema,pima,bronkema,haema-,auriemma,cosima,tajima,sikkema,hiroshima
ful,
fula,
fulah,pascagoula,missoula,tallula,hula,bakula,padula,medulla,shula,cibula,bulau,tallulah,abdulla,babula,lemuela,arambula,beulah,mula,chula,ula,moolah,mikula,fatula,gula,rula,kula,valenzuela,kotula,pakula,regula,eula,cebula,pikula,afula,beula,feldmuehle,ciulla,matula,deptula,sekula,bula,zappulla,dula,pribula,tula,nasrullah,moola,vedula,lula,pastula
fulahs,pulas,ruelas,gulas,foolahs,lulas,kulas
fulah-zandeh,
fulani,giovanni,damiani,scrawny,yamani,romani,cipriani,ronny,azerbaijani,hemani,faunae,donnie,shawny,villani,castellani,leilani,swaney,shawnee,milani,nonie,lawny,albani,ianni,urbani,kewaunee,swanny,tani,doney,brawny,omani,zani,mani,donny,fabiani,rafsanjani,nonny,garmany,tawney,irani,germani,conny,bonnie,adjani,yamane,mastroianni,giuliani,sclafani,bongiovanni,rani,tehrani,trani,barany,lani,tawny,connie,yani,bonney,troiani,onni,nonne,viviani,gianni,ronnie,loni,johnnie,vonnie,advani,lonnie,dani,otani,mauney,guarani,graziani,donee,magnani,johnny,pagani,jani,sawney,johnie,mariani,centanni,modigliani,pisani,guiliani,celani,bonny,armani,lonny,spaziani,trapani,cassani,satriani,bahraini,johny,mohney,ahwahnee,afghani,sirianni,cristiani
fulanis,
fulas,
fulbert,
fulbright,excite,sprite,hindsight,finite,invite,dight,site,highlight,might,height,tripartite,byte,twilight,flight,appetite,bight,rite,slight,quite,unite,extradite,goodnight,rewrite,delight,oversight,downright,indict,meteorite,twite,insight,white,overnight,incite,nite,plight,erudite,fright,wright,playwright,backbite,write,uptight,brite,apartheid,plebiscite,tight,midnight,neophyte,recite,website,light,ignite,sleight,hermaphrodite,bright,polite,wight,spite,knight,alright,mite,lite,bite,forthright,acolyte,smite,sight,overwrite,smight,lignite,contrite,right,satellite,foresight,fortnight,alight,blight,copyright,night,despite,graphite,frostbite,luddite,limelight,recondite,apatite,trite,outright,fight,spotlight,moonlight,expedite,underwrite,fahrenheit,upright,parasite,indite,cite,feit,kite
fulcher,
fulciform,
fulciment,
fulcra,
fulcraceous,
fulcral,
fulcrate,
fulcrum,
fulcrumage,
fulcrumed,
fulcruming,
fulcrums,
fuld,pulled,wooled,bulled,fulled
fulda,
fulfil,
fulfill,uphill,thrill,treadmill,nil,instill,brill,overkill,prill,trill,standstill,shrill,ill,gil,frill,ghyll,jill,demille,til,shill,still,mandeville,deville,downhill,landfill,sawmill,krill,mill,twill,refill,goodwill,distill,hill,albertville,ville,gill,bougainville,nill,bill,bil,drill,dill,foothill,will,cowgill,zil,mil,tamil,swill,bastille,zill,grill,until,handbill,fille,molehill,lille,mille,kill,seville,fill,spill,hornbill,overfill,belleville,wil,chill,sill,sil,till,rille,stil,grille,fil,anthill,pill,distil,windmill,skill,daffodil,il,quill,thill,dphil,abril,crill,advil,lil,phil,pil,brazil,rill,schill
fulfilled,rototilled,hilled,unfilled,bild,pilled,guild,tilde,hilde,filled,gilled,refilled,billed,thrilled,spilled,overbilled,spilde,tilled,grilled,milled,hild,killed,mathilde,rebuild,skilled,drilled,unfulfilled,childe,gild,distilled,stilled,chilled,build,instilled,unskilled,willed
fulfiller,
fulfillers,
fulfilling,rototilling,shilling,dilling,skilling,trilling,drilling,unwilling,rilling,chilling,swilling,schilling,billing,killing,tilling,quilling,instilling,yearling,milling,hilling,willing,thrilling,overkilling,zwilling,grilling,filling,pilling,distilling,overbilling,spilling
fulfillment,
fulfillments,
fulfills,stils,treadmills,pills,ills,sills,grills,frills,foothills,hornbills,hills,pilz,anthills,distills,windmills,tamils,cills,nils,daffodils,refills,whippoorwills,landfills,chills,spills,tills,crossbills,stills,sawmills,wills,bonnevilles,schilz,freshkills,zills,cranesbills,drills,fills,thrills,catskills,minimills,dills,overbills,skills,milz,dils,mills,calills,mils,rototilles,bills,gills,kills,jills,handbills,instills,billes
fulfilment,
fulfils,
fulful,
fulfulde,
fulfullment,
fulgence,
fulgency,
fulgencio,villavicencio,vicencio,provencio,asencio,atencio
fulgent,
fulgently,
fulgentness,
fulgid,
fulgide,
fulgidity,
fulgor,bulgur
fulgora,
fulgorid,
fulgoridae,
fulgoroidea,
fulgorous,
fulgour,
fulgourous,
fulgur,
fulgural,
fulgurant,
fulgurantly,
fulgurata,
fulgurate,
fulgurated,
fulgurating,
fulguration,
fulgurator,
fulgurite,
fulgurous,
fulham,
fulhams,
fulica,
fulicinae,
fulicine,
fuliginosity,
fuliginous,uliginous
fuliginously,
fuliginousness,
fuligo,
fuligula,
fuligulinae,
fuliguline,
fulyie,
fulimart,
fulk,bulk,skulk,grulke,hulk,sulk,pulque
fulke,
fulks,bulks,hulks,skulks,sulks
full,bull,hangul,schull,kuehl,roomful,bagful,schul,pocketful,wool,handful,ruehl,mouthful,pull,mehul,turnbull,spoonful
full-accomplished,
full-acorned,
full-adjusted,
fullage,
fullam,pullam,pullum,woolum
fullams,
full-annealing,
full-armed,
full-assembled,
full-assured,
full-attended,
fullback,snack,ransack,pontiac,fac,shack,wisecrack,plaque,tack,chirac,smack,tac,rollback,fallback,lack,blackjack,flapjack,mac,sack,zodiac,skipjack,hatchback,cutback,jacques,hijack,counterattack,hack,jack,knapsack,slack,flak,flashback,unpack,whack,insomniac,claque,bushwhack,black,backpack,dak,anorak,yack,wack,setback,greenback,throwback,plack,kickback,razorback,track,rucksack,sac,yak,amnesiac,pack,nymphomaniac,stack,thwack,lumberjack,soundtrack,humpback,rack,lilac,brack,feedback,kodak,megalomaniac,tarmac,sidetrack,backtrack,quack,wrack,drawback,cognac,back,crack,clack,eniac,flack,knack,ack,quarterback,almanac,aback,payback,attack,frack,knickknack,outback,cardiac,comeback,piggyback,cadillac,mack,pak,lac,pac,maniac,paque
fullbacks,plax,jaques,sachs,equifax,contacts,maxx,cracks,tax,fax,yax,syntax,galax,earwax,sax,backs,pax,drawbacks,lacks,snacks,metathorax,fairfax,axe,dax,impacts,blacks,acts,tacks,parallax,knacks,aftertax,imax,awacs,trax,maces,fosamax,setbacks,ajax,bax,pentax,quacks,mesothorax,jacks,attacks,ax,tampax,knickknacks,gunnysacks,overtax,packs,maniacs,pretax,whacks,stacks,wax,cutbacks,flax,borax,pacs,hacks,lilacs,climax,flashbacks,rax,pacts,racks,shacks,halifax,plaques,macs,vax,tracks,sacs,saxe,relax,saks,surtax,lax,praxes,cadillacs,slacks,greenbacks,filofax,lomax,smacks,sacks,facts,max,kickbacks
full-banked,
full-beaming,
full-bearded,
full-bearing,
full-bellied,
full-blood,
full-blooded,
full-bloodedness,
full-bloomed,
full-blossomed,
full-blown,
fullbodied,
full-bodied,
full-boled,
full-bore,
full-born,
full-bosomed,
full-bottom,
full-bottomed,
full-bound,
full-bowed,
full-brained,
full-breasted,
full-brimmed,
full-buckramed,
full-built,
full-busted,
full-buttocked,
full-cell,
full-celled,
full-centered,
full-charge,
full-charged,
full-cheeked,
full-chested,
full-chilled,
full-clustered,
full-colored,
full-crammed,
full-cream,
full-crew,
full-crown,
full-cut,
full-depth,
full-diamond,
full-diesel,
full-digested,
full-distended,
fulldo,
full-draught,
full-drawn,
full-dress,
full-dressed,
full-dug,
full-eared,
fulled,pulled,wooled,fuld,bulled
full-edged,
full-eyed,
fuller,kuehler,puller,buller
fullerboard,
fullered,
fullery,
fulleries,
fullering,
fullers,pullers
fullerton,
fullest,bullist
full-exerted,
full-extended,
fullface,
full-faced,
fullfaces,
full-fashioned,
full-fatted,
full-feathered,
full-fed,
full-feed,
full-feeding,
full-felled,
full-figured,
fullfil,
full-finished,
full-fired,
full-flanked,
full-flavored,
full-fledged,
full-fleshed,
full-floating,
full-flocked,
full-flowering,
full-flowing,
full-foliaged,
full-form,
full-formed,
full-fortuned,
full-fraught,
full-freight,
full-freighted,
full-frontal,
full-fronted,
full-fruited,
full-glowing,
full-gorged,
full-grown,
fullgrownness,
full-haired,
full-hand,
full-handed,
full-happinessed,
full-hard,
full-haunched,
full-headed,
fullhearted,
full-hearted,
full-hipped,
full-hot,
fully,wooley,pulley,wooly,woolly,bullae,mulley,bulli,woolley,bully
fullymart,
fulling,bulling,pulling,shuffling
fullish,
full-jeweled,
full-jointed,
full-known,
full-laden,
full-leather,
full-leaved,
full-length,
full-leveled,
full-licensed,
full-limbed,
full-lined,
full-lipped,
full-load,
full-made,
full-manned,
full-measured,
full-minded,
full-moon,
fullmouth,
fullmouthed,
full-mouthed,
fullmouthedly,
full-mouthedly,
full-natured,
full-necked,
full-nerved,
fullness,fulness
fullnesses,
fullom,
fullonian,
full-opening,
full-orbed,
full-out,
full-page,
full-paid,
full-panoplied,
full-paunched,
full-personed,
full-pitch,
full-plumed,
full-power,
full-powered,
full-proportioned,
full-pulsing,
full-rayed,
full-resounding,
full-rigged,
full-rigger,
full-ripe,
full-ripened,
full-roed,
full-run,
fulls,pulls,wools,spoonfuls,bulls,puls,handfuls
full-sailed,
full-scale,
full-sensed,
full-sharer,
full-shouldered,
full-shroud,
full-size,patronize,recognize,sympathize,disenfranchise,reprise,ostracize,emphasize,synchronize,familiarize,capitalize,allies,enterprise,criticize,likewise,stabilize,mize,eyes,plagiarize,customize,size,arise,prize,empathize,prioritize,hypothesize,demise,organize,rationalize,exercise,aggrandize,ties,advertise,revitalize,wise,pulverize,chastise,rise,capsize,minimize,materialize,energize,emprise,epitomize,memorize,mobilize,visualize,fries,proselytize,authorize,analyze,merchandise,subsidize,devise,amortize,stigmatize,synthesize,maximize,metastasize,apologize,revise,characterize,compromise,surprise,scrutinize,lies,supervise,guys,socialize,galvanize,prise,advise,sunrise,tantalize,otherwise,optimize,catalyze,baptize,despise,antagonize,utilize,disguise,improvise,polarize,paralyze,surmise,supplies,jeopardize,harmonize,apprise,summarize,crystallize,flies,franchise,guise,realize,mesmerize,marginalize,comprise,finalize,belies
full-sized,civilized,comprised,traumatized,localized,unauthorized,stabilized,energized,analyzed,disguised,globalized,sized,unorganized,excised,exercised,synchronized,disenfranchised,oversized,capsized,undisguised,publicized,paralyzed,utilized,generalized,polarized,capitalized,jeopardized,incised,apprised,demoralized,subsidized,annualized,specialized,disorganized,pasteurized,computerized,penalized,stylized,caramelized,advised,formalized,antagonized,patronized,scrutinized,circumcised,idealized,compromised,authorized,recognized,balkanized,metastasized,agonized,canonized,realized,personalized,stigmatized,harmonized,customized,ostracized,decentralized,emphasized,mesmerized,synthesized,characterized,amortized,criticized,despised,standardized,motorized,itemized,improvised,surmised,apologized,crystallized,hypnotized,chastised,surprised,prised,normalized,outsized,finalized,revised,advertised,centralized,devised,organized,mechanized,familiarized,prized,underutilized,desensitized,urbanized,unrecognized,baptized,galvanized,pressurized,categorized,naturalized,homogenized,marginalized,epitomized
full-skirted,
full-souled,
full-speed,
full-sphered,
full-spread,
full-stage,
full-statured,
full-stomached,
full-strained,
full-streamed,
full-strength,
full-stuffed,
full-summed,
full-swelling,
fullterm,
full-term,
full-throated,
full-tide,
fulltime,wintertime,meantime,daytime,lyme,chyme,sime,climb,parttime,lime,everytime,bedtime,rhime,durkheim,dinnertime,beim,noontime,paradigm,heim,thyme,rhyme,hime,summertime,lifetime,ragtime,primetime,airtime,maritime,anaheim,part-time,dime,pastime,christmastime,chime,grime,blenheim,prime,slime,centime,time,peacetime,overtime,crime,quicktime,sometime,downtime,clime,syme,enzyme,mealtime,mime,pantomime,flextime,longtime,nighttime,haim,anytime,onetime,showtime,kime,lunchtime,stime,halftime,wartime,anticrime,guggenheim,springtime,sublime,schooltime
full-time,
full-timed,
full-timer,
full-to-full,
full-toned,
full-top,
full-trimmed,
full-tuned,
full-tushed,
full-uddered,
full-value,
full-voiced,
full-volumed,
full-way,
full-wave,
full-weight,
full-weighted,
full-whiskered,
full-winged,
full-witted,
fullword,
fullwords,
fulmar,
fulmars,
fulmarus,
fulmen,
fulmer,ulmer,culmer,bulmer,ullmer,ulmar
fulmicotton,
fulmina,
fulminancy,
fulminant,
fulminate,wait,alternate,commiserate,emulate,conflate,separate,stipulate,create,corroborate,extrapolate,update,freight,state,collate,great,delegate,indicate,gait,exacerbate,disseminate,resonate,appreciate,accommodate,debate,collaborate,obfuscate,initiate,deliberate,celebrate,predicate,estimate,denigrate,graduate,anticipate,innate,cultivate,abrogate,ameliorate,mitigate,demonstrate,straight,contemplate,precipitate,intimate,rait,repudiate,deprecate,manipulate,estate,mandate,rate,appropriate,associate,subordinate,designate,vacillate,postulate,plate,alleviate,gate,compensate,slate,consummate,fate,facilitate,desolate,adequate,weight,spate,dedicate,obviate,elaborate,inculcate,abate,relate,articulate,assimilate,reiterate,incorporate,integrate,communicate,profligate,mate,procrastinate,advocate,propagate,arrogate,dissipate,moderate,emanate,elucidate,evaluate,late,delineate,coordinate,abdicate,surrogate,trait,consolidate,date
fulminated,pulmonated
fulminates,
fulminating,
fulmination,
fulminations,
fulminator,
fulminatory,
fulmine,
fulmined,
fulmineous,
fulmines,
fulminic,
fulmining,
fulminous,
fulminurate,
fulminuric,
fulmis,
fulness,fullness
fulnesses,
fuls,
fulsamic,
fulshear,
fulsome,
fulsomely,
fulsomeness,
fulth,
fulton,multan
fultondale,
fultonham,
fultonville,
fults,shultz,schulze,schulz,fultz,schultz,pultz
fultz,shultz,schulze,schulz,fults,schultz,pultz
fulup,
fulvene,
fulvescent,
fulvi,
fulvia,
fulviah,
fulvid,
fulvidness,
fulvous,
fulwa,
fulzie,
fum,
fumacious,pumiceous
fumade,
fumado,
fumados,
fumage,roomage,doomage,plumage
fumagine,
fumago,
fumant,
fumarase,
fumarases,
fumarate,numerate
fumarates,
fumaria,
fumariaceae,
fumariaceous,
fumaric,
fumaryl,
fumarin,
fumarine,
fumarium,
fumaroid,
fumaroidal,
fumarole,
fumaroles,stolz,loopholes,polls,goals,charcoals,consoles,sholes,paroles,enrolls,goelz,holz,scholz,wolz,stolze,superbowls,knoles,postholes,soles,payrolls,blowholes,rowles,sowles,stoles,keyholes,joles,dholes,scholes,tolls,scoles,tadpoles,tolles,souls,patrols,windholz,pols,foxholes,flagpoles,scrolls,foals,golz,knolls,poles,sproles,controls,kohls,krumholz,bolls,monopoles,voelz,proles,orioles,bowls,boles,scholze,bowles,roles,boals,nolls,bolz,wholes,oles,extols,potholes,doles,coles,toles,voles,pinholes,seminoles,petroles,buttonholes,bubolz,creoles,trolls,shoals,strolls,noles,coals,rolls,bolles,holes,moles,folz,bankrolls,knowles,redpolls,volz
fumarolic,
fumatory,
fumatoria,
fumatories,
fumatorium,
fumatoriums,
fumattoria,
fumble,tumble,crumble,scumble,mumble,drumble,cimbal,trumbull,trumble,rumble,grumble,tymbal,fimble,humble,jumble,wimble,jumbal,kumble,bumble,umbel,stumble,dimble,sumbul,gumbel,gimbal,timbal,symbal,umble
fumbled,crumbled,symboled,stumbled,humbled,jumbled,tumbled,rumbled,bumbled,symbolled,scumbled,grumbled,mumbled
fumble-fist,
fumbler,nimbler,bumbler,mumbler,humbler,jumbler,grumbler,stumbler,rumbler
fumblers,
fumbles,grumbles,rumbles,jumbles,numbles,mumbles,stumbles,umbles,tumbles,bumbles,gimbals,crumbles,umbels,humbles,thimbles
fumbling,symbolling,stumbling,jumbling,grumbling,tumbling,symboling,bumbling,rumbling,humbling,scumbling,crumbling,mumbling
fumblingly,grumblingly,rumblingly,mumblingly,jumblingly,stumblingly
fumblingness,
fumbulator,
fume,reaume,cloakroom,glume,spoom,blum,schoolroom,elbowroom,lunchroom,darkroom,playroom,sunroom,backroom,toolroom,workroom,classroom,legroom,showroom,phleum,legume,coombe,cloom,handloom,perfume,mailroom,storeroom,restroom,neume,hume,gloom,boom,courtroom,presume,reassume,costume,headroom,womb,consume,room,kaboom,bridegroom,broom,pneum,ballroom,stoom,vroom,entomb,zoom,blume,sloom,bathroom,boardroom,groom,whom,choom,loom,spume,bloom,abloom,resume,broome,newsroom,plume,assume,bedroom,brume,tomb,exhume,livingroom,doom,rheum,grume,croom,stockroom,barroom,washroom,flume,heirloom,khartoum
fumed,perfumed,boomed,roomed,consumed,bloomed,broomed,reassumed,assumed,wombed,zoomed,costumed,entombed,presumed,plumed,exhumed,groomed,loomed,resumed,gloomed,doomed,spumed
fumeless,tombless,bloomless,plumeless
fumelike,
fumer,groomer,roomer,boomer,humour,humor,tumor,blumer,woomer,brumer,bruemmer,zoomer,plumer,loomer,toomer,schumer,rumer,shumer,okuma,rumor,consumer,rumour,coomer,tumour,bloomer
fumerel,
fumeroot,
fumers,
fumes,blooms,assumes,resumes,newsrooms,tombs,bedrooms,coombs,glooms,playrooms,humes,grooms,restrooms,flumes,dooms,coomes,mailrooms,groomes,parfums,lunchrooms,presumes,looms,showrooms,heirlooms,zooms,glumes,bathrooms,exhumes,backrooms,costumes,booms,crooms,boardrooms,plumes,perfumes,classrooms,livingrooms,handlooms,wombs,courtrooms,brooms,toombs,ballrooms,consumes,maktoums,coombes,rooms,legumes
fumet,lumet,brumitt,brumit,plumate
fumets,
fumette,
fumettes,
fumeuse,
fumeuses,
fumewort,
fumy,
fumid,humid,spumid,tumid
fumidity,tumidity
fumiduct,
fumier,
fumiest,
fumiferana,
fumiferous,
fumify,
fumigant,
fumigants,
fumigate,wait,alternate,commiserate,emulate,conflate,separate,stipulate,create,corroborate,extrapolate,update,freight,state,collate,great,delegate,indicate,gait,exacerbate,disseminate,resonate,appreciate,accommodate,debate,collaborate,obfuscate,initiate,deliberate,celebrate,predicate,estimate,denigrate,graduate,anticipate,innate,cultivate,abrogate,ameliorate,mitigate,demonstrate,straight,contemplate,precipitate,intimate,rait,repudiate,deprecate,manipulate,estate,mandate,rate,appropriate,associate,subordinate,designate,vacillate,postulate,plate,alleviate,gate,compensate,slate,consummate,fate,facilitate,desolate,adequate,weight,spate,dedicate,obviate,elaborate,inculcate,abate,relate,articulate,assimilate,reiterate,incorporate,integrate,communicate,profligate,mate,procrastinate,advocate,propagate,arrogate,dissipate,moderate,emanate,elucidate,evaluate,late,delineate,coordinate,abdicate,surrogate,trait,consolidate,date
fumigated,
fumigates,
fumigating,instigating,suffocating,fluctuating,abrogating,infuriating,implicating,facilitating,devastating,accommodating,mating,frustrating,indicating,mitigating,undulating,activating,obviating,rating,excruciating,alternating,gaiting,discriminating,validating,procrastinating,radiating,coordinating,penetrating,awaiting,emulating,abating,denigrating,culminating,advocating,permeating,dating,abbreviating,articulating,contemplating,plating,berating,stating,nauseating,subordinating,initiating,rotating,aggravating,humiliating,recuperating,fascinating,exacerbating,pontificating,oscillating,waiting,dominating,deteriorating,deprecating,cultivating,exhilarating,creating,titillating,bating,skating,pulsating,reciprocating,perpetuating,delineating,captivating,relating,irritating,accelerating,baiting,eliminating,grating,exasperating,vacillating,operating,invigorating,alienating,anticipating,annihilating,communicating,illuminating,self-deprecating,intimidating,debilitating,ingratiating,emanating,delegating,excoriating,accumulating,gating,liberating,calculating,incriminating,salivating,extenuating,weighting,intoxicating,stimulating,escalating,percolating
fumigation,reconciliation,alliteration,appreciation,implication,sensation,radiation,inclination,remediation,connotation,articulation,variation,cooperation,reputation,dissertation,manifestation,vocation,constellation,obligation,operation,remuneration,vacation,implementation,quotation,conflagration,compensation,aspiration,determination,ramification,affiliation,civilization,organization,evaluation,indignation,reservation,corporation,foundation,orientation,communication,creation,situation,accommodation,preparation,designation,representation,translation,transportation,adaptation,expectation,association,abomination,salvation,pronunciation,notation,motivation,altercation,interpretation,administration,aberration,conversation,approbation,revelation,gentrification,innovation,nation,application,litigation,medication,integration,deviation,trepidation,inspiration,education,population,rehabilitation,citation,collaboration,location,precipitation,generation,dedication,transformation,station,information,abbreviation,correlation,collocation,discrimination,relation,consternation,obfuscation,observation,presentation,consideration,anticipation,affirmation,configuration,segregation,meditation,conservation,proliferation
fumigations,
fumigator,
fumigatory,
fumigatories,
fumigatorium,
fumigators,
fumily,
fuminess,
fuming,consuming,grooming,rooming,looming,zooming,presuming,glooming,spuming,perfuming,booming,unassuming,pluming,resuming,blooming,dooming,puming,assuming,brooming
fumingly,bloomingly
fumish,
fumishing,
fumishly,
fumishness,
fumistery,
fumitory,
fumitories,
fummel,simul,pummill,glumal,stigmal,gimel,kummel,rummell,huml,thymol,ummel,hummell,rumal,rummel,brummell,pummel,krummel,brummel,comal,gimmal,hummel
fummle,
fumose,
fumosity,
fumous,spumous,plumous,kumis,brumous,grumous,kumiss,humus,loomis
fumously,
fumuli,
fumulus,
fun,bruhn,sun,m1,hun,everyone,brunn,one,donne,blowgun,bun,un,done,shun,ton,outrun,shotgun,homespun,undone,chun,dunne,stepson,lunn,been,outgun,anyone,grandson,huhn,mun,overdone,yun,homerun,begun,grun,gun,kun,tonne,spun,dun,run,won,son,c1,none,overrun,erven,stdin,redone,nunn,than,youn,hyun,nun,lun,handgun,outdone,brun,bunn,pun,someone,munn,rerun,thun,stun,dunn,jun,gunn
funambulant,
funambulate,
funambulated,
funambulating,
funambulation,
funambulator,
funambulatory,
funambule,
funambulic,
funambulism,
funambulist,
funambulo,
funambuloes,
funaria,
funariaceae,
funariaceous,
funbre,
funch,
funchal,uncial
function,dysfunction,junction,unction,compunction,conjunction,injunction,malfunction
functional,junctional,dysfunctional
functionalism,
functionalist,
functionalistic,
functionality,universality,technicality,liberality,illegality,dimensionality,mortality,impartiality,heterosexuality,plurality,banality,originality,bisexuality,formality,geniality,locality,duality,commonality,rationality,modality,mentality,partiality,confidentiality,legality,normality,criticality,frugality,centrality,venality,collegiality,individuality,immortality,generality,proportionality,triviality,criminality,brutality,nationality,abnormality,constitutionality,sexuality,immorality,seasonality,tonality,neutrality,punctuality,informality,fatality,cyclicality,conditionality,hospitality,sentimentality,instrumentality,speciality,unreality,musicality,practicality,finality,principality,impersonality,personality,lethality,totality,extraterritoriality,congeniality,vitality,theatricality,materiality,irrationality,bestiality,spirituality,eventuality,morality,municipality
functionalities,
functionalize,
functionalized,
functionalizing,
functionally,
functionals,
functionary,mercenary,discretionary,parry,lapidary,veterinary,sanitary,missionary,arbitrary,temporary,eyrie,beneficiary,strawberry,mulberry,visionary,commentary,barre,contemporary,itinerary,extraordinary,proprietary,corollary,february,salutary,aerie,pecuniary,monetary,necessary,sanctuary,vary,ordinary,very,reactionary,gooseberry,contrary,apothecary,tertiary,obituary,stationery,berry,primary,cemetery,marry,dairy,literary,cautionary,prairie,subsidiary,sedentary,canary,hereditary,secondary,confectionary,scary,cherry,preliminary,unnecessary,secretary,fiduciary,nary,ary,capillary,tributary,bury,imaginary,hairy,emissary,judiciary,monastery,carry,vocabulary,blueberry,culinary,stationary,solitary,unitary,confectionery,huckleberry,ferry,library,ancillary,legendary,epistolary,airy,tarry,mary,harry,dictionary,merry,raspberry,estuary,military,seminary,wary,fairy,pulmonary,adversary,arie,revolutionary,customary,luminary
functionaries,missionaries,berries,marries,itineraries,maries,karis,seminaries,primaries,caries,thornberrys,aviaries,sherries,confectionaries,thornburys,intermediaries,beneficiaries,carries,blackberries,dictionaries,dignitaries,mercenaries,obituaries,varies,preliminaries,monasteries,contemporaries,fiduciaries,commissaries,proprietaries,militaries,jerries,daris,raspberries,paramilitaries,terese,canaries,buries,emissaries,luminaries,temporaries,adversaries,sherris,libraries,cherries,cranberries,secondaries,antares,miniseries,gooseberries,secretaries,dairies,estuaries,ferries,legionaries,ordinaries,commentaries,blueberries,tributaries,revolutionaries,rameriz,corollaries,aires,aries,capillaries,cemeteries,fairies,subsidiaries,strawberries,reactionaries,marys,paries,fiduciares,sanctuaries,berris,harries
functionarism,
functionate,
functionated,
functionating,
functionation,
functioned,malfunctioned
functioning,malfunctioning
functionize,
functionless,
functionlessness,
functionnaire,
functions,unctions,malfunctions,conjunctions,dysfunctions,injunctions,junctions
function's,
functor,sphincter
functorial,
functors,sphincters
functor's,
functus,
fund,defund,wonned,pfund,bund,tunde,runde,schlund,und,almelund,punned,grund,bunde,dunned,sund,rotund,overfund,lund,shunned,hund,tunned,stunned,sunned,underfund,superfund,funned,twinned,mund,lunde,sunde,rund,kunde,gunned,compufund,outgunned,and,refund
funda,
fundable,undouble,refundable,nonrefundable
fundal,
fundament,
fundamental,environmental,lentil,parental,kennell,pancontinental,wennel,chenille,transcontinental,quenelle,occidental,fennel,developmental,gentil,sentell,pennel,departmental,centile,compartmental,accidental,benel,kennel,xenyl,henle,pentyl,gentle,temperamental,dental,trental,ornamental,ental,occidentale,simental,yentl,sentimental,instrumental,continental,mental,rental,judgmental,regimental,crenelle,fehnel,oriental,pennell,grenell,coincidental,elemental,kentle,governmental,phenol,intercontinental,experimental,nongovernmental,haenel,cental,intergovernmental,crenel,pimental,phenyl,transcendental,incidental,unsentimental,supplemental,fennell,judgemental,incremental,detrimental,monumental
fundamentalism,nativism,embolism,imperialism,egoism,organism,prism,narcissism,consumerism,populism,animism,egotism,parochialism,relativism,romanticism,recidivism,totalitarianism,escapism,chism,dualism,tourism,mannerism,despotism,nationalism,favoritism,individualism,gnosticism,plagiarism,positivism,stoicism,determinism,skepticism,chisum,aphorism,racism,aneurism,schism,colonialism,anachronism,parallelism,antagonism,communism,feudalism,socialism,pluralism,capitalism,nihilism,chauvinism,legalism,modernism,feminism,catechism,alcoholism,liberalism,cynicism,evangelism,surrealism,hedonism,collectivism,nepotism,materialism,journalism,absolutism,mysticism,botulism,dynamism,autism,judaism,naturalism,metabolism,criticism,magnetism,cronyism,altruism,mercantilism,optimism,paternalism,pessimism,fascism,pragmatism,fatalism,atheism,euphemism,ism,professionalism,mechanism,activism,empiricism,secularism,terrorism,symbolism,statism,federalism,astigmatism,zionism,elitism,patriotism,rheumatism,darwinism,humanism,egalitarianism
fundamentalist,experimentalist,instrumentalist,mentalist,environmentalist,gentlest
fundamentalistic,
fundamentalists,instrumentalists,environmentalists,gentilesse
fundamentality,
fundamentally,ornamentally,fennelly,continentally,gentilly,coincidentally,dentally,incrementally,experimentally,incidentally,governmentally,kennelly,temperamentally,accidentally,environmentally,kenneally,mentally,monumentally,developmentally,hennelly
fundamentalness,
fundamentals,dentals,phenols,rennels,orientals,continentals,incidentals,lentils,gentles,rentals,kennels,instrumentals,dentils
fundatorial,
fundatrices,
fundatrix,
funded,underfunded,unfunded,sindbad,refunded,overfunded
funder,dundore,wonder,under-,lunder,blunder,misunder,klunder,thunder,under,asunder,gunder,plunder,grunder,wunder,sunder
funders,sunders,plunders,thunders,wonders,blunders
fundholder,
fundi,bundy,gundy,mundie,vangundy,grundy,mundi,ulundi,cundy,fundy,mundy,cindi,sundy,lundy,fundie,monday,burundi
fundy,bundy,gundy,mundie,vangundy,grundy,mundi,ulundi,cundy,mundy,cindi,sundy,lundy,fundie,monday,fundi,burundi
fundic,mundic,syndic,dundalk,bundick
fundiform,lindiform
funding,defunding,underfunding,overfunding,refunding,interfunding
funditor,
funditores,
fundless,
fundmonger,
fundmongering,
fundraise,fund-raise
fundraising,displacing,tracing,chasing,gracing,spacing,effacing,erasing,outpacing,pasing,bracing,retracing,replacing,pacing,casing,defacing,facing,embracing,basing,debasing,placing,misplacing,lacing,racing
funds,refunds,bunds
funduck,
fundulinae,
funduline,
fundulus,
fundungi,
fundus,mundis,sindhis
funebre,
funebrial,
funebrious,
funebrous,
funeral,
funeralize,
funerally,
funerals,
funeral's,
funerary,mercenary,discretionary,parry,lapidary,veterinary,sanitary,missionary,arbitrary,temporary,eyrie,beneficiary,strawberry,mulberry,visionary,commentary,barre,contemporary,itinerary,extraordinary,proprietary,corollary,february,salutary,aerie,pecuniary,monetary,necessary,sanctuary,vary,ordinary,very,reactionary,gooseberry,contrary,apothecary,tertiary,obituary,stationery,berry,primary,cemetery,marry,dairy,literary,cautionary,prairie,subsidiary,sedentary,canary,hereditary,secondary,confectionary,scary,cherry,preliminary,unnecessary,secretary,fiduciary,nary,ary,capillary,tributary,bury,imaginary,hairy,emissary,judiciary,monastery,carry,vocabulary,blueberry,culinary,stationary,solitary,unitary,confectionery,huckleberry,ferry,library,ancillary,legendary,epistolary,airy,tarry,mary,harry,dictionary,merry,raspberry,estuary,military,seminary,wary,fairy,pulmonary,adversary,arie,revolutionary,customary,luminary
funerate,
funeration,
funereal,
funereality,
funereally,
funerealness,
funest,funnest,inust
funestal,
funfair,infare
fun-fair,
funfairs,
funfest,
fun-filled,
funfkirchen,
fungaceous,
fungal,jungle,bungle,mungle,antifungal
fungales,
fungals,
fungate,ingate
fungated,
fungating,
fungation,
funge,springe,spunge,munge,bunge,blunge,skringe,sponge,swinge,plunge,runge,younge,expunge,grunge,lunge,gunge
fungi,
fungi-,
fungia,
fungian,jungian,engyn,fungin,injun,bingen,lungen,dungeon,finjan
fungibility,
fungible,singable
fungibles,
fungic,munjuk
fungicidal,
fungicidally,
fungicide,stratified,decide,backside,stride,broadside,subside,applied,coincide,amplified,yuletide,slide,justified,fortified,fratricide,override,blindside,fide,wide,glide,modified,bromide,lied,eyed,ide,confide,hide,cyanide,guide,tied,preside,homicide,seaside,dignified,wayside,bide,decried,belied,suicide,ride,inside,beside,multiplied,genocide,pried,vide,bonafide,apartheid,oxide,landslide,countryside,side,curbside,terrified,chide,downside,implied,cockeyed,mortified,tried,defied,aside,dried,complied,denied,unified,dioxide,pride,qualified,occupied,tide,betide,pied,alongside,astride,worldwide,backslide,reside,shied,certified,collide,allied,plied,diversified,abide,bride,outside,satisfied,ratified,provide,petrified,preoccupied,classified,divide,deride,upside,hyde,peroxide,snide,pesticide
fungicides,besides,nides,backsides,pesticides,asides,suicides,fluorides,strides,resides,bides,derides,azides,homicides,triglycerides,guides,fides,insides,misguides,hides,confides,silversides,outsides,wides,iodides,overrides,insecticides,whitesides,fratricides,coincides,landslides,infanticides,peptides,polysaccharides,herbicides,ironsides,downsides,rides,bromides,divides,tellurides,brides,mountainsides,oxides,genocides,tides,chides,glucosides,presides,sides,slides,collides,roadsides,glides,prides,abides,decides,provides,lapides,hillsides,subsides
fungicolous,
fungid,
fungiferous,
fungify,
fungiform,
fungilliform,
fungillus,
fungin,jungian,engyn,injun,bingen,lungen,fungian,dungeon,finjan
fungistat,
fungistatic,
fungistatically,
fungite,
fungitoxic,
fungitoxicity,
fungivorous,
fungo,pingo,fingo,stingo,tongo,jingo,bungo,ningbo
fungoes,
fungoid,
fungoidal,
fungoids,
fungology,
fungological,
fungologist,
fungose,
fungosity,
fungosities,
fungous,tungus
fungurume,
fungus,
fungus-covered,
fungus-digesting,
fungused,
funguses,
fungusy,
funguslike,
fungus-proof,
funic,tinnock,tunick,huneke,finnic,linac,dunnock,kinic,quinic
funicle,tunicle
funicles,
funicular,
funiculars,
funiculate,
funicule,
funiculi,
funiculitis,
funiculus,cuniculus
funiform,ruiniform,cuniform,luniform
funiliform,
funipendulous,
funis,pinnies,eneas,sunnies,honeys,shawnees,moneys,ghanese,dunnies,whinnies,gunnies,bunnies,monies,funnies
funje,
funk,bunke,plunk,clunk,munk,trunk,skink,strunk,finunc,punk,kuhnke,dunc,crunk,monk,schmunk,flunk,debunk,runk,drunk,dunk,brunk,klunk,blunck,runck,ruhnke,shunk,xlink,krunk,skunk,hunke,spunk,spelunk,hunk,blunk,trink,vandunk,junk,chunk,yunk,slink,shrunk,funke,sunk,prink,slunk,juhnke,schunk,twink,funck,bunk,stunk,brunke
funked,prinked,clinked,debunked,dunked,skunked,junked,tinct,clunked,trunked,unked,chinked,pinked,dinked,adjunct,defunct,plunked,flunked,bunked,zinced,spelunked,kinked,chunked
funker,
funkers,
funky,gunky,punky,flunkey,punkie,zinky,junky,zincky,clunky,spunky,hinky,junkie,linchi,chinky,hunky,chunky,flunky,monkey
funkia,
funkias,
funkier,inkier,chunkier,junkier
funkiest,junkiest,chunkiest,inkiest
funkiness,stinkiness
funking,prinking,pinking,skunking,bunking,zincing,debunking,junking,monking,finking,trunking,flunking,plunking,clinking,spelunking,dunking,clunking,chinking,slinking,chunking,hsinking
funks,trunks,syncs,slinks,ginks,plunks,flunks,hunks,chunks,punks,thunks,dunks,lincs,clinks,dinks,junks,spelunks,debunks,sphynx,bunks,drunks,tunks,zincs,clunks,monks,skunks
funkstown,
funli,
fun-loving,unloving
funmaker,
funmaking,
funned,defund,wonned,pfund,bund,tunde,runde,schlund,und,fund,almelund,punned,grund,bunde,dunned,sund,rotund,overfund,lund,shunned,hund,tunned,stunned,sunned,underfund,superfund,twinned,mund,lunde,sunde,rund,kunde,gunned,compufund,outgunned,and,refund
funnel,dunnell,spinel,gunnel,munnell,bunnell,kuhnle,trunnel,funnell,chunnel,eurotunnel,trunnell,runnel,tunnell,hunnell,minaul,ginnel,spinelle,tunnel,gunnell,binal,quinol,multifunctional,brunell,dynel
funnel-breasted,
funnel-chested,
funneled,funnelled,tunneled,tunnelled,disgruntled
funnel-fashioned,
funnelform,
funnel-formed,
funneling,tunnelling,twinling,tunneling,funnelling
funnelled,tunneled,tunnelled,disgruntled,funneled
funnellike,
funnelling,funneling,tunnelling,tunneling
funnel-necked,
funnels,ginnels,runnells,ringhals,tunnels,runnels,gunnells,gunnels
funnel-shaped,
funnel-web,
funnelwise,
funny,tunney,smartmoney,munni,bunnie,bunny,aknee,sunny,spinny,lunny,thunny,honey,gunnie,gunny,money,squinny,bunney,dunny,squiny,blini,runny,sonny,euromoney,tunny,lunney
funnier,sunnier,moneyer,runnier,sonnier,tinnier
funnies,pinnies,eneas,sunnies,funis,honeys,shawnees,moneys,ghanese,dunnies,whinnies,gunnies,bunnies,monies
funniest,runniest,sunniest,tinniest
funnily,sunnily
funnyman,moneyman
funnymen,
funniment,
funniness,skinniness,sunniness,runniness
funning,punning,tunning,sunning,tinning,woning,overrunning,rerunning,cunning,wonning,chinning,stunning,skinning,running,gunning,dunning,shunning,outgunning,outrunning,bunning,twinning,pinang,shinning
funori,
funorin,
funs,outruns,munz,handguns,bruns,muns,overruns,munns,duns,reruns,shuns,tons,suns,unz,ones,stuns,tonnes,lunz,puns,frunze,younes,sons,outguns,kunze,kuns,glunz,nuns,guns,nones,quins,buns,blowguns,shotguns,megatons,homeruns,runs,kunz,dones,quinze,grandsons
fun-seeking,
funster,munster,instar,punster,dunster
funston,dunston,dunstan
funt,
funtumia,
fuquay,laduke
fur,myrrh,incur,derbyshire,slur,chauffeur,bir,ter,schnur,occur,fir,ver,monsieur,blur,transfer,sur,recur,reoccur,larkspur,longspur,connoisseur,burr,pere,dirr,ramseur,sir,concur,kerr,confer,ur,refer,birr,spurr,gurr,schur,fleur,saboteur,murr,thur,furr,pur,were,stir,entrepreneur,demur,bur,der,per,durr,eure,mercosur,cur,defer,restaurateur,restauranteur,sher,schwer,hur,infer,inter,spur,purr,cofer,shirr,lafleur,shur,deter,ker,prefer,scher,yer,amateur,shir,er,liqueur,her,fer
fur.,
furacana,
furacious,
furaciousness,
furacity,
fural,
furaldehyde,paraldehyde
furan,fleuron,urine,burin,buren,pleuron,buron,duren,turin,suren,honduran,murin,vanvooren
furandi,
furane,touraine,deraign,murrain,tourane,borane
furanes,
furanoid,
furanose,
furanoses,
furanoside,
furans,burins,hondurans,hurons
,
