wimblelike,
wimbles,
wimbling,
wimbrel,tumbrel,umbril,whimbrel,umbrel,umbral,timbrel,tumbril
wime,
wymer,runzheimer,rinehimer,brymer,frankenheimer,timer,rimer,hymer,old-timer,geimer,dahlheimer,westheimer,alzheimer,primer,reimer,kreimer,climer,schleimer,simer,leimer,chimer,pforzheimer,sondheimer,oppenheimer,clymer,behymer,rymer,climber,bruckheimer,weimer,heimer,brimer,dimer,shimer,steimer,fellheimer,klimer,eimer,wimer,altzheimer,reinheimer,rhymer,limer,weinheimer
wimick,
wimlunge,
wymore,
wymote,
wimp,limp,primp,trimpe,slimp,pimp,crimp,timpe,shrimp,scrimp,skimp,chimp,shimp,blimp,imp
wimpy,wimpee,skimpy,stimpy
wimpish,dumpish,lumpish,plumpish,mumpish,frumpish,blimpish
wimple,whimple,dumple,rumpel,crumple,rimple,crimple,rumple,humpal
wimpled,crimpled,crumpled,rumpled,pimpled
wimpleless,
wimplelike,
wimpler,
wimples,simples,crumples
wimpling,rumpling,crimpling,dumpling,dimpling,crumpling
wimps,glimpse,pimps,blimps,limps,chimps,crimps
wimsatt,
win,minh,lynne,gin,deerskin,qian,twin,shin,herein,guinn,has-been,akin,vin,spin,foreskin,digne,wynn,min,flynn,buckskin,chagrin,puffin,mandolin,ervin,allin,bryn,prynne,thin,violin,fin,syn,begin,guin,gwin,solzhenitsyn,rhin,when,underpin,linchpin,quinn,linne,levin,gwynne,ginn,lynn,brin,finn,been,tailspin,zinn,askin,astin,boleyn,pin,gyn,pigskin,gwynn,tin,adin,jin,grin,qin,quin,sin,ligne,therein,in,wherein,kingpin,dinh,kin,chin,blinn,erwin,berlin,djinn,redskin,skin,gwyn,schwinn,within,linn,din,yin,sheepskin,bedouin,sinn,lin,inn,lyn,bin,emlyn
wyn,
wina,
winamac,
wynantskill,
winare,
winberry,aerie,secretary,monetary,harry,ferry,arie,hereditary,beneficiary,sanctuary,unitary,stationery,contemporary,canary,fairy,necessary,huckleberry,stationary,vocabulary,obituary,confectionery,tertiary,visionary,nary,pulmonary,discretionary,wary,luminary,imaginary,sedentary,revolutionary,hairy,confectionary,airy,temporary,cemetery,contrary,fiduciary,unnecessary,scary,barre,literary,tarry,mary,capillary,subsidiary,epistolary,ary,february,sanitary,salutary,seminary,vary,very,lapidary,itinerary,merry,missionary,extraordinary,apothecary,cherry,library,estuary,eyrie,cautionary,mercenary,raspberry,veterinary,gooseberry,marry,blueberry,ordinary,solitary,culinary,dairy,customary,mulberry,secondary,prairie,preliminary,berry,adversary,corollary,arbitrary,carry,military,ancillary,emissary,proprietary,parry,primary,tributary,monastery,bury,dictionary,pecuniary,commentary,reactionary,legendary,judiciary,strawberry
winbrow,
winburne,
wince,vince,quince,linse,prince,mince,chinse,dinse,pinsk,evince,since,convince,rinse,pince,lince,port-au-prince,ince
winced,convinced,unconvinced,kinst,evinced,minced
wincey,muncie,muncee,muncey,runcie,muncy
winceyette,
winceys,
wincer,unser,rinser
wincers,
winces,quinces,rinses,dunces
winch,grinch,kinch,inch,lynch,goldfinch,synch,chinch,minch,clinch,finch,bulfinch,hinch,sinch,flinch,mcninch,cinch,tinch,linch,pinch
winched,bunched,munched,punched,lunched,hunched,finched,crunched,scrunched,squinched
winchell,
winchendon,
wincher,
winchers,
winches,munches,hunches,crunches,cinches,brunches,funches,flinches,lynches,punches,bunches,pinches,scrunches,lunches
winchester,dorchester,sylvester,zester,investor,vester,quester,mester,amvestor,westchester,wenchester,ester,hester,molester,ivester,questor,mestre,silvester,esther,tester,lester,requester,semester,fester,westar,sylvestre,vestar,testor,nester,protester,kester,wester,trester,chester,manchester,nestor,rochester,ancestor,trimester,questar,mclester,rester,jester,brester,leicester,pester,digester,bester,polyester,sequester,bankworcester,wrester
winching,scrunching,lunching,cinching,crunching,bunching,hunching,synching,punching,munching
winchman,
winchmen,
wincing,unconvincing,convincing,mincing,rinsing
wincingly,
winckelmann,
wincopipe,
wyncote,
wind,binned,pined,dinned,weekend,vined,enshrined,lined,underpinned,unkind,grinned,ginned,remind,wined,wunderkind,spined,crined,behind,headwind,redesigned,find,tinned,fined,chined,twined,outlined,intertwined,thinned,quarantined,hinde,shined,woodwind,defined,rind,unwind,lind,grind,unconfined,inclined,maligned,sinned,reassigned,assigned,dined,downwind,humankind,reclined,brined,opined,signed,confined,affined,finned,chinned,mankind,sidelined,underlined,blind,pinned,kind,rescind,bind,declined,aligned,whirlwind,mastermind,resigned,combined,unrefined,colorblind,streamlined,consigned,undermined,disinclined,nevermind,undefined,hind,mined,nonaligned,skinned,unsigned,chagrined,shinned,mind,tined,realigned,redefined,designed,sind,entwined,whined,unlined,refined
wynd,
windable,
windage,brundage,brundidge
windages,
windas,dundas
windaus,
windbag,
wind-bag,
windbagged,
windbaggery,
windbags,
wind-balanced,
wind-balancing,
windball,
wind-beaten,
wind-bell,
wind-bells,
windber,
windberry,
windbibber,
windblast,
wind-blazing,
windblown,
wind-blown,
windboat,
windbore,
wind-borne,
windbound,
wind-bound,
windbracing,
windbreak,
windbreaker,
windbreaks,
windbroach,
wind-broken,
wind-built,
windburn,
windburned,
windburning,
windburns,
windburnt,
windcatcher,
wind-changing,
wind-chapped,
windcheater,
windchest,
windchill,sil,still,jill,seville,demille,thrill,till,gil,lil,rill,ville,crill,brill,overfill,fil,hill,hornbill,swill,deville,landfill,thill,zill,goodwill,zil,dphil,til,skill,uphill,downhill,rille,quill,standstill,grill,windmill,dill,sawmill,belleville,distill,will,kill,fulfill,twill,tamil,daffodil,handbill,drill,bastille,mille,shill,treadmill,mandeville,pill,instill,fille,grille,il,spill,abril,prill,chill,overkill,distil,foothill,nil,mil,stil,nill,fill,trill,anthill,bill,advil,pil,shrill,krill,gill,bil,lille,refill,mill,brazil,ill,until,ghyll,cowgill,sill,wil,schill,phil,molehill,frill,bougainville,albertville
wind-clipped,
windclothes,
windcuffer,
wind-cutter,
wind-delayed,
wind-dispersed,
winddog,
wind-dried,
wind-driven,
winded,grinded,masterminded,long-winded,rescinded,reminded,blinded,minded,broken-winded,brinded,short-winded
windedly,
windedness,
wind-egg,
windel,
windelband,
wind-equator,
winder,minder,kinder,zinder,sidewinder,viewfinder,cinder,birdfinder,blinder,hinder,ginder,pinder,reminder,synder,grinder,binder,tinder,pathfinder,bookbinder,finder,buchbinder,linder,welinder
windermere,
windermost,
winder-on,
winders,blinders,reminders,bookbinders,meinders,binders,grinders,reinders,finders,cinders,hinders,flinders,rynders
windesheimer,
wind-exposed,
windfall,basketball,install,cortisol,thrall,volleyball,protocol,fastball,sprawl,downfall,haul,small,cholesterol,shawl,senegal,hall,wherewithal,bol,recall,trawl,freefall,coll,alcohol,saul,cannonball,squall,catcall,wall,spall,football,landfall,gaul,overhaul,ball,raul,caul,pol,eyeball,screwball,bawl,mol,forestall,shortfall,snowball,all,luminol,drywall,retinol,sol,softball,meatball,stall,tall,loll,call,nightfall,tal,waterfall,hardball,neanderthal,pratfall,oddball,crawl,natal,dol,blackball,doll,catchall,dahl,footfall,rainfall,dall,enthral,nepal,gall,brawl,mothball,moll,cabal,overall,baseball,mall,pitfall,fall,fireball,atoll,aerosol,pall,appall,befall,banal,paul,butterball,handball,ethanol,stonewall,drawl,scrawl,maul
windfallen,
windfalls,overhauls,gauls,alls,sauls,casals,recalls,crawls,dolls,spaceballs,walls,waterfalls,mothballs,schmalz,shawls,calls,rawles,trackballs,drawls,reinstalls,trawls,dalles,falls,bawls,ingalls,mcfalls,mcgols,walz,palls,balz,hauls,protocols,butterballs,paules,softballs,brawls,pitfalls,footballs,ralls,catcalls,rawls,balls,forestalls,fireballs,befalls,shortfalls,appalls,basketballs,colles,marshalls,riyals,stalls,snowballs,malls,lolls,pratfalls,aerosols,fastballs,qualls,coveralls,salz,salls,handballs,ryals,beachballs,galls,nalls,rainfalls,idaho-falls,bahls,smalls,valls,eyeballs,meatballs,oddballs,overalls,mauls,scrawls,baseballs,pauls,dols,neanderthals,squalls,sprawls,halls,installs
wind-fanned,
windfanner,
wind-fast,
wind-fertilization,
wind-fertilized,
windfirm,
windfish,
windfishes,
windflaw,
windflaws,
windflower,
wind-flower,
windflowers,
wind-flowing,
wind-footed,
wind-force,
windgall,
wind-gall,
windgalled,
windgalls,
wind-god,
wind-grass,
wind-guage,
wind-gun,
windham,windom,wyndham
wyndham,windom,windham
windhoek,soak,keystroke,stoak,spoke,croak,stoke,coke,gunsmoke,slowpoke,roanoke,croke,awoke,hoek,woke,choak,pembroke,smoke,snoke,woolfolk,roque,yoke,holyoke,moke,droke,evoke,scoke,joke,townsfolk,hoak,oak,kolk,koch,doke,poke,moak,cloak,bloke,masterstroke,doak,revoke,flowk,stroke,invoke,sloke,misspoke,wolk,wouk,choke,cloke,cocke,polk,backstroke,noack,provoke,baroque,broke,groak,hoke,smoak,yolk,artichoke,folk,boak
windhole,
windhover,
wind-hungry,
windy,dindy,rindy,bindi,rawalpindi,findy,cindy,cindie,lindy,kindy,mindy,cyndi,indy,shindy,hindi,indie
windy-aisled,
windy-blowing,
windy-clear,
windier,
windiest,
windy-footed,
windigo,bendigo
windigos,
windy-headed,
windily,
windill,
windy-looking,
windy-mouthed,
windiness,
winding,grinding,finding,reminding,nonbinding,blinding,masterminding,minding,spellbinding,binding,unwinding
windingly,
windingness,
windings,refundings
winding-sheet,
wind-instrument,
wind-instrumental,
wind-instrumentalist,
windyville,
windy-voiced,
windy-worded,
windjam,
windjammer,
windjammers,
windjamming,
wind-laid,
wind-lashed,
windlass,
windlassed,
windlasser,
windlasses,
windlassing,
windle,tindell,spindle,swindall,hindle,shindle,tindle,dwindle,swindle,swindell,mindel,tindall,tindol,prindle,prindl,bindle,spindel,brindle,schindel,tindel,bindel,kindall,kindle,indal,windell,lindell,tyndall,kindell,grindle,kindel,tindal,pindell,rekindle
windled,
windles,
windless,
windlessly,
windlessness,
windlestrae,
windlestraw,
windlike,
windlin,
windling,
windlings,
wind-making,
wyndmere,
windmill,sil,still,jill,seville,demille,thrill,till,gil,lil,rill,ville,crill,brill,overfill,fil,hill,hornbill,swill,deville,landfill,thill,zill,goodwill,zil,dphil,til,skill,uphill,downhill,rille,quill,standstill,grill,dill,sawmill,belleville,distill,will,kill,fulfill,twill,tamil,daffodil,handbill,drill,bastille,mille,shill,treadmill,mandeville,pill,instill,fille,grille,il,spill,abril,prill,chill,overkill,distil,foothill,nil,mil,stil,nill,fill,trill,anthill,bill,advil,pil,shrill,krill,gill,bil,lille,refill,mill,brazil,ill,until,ghyll,cowgill,sill,wil,schill,phil,molehill,frill,bougainville,albertville
windmilled,
windmilly,
windmilling,
windmill-like,
windmills,pilz,anthills,pills,overbills,milz,frills,spills,landfills,treadmills,cills,bills,chills,ills,mils,stills,dils,instills,rototilles,handbills,tamils,calills,hills,catskills,sills,tills,distills,fulfills,daffodils,wills,freshkills,mills,nils,hornbills,zills,fills,dills,drills,cranesbills,crossbills,billes,bonnevilles,schilz,refills,whippoorwills,stils,sawmills,minimills,thrills,kills,jills,skills,grills,gills,foothills
windmill's,
wind-nodding,
wind-obeying,
windock,
windom,windham,wyndham
windore,
wind-outspeeding,
window,lindow,indo-,jindo,indo,lindo
window-breaking,
window-broken,
window-cleaning,
window-dress,
window-dresser,
window-dressing,
windowed,
window-efficiency,
windowful,
windowy,
windowing,
windowless,
windowlessness,
windowlet,
windowlight,
windowlike,
windowmaker,
windowmaking,
windowman,
window-opening,
windowpane,refrain,wane,plain,bain,strain,swain,partain,slain,main,migraine,maintain,ane,germane,kane,jane,zane,crane,obtain,crain,thane,drain,abstain,entertain,ordain,domain,inhumane,rein,trane,retain,sane,constrain,champagne,mundane,again,grain,fane,plane,wain,spain,lane,lain,germain,germaine,quain,inane,disdain,stain,explain,deign,mane,humane,brain,vane,cocaine,ascertain,bane,airplane,detain,sustain,twain,cane,insane,hurricane,maine,romaine,shane,reign,wayne,saine,remain,sprain,rain,arraign,vain,gain,urbane,pane,chain,train,contain,cain,arcane,fein,skein,dane,aine,campaign,pain,attain,vein,legerdemain,feign,fain,profane,pertain,moraine,membrane,terrain,complain,restrain
windowpanes,stains,jains,restrains,vanes,pains,baynes,entertains,skeins,regains,ganes,magallanes,migraines,brains,thanes,rains,plains,contains,haines,canes,fains,raynes,sustains,blains,baines,wanes,gains,mainz,pertains,reigns,terrains,planes,attains,staines,remains,domains,panes,maintains,complains,caines,yanes,skains,alkanes,reins,jaynes,llanes,membranes,fanes,warplanes,reines,cranes,sprains,hurricane,retains,danes,obtains,explains,champagnes,refrains,trains,janes,veins,cains,maynes,grains,campaigns,hains,hurricanes,strains,raines,bains,deigns,monoplanes,ranes,haynes,gaines,chains,constrains,swains,sainz,hanes,keynes,maines,manes,bloodstains,feigns,lanes,mains,banes,drains,disdains
windowpeeper,
window-rattling,
windows,
window's,
windowshade,
window-shop,
windowshopped,
window-shopper,
windowshopping,
window-shopping,
windowshut,
windowsill,
window-smashing,
window-ventilating,
windowward,
windowwards,
windowwise,
wind-parted,
windpipe,
windpipes,
windplayer,
wind-pollinated,
wind-pollination,
windproof,
wind-propelled,
wind-puff,
wind-puffed,
wind-raising,
wind-rent,
windring,
windroad,
windrode,
wind-rode,
windroot,
windrow,dendro,dendro-,undro
windrowed,
windrower,
windrowing,
windrows,
winds,behinds,masterminds,rescinds,finds,minds,rinds,mankinds,headwinds,reminds,hynds,lynds,grinds,kinds,windes,blinds,hinds,woodwinds,hindes,binds,ninds
wynds,
windsail,
windsailor,
wind-scattered,
windscoop,
windscreen,
wind-screen,
windshake,
wind-shake,
wind-shaken,
windshield,whitefield,yield,appealed,plainfield,concealed,outfield,afield,springfield,neild,congealed,kneeled,stanfield,greenfield,cranfield,keeled,northfield,bluefield,resealed,wheeled,redfield,field,shield,brownfield,oilfield,hayfield,mayfield,neeld,heeled,wield,canfield,bonfield,brookfield,belfield,penfield,unsealed,squealed,holyfield,porterfield,garfield,fairfield,hatfield,battlefield,pealed,heald,bloomfield,delafield,infield,highfield,airfield,reeled,rayfield,oldfield,masefield,healed,unconcealed,sealed,copperfield,peeled,scofield,backfield,summerfield,caulfield,goldfield,repealed,revealed,cornfield,winfield,richfield,wingfield,minefield,chesterfield,mansfield,wakefield,bakersfield,feild,steeled
windshields,brownfields,battlefields,yields,goldfields,oilfields,cornfields,nields,backfields,wields,minefields,oshields,copperfields,greenshields,fields,shields,outfields,hayfields,airfields
wind-shift,
windship,
windshock,
windslab,
windsock,
windsocks,
windsor,winsor,linzer,winzer,inzer,kinzer
windsorite,
windstorm,reform,freeform,misinform,forme,chloroform,torme,disinform,brainstorm,inform,platform,deform,lukewarm,cuneiform,horme,form,perform,norm,firestorm,sandstorm,dorm,barnstorm,thunderstorm,coliform,transform,snowstorm,outperform,conform,storm,underperform,maidenform,orme,rainstorm,schwarm,hailstorm,landform,swarm,warm,uniform
windstorms,
windstream,
wind-struck,
wind-stuffed,
windsucker,
wind-sucking,
windsurf,
windswept,pepped,sidestepped,yclept,leaped,sept,leapt,precept,kept,except,crept,prepped,slept,intercept,clept,sept-,stepped,inept,overslept,swept,adept,hept-,accept,schlepped,overstepped,wept
wind-swept,
wind-swift,
wind-swung,
wind-taut,
windthorst,
windtight,
wind-toned,
windup,warmup,sup,pup,buttercup,holdup,grownup,cup,pickup,breakup,close-up,teacup,markup,start-up,cleanup,pileup,buildup,startup,backup,hookup,lockup,push-up,makeup,coverup,followup,closeup,standup,checkup,krupp,pushup,up,wakeup,roundup,lineup,ygwypf,yup,blowup,setup
wind-up,
windups,
windway,
windways,
windwayward,
windwaywardly,
wind-wandering,
windward,
windwardly,
windwardmost,
windwardness,
windwards,
wind-waved,
wind-waving,
wind-whipped,
wind-wing,
wind-winged,
wind-worn,
windz,
windzer,
wine,turpentine,incline,rine,zine,dopamine,frontline,nine,benign,baseline,enshrine,concubine,shine,confine,dine,sign,alpine,resign,entwine,assign,malign,affine,divine,trine,streamline,genuine,bovine,sunshine,consign,chine,stein,lifeline,whine,decline,alkaline,align,aline,underline,vine,opine,punchline,thine,outshine,tagline,deadline,undermine,swine,endocrine,borderline,guideline,clementine,saccharine,porcupine,combine,skyline,supine,devine,lupine,stine,equine,online,valentine,moonshine,fine,intertwine,brine,outline,asinine,cline,shrine,spline,airline,byzantine,twine,mine,pine,line,feline,ballantine,byline,fein,crystalline,spine,refine,sine,hotline,canine,grapevine,define,headline,tine,eglantine,palatine,sideline,quinine,storyline,pipeline,serpentine,iodine,design
wyne,turpentine,incline,rine,zine,dopamine,frontline,nine,benign,baseline,enshrine,concubine,shine,confine,dine,sign,alpine,resign,entwine,assign,malign,affine,divine,trine,streamline,genuine,bovine,sunshine,consign,chine,stein,lifeline,whine,decline,alkaline,wine,align,aline,underline,vine,opine,punchline,thine,outshine,tagline,deadline,undermine,swine,endocrine,borderline,guideline,saccharine,porcupine,combine,skyline,supine,devine,lupine,stine,equine,online,valentine,moonshine,fine,intertwine,brine,outline,asinine,cline,shrine,spline,airline,byzantine,twine,mine,pine,line,feline,ballantine,byline,fein,crystalline,spine,refine,sine,hotline,canine,grapevine,define,headline,tine,eglantine,palatine,sideline,quinine,storyline,pipeline,serpentine,iodine,design
wineball,
winebaum,
wineberry,
wineberries,
winebibber,
winebibbery,
winebibbing,
winebrennerian,
wine-bright,
wine-colored,wine-coloured
wineconner,
wine-cooler,
wine-crowned,
wine-cup,
wined,chined,inclined,mastermind,resigned,combined,unrefined,colorblind,twined,streamlined,maligned,consigned,pined,reassigned,elkind,assigned,undermined,dined,disinclined,nevermind,undefined,hind,outlined,vined,mined,enshrined,lined,nonaligned,intertwined,unsigned,unkind,humankind,quarantined,reclined,headlined,brined,opined,shined,signed,remind,confined,affined,mind,defined,wind,wunderkind,tined,mankind,spined,crined,behind,sidelined,rind,realigned,redefined,redesigned,designed,underlined,blind,unwind,entwined,grind,kind,whined,find,bind,declined,aligned,fined,unconfined,unlined,refined
wine-dark,
wine-drabbed,
winedraf,
wine-drinking,
wine-driven,
wine-drunken,
wineglass,
wineglasses,
wineglassful,
wineglassfuls,
winegrower,
winegrowing,
wine-hardy,
wine-heated,
winehouse,
wine-house,
winey,riney,spiny,heiney,heini,shiny,sunshiny,swiney,dominy,viney,piny,whiney,bliny,piney,signee,heiny,whiny,briny,beiny,tiny
wineyard,
wineier,
wineiest,
wine-yielding,
wine-inspired,
wine-laden,
wineless,fineless,spineless
winelike,
winemay,
winemake,
winemaker,
winemaking,
winemaster,
wine-merry,
winepot,
winepress,
wine-press,
winepresser,
wine-producing,
winer,griner,siner,finkbiner,shriner,piner,headliner,scheiner,tiner,bodensteiner,spinor,freightliner,bryner,greiner,refiner,briner,byner,kleiner,minor,whiner,stiner,wiener,sinar,kiner,designer,shiner,diner,steiner,tyner,airliner,riner,schriner,schreiner,miner,heiner,einar,carliner,finer,niner,signer,weiner,viner,liner,minar,gumbiner,hiner,sinor,recliner,reiner,leiner,kreiner,eyeliner,finkbeiner,feiner,kriner,meiner,decliner,bayliner,twiner,berliner,jetliner,breiner,hardliner,shinar,criner,zeiner
wyner,griner,siner,finkbiner,shriner,piner,headliner,scheiner,tiner,bodensteiner,spinor,freightliner,bryner,greiner,refiner,briner,byner,kleiner,minor,whiner,stiner,wiener,sinar,kiner,designer,shiner,diner,steiner,tyner,airliner,riner,schriner,schreiner,miner,heiner,einar,carliner,finer,niner,signer,weiner,viner,liner,minar,gumbiner,hiner,sinor,recliner,reiner,leiner,kreiner,eyeliner,finkbeiner,feiner,kriner,meiner,decliner,bayliner,twiner,berliner,jetliner,breiner,hardliner,shinar,winer,criner,zeiner
wine-red,
winery,binary,finery,refinery,whinery
wineries,refineries
winers,
wines,pynes,quarantines,concubines,underlines,lynes,reclines,tynes,rhines,shrines,baselines,hines,splines,heines,kines,confines,assigns,pines,allgemeines,bynes,chines,strandlines,jines,heinze,twines,mines,inclines,lifelines,bloodlines,grapevines,brines,bines,fines,defines,deadlines,storylines,affines,hotlines,zines,heinz,dines,coastlines,rines,outshines,aligns,designs,headlines,dynes,airlines,steins,refines,glines,guidelines,lines,rhynes,steines,hynes,clines,villines,outlines,pipelines,hemlines,redefines,karlheinz,canines,heins,nightlines,sidelines,vines,wynes,landmines,guynes,spines,swines,signs,datelines,huffines,shines,whines,rynes,columbines,tines,gines,felines,resigns,alines,neyens,porcupines,declines,skylines,sines,valentines,stines,combines,burdines,kinds,undermines,opines,nines
winesap,pinesap
winesburg,
wine-selling,
wine-shaken,
wineshop,
wineshops,
wineskin,
wineskins,
wine-soaked,
winesop,
winesops,
wine-stained,
wine-stuffed,
wine-swilling,
winetaster,
winetasting,
wine-tinged,
winetree,
winevat,
wine-wise,
winfall,
winfield,whitefield,yield,appealed,plainfield,concealed,outfield,afield,springfield,neild,congealed,kneeled,stanfield,greenfield,cranfield,keeled,northfield,bluefield,resealed,wheeled,redfield,field,shield,brownfield,oilfield,hayfield,mayfield,neeld,heeled,wield,canfield,bonfield,brookfield,belfield,penfield,unsealed,squealed,holyfield,porterfield,garfield,fairfield,hatfield,battlefield,pealed,heald,bloomfield,delafield,infield,windshield,highfield,airfield,reeled,rayfield,oldfield,masefield,healed,unconcealed,sealed,copperfield,peeled,scofield,backfield,summerfield,caulfield,goldfield,repealed,revealed,cornfield,richfield,wingfield,minefield,chesterfield,mansfield,wakefield,bakersfield,feild,steeled
winfred,winfrid
winfree,emcee,syncope,hawaii,me,reality,mi,flea,trustee,kabuki,ree,di,turnkey,pony,cree,glee,ye,tee,agree,qi,free,nee,ac,he,degree,hee,machete,thee,sunday,g,fee,potpourri,ne,cc,t,referee,esprit,flee,marquee,indri,lessee,partee,pre,payee,scree,apogee,spree,repartee,bee,precis,debris,v,guaranty,we,xi,lee,jubilee,asap,calliope,snee,actuary,ski,decree,lea,e,oversee,tv,yee,tree,de,hyperbole,plea,gee,ghee,si,wee,bourgeoisie,b,be,z,foresee,pea,idiosyncrasy,nestle,p,quay,d,three,marquis,guarantee,c,tea,carefree,she,banshee,see,dee,key,knee,sea,pee
winfrid,winfred
winful,
wing,swing,dring,sling,fring,djing,forewing,shoestring,zing,ling,ming,sting,thing,schwing,sexting,hing,thring,ying,jing,ringe,ping,cling,ring,bling,ging,pling,string,xing,shing,anything,hamstring,ning,pring,leftwing,fling,thwing,singh,wellspring,erving,kring,offspring,ding,kling,spring,snorkeling,sing,downswing,ting,everything,texting,chongqing,king,wring,beijing,rightwing,plaything,bellyaching,ching,peking,ing,bring,qing,bing,unring,upswing
wingable,
wingate,repudiate,disseminate,great,predicate,postulate,inculcate,fate,reiterate,anticipate,compensate,mandate,delineate,collaborate,abdicate,profligate,surrogate,obfuscate,appreciate,extrapolate,desolate,conflate,manipulate,elaborate,accommodate,obviate,gate,abate,corroborate,spate,weight,mate,relate,facilitate,appropriate,consolidate,communicate,trait,graduate,state,estimate,propagate,straight,vacillate,debate,resonate,late,designate,advocate,exacerbate,freight,incorporate,procrastinate,precipitate,denigrate,consummate,contemplate,initiate,assimilate,evaluate,integrate,stipulate,mitigate,intimate,emanate,create,associate,alleviate,update,subordinate,celebrate,ameliorate,demonstrate,date,coordinate,dissipate,abrogate,dedicate,adequate,gait,alternate,estate,moderate,commiserate,rate,arrogate,delegate,emulate,indicate,rait,separate,cultivate,plate,slate,deliberate,collate,innate,elucidate,wait,deprecate,articulate
wingback,quack,hijack,black,wrack,maniac,skipjack,rack,ransack,knapsack,cardiac,feedback,throwback,bushwhack,blackjack,backtrack,comeback,lumberjack,setback,anorak,lilac,piggyback,claque,ack,sack,knickknack,flapjack,tack,cadillac,whack,back,amnesiac,razorback,flak,mack,pac,attack,jacques,frack,cutback,pack,wack,outback,fallback,sidetrack,eniac,rucksack,crack,zodiac,pontiac,lac,brack,plaque,smack,stack,snack,kodak,yak,thwack,soundtrack,flack,mac,drawback,track,aback,greenback,humpback,hack,cognac,tarmac,wisecrack,payback,flashback,nymphomaniac,quarterback,dak,chirac,lack,slack,shack,almanac,rollback,sac,tac,unpack,jack,kickback,paque,yack,megalomaniac,fac,hatchback,counterattack,plack,knack,backpack,insomniac,pak,clack
wingbacks,
wingbeat,
wing-borne,
wingbow,
wingbows,
wing-broken,
wing-case,
wing-clipped,
wingcut,
wingdale,
wingding,dingdong
wing-ding,
wingdings,
winged,tinged,dinged,pinged,whinged,ringed,kinged,stringed
winged-footed,
winged-heeled,
winged-leaved,
wingedly,
wingedness,
winger,gunslinger,gumbinger,herrlinger,klinger,right-winger,clinger,wringer,swinger,dinger,leftwinger,herzlinger,minger,binger,stinger,schwinger,yinger,singer,slinger,linger,inger,zinger,ratzinger,stringer,left-winger,ringer,pinger,springer,sindlinger,petzinger
wingers,stingers,swingers,singers,left-wingers,right-wingers,leftwingers,gunslingers,ringers,stringers
wingfish,stingfish,clingfish,tonguefish,kingfish
wingfishes,
wing-footed,
winghanded,
wing-hoofed,
wingy,zingy,thingy,stringy,dinghy
wingier,
wingiest,
wingina,
winging,wringing,flinging,clinging,singing,upbringing,bringing,slinging,stringing,mudslinging,ringing,springing,swinging,pinging,stinging
wingle,
wing-leafed,
wing-leaved,
wingless,stingless,lungless,tongueless,ringless,stringless,springless,kingless
winglessness,
winglet,kinglet,tonguelet,singlet,springlet,ringlet
winglets,
winglike,gleich,glike,childlike,dyck,starchlike,businesslike,hornlike,berrylike,eellike,alike,dreamlike,mosslike,lyke,shrike,eyelike,fernlike,homelike,like,dislike,warlike,saltlike,wike,platelike,psych-,spike,ladylike,statesmanlike,knifelike,ike,unlike,wyke,ghostlike,grike,pike,bleich,tike,updike,moonlike,airstrike,dike,starlike,sharklike,stike,workmanlike,carmike,weich,turnpike,skrike,swordlike,fanlike,grasslike,plantlike,vandyke,dyke,trike,glasslike,apelike,leaflike,netlike,mike,beaklike,doglike,fyke,wormlike,pyke,eich,bike,fike,lifelike,rike,teich,needlelike,strike,hitchhike,klondike,brike,lookalike,birdlike,tyke,catlike,unsportsmanlike,motorbike,snakelike,hike,reich,psych
wing-limed,
wing-loose,
wing-maimed,
wingman,springman,bingman,bringman,ingman,kingman,klingman,syngman,dingman,clingman
wingmanship,
wing-margined,
wingmen,
wingo,mozingo,mingo,ringo,monzingo
wingover,hungover
wingovers,
wingpiece,
wingpost,
wings,brings,everythings,swings,krings,wrings,stings,springs,strings,things,pings,rings,clings,somethings,lings,mings,upswings,slings,playthings,hamstrings,kings,sings,flings,dings,forewings
wingseed,
wing-shaped,tongue-shaped,ring-shaped
wing-slot,
wingspan,taliban,ferdinand,anne,saran,deadpan,clan,kazakhstan,iran,minuteman,kinsman,middleman,van,lifespan,span,than,bogeyman,tan,mann,sedan,rodin,tran,divan,caftan,batman,pan,ban,superman,journeyman,klan,merman,saucepan,doorman,afghanistan,milan,sudan,strongman,japan,moran,caveman,fisherman,bhutan,zan,san,kan,ann,catamaran,yan,bran,liane,can,ran,cancan,handyman,tarzan,tristan,clergyman,pecan,hann,began,chan,pakistan,caravan,gamesman,suntan,quran,gran,gan,flan,sideman,helmsman,snowman,cyan,man,rattan,moulin,businessman,nan,bedpan,hitman,jan,cannes,madman,quean,sandman,shan,fan,loran,an,plan,scan,anchorman,afghan,stan,dan,skean,lan,scran
wingspans,
wingspread,
wingspreads,
wingstem,
wing-swift,
wingtip,
wing-tip,
wing-tipped,
wingtips,
wing-weary,
wing-wearily,
wing-weariness,
wing-wide,
wini,
winy,
winier,
winiest,
winifield,
winifred,
winifrede,
winigan,
winikka,
wining,realigning,redesigning,whining,designing,outlining,splining,outshining,breining,underlining,fining,sining,quarantining,steining,streamlining,pining,signing,headlining,undermining,reclining,dining,lining,aligning,declining,mining,vining,redlining,redefining,assigning,divining,twining,reassigning,resigning,combining,brining,xining,opining,defining,seining,intertwining,chining,affining,shining,confining,refining,vanhyning
winish,
wink,plink,flink,dink,zinck,rethink,finke,lynk,pinche,clink,think,cinque,sync,doublethink,cinq,smink,rinke,finck,scink,softdrink,klink,minc,precinct,drink,spink,zink,inc,blink,linc,klinke,bink,rinck,ink,pink,link,minke,klinck,zinc,sink,mink,vink,airlink,brink,hink,chink,zinke,swink,linke,chinche,hinck,frink,interlink,shrink,fink,hoodwink,rink,stink
winked,extinct,hoodwinked,inked,indistinct,blinked,linked,precinct,interlinked,distinct,succinct
winkel,krenwinkle,bulwinkle,hinkle,hinkel,minkel,dinkel,garfinkle,finkle,vanwinkle,kinkle,schinkel,trinkle,bullwinkle,wrinkle,winkle,kinkel,finckle,shinkle,sprinkle,finkel,twinkle,sprinkel,tinkle
winkelman,finkelman,pinkelman,hinkelman,winkleman,winkelmann
winkelried,
winker,brinker,rinker,thinker,freethinker,tinker,sinker,treblinka,klinker,kinker,pinker,slinker,drinker,inker,linker
winkered,
wynkernel,
winkers,plunkers,blinkers,clinkers,hunkers,dunkers,bunkers,junkers,sinkers,munkres,clunkers,younkers,spelunkers
winking,blinking,unthinking,drinking,rethinking,shrinking,plinking,sinking,linking,thinking,stinking
winkingly,shrinkingly,stinkingly
winkle,krenwinkle,bulwinkle,hinkle,hinkel,minkel,dinkel,garfinkle,finkle,winkel,vanwinkle,kinkle,schinkel,trinkle,bullwinkle,wrinkle,kinkel,finckle,shinkle,sprinkle,finkel,twinkle,sprinkel,tinkle
winkled,
winklehawk,
winklehole,
winkle-pickers,
winkles,twinkles,winkels,sprinkles,wrinkles
winklet,
winkling,
winklot,
winks,kinks,jinks,thinks,pinks,skinks,sphinx,brinks,drinks,minks,stinks,rinks,precincts,lincks,airlinks,links,spinks,chinks,inks,sinks,jynx,shrinks,jinx,finks,xilinx,mincks,blinks,lynx
winless,sonless,chinless,shunless,gunless,sinless,finless,sunless
winlestrae,
winly,
winlock,
winn,minh,lynne,gin,deerskin,qian,twin,shin,herein,guinn,has-been,akin,vin,spin,foreskin,digne,wynn,min,flynn,buckskin,chagrin,puffin,mandolin,ervin,allin,bryn,prynne,thin,violin,fin,syn,begin,guin,solzhenitsyn,rhin,when,underpin,win,linchpin,quinn,linne,levin,gwynne,ginn,lynn,brin,finn,been,tailspin,zinn,askin,astin,boleyn,pin,gyn,pigskin,gwynn,tin,adin,jin,grin,qin,quin,sin,ligne,therein,in,wherein,kingpin,dinh,kin,chin,blinn,erwin,berlin,djinn,redskin,skin,gwyn,schwinn,within,linn,din,yin,sheepskin,bedouin,sinn,lin,inn,lyn,bin,emlyn
wynn,minh,lynne,gin,deerskin,qian,twin,shin,herein,guinn,has-been,akin,vin,spin,foreskin,digne,min,flynn,buckskin,chagrin,puffin,mandolin,ervin,allin,bryn,prynne,thin,violin,fin,syn,begin,guin,gwin,solzhenitsyn,rhin,when,underpin,win,linchpin,quinn,linne,levin,gwynne,ginn,lynn,brin,finn,been,tailspin,zinn,askin,astin,boleyn,pin,gyn,pigskin,gwynn,tin,adin,jin,grin,qin,quin,sin,ligne,therein,in,wherein,kingpin,dinh,kin,chin,blinn,erwin,berlin,djinn,redskin,skin,gwyn,schwinn,within,linn,din,yin,sheepskin,bedouin,sinn,lin,inn,lyn,bin,emlyn
winna,
winnable,unwinnable
winnabow,
winnah,
winnard,
wynnburg,
winne,minh,lynne,gin,deerskin,qian,twin,shin,herein,guinn,has-been,akin,vin,spin,foreskin,digne,wynn,min,flynn,buckskin,chagrin,puffin,mandolin,ervin,allin,bryn,prynne,thin,violin,fin,syn,begin,guin,solzhenitsyn,rhin,when,underpin,win,linchpin,quinn,linne,levin,gwynne,ginn,lynn,brin,finn,been,tailspin,zinn,askin,astin,boleyn,pin,gyn,pigskin,gwynn,tin,adin,jin,grin,qin,quin,sin,ligne,therein,in,wherein,kingpin,dinh,kin,chin,blinn,erwin,berlin,djinn,redskin,skin,gwyn,schwinn,within,linn,din,yin,sheepskin,bedouin,sinn,lin,inn,lyn,bin,emlyn
wynne,minh,lynne,gin,deerskin,qian,twin,shin,herein,guinn,has-been,akin,vin,spin,foreskin,digne,wynn,min,flynn,buckskin,chagrin,puffin,mandolin,ervin,allin,bryn,prynne,thin,violin,fin,syn,begin,guin,solzhenitsyn,rhin,when,underpin,win,linchpin,quinn,linne,levin,gwynne,ginn,lynn,brin,finn,been,tailspin,zinn,askin,astin,boleyn,pin,gyn,pigskin,gwynn,tin,adin,jin,grin,qin,quin,sin,ligne,therein,in,wherein,kingpin,dinh,kin,chin,blinn,erwin,berlin,djinn,redskin,skin,gwyn,schwinn,within,linn,din,yin,sheepskin,bedouin,sinn,lin,inn,lyn,bin,emlyn
winnebago,tobago,ortego,craigo,diego,spago,prego,frago,sago,san-diego,boslego,otsego
winnebagos,
winneconne,
winnecowet,
winned,
winnel,
winnelstrae,
winnemucca,
winnepesaukee,
winner,zinner,thinner,minner,sinner,cwynar,kinner,binner,dinner,spinner,flinner,beginner,skinner,brinner,gwinner,breadwinner,pinner,tinner,ginner,inner,finner,berliner,printer
winners,sinners,beginners,spinners,breadwinners,linares,shinners,hinners,dinners,inners,printers,berliners
winner's,
winnetka,
winnetoon,
winnett,minute,minot,sinnott,stinnett,pinot,linnet,inabinet,mynatt,sinnett,minott,synnott,minit,kinnett,vinet,minet
wynnewood,
winnfield,
winni,
winny,binney,tinney,binnie,shinny,pinney,mcelhiney,mcelhinny,minny,tinny,briney,ginnee,kinnie,spinney,skinny,minney,innie,zinni,finnie,iny,inknee,mcwhinney,ginnie,vinny,djinny,finney,swinney,finny,hinny,whinny,vinnie,tinnie,minnie,winnie,pliny,pinnae,shinney,phinney,hiney,benni,mckinnie,kinney,ninny,pinny,minae,mckinney,sliney,glynnie,binny,minni,djinni,mini,jinni,guinea,quinney,ignominy,ginny,kinny,mckinny,guiney,mackinney,mcelhinney,linney,mini-
wynny,
winnick,vinnick,vinik,vinick,dominik,finnick,chinnock,pinnock,minick,pinnick,kinnick,kinnock,cynic,linnik,shinnick,clinic,winick,minnick,winik,monoclinic
winnie,binney,tinney,binnie,shinny,pinney,mcelhiney,mcelhinny,minny,tinny,briney,ginnee,kinnie,spinney,skinny,minney,innie,zinni,finnie,iny,inknee,mcwhinney,ginnie,vinny,djinny,finney,swinney,finny,hinny,whinny,vinnie,tinnie,minnie,pliny,pinnae,shinney,phinney,hiney,benni,mckinnie,kinney,ninny,pinny,minae,mckinney,sliney,glynnie,binny,minni,djinni,mini,jinni,guinea,quinney,ignominy,ginny,winny,kinny,mckinny,guiney,mackinney,mcelhinney,linney,mini-
wynnie,
winnifred,
winning,beginning,finning,underpinning,thinning,printing,imprinting,sinning,spinning,grinning,pinning,ginning,binning,dinning
winningly,stunningly,punningly,grinningly,cunningly,runningly
winningness,cunningness
winnings,innings,beginnings,underpinnings,printings
winninish,
winnipeg,
winnipegger,
winnipegosis,
winnipesaukee,
winnisquam,
winnle,
winnock,
winnocks,
winnonish,
winnow,blow,rainbow,hello,show,dado,aglow,hoe,crow,bestow,so,photo,patio,torpedo,vertigo,forgo,hydro,solo,tempo,go,rococo,joe,woe,beau,espresso,doe,indigo,tow,foe,virago,owe,dough,ho,below,co,escrow,bowe,veto,potato,adagio,although,mow,otto,undergo,willow,tableau,flow,snow,borrow,ratio,bio,apropos,lo,tomato,yoe,forego,archipelago,know,tomorrow,manifesto,studio,gusto,low,toe,meadow,glo,calypso,pro,slow,quo,buffalo,row,rhino,audio,o,whoa,roe,torso,coco,radio,micro,tornado,no,plateau,cameo,aficionado,portico,portfolio,plough,fallow,grow,overthrow,throw,shadow,though,grotto,sew,mo,glow
winnow-corb,
winnowed,towed,brode,owed,crossroad,coed,snowed,sowed,reload,tiptoed,mowed,forebode,road,cathode,glowed,code,knowed,anode,unbowed,episode,mode,crowed,goad,flowed,methode,node,moad,busload,overflowed,bestowed,explode,unload,chode,microcode,shoad,blowed,radioed,outmode,showed,payload,decode,stowed,caseload,shode,corrode,toed,railroad,rhode,thode,trode,lowed,ode,lode,bestrode,boatload,abode,spode,bode,troad,slowed,borrowed,inroad,workload,plateaued,encode,strode,erode,mustachioed,shrowd,nematode,glode,load,bowed,sewed,implode,overrode,rode,toad,overload,truckload,rowed,shipload,commode,diode,download,carload
winnower,
winnowers,
winnowing,elbowing,undergoing,flowing,oceangoing,blowing,stowing,farrowing,plateauing,koing,unknowing,bestowing,moviegoing,torpedoing,seagoing,foregoing,easygoing,tiptoeing,outgrowing,glowing,outgoing,slowing,boing,ongoing,overflowing,growing,forgoing,throwing,churchgoing,glassblowing,overthrowing,snowing,crowing
winnowingly,
winnows,venose,anoas,phenose,lanose,spinose,crinose
wynns,djinns,hagins,thinnes,junkins,wins,prinz,pins,begins,violins,might-have-beens,buckskins,ins,kingpins,grins,has-beens,fins,chins,bins,hinz,chemins,inns,linz,pigskins,mullins,beens,medecins,sins,shins,lins,puffins,zins,twins,winze,spins,redskins,askins,binns,thins,bedouins,tins,prins,hutchins,akins,finns,binz,kamins,hinze,mcginnes,minns,skins
winnsboro,
wino,bernardino,neutrino,andino,gambino,cassino,valentino,latino,palomino,santino,carino,corvino,angeleno,arpino,celestino,nino,encino,serafino,angelino,sabatino,espino,marino,ladino,cimino,tarantino,palladino,lino,gugino,torino,aquino,pacino,pieno,delfino,gino,vizcaino,mendocino,keno,jalapeno,paulino,fiorentino,orsino,merino,molino,contino,filipino,bovino,bambino,camino,morino,amino,martino,reno,cino,sandino,giardino,severino,trevino,polino,comino,fino,paladino,leno,agostino,serino,cupertino,moreno,geno,farino,calvino,postino,dino,paolino,florentino,sabino,spino,casino,cappuccino,pino,marcelino,galeano,hino,constantino,covino,mino,guarino,faustino,chino,patino,maraschino,tino,pellegrino,philippino,andantino,deno,mandarino,baldino
winoes,
winograd,
winola,mazola,pohjola,bedolla,arriola,piccola,hizbollah,motola,colla,gurrola,scarola,nicola,zola,hola,hispaniola,espinola,abiola,mola,cupola,agricola,ayatollah,noyola,guardiola,arcola,lola,cola,spagnola,gola,merola,granola,mineola,triola,sola,mendiola,smola,chola,gazzola,pizzitola,canola,iola,pendola,jolla,fiola,gondola,labriola,mottola,idola,shola,motorola,angola,matola,viola,gaxiola,casola,mazzola,coppola,olah,stodola,amendola,nichola,spinola,vignola,decola,lapolla,loyola,pensacola,nolla,mikkola,dicola,bola,pergola,accola,evola,yola,osceola,canchola,mendola,scola,nola,cacciola,enola,wola,spatola,ventola,ebola,ariola,payola,paavola,apalachicola,nikola,ola,espanola,oyola,indianola
winona,winonah
wynona,anona,dimona,oana,iacona,verona,orona,escalona,gaona,caradonna,colonna,cardona,vona,alzona,kimono,katona,goanna,bivona,lona,barahona,desmona,corona,iona,ramona,shona,wrona,arizona,ancona,sagona,dibona,zona,simona,daddona,persona,kona,idona,deltona,diona,fiona,perona,cona,cutrona,rona,doanna,yona,korona,daytona,pomona,azcona,debona,sedona,cappadona,jonah,bona,choana,dona,ilona,savona,celona,latona,friona,pamplona,krone,mona,barcelona,aragona,varona,carmona,krona
winonah,winona
winooski,urbaszewski,zdrojewski,bruschi,sypniewski,scerzusky,okoniewski,zmijewski,czekajewski,maciejewski,kaniewski,lesniewski,paderewski,zarzusky,chmielewski,zalewski,kwasniewski,zakrzewski,brewski
winos,campesinos,latinos,constantinos,prinos,catacosinos
wynot,
winou,
winrace,
wynris,
winrow,munroe
wins,djinns,hagins,thinnes,junkins,prinz,pins,begins,violins,might-have-beens,buckskins,ins,kingpins,grins,has-beens,fins,chins,bins,hinz,chemins,inns,linz,pigskins,mullins,beens,medecins,wynns,sins,shins,lins,puffins,zins,twins,winze,spins,redskins,askins,binns,thins,bedouins,tins,prins,hutchins,akins,finns,binz,kamins,hinze,mcginnes,minns,skins
wyns,
winser,
winshell,
winside,
winslow,
winsome,
winsomely,
winsomeness,
winsomenesses,
winsomer,
winsomest,
winson,brinson,hinson,minson,pinson,prinsen,vinson,stinson,swinson,hynson,linson,martinsen
winsor,linzer,windsor,winzer,inzer,kinzer
winsted,
winster,
winston,kinston,princeton
winstonn,
winston-salem,
winstonville,
wint,lint,clint,misprint,glint,print,imprint,squint,swint,dint,kint,sprint,newsprint,rindt,stint,klindt,hint,schwindt,quint,windt,tint,flint,sindt,mint,klint,comprint,splint,shoeprint,peppermint,flynt,reprint,vint,footprint,blueprint,fingerprint,techint,kindt
winter,zinter,kinter,dewinter,minter,inter-,splinter,quinter,overwinter,ginter,reenter,printer,wynter,sprinter,midwinter
winteraceae,
winterage,
winteranaceae,
winter-beaten,
winterberry,
winter-blasted,
winterbloom,
winter-blooming,
winter-boding,
winterbottom,
winterbound,
winter-bound,
winterbourne,unborn,born,lowborn,forsworn,firstborn,sworn,seaborne,corne,borne,lorne,horn,hartshorn,buckhorn,torn,horne,unicorn,shopworn,osborn,worn,thorn,corn,dorn,morn,glyndebourne,bighorn,stillborn,aborn,sporn,scorn,morne,waterborne,forewarn,popcorn,adorn,bullhorn,einhorn,bourne,wellborn,elkhorn,warn,reborn,buckthorn,pronghorn,inborn,bourn,orne,hawthorn,bjorn,longhorn,doorn,shoehorn,mourn,korn,warne,frorn,waldhorn,thorne,alcorn,shorn,forlorn,osborne,sanborn,zorn,orn,porn,airborne,dearborn
winter-chilled,
winter-clad,
wintercreeper,
winter-damaged,
winterdykes,
wintered,reentered,splintered
winterer,
winterers,
winter-fattened,
winterfed,
winter-fed,
winterfeed,
winterfeeding,
winter-felled,
winterffed,
winter-flowering,
winter-gladdening,
winter-gray,
wintergreen,
wintergreens,
winter-ground,
winter-grown,
winter-habited,
winterhain,
winter-hardened,
winter-hardy,
winter-house,
wintery,effrontery
winterier,
winteriest,
wintering,sintering
winterish,
winterishly,
winterishness,
winterization,
winterize,devise,criticize,merchandise,allies,amortize,patronize,franchise,materialize,advise,comprise,compromise,disenfranchise,emprise,belies,supplies,realize,finalize,revise,despise,prioritize,mesmerize,maximize,demise,polarize,familiarize,catalyze,tantalize,sunrise,ostracize,harmonize,reprise,optimize,aggrandize,synthesize,apologize,mobilize,customize,summarize,rise,disguise,crystallize,marginalize,prise,memorize,surmise,guise,apprise,subsidize,fries,exercise,empathize,galvanize,visualize,capsize,likewise,recognize,advertise,minimize,supervise,improvise,pulverize,capitalize,rationalize,scrutinize,sympathize,socialize,guys,stigmatize,stabilize,plagiarize,antagonize,enterprise,lies,size,metastasize,revitalize,authorize,chastise,eyes,epitomize,otherwise,organize,hypothesize,baptize,surprise,flies,characterize,ties,analyze,prize,paralyze,utilize,wise,energize,jeopardize,synchronize,arise,emphasize,mize,proselytize
winterized,prised,mesmerized,utilized,despised,unorganized,scrutinized,disorganized,categorized,disguised,devised,energized,outsized,synthesized,patronized,demoralized,characterized,amortized,authorized,customized,annualized,advised,improvised,homogenized,decentralized,metastasized,itemized,familiarized,civilized,penalized,antagonized,publicized,canonized,centralized,globalized,galvanized,unauthorized,balkanized,organized,marginalized,realized,excised,subsidized,formalized,normalized,surprised,baptized,epitomized,harmonized,underutilized,jeopardized,comprised,hypnotized,pressurized,generalized,polarized,personalized,idealized,criticized,agonized,specialized,standardized,traumatized,exercised,mechanized,circumcised,naturalized,emphasized,computerized,urbanized,recognized,caramelized,desensitized,prized,sized,oversized,compromised,disenfranchised,advertised,motorized,capsized,finalized,localized,unrecognized,stabilized,synchronized,stigmatized,crystallized,capitalized,revised,stylized,undisguised,ostracized,surmised,apologized,pasteurized,apprised,incised,chastised,analyzed,paralyzed
winterizes,
winterizing,
winterkill,
winter-kill,
winterkilled,
winterkilling,
winterkills,
winterless,
winterly,
winterlike,
winterliness,
winterling,
winter-long,
winter-love,
winter-loving,
winter-made,
winter-old,
winterport,
winterproof,
winter-proof,
winter-proud,
winter-pruned,
winter-quarter,
winter-reared,
winter-rig,
winter-ripening,
winters,linters,sprinters,printers
winter-seeming,
winterset,
winter-shaken,
wintersome,
winter-sown,
winter-standing,
winter-starved,
wintersville,
winter-swollen,
winter-thin,
winterthur,
wintertide,
wintertime,summertime,lime,kime,sublime,part-time,time,guggenheim,nighttime,fulltime,thyme,daytime,pantomime,haim,prime,primetime,christmastime,dinnertime,quicktime,ragtime,noontime,slime,maritime,syme,lifetime,lyme,onetime,sime,climb,crime,parttime,chyme,anticrime,springtime,schooltime,dime,meantime,lunchtime,enzyme,hime,sometime,airtime,heim,peacetime,rhyme,stime,downtime,beim,anaheim,grime,halftime,centime,showtime,mime,clime,rhime,overtime,flextime,pastime,everytime,mealtime,paradigm,anytime,wartime,durkheim,blenheim,chime,longtime,bedtime
wintertimes,
winter-verging,
winterville,
winter-visaged,
winterward,
winterwards,
winter-wasted,
winterweed,
winterweight,
winter-withered,
winter-worn,
winther,
winthorpe,
winthrop,
wintle,quintal,quintile,lintel
wintled,
wintles,
wintling,
winton,sinton,port-clinton,swinton,clinton,hinton,mcclinton,tinton,minton,brinton,linton,vinton,printon,wynton,intan,badminton,quintin,kinton,finton,lynton
wintry,reentry,intrie
wintrier,
wintriest,
wintrify,
wintrily,
wintriness,
wintrish,
wintrous,
wintun,buntin,hunton,muntin,quintan,dunton,bunton,bunten,brunton,buntyn
winwaloe,
winze,djinns,hagins,thinnes,junkins,wins,prinz,pins,begins,violins,might-have-beens,buckskins,ins,kingpins,grins,has-beens,fins,chins,bins,hinz,chemins,inns,linz,pigskins,mullins,beens,medecins,wynns,sins,shins,lins,puffins,zins,twins,spins,redskins,askins,binns,thins,bedouins,tins,prins,hutchins,akins,finns,binz,kamins,hinze,mcginnes,minns,skins
winzeman,
winzemen,
winzes,
winzler,
wyo,
wyo.,
wyocena,
wyola,
wyoming,homing,lycoming,foaming,doming,loaming,chroming,domingue,roaming,froemming,combing,gloaming
wyomingite,
wyomissing,
wyon,
wiota,
wip,
wipe,slype,blype,gipe,bagpipe,skype,teletype,tintype,pipe,linotype,stereotype,subtype,gripe,genotype,grype,pinstripe,ferrotype,slipe,phenotype,tailpipe,knipe,syp,sipe,archetype,swipe,stripe,snipe,overripe,lipe,shipe,cripe,stipe,type,tripe,blowpipe,hype,ripe,prototype,monotype,flipe
wype,
wiped,stereotyped,swiped,sniped,striped,typed,griped,pinstriped,piped,hyped
wipe-off,
wipeout,stout,out,snout,reroute,fallout,takeout,route,turnout,cookout,doubt,pout,lout,standout,sprout,cutout,sauerkraut,trout,holdout,bailout,devout,roundabout,clout,workout,spout,dropout,knockout,without,hangout,ridout,hideout,readout,washout,lookout,lockout,glout,rollout,throughout,about,tryout,layout,shout,burnout,handout,buyout,all-out,rout,scout,checkout,drought,payout,timeout,grout,printout,flout,blowout,knout,redoubt,breakout,blackout,dugout,gout,bout,tout
wipeouts,
wiper,kuyper,bagpiper,hyper,sniper,dekuyper,striper,kiper,riper,piper,varityper,viper,vanriper,diaper,hyper-,griper,pyper
wipers,gripers,pipers,drypers,snipers,stripers,vipers,diapers
wipes,bagpipes,cripes,swipes,shipes,genotypes,archetypes,sipes,gripes,pipes,pinstripes,teletypes,types,stripes,blowpipes,prototypes,stereotypes,phenotypes,snipes,slipes,hypes,stipes
wiping,subtyping,hyping,griping,swiping,piping,stereotyping,striping,typing,sniping
wipo,
wippen,
wips,
wipstock,
wir,
wira,
wirable,
wirble,gerbille,worble,jirrbal,irbil,gerbil,erbil
wird,
wyrd,
wire,spire,berkshire,expire,sire,afire,crossfire,rehire,attire,multiplier,liar,purifier,transpire,quagmire,supplier,campfire,gunfire,plier,umpire,twire,haywire,misfire,eyer,lyre,eir,entire,cryer,drier,aspire,mire,bonfire,schier,flyer,hier,backfire,rewire,satire,skier,wildfire,trior,prier,shier,ire,enquire,identifier,dyer,qualifier,amplifier,esquire,dryer,admire,frier,ayer,pryor,prior,homebuyer,crier,shire,fryer,occupier,safire,trier,foxfire,flier,emulsifier,ceasefire,gyr,desire,squire,friar,pacifier,dire,tire,lancashire,buyer,higher,mier,inspire,fire,quire,perspire,pyre,hire,acquire,hellfire,cease-fire,choir,require,conspire,meyer,humidifier,retire,brier,squier,tyre,shyer,briar,rectifier,inquire
wirebar,
wire-bending,
wirebird,
wire-blocking,
wire-borne,
wire-bound,
wire-brushing,
wire-caged,
wire-cloth,
wire-coiling,
wire-crimping,
wire-cut,
wirecutters,
wired,tired,aspired,inspired,squired,transpired,rewired,gyred,inquired,reacquired,unexpired,acquired,required,sired,byard,attired,rehired,admired,uninspired,conspired,desired,hotwired,retired,expired,hired,fired,backfired,mired,spired
wiredancer,
wiredancing,
wiredraw,
wire-draw,
wiredrawer,
wire-drawer,
wiredrawing,
wiredrawn,
wire-drawn,
wiredraws,
wiredrew,
wire-edged,
wire-feed,
wire-feeding,
wire-flattening,
wire-galvanizing,
wire-gauge,
wiregrass,
wire-grass,
wire-guarded,
wirehair,
wirehaired,
wire-haired,
wirehairs,
wire-hung,
wire-insulating,
wireless,
wirelessed,
wirelesses,
wirelessing,
wirelessly,
wirelessness,
wirelike,
wiremaker,
wiremaking,
wireman,eiermann,firemen,fairman,fireman
wire-measuring,
wiremen,
wire-mended,
wiremonger,
wire-netted,
wirephoto,
wirephotoed,
wirephotoing,
wirephotos,
wire-pointing,
wirepull,
wire-pull,
wirepuller,wire-puller
wire-puller,wirepuller
wirepullers,
wirepulling,
wire-pulling,
wirer,firer,hirer,acquirer,direr,schmierer
wire-record,
wire-rolling,
wirers,firers,hirers,acquirers
wires,nyers,ceasefires,admires,homebuyers,squiers,amplifiers,newswires,retires,stires,bires,fires,glires,brushfires,flyers,driers,byars,suppliers,triers,requires,pires,vires,desires,fliers,friars,expires,myres,inspires,blowdryers,backfires,campfires,tyres,fryers,styers,meyers,rectifiers,swyers,wildfires,criers,dyers,magnifiers,satires,briars,ayers,aspires,fortifiers,stiers,tires,choirs,squires,humidifiers,inquires,viars,pyres,qualifiers,bryars,pliers,spires,shires,acquires,bonfires,buyers,smyers,sires,gyres,berkshires,byers,occupiers,doubtfires,transpires,priors,miers,highfliers,purifiers,mires,friers,liars,dryers,byres,squyres,spiers,wyers,syers,hyers,pacifiers,lyres,myers,hires,umpires,plyers
wire-safed,
wire-sewed,
wire-sewn,
wire-shafted,
wiresmith,
wiresonde,
wirespun,
wire-spun,
wirestitched,
wire-stitched,
wire-straightening,
wire-stranding,
wire-stretching,
wire-stringed,
wire-strung,
wiretail,
wire-tailed,
wiretap,handicap,trap,hap,stapp,mousetrap,jap,kneecap,schappe,stopgap,snap,knapp,asap,frappe,flap,app,napp,capp,backslap,wrap,map,catnap,ascap,slap,zap,dapp,clapp,shrap,gap,yap,bootstrap,recap,rapp,giap,trappe,sapp,nappe,sap,mishap,hubcap,unwrap,skycap,crap,yapp,scrap,rap,nap,lap,tap,overlap,zapp,frapp,mapp,flytrap,dimetapp,strap,shap,pap,kidnap,trapp,entrap,lapp,tapp,cap,slapp,papp,madcap,clap,chap,kapp,frap,nsdap,burlap
wiretapped,wrapt,sapped,unwrapped,snapped,strapped,zapped,scrapped,yapped,lapped,rapped,slapped,knapped,kept,adapt,mapped,clapped,craped,trapped,crapped,overlapped,apt,kidnaped,chaped,rapt,kidnapped,wrapped,flapped,untapped,burlapped,gapped,recapped,happed,tapped,dapped,capped,napped,chapped,handicapped,entrapped,frapped
wiretapper,
wiretappers,
wiretapping,gapping,dapping,unwrapping,handicapping,mapping,craping,yapping,slapping,frapping,sapping,flapping,backslapping,trapping,clapping,tapping,chapping,overlapping,knapping,rapping,recapping,snapping,zapping,capping,kidnaping,lapping,crapping,happing,wrapping,scrapping,kidnapping,napping,strapping
wiretaps,mishaps,lapse,naps,chaps,schnaps,zaps,fraps,perhaps,saps,slaps,scraps,collapse,craps,raps,knaps,recaps,kappes,elapse,schnapps,bootstraps,lapps,kidnaps,maps,taps,gaps,snaps,kneecaps,yaps,capps,millsaps,overlaps,kaps,japs,handicaps,laps,graps,apps,hubcaps,crapps,straps,flaps,traps,caps,relapse,wraps,claps
wiretap's,
wire-testing,
wire-tightening,
wire-tinning,
wire-toothed,
wireway,
wireways,
wirewalker,
wireweed,
wire-wheeled,
wire-winding,
wirework,
wireworker,
wire-worker,
wireworking,
wireworks,
wireworm,fireworm
wireworms,
wire-wound,
wire-wove,
wire-woven,
wiry,caliri,buccieri,mcleary,cavaliere,spizzirri,facemire,mccleary,carpentieri,camire,laverdiere,siri,teary,guerrieri,weary,argentieri,yeary,guarnieri,arcieri,diery,hariri,hara-kiri,gualtieri,bessire,cavalieri,kiri,altieri,pirry,mccreery,beary,biery,jiri,carriere,alfieri,thiry,lettieri,cheery,martire,barriere,leary,beery,neary,mccreary,keary,barbieri,bieri,theory,dreary,cleary,eary,amiri,balestrieri,erie,bleary,deary,geary,pirie,deery,olivieri,ruggieri,thiery,mccleery,derre,mcelderry,oleary,dehere,caligiuri,eerie,leery
wiry-brown,
wiry-coated,
wirier,
wiriest,
wiry-haired,
wiry-leaved,
wirily,
wiry-looking,
wiriness,
wirinesses,
wiring,firing,requiring,syring,retiring,rehiring,tiring,acquiring,perspiring,expiring,uninspiring,hiring,gyring,admiring,miring,aspiring,meiring,inspiring,conspiring,quiring
wirings,
wiry-stemmed,
wiry-voiced,
wirl,
wirling,
wyrock,
wiros,
wirr,
wirra,surra,pyrrha,doura,dhurra,dourah,burra,durra,murra,goura,curragh,sirrah
wirrah,
wirral,burhel,turrel,burrel,worral,burrhel,burghal,pyrrol
wirrasthru,
wirth,kurth,hollingworth,girth,wurth,cudworth,hackworth,illingworth,ducksworth,burnsworth,wigglesworth,longsworth,hollandsworth,mirth,butterworth,dunsworth,furth,wentworth,shuttleworth,longworth,kerth,gerth,chatsworth,dillworth,leavenworth,hirth,whitworth,keyworth,earth,networth,childbirth,rebirth,birth,woodworth,werth,stallworth,wedgeworth,skipworth,kenilworth,worth,berth,dearth,molesworth,ashworth,bloodworth,elsworth,hayworth,beckworth,holdsworth,duckworth,perth,kenworth,cutbirth,unearth,burnworth,hollinsworth,shuttlesworth,bloodsworth,killingsworth,middlesworth,fuerth,hollingsworth,dunworth,titsworth,houseworth,woolworth,firth,ellingsworth,pickworth,foxworth
wirtz,subverts,concerts,vertz,sweatshirts,flirts,squirts,inserts,hertz,worts,kurtz,hurts,werts,shurtz,bertz,cherts,geurts,miniskirts,shirts,skirts,converts,gertz,burts,wertz,hirtz,gerdts,ertz,mertz,undershirts,kertz,exerts,schmertz,asserts,desserts,outskirts,alerts,perverts,virts,spurts,diverts,nightshirts,gurtz,sturtz,schertz,curts,deserts,wurtz,averts,blurts,kirts,reverts,reasserts,mirtz
wis,flisk,flysch,bis,swiss,isccp,phariss,suess,criss,unisys,remiss,briss,wiss,kriss,paredis,diss,wisse,vis,miss,abyss,perlis,lis,pris,chris,reminisce,mis,wyss,stys,fis,whisp,biosis,flis,resists,fariss,frisks,brys,hiss,rys,amiss,kis,fliss,kris,buice,twiss,biss,chriss,dismiss,furniss,fdisk,marsalis,fiss,dis,this,kniss,clisp,liss,suisse,middlemiss,bliss,medaphis,sis,cris,alusuisse,riss,kiss,risse,viridis,gliss,cissp,piss
wis.,
wisacky,
wisby,grisby,lisby,frisby,frisbie,frisbee,bisbee
wisc,
wiscasset,
wisconsin,sponson,jonson,bahnsen,johansson,ronson,jonsson,monsen,consigne,alfonsin,antonsen,monson,thronson,swanson,johnsen,johnson,bronson
wisconsinite,
wisconsinites,
wisd,
wisd.,
wisdom,
wisdom-bred,
wisdomful,
wisdom-given,
wisdom-giving,
wisdom-led,
wisdomless,
wisdom-loving,
wisdomproof,
wisdoms,
wisdom-seasoned,
wisdom-seeking,
wisdomship,
wisdom-teaching,
wisdom-working,
wise,devise,criticize,merchandise,allies,amortize,patronize,franchise,materialize,advise,comprise,compromise,disenfranchise,emprise,belies,supplies,realize,finalize,revise,despise,prioritize,mesmerize,maximize,demise,polarize,familiarize,catalyze,tantalize,sunrise,ostracize,harmonize,reprise,optimize,aggrandize,synthesize,apologize,mobilize,customize,summarize,rise,disguise,crystallize,marginalize,prise,memorize,surmise,guise,apprise,subsidize,fries,exercise,empathize,galvanize,visualize,capsize,likewise,recognize,advertise,minimize,supervise,improvise,pulverize,capitalize,rationalize,scrutinize,sympathize,socialize,guys,stigmatize,stabilize,plagiarize,antagonize,enterprise,lies,size,metastasize,revitalize,lionize,authorize,chastise,eyes,epitomize,otherwise,organize,hypothesize,baptize,surprise,flies,characterize,ties,analyze,prize,paralyze,utilize,energize,jeopardize,synchronize,arise,emphasize,mize,proselytize
wiseacre,
wiseacred,
wiseacredness,
wiseacredom,
wiseacreish,
wiseacreishness,
wiseacreism,
wiseacres,
wiseass,wise-ass
wise-ass,wiseass
wise-bold,
wisecrack,quack,hijack,black,wrack,maniac,skipjack,rack,ransack,knapsack,cardiac,feedback,throwback,bushwhack,blackjack,backtrack,comeback,lumberjack,setback,anorak,lilac,piggyback,claque,ack,sack,knickknack,flapjack,tack,cadillac,whack,back,amnesiac,razorback,flak,mack,pac,attack,jacques,frack,cutback,pack,wack,outback,fallback,sidetrack,eniac,racetrack,rucksack,crack,zodiac,pontiac,lac,brack,plaque,smack,stack,snack,kodak,yak,thwack,soundtrack,flack,mac,drawback,track,aback,greenback,humpback,hack,cognac,tarmac,payback,flashback,nymphomaniac,quarterback,dak,chirac,lack,slack,shack,almanac,rollback,sac,tac,unpack,jack,kickback,paque,yack,megalomaniac,fac,hatchback,counterattack,plack,knack,backpack,insomniac,pak,clack
wisecracked,
wisecracker,
wisecrackery,
wisecrackers,
wisecracking,yakking,backtracking,unpacking,quacking,racking,thwacking,ransacking,jacking,calking,packing,kayaking,attacking,hijacking,snacking,pakfong,whacking,stacking,tacking,piggybacking,cracking,tracking,blacking,bushwhacking,hacking,yacking,slacking,carjacking,wracking,shacking,counterattacking,macing,backpacking,smacking,clacking,packfong,backing,quarterbacking,sacking,lacking,meatpacking
wisecracks,galax,greenbacks,drawbacks,maxx,plaques,metathorax,cadillacs,flax,filofax,gunnysacks,lax,syntax,tax,earwax,mesothorax,tampax,ajax,facts,axe,imax,smacks,sacs,climax,whacks,yax,plax,dax,fosamax,jaques,lacks,saks,sacks,shacks,ax,pax,pacts,macs,pretax,trax,sax,bax,hacks,overtax,rax,attacks,setbacks,aftertax,fax,snacks,backs,fairfax,stacks,blacks,halifax,acts,borax,vax,max,parallax,tacks,flashbacks,surtax,jacks,racks,praxes,lilacs,relax,kickbacks,maces,tracks,maniacs,pacs,pentax,packs,awacs,contacts,lomax,equifax,sachs,quacks,cutbacks,cracks,wax,impacts,knacks,saxe,slacks,knickknacks
wised,prised,mesmerized,utilized,despised,unorganized,scrutinized,disorganized,categorized,disguised,devised,energized,outsized,synthesized,patronized,demoralized,characterized,amortized,authorized,customized,annualized,advised,improvised,homogenized,decentralized,metastasized,itemized,familiarized,civilized,penalized,antagonized,publicized,canonized,centralized,globalized,galvanized,unauthorized,balkanized,organized,marginalized,realized,excised,subsidized,formalized,normalized,surprised,baptized,epitomized,harmonized,underutilized,jeopardized,comprised,hypnotized,pressurized,generalized,polarized,personalized,idealized,criticized,agonized,specialized,standardized,traumatized,exercised,mechanized,circumcised,naturalized,emphasized,computerized,urbanized,recognized,caramelized,desensitized,prized,sized,oversized,compromised,disenfranchised,advertised,motorized,capsized,finalized,localized,unrecognized,stabilized,synchronized,stigmatized,crystallized,capitalized,revised,stylized,undisguised,ostracized,surmised,apologized,pasteurized,apprised,incised,chastised,analyzed,paralyzed
wise-framed,
wiseguy,buy,spry,bi,vie,mollify,apply,thereby,identify,goodbye,satisfy,sigh,ossify,pie,belie,hereby,by,specify,gadfly,chi,alumni,eye,why,pi,qualify,quantify,sky,clarify,ply,dry,pry,occupy,try,tie,comply,reply,testify,deny,nigh,fly,imply,vilify,nye,dye,y,bely,rectify,psi,rely,alibi,standby,die,butterfly,exemplify,guy,lye,mortify,ally,indemnify,ai,nullify,i,decry,signify,sly,modify,cry,codify,verify,spy,shy,bye,wry,magpie,amplify,rye,edify,bae,notify,nearby,awry,aye,whereby,certify,lie,stultify,my,classify,ratify,defy,underlie,justify,fry,lanai,tai,sty,vi,hi,high,ly,supply
wise-hardy,
wisehead,
wise-headed,
wise-heart,
wisehearted,
wiseheartedly,
wiseheimer,
wise-judging,
wisely,misly,isaly,unwisely,isley,wiseley,knisely
wiselier,
wiseliest,
wiselike,
wiseling,
wise-lipped,
wiseman,weizman
wisen,
wiseness,buisness
wisenesses,
wisenheimer,
wisent,byzant,brisant
wisents,
wiser,tranquilizer,anheuser,sympathizer,rizer,appetizer,pfizer,pizer,fertilizer,moisturizer,kyzer,itemizer,geyser,mobilizer,incisor,mizer,synthesizer,kizer,keyser,prizer,stabilizer,ionizer,exerciser,visor,speiser,kiser,miser,priser,equalizer,riser,sterilizer,hiser,atomizer,hizer,polarizer,advertiser,iser,cafetizer,kaiser,compromiser,fiser,plasticizer,guiser,adviser,keizer,agrivisor,biser,hulsizer,womanizer,sizar,divisor,merchandiser,popularizer,advisor,oxidizer,nebulizer,supervisor,organizer,schweizer,analyzer,sizer,heizer,colonizer,franchiser,fizer,energizer
wise-reflecting,
,
